experiment,cell,env,method,train_seed,step,att_min,awt_min,agt_min,aft_min,completion_rate,full_completion,n_eval_seeds,n_valid,passenger_v0_share,passenger_v1_share,aircraft_v0_share,aircraft_v1_share,source,analytic_baseline,analytic_att_min,analytic_evidence,uagmc_baseline,uagmc_best_att_min,uagmc_final_att_min,uagmc_evidence,baseline_comparability_note
exp05,E0__M0,E0,M0,1,50000,264.3076923076923,239.3076923076923,6.0,19.0,0.3466666666666667,False,3,,0.0,1.0,,,serial_runs/uagmc_6x6_T2_800k_seed1_20260920_005311/E0__M0/analysis/checkpoint_curve.csv,,,,,,,,仅 T2、同阶段、100% 完成可比较；其他阶段或拓扑暂无严格配对基线
exp05,E0__M0,E0,M0,1,100000,92.34999999999998,62.95666666666667,7.783333333333334,21.77333333333333,1.0,True,3,,0.3494176372712146,0.6505823627287853,,,serial_runs/uagmc_6x6_T2_800k_seed1_20260920_005311/E0__M0/analysis/checkpoint_curve.csv,,,,,,,,仅 T2、同阶段、100% 完成可比较；其他阶段或拓扑暂无严格配对基线
exp05,E0__M0,E0,M0,1,150000,77.99,48.803333333333335,7.78,21.56,1.0,True,3,,0.3211314475873544,0.6788685524126455,,,serial_runs/uagmc_6x6_T2_800k_seed1_20260920_005311/E0__M0/analysis/checkpoint_curve.csv,,,,,,,,仅 T2、同阶段、100% 完成可比较；其他阶段或拓扑暂无严格配对基线
exp05,E0__M0,E0,M0,1,200000,35.01013513513514,4.712837837837838,8.111486486486486,22.405405405405407,0.9866666666666667,False,3,,0.4259567387687188,0.5740432612312812,,,serial_runs/uagmc_6x6_T2_800k_seed1_20260920_005311/E0__M0/analysis/checkpoint_curve.csv,,,,,,,,仅 T2、同阶段、100% 完成可比较；其他阶段或拓扑暂无严格配对基线
exp05,E0__M0,E0,M0,1,250000,33.20333333333333,2.526666666666667,8.37,22.573333333333334,1.0,True,3,,0.4925124792013311,0.5074875207986689,,,serial_runs/uagmc_6x6_T2_800k_seed1_20260920_005311/E0__M0/analysis/checkpoint_curve.csv,,,,,,,,仅 T2、同阶段、100% 完成可比较；其他阶段或拓扑暂无严格配对基线
exp05,E0__M0,E0,M0,1,300000,33.42567567567568,2.945945945945946,8.236486486486486,22.513513513513512,0.9866666666666667,False,3,,0.8901830282861897,0.10981697171381032,,,serial_runs/uagmc_6x6_T2_800k_seed1_20260920_005311/E0__M0/analysis/checkpoint_curve.csv,,,,,,,,仅 T2、同阶段、100% 完成可比较；其他阶段或拓扑暂无严格配对基线
exp05,E0__M0,E0,M0,1,350000,33.34121621621622,2.807432432432433,8.152027027027026,22.621621621621625,0.9866666666666667,False,3,,0.4509151414309484,0.5490848585690515,,,serial_runs/uagmc_6x6_T2_800k_seed1_20260920_005311/E0__M0/analysis/checkpoint_curve.csv,,,,,,,,仅 T2、同阶段、100% 完成可比较；其他阶段或拓扑暂无严格配对基线
exp05,E0__M0,E0,M0,1,400000,32.21666666666667,1.9933333333333334,8.06,22.466666666666665,1.0,True,3,,0.8652246256239601,0.13477537437603992,,,serial_runs/uagmc_6x6_T2_800k_seed1_20260920_005311/E0__M0/analysis/checkpoint_curve.csv,,,,,,,,仅 T2、同阶段、100% 完成可比较；其他阶段或拓扑暂无严格配对基线
exp05,E0__M0,E0,M0,1,450000,32.402027027027025,2.0878378378378377,8.02364864864865,22.56756756756757,0.9866666666666667,False,3,,0.4442595673876872,0.5557404326123128,,,serial_runs/uagmc_6x6_T2_800k_seed1_20260920_005311/E0__M0/analysis/checkpoint_curve.csv,,,,,,,,仅 T2、同阶段、100% 完成可比较；其他阶段或拓扑暂无严格配对基线
exp05,E0__M0,E0,M0,1,500000,33.21666666666667,3.15,7.873333333333332,22.466666666666665,1.0,True,3,,0.9101497504159733,0.08985024958402661,,,serial_runs/uagmc_6x6_T2_800k_seed1_20260920_005311/E0__M0/analysis/checkpoint_curve.csv,,,,,,,,仅 T2、同阶段、100% 完成可比较；其他阶段或拓扑暂无严格配对基线
exp05,E0__M0,E0,M0,1,550000,32.74662162162162,2.706081081081081,7.89527027027027,22.405405405405407,0.9866666666666667,False,3,,0.4259567387687188,0.5740432612312812,,,serial_runs/uagmc_6x6_T2_800k_seed1_20260920_005311/E0__M0/analysis/checkpoint_curve.csv,,,,,,,,仅 T2、同阶段、100% 完成可比较；其他阶段或拓扑暂无严格配对基线
exp05,E0__M0,E0,M0,1,600000,32.63175675675676,2.6216216216216215,7.8243243243243255,22.459459459459463,0.9866666666666667,False,3,,0.8901830282861897,0.10981697171381032,,,serial_runs/uagmc_6x6_T2_800k_seed1_20260920_005311/E0__M0/analysis/checkpoint_curve.csv,,,,,,,,仅 T2、同阶段、100% 完成可比较；其他阶段或拓扑暂无严格配对基线
exp05,E0__M0,E0,M0,1,650000,32.942567567567565,2.945945945945946,7.85472972972973,22.405405405405407,0.9866666666666667,False,3,,0.891846921797005,0.10815307820299501,,,serial_runs/uagmc_6x6_T2_800k_seed1_20260920_005311/E0__M0/analysis/checkpoint_curve.csv,,,,,,,,仅 T2、同阶段、100% 完成可比较；其他阶段或拓扑暂无严格配对基线
exp05,E0__M0,E0,M0,1,700000,32.45945945945946,2.385135135135135,7.841216216216215,22.513513513513512,0.9866666666666667,False,3,,0.9018302828618968,0.09816971713810314,,,serial_runs/uagmc_6x6_T2_800k_seed1_20260920_005311/E0__M0/analysis/checkpoint_curve.csv,,,,,,,,仅 T2、同阶段、100% 完成可比较；其他阶段或拓扑暂无严格配对基线
exp05,E0__M0,E0,M0,1,750000,33.29666666666667,3.3966666666666665,7.830000000000001,22.36,1.0,True,3,,0.9034941763727121,0.09650582362728784,,,serial_runs/uagmc_6x6_T2_800k_seed1_20260920_005311/E0__M0/analysis/checkpoint_curve.csv,,,,,,,,仅 T2、同阶段、100% 完成可比较；其他阶段或拓扑暂无严格配对基线
exp05,E0__M0,E0,M0,1,800000,33.75,3.9566666666666666,7.756666666666667,22.30666666666667,1.0,True,3,,0.47920133111480867,0.5207986688851913,,,serial_runs/uagmc_6x6_T2_800k_seed1_20260920_005311/E0__M0/analysis/checkpoint_curve.csv,,,,,,,,仅 T2、同阶段、100% 完成可比较；其他阶段或拓扑暂无严格配对基线
exp05,E0__M1,E0,M1,1,50000,264.3076923076923,239.3076923076923,6.0,19.0,0.3466666666666667,False,3,,0.0,1.0,,,serial_runs/uagmc_6x6_T2_800k_seed1_20260920_005311/E0__M1/analysis/checkpoint_curve.csv,,,,,,,,仅 T2、同阶段、100% 完成可比较；其他阶段或拓扑暂无严格配对基线
exp05,E0__M1,E0,M1,1,100000,264.3076923076923,239.3076923076923,6.0,19.0,0.3466666666666667,False,3,,0.0,1.0,,,serial_runs/uagmc_6x6_T2_800k_seed1_20260920_005311/E0__M1/analysis/checkpoint_curve.csv,,,,,,,,仅 T2、同阶段、100% 完成可比较；其他阶段或拓扑暂无严格配对基线
exp05,E0__M1,E0,M1,1,150000,221.99264705882354,195.73529411764707,6.507352941176471,19.823529411764707,0.4533333333333333,False,3,,0.08153078202995008,0.9184692179700499,,,serial_runs/uagmc_6x6_T2_800k_seed1_20260920_005311/E0__M1/analysis/checkpoint_curve.csv,,,,,,,,仅 T2、同阶段、100% 完成可比较；其他阶段或拓扑暂无严格配对基线
exp05,E0__M1,E0,M1,1,200000,191.40131578947367,164.4934210526316,6.743421052631579,20.263157894736842,0.5066666666666667,False,3,,0.30282861896838603,0.6971713810316139,,,serial_runs/uagmc_6x6_T2_800k_seed1_20260920_005311/E0__M1/analysis/checkpoint_curve.csv,,,,,,,,仅 T2、同阶段、100% 完成可比较；其他阶段或拓扑暂无严格配对基线
exp05,E0__M1,E0,M1,1,250000,105.85666666666667,76.95333333333333,7.543333333333333,21.56,1.0,True,3,,0.4259567387687188,0.5740432612312812,,,serial_runs/uagmc_6x6_T2_800k_seed1_20260920_005311/E0__M1/analysis/checkpoint_curve.csv,,,,,,,,仅 T2、同阶段、100% 完成可比较；其他阶段或拓扑暂无严格配对基线
exp05,E0__M1,E0,M1,1,300000,33.25337837837838,2.9763513513513513,8.10472972972973,22.459459459459463,0.9866666666666667,False,3,,0.930116472545757,0.06988352745424292,,,serial_runs/uagmc_6x6_T2_800k_seed1_20260920_005311/E0__M1/analysis/checkpoint_curve.csv,,,,,,,,仅 T2、同阶段、100% 完成可比较；其他阶段或拓扑暂无严格配对基线
exp05,E0__M1,E0,M1,1,350000,32.52333333333333,1.9933333333333334,8.136666666666667,22.679999999999996,1.0,True,3,,0.9600665557404326,0.03993344425956739,,,serial_runs/uagmc_6x6_T2_800k_seed1_20260920_005311/E0__M1/analysis/checkpoint_curve.csv,,,,,,,,仅 T2、同阶段、100% 完成可比较；其他阶段或拓扑暂无严格配对基线
exp05,E0__M1,E0,M1,1,400000,32.696666666666665,1.82,8.313333333333333,22.84,1.0,True,3,,0.9800332778702163,0.019966722129783693,,,serial_runs/uagmc_6x6_T2_800k_seed1_20260920_005311/E0__M1/analysis/checkpoint_curve.csv,,,,,,,,仅 T2、同阶段、100% 完成可比较；其他阶段或拓扑暂无严格配对基线
exp05,E0__M1,E0,M1,1,450000,33.304054054054056,2.260135135135135,8.43581081081081,22.89189189189189,0.9866666666666667,False,3,,0.9850249584026622,0.014975041597337771,,,serial_runs/uagmc_6x6_T2_800k_seed1_20260920_005311/E0__M1/analysis/checkpoint_curve.csv,,,,,,,,仅 T2、同阶段、100% 完成可比较；其他阶段或拓扑暂无严格配对基线
exp05,E0__M1,E0,M1,1,500000,33.62837837837838,2.6216216216216215,8.425675675675675,22.83783783783784,0.9866666666666667,False,3,,0.9767054908485857,0.023294509151414306,,,serial_runs/uagmc_6x6_T2_800k_seed1_20260920_005311/E0__M1/analysis/checkpoint_curve.csv,,,,,,,,仅 T2、同阶段、100% 完成可比较；其他阶段或拓扑暂无严格配对基线
exp05,E0__M1,E0,M1,1,550000,32.64333333333333,2.006666666666667,8.17,22.733333333333334,1.0,True,3,,0.9667221297836939,0.033277870216306155,,,serial_runs/uagmc_6x6_T2_800k_seed1_20260920_005311/E0__M1/analysis/checkpoint_curve.csv,,,,,,,,仅 T2、同阶段、100% 完成可比较；其他阶段或拓扑暂无严格配对基线
exp05,E0__M1,E0,M1,1,600000,32.57666666666667,2.243333333333333,7.963333333333334,22.626666666666665,1.0,True,3,,0.9351081530782029,0.064891846921797,,,serial_runs/uagmc_6x6_T2_800k_seed1_20260920_005311/E0__M1/analysis/checkpoint_curve.csv,,,,,,,,仅 T2、同阶段、100% 完成可比较；其他阶段或拓扑暂无严格配对基线
exp05,E0__M1,E0,M1,1,650000,32.403333333333336,2.0866666666666664,8.026666666666667,22.573333333333334,1.0,True,3,,0.9467554076539102,0.05324459234608985,,,serial_runs/uagmc_6x6_T2_800k_seed1_20260920_005311/E0__M1/analysis/checkpoint_curve.csv,,,,,,,,仅 T2、同阶段、100% 完成可比较；其他阶段或拓扑暂无严格配对基线
exp05,E0__M1,E0,M1,1,700000,32.67567567567568,2.5371621621621623,7.918918918918919,22.513513513513512,0.9866666666666667,False,3,,0.9384359400998337,0.06156405990016639,,,serial_runs/uagmc_6x6_T2_800k_seed1_20260920_005311/E0__M1/analysis/checkpoint_curve.csv,,,,,,,,仅 T2、同阶段、100% 完成可比较；其他阶段或拓扑暂无严格配对基线
exp05,E0__M1,E0,M1,1,750000,35.11824324324324,5.131756756756757,7.891891891891892,22.35135135135135,0.9866666666666667,False,3,,0.9168053244592346,0.08319467554076539,,,serial_runs/uagmc_6x6_T2_800k_seed1_20260920_005311/E0__M1/analysis/checkpoint_curve.csv,,,,,,,,仅 T2、同阶段、100% 完成可比较；其他阶段或拓扑暂无严格配对基线
exp05,E0__M1,E0,M1,1,800000,32.99662162162162,2.5472972972972974,8.10135135135135,22.621621621621625,0.9866666666666667,False,3,,0.9517470881863561,0.04825291181364392,,,serial_runs/uagmc_6x6_T2_800k_seed1_20260920_005311/E0__M1/analysis/checkpoint_curve.csv,,,,,,,,仅 T2、同阶段、100% 完成可比较；其他阶段或拓扑暂无严格配对基线
exp05,E0__M2,E0,M2,1,50000,32.554054054054056,1.1824324324324325,8.56081081081081,23.0,0.9866666666666667,False,3,,0.5041597337770383,0.49584026622296173,,,serial_runs/uagmc_6x6_T2_800k_seed1_20260920_005311/E0__M2/analysis/checkpoint_curve.csv,,,,,,,,仅 T2、同阶段、100% 完成可比较；其他阶段或拓扑暂无严格配对基线
exp05,E0__M2,E0,M2,1,100000,134.39,105.74,7.855,20.92,0.6666666666666666,False,3,,0.16139767054908485,0.8386023294509152,,,serial_runs/uagmc_6x6_T2_800k_seed1_20260920_005311/E0__M2/analysis/checkpoint_curve.csv,,,,,,,,仅 T2、同阶段、100% 完成可比较；其他阶段或拓扑暂无严格配对基线
exp05,E0__M2,E0,M2,1,150000,48.87,18.783333333333335,8.263333333333334,22.040000000000003,1.0,True,3,,0.4043261231281197,0.5956738768718802,,,serial_runs/uagmc_6x6_T2_800k_seed1_20260920_005311/E0__M2/analysis/checkpoint_curve.csv,,,,,,,,仅 T2、同阶段、100% 完成可比较；其他阶段或拓扑暂无严格配对基线
exp05,E0__M2,E0,M2,1,200000,33.69932432432432,2.952702702702703,8.445945945945946,22.56756756756757,0.9866666666666667,False,3,,0.9434276206322796,0.056572379367720464,,,serial_runs/uagmc_6x6_T2_800k_seed1_20260920_005311/E0__M2/analysis/checkpoint_curve.csv,,,,,,,,仅 T2、同阶段、100% 完成可比较；其他阶段或拓扑暂无严格配对基线
exp05,E0__M2,E0,M2,1,250000,32.49662162162162,1.152027027027027,8.550675675675675,23.0,0.9866666666666667,False,3,,0.9916805324459235,0.008319467554076539,,,serial_runs/uagmc_6x6_T2_800k_seed1_20260920_005311/E0__M2/analysis/checkpoint_curve.csv,,,,,,,,仅 T2、同阶段、100% 完成可比较；其他阶段或拓扑暂无严格配对基线
exp05,E0__M2,E0,M2,1,300000,33.97666666666667,2.7266666666666666,8.56,22.94666666666667,1.0,True,3,,0.9733777038269551,0.026622296173044926,,,serial_runs/uagmc_6x6_T2_800k_seed1_20260920_005311/E0__M2/analysis/checkpoint_curve.csv,,,,,,,,仅 T2、同阶段、100% 完成可比较；其他阶段或拓扑暂无严格配对基线
exp05,E0__M2,E0,M2,1,350000,32.49666666666667,1.15,8.556666666666667,23.0,1.0,True,3,,0.9983361064891847,0.0016638935108153079,,,serial_runs/uagmc_6x6_T2_800k_seed1_20260920_005311/E0__M2/analysis/checkpoint_curve.csv,,,,,,,,仅 T2、同阶段、100% 完成可比较；其他阶段或拓扑暂无严格配对基线
exp05,E0__M2,E0,M2,1,400000,32.810810810810814,1.6554054054054055,8.496621621621621,22.945945945945947,0.9866666666666667,False,3,,0.9883527454242929,0.011647254575707153,,,serial_runs/uagmc_6x6_T2_800k_seed1_20260920_005311/E0__M2/analysis/checkpoint_curve.csv,,,,,,,,仅 T2、同阶段、100% 完成可比较；其他阶段或拓扑暂无严格配对基线
exp05,E0__M2,E0,M2,1,450000,33.123333333333335,2.25,8.42,22.733333333333334,1.0,True,3,,0.9351081530782029,0.064891846921797,,,serial_runs/uagmc_6x6_T2_800k_seed1_20260920_005311/E0__M2/analysis/checkpoint_curve.csv,,,,,,,,仅 T2、同阶段、100% 完成可比较；其他阶段或拓扑暂无严格配对基线
exp05,E0__M2,E0,M2,1,500000,32.682432432432435,1.9763513513513515,8.358108108108109,22.675675675675677,0.9866666666666667,False,3,,0.9467554076539102,0.05324459234608985,,,serial_runs/uagmc_6x6_T2_800k_seed1_20260920_005311/E0__M2/analysis/checkpoint_curve.csv,,,,,,,,仅 T2、同阶段、100% 完成可比较；其他阶段或拓扑暂无严格配对基线
exp05,E0__M2,E0,M2,1,550000,32.64333333333333,1.9633333333333336,8.346666666666666,22.626666666666665,1.0,True,3,,0.9151414309484193,0.08485856905158069,,,serial_runs/uagmc_6x6_T2_800k_seed1_20260920_005311/E0__M2/analysis/checkpoint_curve.csv,,,,,,,,仅 T2、同阶段、100% 完成可比较；其他阶段或拓扑暂无严格配对基线
exp05,E0__M2,E0,M2,1,600000,32.689189189189186,1.9695945945945945,8.35472972972973,22.621621621621625,0.9866666666666667,False,3,,0.46256239600665555,0.5374376039933444,,,serial_runs/uagmc_6x6_T2_800k_seed1_20260920_005311/E0__M2/analysis/checkpoint_curve.csv,,,,,,,,仅 T2、同阶段、100% 完成可比较；其他阶段或拓扑暂无严格配对基线
exp05,E0__M2,E0,M2,1,650000,32.50675675675676,2.016891891891892,8.195945945945946,22.56756756756757,0.9866666666666667,False,3,,0.49417637271214643,0.5058236272878536,,,serial_runs/uagmc_6x6_T2_800k_seed1_20260920_005311/E0__M2/analysis/checkpoint_curve.csv,,,,,,,,仅 T2、同阶段、100% 完成可比较；其他阶段或拓扑暂无严格配对基线
exp05,E0__M2,E0,M2,1,700000,32.820945945945944,2.054054054054054,8.408783783783784,22.621621621621625,0.9866666666666667,False,3,,0.9417637271214643,0.05823627287853577,,,serial_runs/uagmc_6x6_T2_800k_seed1_20260920_005311/E0__M2/analysis/checkpoint_curve.csv,,,,,,,,仅 T2、同阶段、100% 完成可比较；其他阶段或拓扑暂无严格配对基线
exp05,E0__M2,E0,M2,1,750000,32.91554054054054,2.0844594594594597,8.432432432432432,22.675675675675677,0.9866666666666667,False,3,,0.5108153078202995,0.4891846921797005,,,serial_runs/uagmc_6x6_T2_800k_seed1_20260920_005311/E0__M2/analysis/checkpoint_curve.csv,,,,,,,,仅 T2、同阶段、100% 完成可比较；其他阶段或拓扑暂无严格配对基线
exp05,E0__M2,E0,M2,1,800000,32.83,2.1133333333333333,8.37,22.626666666666665,1.0,True,3,,0.9168053244592346,0.08319467554076539,,,serial_runs/uagmc_6x6_T2_800k_seed1_20260920_005311/E0__M2/analysis/checkpoint_curve.csv,,,,,,,,仅 T2、同阶段、100% 完成可比较；其他阶段或拓扑暂无严格配对基线
exp05,E0__M3,E0,M3,1,50000,264.3076923076923,239.3076923076923,6.0,19.0,0.3466666666666667,False,3,,0.0,1.0,,,serial_runs/uagmc_6x6_T2_800k_seed1_20260920_005311/E0__M3/analysis/checkpoint_curve.csv,,,,,,,,仅 T2、同阶段、100% 完成可比较；其他阶段或拓扑暂无严格配对基线
exp05,E0__M3,E0,M3,1,100000,32.49666666666667,1.15,8.556666666666667,23.0,1.0,True,3,,0.5091514143094842,0.4908485856905158,,,serial_runs/uagmc_6x6_T2_800k_seed1_20260920_005311/E0__M3/analysis/checkpoint_curve.csv,,,,,,,,仅 T2、同阶段、100% 完成可比较；其他阶段或拓扑暂无严格配对基线
exp05,E0__M3,E0,M3,1,150000,32.527027027027025,1.1858108108108107,8.547297297297296,23.0,0.9866666666666667,False,3,,0.5041597337770383,0.49584026622296173,,,serial_runs/uagmc_6x6_T2_800k_seed1_20260920_005311/E0__M3/analysis/checkpoint_curve.csv,,,,,,,,仅 T2、同阶段、100% 完成可比较；其他阶段或拓扑暂无严格配对基线
exp05,E0__M3,E0,M3,1,200000,32.49666666666667,1.15,8.556666666666667,23.0,1.0,True,3,,0.5224625623960066,0.47753743760399336,,,serial_runs/uagmc_6x6_T2_800k_seed1_20260920_005311/E0__M3/analysis/checkpoint_curve.csv,,,,,,,,仅 T2、同阶段、100% 完成可比较；其他阶段或拓扑暂无严格配对基线
exp05,E0__M3,E0,M3,1,250000,32.49666666666667,1.15,8.556666666666667,23.0,1.0,True,3,,0.5357737104825291,0.46422628951747086,,,serial_runs/uagmc_6x6_T2_800k_seed1_20260920_005311/E0__M3/analysis/checkpoint_curve.csv,,,,,,,,仅 T2、同阶段、100% 完成可比较；其他阶段或拓扑暂无严格配对基线
exp05,E0__M3,E0,M3,1,300000,32.49666666666667,1.15,8.556666666666667,23.0,1.0,True,3,,1.0,0.0,,,serial_runs/uagmc_6x6_T2_800k_seed1_20260920_005311/E0__M3/analysis/checkpoint_curve.csv,,,,,,,,仅 T2、同阶段、100% 完成可比较；其他阶段或拓扑暂无严格配对基线
exp05,E0__M3,E0,M3,1,350000,33.442567567567565,2.3986486486486487,8.385135135135135,22.83783783783784,0.9866666666666667,False,3,,0.4891846921797005,0.5108153078202995,,,serial_runs/uagmc_6x6_T2_800k_seed1_20260920_005311/E0__M3/analysis/checkpoint_curve.csv,,,,,,,,仅 T2、同阶段、100% 完成可比较；其他阶段或拓扑暂无严格配对基线
exp05,E0__M3,E0,M3,1,400000,264.3076923076923,239.3076923076923,6.0,19.0,0.3466666666666667,False,3,,0.49584026622296173,0.5041597337770383,,,serial_runs/uagmc_6x6_T2_800k_seed1_20260920_005311/E0__M3/analysis/checkpoint_curve.csv,,,,,,,,仅 T2、同阶段、100% 完成可比较；其他阶段或拓扑暂无严格配对基线
exp05,E0__M3,E0,M3,1,450000,264.3076923076923,239.3076923076923,6.0,19.0,0.3466666666666667,False,3,,0.08985024958402661,0.9101497504159733,,,serial_runs/uagmc_6x6_T2_800k_seed1_20260920_005311/E0__M3/analysis/checkpoint_curve.csv,,,,,,,,仅 T2、同阶段、100% 完成可比较；其他阶段或拓扑暂无严格配对基线
exp05,E0__M3,E0,M3,1,500000,32.5472972972973,1.3108108108108107,8.513513513513514,22.945945945945947,0.9866666666666667,False,3,,0.5241264559068219,0.47587354409317806,,,serial_runs/uagmc_6x6_T2_800k_seed1_20260920_005311/E0__M3/analysis/checkpoint_curve.csv,,,,,,,,仅 T2、同阶段、100% 完成可比较；其他阶段或拓扑暂无严格配对基线
exp05,E0__M3,E0,M3,1,550000,32.445945945945944,1.239864864864865,8.5,22.945945945945947,0.9866666666666667,False,3,,0.9883527454242929,0.011647254575707153,,,serial_runs/uagmc_6x6_T2_800k_seed1_20260920_005311/E0__M3/analysis/checkpoint_curve.csv,,,,,,,,仅 T2、同阶段、100% 完成可比较；其他阶段或拓扑暂无严格配对基线
exp05,E0__M3,E0,M3,1,600000,33.03,1.8566666666666667,8.5,22.893333333333334,1.0,True,3,,0.5457570715474209,0.454242928452579,,,serial_runs/uagmc_6x6_T2_800k_seed1_20260920_005311/E0__M3/analysis/checkpoint_curve.csv,,,,,,,,仅 T2、同阶段、100% 完成可比较；其他阶段或拓扑暂无严格配对基线
exp05,E0__M3,E0,M3,1,650000,33.23986486486486,2.0945945945945947,8.567567567567568,22.83783783783784,0.9866666666666667,False,3,,0.9750415973377704,0.024958402662229612,,,serial_runs/uagmc_6x6_T2_800k_seed1_20260920_005311/E0__M3/analysis/checkpoint_curve.csv,,,,,,,,仅 T2、同阶段、100% 完成可比较；其他阶段或拓扑暂无严格配对基线
exp05,E0__M3,E0,M3,1,700000,33.51,2.513333333333333,8.6,22.679999999999996,1.0,True,3,,0.4925124792013311,0.5074875207986689,,,serial_runs/uagmc_6x6_T2_800k_seed1_20260920_005311/E0__M3/analysis/checkpoint_curve.csv,,,,,,,,仅 T2、同阶段、100% 完成可比较；其他阶段或拓扑暂无严格配对基线
exp05,E0__M3,E0,M3,1,750000,33.361486486486484,2.3513513513513513,8.550675675675675,22.72972972972973,0.9866666666666667,False,3,,0.47753743760399336,0.5224625623960066,,,serial_runs/uagmc_6x6_T2_800k_seed1_20260920_005311/E0__M3/analysis/checkpoint_curve.csv,,,,,,,,仅 T2、同阶段、100% 完成可比较；其他阶段或拓扑暂无严格配对基线
exp05,E0__M3,E0,M3,1,800000,33.05067567567568,2.114864864864865,8.618243243243244,22.56756756756757,0.9866666666666667,False,3,,0.46256239600665555,0.5374376039933444,,,serial_runs/uagmc_6x6_T2_800k_seed1_20260920_005311/E0__M3/analysis/checkpoint_curve.csv,,,,,,,,仅 T2、同阶段、100% 完成可比较；其他阶段或拓扑暂无严格配对基线
exp05,E0__M4,E0,M4,1,50000,219.5,193.32352941176472,6.411764705882352,19.823529411764707,0.4533333333333333,False,3,,0.051580698835274545,0.9484193011647255,,,serial_runs/uagmc_6x6_T2_800k_seed1_20260920_005311/E0__M4/analysis/checkpoint_curve.csv,,,,,,,,仅 T2、同阶段、100% 完成可比较；其他阶段或拓扑暂无严格配对基线
exp05,E0__M4,E0,M4,1,100000,212.25714285714287,186.09285714285716,6.307142857142857,19.914285714285715,0.4666666666666666,False,3,,0.064891846921797,0.9351081530782029,,,serial_runs/uagmc_6x6_T2_800k_seed1_20260920_005311/E0__M4/analysis/checkpoint_curve.csv,,,,,,,,仅 T2、同阶段、100% 完成可比较；其他阶段或拓扑暂无严格配对基线
exp05,E0__M4,E0,M4,1,150000,232.875,207.125,6.1640625,19.625,0.4266666666666667,False,3,,0.04658901830282861,0.9534109816971714,,,serial_runs/uagmc_6x6_T2_800k_seed1_20260920_005311/E0__M4/analysis/checkpoint_curve.csv,,,,,,,,仅 T2、同阶段、100% 完成可比较；其他阶段或拓扑暂无严格配对基线
exp05,E0__M4,E0,M4,1,200000,198.73611111111111,172.1875,6.5069444444444455,20.11111111111111,0.48,False,3,,0.11813643926788686,0.8818635607321131,,,serial_runs/uagmc_6x6_T2_800k_seed1_20260920_005311/E0__M4/analysis/checkpoint_curve.csv,,,,,,,,仅 T2、同阶段、100% 完成可比较；其他阶段或拓扑暂无严格配对基线
exp05,E0__M4,E0,M4,1,250000,229.12121212121212,203.0606060606061,6.378787878787879,19.727272727272727,0.44,False,3,,0.18302828618968384,0.8169717138103162,,,serial_runs/uagmc_6x6_T2_800k_seed1_20260920_005311/E0__M4/analysis/checkpoint_curve.csv,,,,,,,,仅 T2、同阶段、100% 完成可比较；其他阶段或拓扑暂无严格配对基线
exp05,E0__M4,E0,M4,1,300000,207.90277777777774,181.47222222222226,6.5,20.0,0.48,False,3,,0.4276206322795341,0.5723793677204659,,,serial_runs/uagmc_6x6_T2_800k_seed1_20260920_005311/E0__M4/analysis/checkpoint_curve.csv,,,,,,,,仅 T2、同阶段、100% 完成可比较；其他阶段或拓扑暂无严格配对基线
exp05,E0__M4,E0,M4,1,350000,129.01818181818183,100.62727272727273,7.422727272727273,21.10909090909091,0.7333333333333333,False,3,,0.47753743760399336,0.5224625623960066,,,serial_runs/uagmc_6x6_T2_800k_seed1_20260920_005311/E0__M4/analysis/checkpoint_curve.csv,,,,,,,,仅 T2、同阶段、100% 完成可比较；其他阶段或拓扑暂无严格配对基线
exp05,E0__M4,E0,M4,1,400000,74.65878378378379,45.20945945945946,7.986486486486487,21.64864864864865,0.9866666666666667,False,3,,0.8202995008319468,0.17970049916805322,,,serial_runs/uagmc_6x6_T2_800k_seed1_20260920_005311/E0__M4/analysis/checkpoint_curve.csv,,,,,,,,仅 T2、同阶段、100% 完成可比较；其他阶段或拓扑暂无严格配对基线
exp05,E0__M4,E0,M4,1,450000,49.49324324324325,19.06756756756757,8.695945945945946,21.972972972972972,0.9866666666666667,False,3,,0.8569051580698835,0.14309484193011648,,,serial_runs/uagmc_6x6_T2_800k_seed1_20260920_005311/E0__M4/analysis/checkpoint_curve.csv,,,,,,,,仅 T2、同阶段、100% 完成可比较；其他阶段或拓扑暂无严格配对基线
exp05,E0__M4,E0,M4,1,500000,33.472972972972975,2.5844594594594597,8.621621621621621,22.56756756756757,0.9866666666666667,False,3,,0.9384359400998337,0.06156405990016639,,,serial_runs/uagmc_6x6_T2_800k_seed1_20260920_005311/E0__M4/analysis/checkpoint_curve.csv,,,,,,,,仅 T2、同阶段、100% 完成可比较；其他阶段或拓扑暂无严格配对基线
exp05,E0__M4,E0,M4,1,550000,33.29054054054054,2.1317567567567566,8.54391891891892,22.89189189189189,0.9866666666666667,False,3,,0.9816971713810316,0.018302828618968387,,,serial_runs/uagmc_6x6_T2_800k_seed1_20260920_005311/E0__M4/analysis/checkpoint_curve.csv,,,,,,,,仅 T2、同阶段、100% 完成可比较；其他阶段或拓扑暂无严格配对基线
exp05,E0__M4,E0,M4,1,600000,33.358108108108105,2.3513513513513513,8.60135135135135,22.675675675675677,0.9866666666666667,False,3,,0.9534109816971714,0.04658901830282861,,,serial_runs/uagmc_6x6_T2_800k_seed1_20260920_005311/E0__M4/analysis/checkpoint_curve.csv,,,,,,,,仅 T2、同阶段、100% 完成可比较；其他阶段或拓扑暂无严格配对基线
exp05,E0__M4,E0,M4,1,650000,32.96621621621622,1.7702702702702702,8.621621621621621,22.83783783783784,0.9866666666666667,False,3,,0.9667221297836939,0.033277870216306155,,,serial_runs/uagmc_6x6_T2_800k_seed1_20260920_005311/E0__M4/analysis/checkpoint_curve.csv,,,,,,,,仅 T2、同阶段、100% 完成可比较；其他阶段或拓扑暂无严格配对基线
exp05,E0__M4,E0,M4,1,700000,33.560810810810814,2.4121621621621623,8.608108108108109,22.783783783783786,0.9866666666666667,False,3,,0.961730449251248,0.03826955074875208,,,serial_runs/uagmc_6x6_T2_800k_seed1_20260920_005311/E0__M4/analysis/checkpoint_curve.csv,,,,,,,,仅 T2、同阶段、100% 完成可比较；其他阶段或拓扑暂无严格配对基线
exp05,E0__M4,E0,M4,1,750000,32.53378378378378,1.2804054054054055,8.533783783783784,22.945945945945947,0.9866666666666667,False,3,,0.9800332778702163,0.019966722129783693,,,serial_runs/uagmc_6x6_T2_800k_seed1_20260920_005311/E0__M4/analysis/checkpoint_curve.csv,,,,,,,,仅 T2、同阶段、100% 完成可比较；其他阶段或拓扑暂无严格配对基线
exp05,E0__M4,E0,M4,1,800000,32.53378378378378,1.2804054054054055,8.533783783783784,22.945945945945947,0.9866666666666667,False,3,,0.9850249584026622,0.014975041597337771,,,serial_runs/uagmc_6x6_T2_800k_seed1_20260920_005311/E0__M4/analysis/checkpoint_curve.csv,,,,,,,,仅 T2、同阶段、100% 完成可比较；其他阶段或拓扑暂无严格配对基线
exp05,E0__M5,E0,M5,1,50000,241.50806451612902,215.6451612903226,6.379032258064516,19.516129032258064,0.41333333333333333,False,3,,0.026622296173044926,0.9733777038269551,,,serial_runs/uagmc_6x6_T2_800k_seed1_20260920_005311/E0__M5/analysis/checkpoint_curve.csv,,,,,,,,仅 T2、同阶段、100% 完成可比较；其他阶段或拓扑暂无严格配对基线
exp05,E0__M5,E0,M5,1,100000,106.79,77.70333333333333,7.736666666666667,21.56,1.0,True,3,,0.4475873544093178,0.5524126455906821,,,serial_runs/uagmc_6x6_T2_800k_seed1_20260920_005311/E0__M5/analysis/checkpoint_curve.csv,,,,,,,,仅 T2、同阶段、100% 完成可比较；其他阶段或拓扑暂无严格配对基线
exp05,E0__M5,E0,M5,1,150000,83.73986486486487,54.347972972972975,7.89527027027027,21.702702702702698,0.9866666666666667,False,3,,0.7004991680532445,0.2995008319467554,,,serial_runs/uagmc_6x6_T2_800k_seed1_20260920_005311/E0__M5/analysis/checkpoint_curve.csv,,,,,,,,仅 T2、同阶段、100% 完成可比较；其他阶段或拓扑暂无严格配对基线
exp05,E0__M5,E0,M5,1,200000,69.67,40.11,7.963333333333334,21.826666666666668,1.0,True,3,,0.6206322795341098,0.3793677204658901,,,serial_runs/uagmc_6x6_T2_800k_seed1_20260920_005311/E0__M5/analysis/checkpoint_curve.csv,,,,,,,,仅 T2、同阶段、100% 完成可比较；其他阶段或拓扑暂无严格配对基线
exp05,E0__M5,E0,M5,1,250000,41.983108108108105,11.679054054054054,8.304054054054054,22.243243243243242,0.9866666666666667,False,3,,0.4425956738768719,0.5574043261231281,,,serial_runs/uagmc_6x6_T2_800k_seed1_20260920_005311/E0__M5/analysis/checkpoint_curve.csv,,,,,,,,仅 T2、同阶段、100% 完成可比较；其他阶段或拓扑暂无严格配对基线
exp05,E0__M5,E0,M5,1,300000,40.902027027027025,10.722972972972974,8.256756756756756,22.18918918918919,0.9866666666666667,False,3,,0.45923460898502494,0.540765391014975,,,serial_runs/uagmc_6x6_T2_800k_seed1_20260920_005311/E0__M5/analysis/checkpoint_curve.csv,,,,,,,,仅 T2、同阶段、100% 完成可比较；其他阶段或拓扑暂无严格配对基线
exp05,E0__M5,E0,M5,1,350000,32.726351351351354,2.1385135135135136,8.43918918918919,22.459459459459463,0.9866666666666667,False,3,,0.45757071547420963,0.5424292845257903,,,serial_runs/uagmc_6x6_T2_800k_seed1_20260920_005311/E0__M5/analysis/checkpoint_curve.csv,,,,,,,,仅 T2、同阶段、100% 完成可比较；其他阶段或拓扑暂无严格配对基线
exp05,E0__M5,E0,M5,1,400000,32.69932432432432,1.9560810810810814,8.307432432432432,22.72972972972973,0.9866666666666667,False,3,,0.49417637271214643,0.5058236272878536,,,serial_runs/uagmc_6x6_T2_800k_seed1_20260920_005311/E0__M5/analysis/checkpoint_curve.csv,,,,,,,,仅 T2、同阶段、100% 完成可比较；其他阶段或拓扑暂无严格配对基线
exp05,E0__M5,E0,M5,1,450000,32.723333333333336,1.9833333333333334,8.38,22.679999999999996,1.0,True,3,,0.4925124792013311,0.5074875207986689,,,serial_runs/uagmc_6x6_T2_800k_seed1_20260920_005311/E0__M5/analysis/checkpoint_curve.csv,,,,,,,,仅 T2、同阶段、100% 完成可比较；其他阶段或拓扑暂无严格配对基线
exp05,E0__M5,E0,M5,1,500000,32.656666666666666,2.203333333333333,8.186666666666667,22.573333333333334,1.0,True,3,,0.46089850249584025,0.5391014975041597,,,serial_runs/uagmc_6x6_T2_800k_seed1_20260920_005311/E0__M5/analysis/checkpoint_curve.csv,,,,,,,,仅 T2、同阶段、100% 完成可比较；其他阶段或拓扑暂无严格配对基线
exp05,E0__M5,E0,M5,1,550000,32.83108108108108,2.277027027027027,8.297297297297296,22.56756756756757,0.9866666666666667,False,3,,0.46589018302828616,0.5341098169717138,,,serial_runs/uagmc_6x6_T2_800k_seed1_20260920_005311/E0__M5/analysis/checkpoint_curve.csv,,,,,,,,仅 T2、同阶段、100% 完成可比较；其他阶段或拓扑暂无严格配对基线
exp05,E0__M5,E0,M5,1,600000,33.0,2.418918918918919,8.256756756756756,22.621621621621625,0.9866666666666667,False,3,,0.4825291181364393,0.5174708818635607,,,serial_runs/uagmc_6x6_T2_800k_seed1_20260920_005311/E0__M5/analysis/checkpoint_curve.csv,,,,,,,,仅 T2、同阶段、100% 完成可比较；其他阶段或拓扑暂无严格配对基线
exp05,E0__M5,E0,M5,1,650000,32.888513513513516,2.1722972972972974,8.371621621621621,22.621621621621625,0.9866666666666667,False,3,,0.47920133111480867,0.5207986688851913,,,serial_runs/uagmc_6x6_T2_800k_seed1_20260920_005311/E0__M5/analysis/checkpoint_curve.csv,,,,,,,,仅 T2、同阶段、100% 完成可比较；其他阶段或拓扑暂无严格配对基线
exp05,E0__M5,E0,M5,1,700000,33.070945945945944,2.4324324324324325,8.375,22.56756756756757,0.9866666666666667,False,3,,0.9434276206322796,0.056572379367720464,,,serial_runs/uagmc_6x6_T2_800k_seed1_20260920_005311/E0__M5/analysis/checkpoint_curve.csv,,,,,,,,仅 T2、同阶段、100% 完成可比较；其他阶段或拓扑暂无严格配对基线
exp05,E0__M5,E0,M5,1,750000,32.692567567567565,2.0945945945945947,8.347972972972974,22.56756756756757,0.9866666666666667,False,3,,0.9434276206322796,0.056572379367720464,,,serial_runs/uagmc_6x6_T2_800k_seed1_20260920_005311/E0__M5/analysis/checkpoint_curve.csv,,,,,,,,仅 T2、同阶段、100% 完成可比较；其他阶段或拓扑暂无严格配对基线
exp05,E0__M5,E0,M5,1,800000,32.87162162162162,2.2736486486486487,8.39864864864865,22.513513513513512,0.9866666666666667,False,3,,0.9317803660565723,0.06821963394342762,,,serial_runs/uagmc_6x6_T2_800k_seed1_20260920_005311/E0__M5/analysis/checkpoint_curve.csv,,,,,,,,仅 T2、同阶段、100% 完成可比较；其他阶段或拓扑暂无严格配对基线
exp05,E2__M0,E2,M0,1,50000,47.898648648648646,22.66891891891892,6.216216216216215,19.054054054054053,0.9866666666666667,False,3,,0.009983361064891847,0.9900166389351082,,,serial_runs/uagmc_6x6_T2_800k_seed1_20260920_005311/E2__M0/analysis/checkpoint_curve.csv,,,,,,,,仅 T2、同阶段、100% 完成可比较；其他阶段或拓扑暂无严格配对基线
exp05,E2__M0,E2,M0,1,100000,63.101351351351354,37.96621621621622,6.158783783783785,19.0,0.9866666666666667,False,3,,0.0066555740432612314,0.9933444259567388,,,serial_runs/uagmc_6x6_T2_800k_seed1_20260920_005311/E2__M0/analysis/checkpoint_curve.csv,,,,,,,,仅 T2、同阶段、100% 完成可比较；其他阶段或拓扑暂无严格配对基线
exp05,E2__M0,E2,M0,1,150000,30.323333333333334,3.573333333333333,6.883333333333334,20.12,1.0,True,3,,0.17803660565723792,0.8219633943427621,,,serial_runs/uagmc_6x6_T2_800k_seed1_20260920_005311/E2__M0/analysis/checkpoint_curve.csv,,,,,,,,仅 T2、同阶段、100% 完成可比较；其他阶段或拓扑暂无严格配对基线
exp05,E2__M0,E2,M0,1,200000,28.616666666666664,2.2666666666666666,6.739999999999999,19.906666666666666,1.0,True,3,,0.18302828618968384,0.8169717138103162,,,serial_runs/uagmc_6x6_T2_800k_seed1_20260920_005311/E2__M0/analysis/checkpoint_curve.csv,,,,,,,,仅 T2、同阶段、100% 完成可比较；其他阶段或拓扑暂无严格配对基线
exp05,E2__M0,E2,M0,1,250000,28.902027027027028,2.293918918918919,6.908783783783785,19.972972972972972,0.9866666666666667,False,3,,0.18968386023294506,0.8103161397670547,,,serial_runs/uagmc_6x6_T2_800k_seed1_20260920_005311/E2__M0/analysis/checkpoint_curve.csv,,,,,,,,仅 T2、同阶段、100% 完成可比较；其他阶段或拓扑暂无严格配对基线
exp05,E2__M0,E2,M0,1,300000,30.72635135135135,3.8885135135135136,7.10472972972973,19.972972972972972,0.9866666666666667,False,3,,0.16306156405990016,0.8369384359400999,,,serial_runs/uagmc_6x6_T2_800k_seed1_20260920_005311/E2__M0/analysis/checkpoint_curve.csv,,,,,,,,仅 T2、同阶段、100% 完成可比较；其他阶段或拓扑暂无严格配对基线
exp05,E2__M0,E2,M0,1,350000,29.06756756756757,2.3986486486486487,6.837837837837838,20.08108108108108,0.9866666666666667,False,3,,0.17970049916805322,0.8202995008319468,,,serial_runs/uagmc_6x6_T2_800k_seed1_20260920_005311/E2__M0/analysis/checkpoint_curve.csv,,,,,,,,仅 T2、同阶段、100% 完成可比较；其他阶段或拓扑暂无严格配对基线
exp05,E2__M0,E2,M0,1,400000,30.03716216216216,3.320945945945946,6.9391891891891895,20.027027027027028,0.9866666666666667,False,3,,0.16971713810316139,0.8302828618968386,,,serial_runs/uagmc_6x6_T2_800k_seed1_20260920_005311/E2__M0/analysis/checkpoint_curve.csv,,,,,,,,仅 T2、同阶段、100% 完成可比较；其他阶段或拓扑暂无严格配对基线
exp05,E2__M0,E2,M0,1,450000,30.347972972972972,3.3783783783783785,7.010135135135134,20.18918918918919,0.9866666666666667,False,3,,0.18469217970049914,0.8153078202995009,,,serial_runs/uagmc_6x6_T2_800k_seed1_20260920_005311/E2__M0/analysis/checkpoint_curve.csv,,,,,,,,仅 T2、同阶段、100% 完成可比较；其他阶段或拓扑暂无严格配对基线
exp05,E2__M0,E2,M0,1,500000,30.80743243243243,3.8614864864864864,7.118243243243243,20.08108108108108,0.9866666666666667,False,3,,0.20465890183028287,0.795341098169717,,,serial_runs/uagmc_6x6_T2_800k_seed1_20260920_005311/E2__M0/analysis/checkpoint_curve.csv,,,,,,,,仅 T2、同阶段、100% 完成可比较；其他阶段或拓扑暂无严格配对基线
exp05,E2__M0,E2,M0,1,550000,29.736666666666668,3.02,6.986666666666667,20.013333333333332,1.0,True,3,,0.1763727121464226,0.8236272878535774,,,serial_runs/uagmc_6x6_T2_800k_seed1_20260920_005311/E2__M0/analysis/checkpoint_curve.csv,,,,,,,,仅 T2、同阶段、100% 完成可比较；其他阶段或拓扑暂无严格配对基线
exp05,E2__M0,E2,M0,1,600000,30.71283783783784,3.7229729729729732,7.138513513513513,20.08108108108108,0.9866666666666667,False,3,,0.19467554076539098,0.8053244592346088,,,serial_runs/uagmc_6x6_T2_800k_seed1_20260920_005311/E2__M0/analysis/checkpoint_curve.csv,,,,,,,,仅 T2、同阶段、100% 完成可比较；其他阶段或拓扑暂无严格配对基线
exp05,E2__M0,E2,M0,1,650000,28.993243243243242,2.439189189189189,6.962837837837838,19.91891891891892,0.9866666666666667,False,3,,0.1963394342762063,0.8036605657237935,,,serial_runs/uagmc_6x6_T2_800k_seed1_20260920_005311/E2__M0/analysis/checkpoint_curve.csv,,,,,,,,仅 T2、同阶段、100% 完成可比较；其他阶段或拓扑暂无严格配对基线
exp05,E2__M0,E2,M0,1,700000,30.797297297297302,3.7094594594594597,7.091216216216215,20.243243243243242,0.9866666666666667,False,3,,0.1963394342762063,0.8036605657237935,,,serial_runs/uagmc_6x6_T2_800k_seed1_20260920_005311/E2__M0/analysis/checkpoint_curve.csv,,,,,,,,仅 T2、同阶段、100% 完成可比较；其他阶段或拓扑暂无严格配对基线
exp05,E2__M0,E2,M0,1,750000,30.350000000000005,3.2066666666666666,7.13,20.28,1.0,True,3,,0.6455906821963394,0.35440931780366053,,,serial_runs/uagmc_6x6_T2_800k_seed1_20260920_005311/E2__M0/analysis/checkpoint_curve.csv,,,,,,,,仅 T2、同阶段、100% 完成可比较；其他阶段或拓扑暂无严格配对基线
exp05,E2__M0,E2,M0,1,800000,30.425675675675677,3.189189189189189,7.1959459459459465,20.2972972972973,0.9866666666666667,False,3,,0.21797004991680533,0.7820299500831945,,,serial_runs/uagmc_6x6_T2_800k_seed1_20260920_005311/E2__M0/analysis/checkpoint_curve.csv,,,,,,,,仅 T2、同阶段、100% 完成可比较；其他阶段或拓扑暂无严格配对基线
exp05,E2__M1,E2,M1,1,50000,33.898648648648646,6.283783783783785,7.27027027027027,20.56756756756757,0.9866666666666667,False,3,,0.1996672212978369,0.8003327787021629,,,serial_runs/uagmc_6x6_T2_800k_seed1_20260920_005311/E2__M1/analysis/checkpoint_curve.csv,,,,,,,,仅 T2、同阶段、100% 完成可比较；其他阶段或拓扑暂无严格配对基线
exp05,E2__M1,E2,M1,1,100000,115.05067567567568,89.63175675675676,6.3209459459459465,19.16216216216216,0.9866666666666667,False,3,,0.026622296173044926,0.9733777038269551,,,serial_runs/uagmc_6x6_T2_800k_seed1_20260920_005311/E2__M1/analysis/checkpoint_curve.csv,,,,,,,,仅 T2、同阶段、100% 完成可比较；其他阶段或拓扑暂无严格配对基线
exp05,E2__M1,E2,M1,1,150000,33.016891891891895,7.70945945945946,6.253378378378378,19.10810810810811,0.9866666666666667,False,3,,0.46921797004991683,0.5307820299500832,,,serial_runs/uagmc_6x6_T2_800k_seed1_20260920_005311/E2__M1/analysis/checkpoint_curve.csv,,,,,,,,仅 T2、同阶段、100% 完成可比较；其他阶段或拓扑暂无严格配对基线
exp05,E2__M1,E2,M1,1,200000,39.0777027027027,13.253378378378379,6.483108108108108,19.43243243243243,0.9866666666666667,False,3,,0.4825291181364393,0.5174708818635607,,,serial_runs/uagmc_6x6_T2_800k_seed1_20260920_005311/E2__M1/analysis/checkpoint_curve.csv,,,,,,,,仅 T2、同阶段、100% 完成可比较；其他阶段或拓扑暂无严格配对基线
exp05,E2__M1,E2,M1,1,250000,32.104729729729726,5.5608108108108105,6.777027027027027,19.972972972972972,0.9866666666666667,False,3,,0.56738768718802,0.43261231281198004,,,serial_runs/uagmc_6x6_T2_800k_seed1_20260920_005311/E2__M1/analysis/checkpoint_curve.csv,,,,,,,,仅 T2、同阶段、100% 完成可比较；其他阶段或拓扑暂无严格配对基线
exp05,E2__M1,E2,M1,1,300000,29.45608108108108,3.077702702702703,6.655405405405406,19.972972972972972,0.9866666666666667,False,3,,0.5806988352745425,0.4193011647254576,,,serial_runs/uagmc_6x6_T2_800k_seed1_20260920_005311/E2__M1/analysis/checkpoint_curve.csv,,,,,,,,仅 T2、同阶段、100% 完成可比较；其他阶段或拓扑暂无严格配对基线
exp05,E2__M1,E2,M1,1,350000,30.616666666666664,4.24,6.776666666666666,19.8,1.0,True,3,,0.10149750415973376,0.8985024958402662,,,serial_runs/uagmc_6x6_T2_800k_seed1_20260920_005311/E2__M1/analysis/checkpoint_curve.csv,,,,,,,,仅 T2、同阶段、100% 完成可比较；其他阶段或拓扑暂无严格配对基线
exp05,E2__M1,E2,M1,1,400000,29.905405405405407,3.422297297297297,6.79054054054054,19.972972972972972,0.9866666666666667,False,3,,0.5440931780366056,0.4559068219633943,,,serial_runs/uagmc_6x6_T2_800k_seed1_20260920_005311/E2__M1/analysis/checkpoint_curve.csv,,,,,,,,仅 T2、同阶段、100% 完成可比较；其他阶段或拓扑暂无严格配对基线
exp05,E2__M1,E2,M1,1,450000,28.736666666666668,2.526666666666667,6.489999999999999,20.013333333333332,1.0,True,3,,0.1281198003327787,0.8718801996672213,,,serial_runs/uagmc_6x6_T2_800k_seed1_20260920_005311/E2__M1/analysis/checkpoint_curve.csv,,,,,,,,仅 T2、同阶段、100% 完成可比较；其他阶段或拓扑暂无严格配对基线
exp05,E2__M1,E2,M1,1,500000,30.01013513513514,3.2263513513513513,6.827702702702703,20.18918918918919,0.9866666666666667,False,3,,0.6439267886855241,0.35607321131447583,,,serial_runs/uagmc_6x6_T2_800k_seed1_20260920_005311/E2__M1/analysis/checkpoint_curve.csv,,,,,,,,仅 T2、同阶段、100% 完成可比较；其他阶段或拓扑暂无严格配对基线
exp05,E2__M1,E2,M1,1,550000,29.996621621621625,3.5304054054054053,6.868243243243243,19.864864864864863,0.9866666666666667,False,3,,0.5923460898502496,0.40765391014975044,,,serial_runs/uagmc_6x6_T2_800k_seed1_20260920_005311/E2__M1/analysis/checkpoint_curve.csv,,,,,,,,仅 T2、同阶段、100% 完成可比较；其他阶段或拓扑暂无严格配对基线
exp05,E2__M1,E2,M1,1,600000,28.469594594594593,2.358108108108108,6.6756756756756745,19.756756756756758,0.9866666666666667,False,3,,0.5207986688851913,0.47920133111480867,,,serial_runs/uagmc_6x6_T2_800k_seed1_20260920_005311/E2__M1/analysis/checkpoint_curve.csv,,,,,,,,仅 T2、同阶段、100% 完成可比较；其他阶段或拓扑暂无严格配对基线
exp05,E2__M1,E2,M1,1,650000,29.51013513513514,2.8445945945945947,6.844594594594594,20.08108108108108,0.9866666666666667,False,3,,0.6073211314475874,0.3926788685524126,,,serial_runs/uagmc_6x6_T2_800k_seed1_20260920_005311/E2__M1/analysis/checkpoint_curve.csv,,,,,,,,仅 T2、同阶段、100% 完成可比较；其他阶段或拓扑暂无严格配对基线
exp05,E2__M1,E2,M1,1,700000,31.51689189189189,4.486486486486487,7.0675675675675675,20.18918918918919,0.9866666666666667,False,3,,0.5607321131447587,0.43926788685524126,,,serial_runs/uagmc_6x6_T2_800k_seed1_20260920_005311/E2__M1/analysis/checkpoint_curve.csv,,,,,,,,仅 T2、同阶段、100% 完成可比较；其他阶段或拓扑暂无严格配对基线
exp05,E2__M1,E2,M1,1,750000,28.89189189189189,2.4155405405405403,6.777027027027027,20.027027027027028,0.9866666666666667,False,3,,0.5424292845257903,0.45757071547420963,,,serial_runs/uagmc_6x6_T2_800k_seed1_20260920_005311/E2__M1/analysis/checkpoint_curve.csv,,,,,,,,仅 T2、同阶段、100% 完成可比较；其他阶段或拓扑暂无严格配对基线
exp05,E2__M1,E2,M1,1,800000,28.52333333333333,2.31,6.603333333333334,19.906666666666666,1.0,True,3,,0.56738768718802,0.43261231281198004,,,serial_runs/uagmc_6x6_T2_800k_seed1_20260920_005311/E2__M1/analysis/checkpoint_curve.csv,,,,,,,,仅 T2、同阶段、100% 完成可比较；其他阶段或拓扑暂无严格配对基线
exp05,E2__M2,E2,M2,1,50000,93.30743243243244,68.02364864864865,6.226351351351352,19.10810810810811,0.9866666666666667,False,3,,0.014975041597337771,0.9850249584026622,,,serial_runs/uagmc_6x6_T2_800k_seed1_20260920_005311/E2__M2/analysis/checkpoint_curve.csv,,,,,,,,仅 T2、同阶段、100% 完成可比较；其他阶段或拓扑暂无严格配对基线
exp05,E2__M2,E2,M2,1,100000,28.469594594594593,2.739864864864865,6.422297297297297,19.54054054054054,0.9866666666666667,False,3,,0.07321131447587355,0.9267886855241264,,,serial_runs/uagmc_6x6_T2_800k_seed1_20260920_005311/E2__M2/analysis/checkpoint_curve.csv,,,,,,,,仅 T2、同阶段、100% 完成可比较；其他阶段或拓扑暂无严格配对基线
exp05,E2__M2,E2,M2,1,150000,28.63513513513514,2.14527027027027,6.702702702702703,20.08108108108108,0.9866666666666667,False,3,,0.18635607321131445,0.8136439267886856,,,serial_runs/uagmc_6x6_T2_800k_seed1_20260920_005311/E2__M2/analysis/checkpoint_curve.csv,,,,,,,,仅 T2、同阶段、100% 完成可比较；其他阶段或拓扑暂无严格配对基线
exp05,E2__M2,E2,M2,1,200000,30.152027027027028,3.7195945945945947,6.503378378378378,20.18918918918919,0.9866666666666667,False,3,,0.16638935108153077,0.8336106489184693,,,serial_runs/uagmc_6x6_T2_800k_seed1_20260920_005311/E2__M2/analysis/checkpoint_curve.csv,,,,,,,,仅 T2、同阶段、100% 完成可比较；其他阶段或拓扑暂无严格配对基线
exp05,E2__M2,E2,M2,1,250000,28.209459459459463,2.141891891891892,6.35472972972973,20.027027027027028,0.9866666666666667,False,3,,0.1447587354409318,0.8552412645590682,,,serial_runs/uagmc_6x6_T2_800k_seed1_20260920_005311/E2__M2/analysis/checkpoint_curve.csv,,,,,,,,仅 T2、同阶段、100% 完成可比较；其他阶段或拓扑暂无严格配对基线
exp05,E2__M2,E2,M2,1,300000,28.415540540540537,2.2567567567567566,6.398648648648648,20.08108108108108,0.9866666666666667,False,3,,0.15640599001663893,0.8435940099833611,,,serial_runs/uagmc_6x6_T2_800k_seed1_20260920_005311/E2__M2/analysis/checkpoint_curve.csv,,,,,,,,仅 T2、同阶段、100% 完成可比较；其他阶段或拓扑暂无严格配对基线
exp05,E2__M2,E2,M2,1,350000,28.922297297297302,2.4155405405405403,6.516891891891892,20.2972972972973,0.9866666666666667,False,3,,0.19467554076539098,0.8053244592346088,,,serial_runs/uagmc_6x6_T2_800k_seed1_20260920_005311/E2__M2/analysis/checkpoint_curve.csv,,,,,,,,仅 T2、同阶段、100% 完成可比较；其他阶段或拓扑暂无严格配对基线
exp05,E2__M2,E2,M2,1,400000,31.03,3.9133333333333336,6.786666666666666,20.546666666666667,1.0,True,3,,0.6672212978369384,0.33277870216306155,,,serial_runs/uagmc_6x6_T2_800k_seed1_20260920_005311/E2__M2/analysis/checkpoint_curve.csv,,,,,,,,仅 T2、同阶段、100% 完成可比较；其他阶段或拓扑暂无严格配对基线
exp05,E2__M2,E2,M2,1,450000,29.033783783783786,2.6486486486486487,6.408783783783785,20.243243243243242,0.9866666666666667,False,3,,0.1980033277870216,0.8019966722129782,,,serial_runs/uagmc_6x6_T2_800k_seed1_20260920_005311/E2__M2/analysis/checkpoint_curve.csv,,,,,,,,仅 T2、同阶段、100% 完成可比较；其他阶段或拓扑暂无严格配对基线
exp05,E2__M2,E2,M2,1,500000,31.05666666666667,4.6,6.39,20.333333333333332,1.0,True,3,,0.6306156405990017,0.3693843594009983,,,serial_runs/uagmc_6x6_T2_800k_seed1_20260920_005311/E2__M2/analysis/checkpoint_curve.csv,,,,,,,,仅 T2、同阶段、100% 完成可比较；其他阶段或拓扑暂无严格配对基线
exp05,E2__M2,E2,M2,1,550000,28.843333333333334,2.4066666666666667,6.473333333333334,20.226666666666667,1.0,True,3,,0.18968386023294506,0.8103161397670547,,,serial_runs/uagmc_6x6_T2_800k_seed1_20260920_005311/E2__M2/analysis/checkpoint_curve.csv,,,,,,,,仅 T2、同阶段、100% 完成可比较；其他阶段或拓扑暂无严格配对基线
exp05,E2__M2,E2,M2,1,600000,30.327702702702698,4.273648648648648,6.351351351351352,19.91891891891892,0.9866666666666667,False,3,,0.1480865224625624,0.8519134775374376,,,serial_runs/uagmc_6x6_T2_800k_seed1_20260920_005311/E2__M2/analysis/checkpoint_curve.csv,,,,,,,,仅 T2、同阶段、100% 完成可比较；其他阶段或拓扑暂无严格配对基线
exp05,E2__M2,E2,M2,1,650000,29.02364864864865,2.800675675675676,6.418918918918919,20.08108108108108,0.9866666666666667,False,3,,0.1713810316139767,0.8286189683860233,,,serial_runs/uagmc_6x6_T2_800k_seed1_20260920_005311/E2__M2/analysis/checkpoint_curve.csv,,,,,,,,仅 T2、同阶段、100% 完成可比较；其他阶段或拓扑暂无严格配对基线
exp05,E2__M2,E2,M2,1,700000,29.753378378378375,3.432432432432433,6.4459459459459465,20.08108108108108,0.9866666666666667,False,3,,0.6006655574043261,0.3993344425956738,,,serial_runs/uagmc_6x6_T2_800k_seed1_20260920_005311/E2__M2/analysis/checkpoint_curve.csv,,,,,,,,仅 T2、同阶段、100% 完成可比较；其他阶段或拓扑暂无严格配对基线
exp05,E2__M2,E2,M2,1,750000,30.027027027027028,3.5912162162162162,6.489864864864866,20.18918918918919,0.9866666666666667,False,3,,0.18968386023294506,0.8103161397670547,,,serial_runs/uagmc_6x6_T2_800k_seed1_20260920_005311/E2__M2/analysis/checkpoint_curve.csv,,,,,,,,仅 T2、同阶段、100% 完成可比较；其他阶段或拓扑暂无严格配对基线
exp05,E2__M2,E2,M2,1,800000,29.56081081081081,3.554054054054054,6.212837837837838,20.027027027027028,0.9866666666666667,False,3,,0.16139767054908485,0.8386023294509152,,,serial_runs/uagmc_6x6_T2_800k_seed1_20260920_005311/E2__M2/analysis/checkpoint_curve.csv,,,,,,,,仅 T2、同阶段、100% 完成可比较；其他阶段或拓扑暂无严格配对基线
exp05,E2__M3,E2,M3,1,50000,66.21666666666667,41.07666666666667,6.163333333333333,19.0,1.0,True,3,,0.0,1.0,,,serial_runs/uagmc_6x6_T2_800k_seed1_20260920_005311/E2__M3/analysis/checkpoint_curve.csv,,,,,,,,仅 T2、同阶段、100% 完成可比较；其他阶段或拓扑暂无严格配对基线
exp05,E2__M3,E2,M3,1,100000,48.32333333333333,23.113333333333333,6.19,19.053333333333335,1.0,True,3,,0.43760399334442596,0.562396006655574,,,serial_runs/uagmc_6x6_T2_800k_seed1_20260920_005311/E2__M3/analysis/checkpoint_curve.csv,,,,,,,,仅 T2、同阶段、100% 完成可比较；其他阶段或拓扑暂无严格配对基线
exp05,E2__M3,E2,M3,1,150000,65.52027027027027,40.402027027027025,6.148648648648648,19.0,0.9866666666666667,False,3,,0.11813643926788686,0.8818635607321131,,,serial_runs/uagmc_6x6_T2_800k_seed1_20260920_005311/E2__M3/analysis/checkpoint_curve.csv,,,,,,,,仅 T2、同阶段、100% 完成可比较；其他阶段或拓扑暂无严格配对基线
exp05,E2__M3,E2,M3,1,200000,65.52027027027027,40.402027027027025,6.148648648648648,19.0,0.9866666666666667,False,3,,0.07321131447587355,0.9267886855241264,,,serial_runs/uagmc_6x6_T2_800k_seed1_20260920_005311/E2__M3/analysis/checkpoint_curve.csv,,,,,,,,仅 T2、同阶段、100% 完成可比较；其他阶段或拓扑暂无严格配对基线
exp05,E2__M3,E2,M3,1,250000,33.403333333333336,7.913333333333333,6.276666666666666,19.32,1.0,True,3,,0.5224625623960066,0.47753743760399336,,,serial_runs/uagmc_6x6_T2_800k_seed1_20260920_005311/E2__M3/analysis/checkpoint_curve.csv,,,,,,,,仅 T2、同阶段、100% 完成可比较；其他阶段或拓扑暂无严格配对基线
exp05,E2__M3,E2,M3,1,300000,33.083333333333336,3.966666666666667,7.673333333333333,21.72,1.0,True,3,,0.8386023294509152,0.16139767054908485,,,serial_runs/uagmc_6x6_T2_800k_seed1_20260920_005311/E2__M3/analysis/checkpoint_curve.csv,,,,,,,,仅 T2、同阶段、100% 完成可比较；其他阶段或拓扑暂无严格配对基线
exp05,E2__M3,E2,M3,1,350000,29.416666666666668,3.99,6.353333333333334,19.32,1.0,True,3,,0.043261231281198,0.956738768718802,,,serial_runs/uagmc_6x6_T2_800k_seed1_20260920_005311/E2__M3/analysis/checkpoint_curve.csv,,,,,,,,仅 T2、同阶段、100% 完成可比较；其他阶段或拓扑暂无严格配对基线
exp05,E2__M3,E2,M3,1,400000,30.24333333333333,4.82,6.286666666666666,19.32,1.0,True,3,,0.04159733777038269,0.9584026622296173,,,serial_runs/uagmc_6x6_T2_800k_seed1_20260920_005311/E2__M3/analysis/checkpoint_curve.csv,,,,,,,,仅 T2、同阶段、100% 完成可比较；其他阶段或拓扑暂无严格配对基线
exp05,E2__M3,E2,M3,1,450000,31.63,5.896666666666666,6.4366666666666665,19.426666666666666,1.0,True,3,,0.08319467554076539,0.9168053244592346,,,serial_runs/uagmc_6x6_T2_800k_seed1_20260920_005311/E2__M3/analysis/checkpoint_curve.csv,,,,,,,,仅 T2、同阶段、100% 完成可比较；其他阶段或拓扑暂无严格配对基线
exp05,E2__M3,E2,M3,1,500000,34.1722972972973,8.125,6.5709459459459465,19.594594594594593,0.9866666666666667,False,3,,0.08985024958402661,0.9101497504159733,,,serial_runs/uagmc_6x6_T2_800k_seed1_20260920_005311/E2__M3/analysis/checkpoint_curve.csv,,,,,,,,仅 T2、同阶段、100% 完成可比较；其他阶段或拓扑暂无严格配对基线
exp05,E2__M3,E2,M3,1,550000,29.91,4.526666666666666,6.3133333333333335,19.266666666666666,1.0,True,3,,0.03494176372712146,0.9650582362728786,,,serial_runs/uagmc_6x6_T2_800k_seed1_20260920_005311/E2__M3/analysis/checkpoint_curve.csv,,,,,,,,仅 T2、同阶段、100% 完成可比较；其他阶段或拓扑暂无严格配对基线
exp05,E2__M3,E2,M3,1,600000,30.23,4.736666666666666,6.37,19.32,1.0,True,3,,0.04159733777038269,0.9584026622296173,,,serial_runs/uagmc_6x6_T2_800k_seed1_20260920_005311/E2__M3/analysis/checkpoint_curve.csv,,,,,,,,仅 T2、同阶段、100% 完成可比较；其他阶段或拓扑暂无严格配对基线
exp05,E2__M3,E2,M3,1,650000,32.083333333333336,6.5633333333333335,6.38,19.266666666666666,1.0,True,3,,0.036605657237936774,0.9633943427620633,,,serial_runs/uagmc_6x6_T2_800k_seed1_20260920_005311/E2__M3/analysis/checkpoint_curve.csv,,,,,,,,仅 T2、同阶段、100% 完成可比较；其他阶段或拓扑暂无严格配对基线
exp05,E2__M3,E2,M3,1,700000,32.43,7.093333333333334,6.236666666666667,19.213333333333335,1.0,True,3,,0.04159733777038269,0.9584026622296173,,,serial_runs/uagmc_6x6_T2_800k_seed1_20260920_005311/E2__M3/analysis/checkpoint_curve.csv,,,,,,,,仅 T2、同阶段、100% 完成可比较；其他阶段或拓扑暂无严格配对基线
exp05,E2__M3,E2,M3,1,750000,33.858108108108105,8.013513513513514,6.469594594594594,19.486486486486488,0.9866666666666667,False,3,,0.5274542429284526,0.47254575707154745,,,serial_runs/uagmc_6x6_T2_800k_seed1_20260920_005311/E2__M3/analysis/checkpoint_curve.csv,,,,,,,,仅 T2、同阶段、100% 完成可比较；其他阶段或拓扑暂无严格配对基线
exp05,E2__M3,E2,M3,1,800000,31.621621621621625,6.216216216216215,6.3209459459459465,19.27027027027027,0.9866666666666667,False,3,,0.036605657237936774,0.9633943427620633,,,serial_runs/uagmc_6x6_T2_800k_seed1_20260920_005311/E2__M3/analysis/checkpoint_curve.csv,,,,,,,,仅 T2、同阶段、100% 完成可比较；其他阶段或拓扑暂无严格配对基线
exp05,E2__M4,E2,M4,1,50000,55.803333333333335,30.31,6.066666666666666,19.48,1.0,True,3,,0.059900166389351084,0.940099833610649,,,serial_runs/uagmc_6x6_T2_800k_seed1_20260920_005311/E2__M4/analysis/checkpoint_curve.csv,,,,,,,,仅 T2、同阶段、100% 完成可比较；其他阶段或拓扑暂无严格配对基线
exp05,E2__M4,E2,M4,1,100000,32.692567567567565,6.95945945945946,6.1959459459459465,19.64864864864865,0.9866666666666667,False,3,,0.09151414309484192,0.908485856905158,,,serial_runs/uagmc_6x6_T2_800k_seed1_20260920_005311/E2__M4/analysis/checkpoint_curve.csv,,,,,,,,仅 T2、同阶段、100% 完成可比较；其他阶段或拓扑暂无严格配对基线
exp05,E2__M4,E2,M4,1,150000,32.763513513513516,6.831081081081081,6.337837837837838,19.756756756756758,0.9866666666666667,False,3,,0.10149750415973376,0.8985024958402662,,,serial_runs/uagmc_6x6_T2_800k_seed1_20260920_005311/E2__M4/analysis/checkpoint_curve.csv,,,,,,,,仅 T2、同阶段、100% 完成可比较；其他阶段或拓扑暂无严格配对基线
exp05,E2__M4,E2,M4,1,200000,30.89864864864865,4.493243243243243,6.6756756756756745,19.91891891891892,0.9866666666666667,False,3,,0.11980033277870217,0.8801996672212978,,,serial_runs/uagmc_6x6_T2_800k_seed1_20260920_005311/E2__M4/analysis/checkpoint_curve.csv,,,,,,,,仅 T2、同阶段、100% 完成可比较；其他阶段或拓扑暂无严格配对基线
exp05,E2__M4,E2,M4,1,250000,29.456666666666667,2.926666666666667,6.7,20.066666666666666,1.0,True,3,,0.6039933444259568,0.3960066555740432,,,serial_runs/uagmc_6x6_T2_800k_seed1_20260920_005311/E2__M4/analysis/checkpoint_curve.csv,,,,,,,,仅 T2、同阶段、100% 完成可比较；其他阶段或拓扑暂无严格配对基线
exp05,E2__M4,E2,M4,1,300000,29.80333333333333,3.41,6.623333333333332,20.013333333333332,1.0,True,3,,0.6056572379367721,0.3943427620632279,,,serial_runs/uagmc_6x6_T2_800k_seed1_20260920_005311/E2__M4/analysis/checkpoint_curve.csv,,,,,,,,仅 T2、同阶段、100% 完成可比较；其他阶段或拓扑暂无严格配对基线
exp05,E2__M4,E2,M4,1,350000,30.415540540540537,3.260135135135135,6.922297297297297,20.45945945945946,0.9866666666666667,False,3,,0.1963394342762063,0.8036605657237935,,,serial_runs/uagmc_6x6_T2_800k_seed1_20260920_005311/E2__M4/analysis/checkpoint_curve.csv,,,,,,,,仅 T2、同阶段、100% 完成可比较；其他阶段或拓扑暂无严格配对基线
exp05,E2__M4,E2,M4,1,400000,29.936666666666667,3.176666666666667,6.82,20.173333333333332,1.0,True,3,,0.15640599001663893,0.8435940099833611,,,serial_runs/uagmc_6x6_T2_800k_seed1_20260920_005311/E2__M4/analysis/checkpoint_curve.csv,,,,,,,,仅 T2、同阶段、100% 完成可比较；其他阶段或拓扑暂无严格配对基线
exp05,E2__M4,E2,M4,1,450000,30.51013513513514,3.439189189189189,7.043918918918919,20.2972972972973,0.9866666666666667,False,3,,0.17803660565723792,0.8219633943427621,,,serial_runs/uagmc_6x6_T2_800k_seed1_20260920_005311/E2__M4/analysis/checkpoint_curve.csv,,,,,,,,仅 T2、同阶段、100% 完成可比较；其他阶段或拓扑暂无严格配对基线
exp05,E2__M4,E2,M4,1,500000,30.875,3.432432432432433,7.277027027027027,20.405405405405407,0.9866666666666667,False,3,,0.19467554076539098,0.8053244592346088,,,serial_runs/uagmc_6x6_T2_800k_seed1_20260920_005311/E2__M4/analysis/checkpoint_curve.csv,,,,,,,,仅 T2、同阶段、100% 完成可比较；其他阶段或拓扑暂无严格配对基线
exp05,E2__M4,E2,M4,1,550000,29.902027027027028,2.8479729729729732,7.0709459459459465,20.243243243243242,0.9866666666666667,False,3,,0.18469217970049914,0.8153078202995009,,,serial_runs/uagmc_6x6_T2_800k_seed1_20260920_005311/E2__M4/analysis/checkpoint_curve.csv,,,,,,,,仅 T2、同阶段、100% 完成可比较；其他阶段或拓扑暂无严格配对基线
exp05,E2__M4,E2,M4,1,600000,30.20608108108108,3.445945945945946,6.908783783783785,20.08108108108108,0.9866666666666667,False,3,,0.15640599001663893,0.8435940099833611,,,serial_runs/uagmc_6x6_T2_800k_seed1_20260920_005311/E2__M4/analysis/checkpoint_curve.csv,,,,,,,,仅 T2、同阶段、100% 完成可比较；其他阶段或拓扑暂无严格配对基线
exp05,E2__M4,E2,M4,1,650000,31.334459459459463,3.02027027027027,7.412162162162162,21.16216216216216,0.9866666666666667,False,3,,0.7021630615640598,0.2978369384359401,,,serial_runs/uagmc_6x6_T2_800k_seed1_20260920_005311/E2__M4/analysis/checkpoint_curve.csv,,,,,,,,仅 T2、同阶段、100% 完成可比较；其他阶段或拓扑暂无严格配对基线
exp05,E2__M4,E2,M4,1,700000,32.851351351351354,4.20945945945946,7.45945945945946,21.43243243243243,0.9866666666666667,False,3,,0.7321131447587353,0.26788685524126454,,,serial_runs/uagmc_6x6_T2_800k_seed1_20260920_005311/E2__M4/analysis/checkpoint_curve.csv,,,,,,,,仅 T2、同阶段、100% 完成可比较；其他阶段或拓扑暂无严格配对基线
exp05,E2__M4,E2,M4,1,750000,31.72635135135135,4.101351351351352,7.10472972972973,20.783783783783782,0.9866666666666667,False,3,,0.6755407653910149,0.324459234608985,,,serial_runs/uagmc_6x6_T2_800k_seed1_20260920_005311/E2__M4/analysis/checkpoint_curve.csv,,,,,,,,仅 T2、同阶段、100% 完成可比较；其他阶段或拓扑暂无严格配对基线
exp05,E2__M4,E2,M4,1,800000,30.763333333333332,4.346666666666667,6.823333333333333,19.8,1.0,True,3,,0.11314475873544093,0.8868552412645591,,,serial_runs/uagmc_6x6_T2_800k_seed1_20260920_005311/E2__M4/analysis/checkpoint_curve.csv,,,,,,,,仅 T2、同阶段、100% 完成可比较；其他阶段或拓扑暂无严格配对基线
exp05,E2__M5,E2,M5,1,50000,29.125,3.0033783783783785,6.547297297297297,19.864864864864863,0.9866666666666667,False,3,,0.11148086522462562,0.8885191347753744,,,serial_runs/uagmc_6x6_T2_800k_seed1_20260920_005311/E2__M5/analysis/checkpoint_curve.csv,,,,,,,,仅 T2、同阶段、100% 完成可比较；其他阶段或拓扑暂无严格配对基线
exp05,E2__M5,E2,M5,1,100000,47.516891891891895,22.02027027027027,6.202702702702703,19.37837837837838,0.9866666666666667,False,3,,0.051580698835274545,0.9484193011647255,,,serial_runs/uagmc_6x6_T2_800k_seed1_20260920_005311/E2__M5/analysis/checkpoint_curve.csv,,,,,,,,仅 T2、同阶段、100% 完成可比较；其他阶段或拓扑暂无严格配对基线
exp05,E2__M5,E2,M5,1,150000,30.81081081081081,4.756756756756757,6.4324324324324325,19.81081081081081,0.9866666666666667,False,3,,0.1281198003327787,0.8718801996672213,,,serial_runs/uagmc_6x6_T2_800k_seed1_20260920_005311/E2__M5/analysis/checkpoint_curve.csv,,,,,,,,仅 T2、同阶段、100% 完成可比较；其他阶段或拓扑暂无严格配对基线
exp05,E2__M5,E2,M5,1,200000,31.28716216216216,5.283783783783784,6.402027027027027,19.756756756756758,0.9866666666666667,False,3,,0.09816971713810314,0.9018302828618968,,,serial_runs/uagmc_6x6_T2_800k_seed1_20260920_005311/E2__M5/analysis/checkpoint_curve.csv,,,,,,,,仅 T2、同阶段、100% 完成可比较；其他阶段或拓扑暂无严格配对基线
exp05,E2__M5,E2,M5,1,250000,30.969594594594593,5.462837837837838,6.1993243243243255,19.43243243243243,0.9866666666666667,False,3,,0.47420965058236275,0.5257903494176372,,,serial_runs/uagmc_6x6_T2_800k_seed1_20260920_005311/E2__M5/analysis/checkpoint_curve.csv,,,,,,,,仅 T2、同阶段、100% 完成可比较；其他阶段或拓扑暂无严格配对基线
exp05,E2__M5,E2,M5,1,300000,31.58783783783784,5.905405405405406,6.283783783783785,19.54054054054054,0.9866666666666667,False,3,,0.49417637271214643,0.5058236272878536,,,serial_runs/uagmc_6x6_T2_800k_seed1_20260920_005311/E2__M5/analysis/checkpoint_curve.csv,,,,,,,,仅 T2、同阶段、100% 完成可比较；其他阶段或拓扑暂无严格配对基线
exp05,E2__M5,E2,M5,1,350000,29.868243243243242,4.358108108108108,6.287162162162162,19.37837837837838,0.9866666666666667,False,3,,0.07321131447587355,0.9267886855241264,,,serial_runs/uagmc_6x6_T2_800k_seed1_20260920_005311/E2__M5/analysis/checkpoint_curve.csv,,,,,,,,仅 T2、同阶段、100% 完成可比较；其他阶段或拓扑暂无严格配对基线
exp05,E2__M5,E2,M5,1,400000,31.429054054054053,5.881756756756757,6.253378378378378,19.37837837837838,0.9866666666666667,False,3,,0.06156405990016639,0.9384359400998337,,,serial_runs/uagmc_6x6_T2_800k_seed1_20260920_005311/E2__M5/analysis/checkpoint_curve.csv,,,,,,,,仅 T2、同阶段、100% 完成可比较；其他阶段或拓扑暂无严格配对基线
exp05,E2__M5,E2,M5,1,450000,33.1722972972973,7.3074324324324325,6.422297297297297,19.594594594594593,0.9866666666666667,False,3,,0.0881863560732113,0.9118136439267887,,,serial_runs/uagmc_6x6_T2_800k_seed1_20260920_005311/E2__M5/analysis/checkpoint_curve.csv,,,,,,,,仅 T2、同阶段、100% 完成可比较；其他阶段或拓扑暂无严格配对基线
exp05,E2__M5,E2,M5,1,500000,31.695945945945947,5.91554054054054,6.405405405405406,19.594594594594593,0.9866666666666667,False,3,,0.08985024958402661,0.9101497504159733,,,serial_runs/uagmc_6x6_T2_800k_seed1_20260920_005311/E2__M5/analysis/checkpoint_curve.csv,,,,,,,,仅 T2、同阶段、100% 完成可比较；其他阶段或拓扑暂无严格配对基线
exp05,E2__M5,E2,M5,1,550000,32.91,7.43,6.183333333333334,19.373333333333335,1.0,True,3,,0.06156405990016639,0.9384359400998337,,,serial_runs/uagmc_6x6_T2_800k_seed1_20260920_005311/E2__M5/analysis/checkpoint_curve.csv,,,,,,,,仅 T2、同阶段、100% 完成可比较；其他阶段或拓扑暂无严格配对基线
exp05,E2__M5,E2,M5,1,600000,29.56081081081081,4.293918918918919,6.158783783783785,19.216216216216218,0.9866666666666667,False,3,,0.45757071547420963,0.5424292845257903,,,serial_runs/uagmc_6x6_T2_800k_seed1_20260920_005311/E2__M5/analysis/checkpoint_curve.csv,,,,,,,,仅 T2、同阶段、100% 完成可比较；其他阶段或拓扑暂无严格配对基线
exp05,E2__M5,E2,M5,1,650000,29.574324324324323,4.293918918918919,6.1790540540540535,19.216216216216218,0.9866666666666667,False,3,,0.45757071547420963,0.5424292845257903,,,serial_runs/uagmc_6x6_T2_800k_seed1_20260920_005311/E2__M5/analysis/checkpoint_curve.csv,,,,,,,,仅 T2、同阶段、100% 完成可比较；其他阶段或拓扑暂无严格配对基线
exp05,E2__M5,E2,M5,1,700000,33.66216216216216,8.131756756756756,6.260135135135134,19.324324324324323,0.9866666666666667,False,3,,0.0632279534109817,0.9367720465890182,,,serial_runs/uagmc_6x6_T2_800k_seed1_20260920_005311/E2__M5/analysis/checkpoint_curve.csv,,,,,,,,仅 T2、同阶段、100% 完成可比较；其他阶段或拓扑暂无严格配对基线
exp05,E2__M5,E2,M5,1,750000,34.145270270270274,8.679054054054054,6.206081081081081,19.324324324324323,0.9866666666666667,False,3,,0.46921797004991683,0.5307820299500832,,,serial_runs/uagmc_6x6_T2_800k_seed1_20260920_005311/E2__M5/analysis/checkpoint_curve.csv,,,,,,,,仅 T2、同阶段、100% 完成可比较；其他阶段或拓扑暂无严格配对基线
exp05,E2__M5,E2,M5,1,800000,33.71283783783784,8.266891891891891,6.1959459459459465,19.324324324324323,0.9866666666666667,False,3,,0.46589018302828616,0.5341098169717138,,,serial_runs/uagmc_6x6_T2_800k_seed1_20260920_005311/E2__M5/analysis/checkpoint_curve.csv,,,,,,,,仅 T2、同阶段、100% 完成可比较；其他阶段或拓扑暂无严格配对基线
exp05,E3__M0,E3,M0,1,50000,245.96363636363637,221.0090909090909,5.954545454545454,19.0,0.36666666666666664,False,3,,0.0,1.0,,,serial_runs/uagmc_6x6_T2_800k_seed1_20260920_005311/E3__M0/analysis/checkpoint_curve.csv,QTTI2,60.98,exp05 同包 T2 规则实测；exp04 仅 T2 可方向参考,M0 EA_UAGMC,,79.39,exp05 同包实测；800k；100% 完成,仅 T2、同阶段、100% 完成可比较；其他阶段或拓扑暂无严格配对基线
exp05,E3__M0,E3,M0,1,100000,190.5090909090909,165.0590909090909,6.304545454545455,19.163636363636364,0.7333333333333333,False,3,,0.016638935108153077,0.9833610648918469,,,serial_runs/uagmc_6x6_T2_800k_seed1_20260920_005311/E3__M0/analysis/checkpoint_curve.csv,QTTI2,60.98,exp05 同包 T2 规则实测；exp04 仅 T2 可方向参考,M0 EA_UAGMC,,79.39,exp05 同包实测；800k；100% 完成,仅 T2、同阶段、100% 完成可比较；其他阶段或拓扑暂无严格配对基线
exp05,E3__M0,E3,M0,1,150000,152.60333333333332,125.59999999999998,6.900000000000001,20.133333333333333,1.0,True,3,,0.47920133111480867,0.5207986688851913,,,serial_runs/uagmc_6x6_T2_800k_seed1_20260920_005311/E3__M0/analysis/checkpoint_curve.csv,QTTI2,60.98,exp05 同包 T2 规则实测；exp04 仅 T2 可方向参考,M0 EA_UAGMC,,79.39,exp05 同包实测；800k；100% 完成,仅 T2、同阶段、100% 完成可比较；其他阶段或拓扑暂无严格配对基线
exp05,E3__M0,E3,M0,1,200000,107.69,78.04333333333334,7.843333333333334,21.84,1.0,True,3,,0.632279534109817,0.367720465890183,,,serial_runs/uagmc_6x6_T2_800k_seed1_20260920_005311/E3__M0/analysis/checkpoint_curve.csv,QTTI2,60.98,exp05 同包 T2 规则实测；exp04 仅 T2 可方向参考,M0 EA_UAGMC,,79.39,exp05 同包实测；800k；100% 完成,仅 T2、同阶段、100% 完成可比较；其他阶段或拓扑暂无严格配对基线
exp05,E3__M0,E3,M0,1,250000,85.16333333333333,54.916666666666664,8.396666666666667,21.906666666666666,1.0,True,3,,0.7820299500831945,0.21797004991680533,,,serial_runs/uagmc_6x6_T2_800k_seed1_20260920_005311/E3__M0/analysis/checkpoint_curve.csv,QTTI2,60.98,exp05 同包 T2 规则实测；exp04 仅 T2 可方向参考,M0 EA_UAGMC,,79.39,exp05 同包实测；800k；100% 完成,仅 T2、同阶段、100% 完成可比较；其他阶段或拓扑暂无严格配对基线
exp05,E3__M0,E3,M0,1,300000,88.94666666666667,58.76,8.316666666666666,21.933333333333334,1.0,True,3,,0.5823627287853578,0.4176372712146423,,,serial_runs/uagmc_6x6_T2_800k_seed1_20260920_005311/E3__M0/analysis/checkpoint_curve.csv,QTTI2,60.98,exp05 同包 T2 规则实测；exp04 仅 T2 可方向参考,M0 EA_UAGMC,,79.39,exp05 同包实测；800k；100% 完成,仅 T2、同阶段、100% 完成可比较；其他阶段或拓扑暂无严格配对基线
exp05,E3__M0,E3,M0,1,350000,84.24,53.89000000000001,8.513333333333334,21.893333333333334,1.0,True,3,,0.7537437603993343,0.24625623960066556,,,serial_runs/uagmc_6x6_T2_800k_seed1_20260920_005311/E3__M0/analysis/checkpoint_curve.csv,QTTI2,60.98,exp05 同包 T2 规则实测；exp04 仅 T2 可方向参考,M0 EA_UAGMC,,79.39,exp05 同包实测；800k；100% 完成,仅 T2、同阶段、100% 完成可比较；其他阶段或拓扑暂无严格配对基线
exp05,E3__M0,E3,M0,1,400000,80.55,50.4,8.46,21.746666666666666,1.0,True,3,,0.7670549084858568,0.23294509151414308,,,serial_runs/uagmc_6x6_T2_800k_seed1_20260920_005311/E3__M0/analysis/checkpoint_curve.csv,QTTI2,60.98,exp05 同包 T2 规则实测；exp04 仅 T2 可方向参考,M0 EA_UAGMC,,79.39,exp05 同包实测；800k；100% 完成,仅 T2、同阶段、100% 完成可比较；其他阶段或拓扑暂无严格配对基线
exp05,E3__M0,E3,M0,1,450000,82.62333333333333,52.89000000000001,8.216666666666667,21.600000000000005,1.0,True,3,,0.5241264559068219,0.47587354409317806,,,serial_runs/uagmc_6x6_T2_800k_seed1_20260920_005311/E3__M0/analysis/checkpoint_curve.csv,QTTI2,60.98,exp05 同包 T2 规则实测；exp04 仅 T2 可方向参考,M0 EA_UAGMC,,79.39,exp05 同包实测；800k；100% 完成,仅 T2、同阶段、100% 完成可比较；其他阶段或拓扑暂无严格配对基线
exp05,E3__M0,E3,M0,1,500000,78.88,48.84,8.523333333333333,21.573333333333334,1.0,True,3,,0.7487520798668884,0.2512479201331115,,,serial_runs/uagmc_6x6_T2_800k_seed1_20260920_005311/E3__M0/analysis/checkpoint_curve.csv,QTTI2,60.98,exp05 同包 T2 规则实测；exp04 仅 T2 可方向参考,M0 EA_UAGMC,,79.39,exp05 同包实测；800k；100% 完成,仅 T2、同阶段、100% 完成可比较；其他阶段或拓扑暂无严格配对基线
exp05,E3__M0,E3,M0,1,550000,77.92666666666666,47.98666666666666,8.53,21.466666666666665,1.0,True,3,,0.7570715474209649,0.24292845257903495,,,serial_runs/uagmc_6x6_T2_800k_seed1_20260920_005311/E3__M0/analysis/checkpoint_curve.csv,QTTI2,60.98,exp05 同包 T2 规则实测；exp04 仅 T2 可方向参考,M0 EA_UAGMC,,79.39,exp05 同包实测；800k；100% 完成,仅 T2、同阶段、100% 完成可比较；其他阶段或拓扑暂无严格配对基线
exp05,E3__M0,E3,M0,1,600000,81.61,51.583333333333336,8.523333333333333,21.56,1.0,True,3,,0.5424292845257903,0.45757071547420963,,,serial_runs/uagmc_6x6_T2_800k_seed1_20260920_005311/E3__M0/analysis/checkpoint_curve.csv,QTTI2,60.98,exp05 同包 T2 规则实测；exp04 仅 T2 可方向参考,M0 EA_UAGMC,,79.39,exp05 同包实测；800k；100% 完成,仅 T2、同阶段、100% 完成可比较；其他阶段或拓扑暂无严格配对基线
exp05,E3__M0,E3,M0,1,650000,82.78333333333333,52.580000000000005,8.59,21.666666666666668,1.0,True,3,,0.46089850249584025,0.5391014975041597,,,serial_runs/uagmc_6x6_T2_800k_seed1_20260920_005311/E3__M0/analysis/checkpoint_curve.csv,QTTI2,60.98,exp05 同包 T2 规则实测；exp04 仅 T2 可方向参考,M0 EA_UAGMC,,79.39,exp05 同包实测；800k；100% 完成,仅 T2、同阶段、100% 完成可比较；其他阶段或拓扑暂无严格配对基线
exp05,E3__M0,E3,M0,1,700000,79.82666666666667,49.903333333333336,8.49,21.49333333333333,1.0,True,3,,0.7470881863560731,0.2529118136439268,,,serial_runs/uagmc_6x6_T2_800k_seed1_20260920_005311/E3__M0/analysis/checkpoint_curve.csv,QTTI2,60.98,exp05 同包 T2 规则实测；exp04 仅 T2 可方向参考,M0 EA_UAGMC,,79.39,exp05 同包实测；800k；100% 完成,仅 T2、同阶段、100% 完成可比较；其他阶段或拓扑暂无严格配对基线
exp05,E3__M0,E3,M0,1,750000,80.96,51.06666666666667,8.49,21.453333333333333,1.0,True,3,,0.7653910149750415,0.23460898502495842,,,serial_runs/uagmc_6x6_T2_800k_seed1_20260920_005311/E3__M0/analysis/checkpoint_curve.csv,QTTI2,60.98,exp05 同包 T2 规则实测；exp04 仅 T2 可方向参考,M0 EA_UAGMC,,79.39,exp05 同包实测；800k；100% 完成,仅 T2、同阶段、100% 完成可比较；其他阶段或拓扑暂无严格配对基线
exp05,E3__M0,E3,M0,1,800000,79.39333333333333,49.48,8.503333333333334,21.453333333333333,1.0,True,3,,0.40931780366056575,0.5906821963394343,,,serial_runs/uagmc_6x6_T2_800k_seed1_20260920_005311/E3__M0/analysis/checkpoint_curve.csv,QTTI2,60.98,exp05 同包 T2 规则实测；exp04 仅 T2 可方向参考,M0 EA_UAGMC,,79.39,exp05 同包实测；800k；100% 完成,仅 T2、同阶段、100% 完成可比较；其他阶段或拓扑暂无严格配对基线
exp05,E3__M1,E3,M1,1,50000,245.96363636363637,221.0090909090909,5.954545454545454,19.0,0.36666666666666664,False,3,,0.0,1.0,,,serial_runs/uagmc_6x6_T2_800k_seed1_20260920_005311/E3__M1/analysis/checkpoint_curve.csv,QTTI2,60.98,exp05 同包 T2 规则实测；exp04 仅 T2 可方向参考,M0 EA_UAGMC,,79.39,exp05 同包实测；800k；100% 完成,仅 T2、同阶段、100% 完成可比较；其他阶段或拓扑暂无严格配对基线
exp05,E3__M1,E3,M1,1,100000,228.0612244897959,202.82993197278913,6.16326530612245,19.081632653061224,0.49,False,3,,0.0066555740432612314,0.9933444259567388,,,serial_runs/uagmc_6x6_T2_800k_seed1_20260920_005311/E3__M1/analysis/checkpoint_curve.csv,QTTI2,60.98,exp05 同包 T2 规则实测；exp04 仅 T2 可方向参考,M0 EA_UAGMC,,79.39,exp05 同包实测；800k；100% 完成,仅 T2、同阶段、100% 完成可比较；其他阶段或拓扑暂无严格配对基线
exp05,E3__M1,E3,M1,1,150000,144.95666666666668,119.15333333333335,6.400000000000001,19.466666666666665,1.0,True,3,,0.08985024958402661,0.9101497504159733,,,serial_runs/uagmc_6x6_T2_800k_seed1_20260920_005311/E3__M1/analysis/checkpoint_curve.csv,QTTI2,60.98,exp05 同包 T2 规则实测；exp04 仅 T2 可方向参考,M0 EA_UAGMC,,79.39,exp05 同包实测；800k；100% 完成,仅 T2、同阶段、100% 完成可比较；其他阶段或拓扑暂无严格配对基线
exp05,E3__M1,E3,M1,1,200000,132.88666666666666,107.36333333333333,6.239999999999999,19.373333333333335,1.0,True,3,,0.04825291181364392,0.9517470881863561,,,serial_runs/uagmc_6x6_T2_800k_seed1_20260920_005311/E3__M1/analysis/checkpoint_curve.csv,QTTI2,60.98,exp05 同包 T2 规则实测；exp04 仅 T2 可方向参考,M0 EA_UAGMC,,79.39,exp05 同包实测；800k；100% 完成,仅 T2、同阶段、100% 完成可比较；其他阶段或拓扑暂无严格配对基线
exp05,E3__M1,E3,M1,1,250000,77.34333333333333,51.593333333333334,6.403333333333333,19.426666666666666,1.0,True,3,,0.05490848585690516,0.9450915141430949,,,serial_runs/uagmc_6x6_T2_800k_seed1_20260920_005311/E3__M1/analysis/checkpoint_curve.csv,QTTI2,60.98,exp05 同包 T2 规则实测；exp04 仅 T2 可方向参考,M0 EA_UAGMC,,79.39,exp05 同包实测；800k；100% 完成,仅 T2、同阶段、100% 完成可比较；其他阶段或拓扑暂无严格配对基线
exp05,E3__M1,E3,M1,1,300000,64.05,38.17333333333333,6.473333333333334,19.48,1.0,True,3,,0.09151414309484192,0.908485856905158,,,serial_runs/uagmc_6x6_T2_800k_seed1_20260920_005311/E3__M1/analysis/checkpoint_curve.csv,QTTI2,60.98,exp05 同包 T2 规则实测；exp04 仅 T2 可方向参考,M0 EA_UAGMC,,79.39,exp05 同包实测；800k；100% 完成,仅 T2、同阶段、100% 完成可比较；其他阶段或拓扑暂无严格配对基线
exp05,E3__M1,E3,M1,1,350000,63.99,36.89666666666667,7.12,20.04,1.0,True,3,,0.47254575707154745,0.5274542429284526,,,serial_runs/uagmc_6x6_T2_800k_seed1_20260920_005311/E3__M1/analysis/checkpoint_curve.csv,QTTI2,60.98,exp05 同包 T2 规则实测；exp04 仅 T2 可方向参考,M0 EA_UAGMC,,79.39,exp05 同包实测；800k；100% 完成,仅 T2、同阶段、100% 完成可比较；其他阶段或拓扑暂无严格配对基线
exp05,E3__M1,E3,M1,1,400000,61.669999999999995,34.64333333333333,7.226666666666667,19.88,1.0,True,3,,0.46921797004991683,0.5307820299500832,,,serial_runs/uagmc_6x6_T2_800k_seed1_20260920_005311/E3__M1/analysis/checkpoint_curve.csv,QTTI2,60.98,exp05 同包 T2 规则实测；exp04 仅 T2 可方向参考,M0 EA_UAGMC,,79.39,exp05 同包实测；800k；100% 完成,仅 T2、同阶段、100% 完成可比较；其他阶段或拓扑暂无严格配对基线
exp05,E3__M1,E3,M1,1,450000,65.40666666666667,37.54,7.68,20.28,1.0,True,3,,0.5008319467554077,0.49916805324459235,,,serial_runs/uagmc_6x6_T2_800k_seed1_20260920_005311/E3__M1/analysis/checkpoint_curve.csv,QTTI2,60.98,exp05 同包 T2 规则实测；exp04 仅 T2 可方向参考,M0 EA_UAGMC,,79.39,exp05 同包实测；800k；100% 完成,仅 T2、同阶段、100% 完成可比较；其他阶段或拓扑暂无严格配对基线
exp05,E3__M1,E3,M1,1,500000,68.83666666666667,40.653333333333336,7.763333333333333,20.506666666666668,1.0,True,3,,0.5540765391014975,0.4459234608985025,,,serial_runs/uagmc_6x6_T2_800k_seed1_20260920_005311/E3__M1/analysis/checkpoint_curve.csv,QTTI2,60.98,exp05 同包 T2 规则实测；exp04 仅 T2 可方向参考,M0 EA_UAGMC,,79.39,exp05 同包实测；800k；100% 完成,仅 T2、同阶段、100% 完成可比较；其他阶段或拓扑暂无严格配对基线
exp05,E3__M1,E3,M1,1,550000,67.94666666666667,39.516666666666666,7.983333333333333,20.533333333333335,1.0,True,3,,0.5757071547420965,0.4242928452579035,,,serial_runs/uagmc_6x6_T2_800k_seed1_20260920_005311/E3__M1/analysis/checkpoint_curve.csv,QTTI2,60.98,exp05 同包 T2 规则实测；exp04 仅 T2 可方向参考,M0 EA_UAGMC,,79.39,exp05 同包实测；800k；100% 完成,仅 T2、同阶段、100% 完成可比较；其他阶段或拓扑暂无严格配对基线
exp05,E3__M1,E3,M1,1,600000,67.78333333333333,39.14666666666667,8.063333333333333,20.68,1.0,True,3,,0.5873544093178037,0.41264559068219636,,,serial_runs/uagmc_6x6_T2_800k_seed1_20260920_005311/E3__M1/analysis/checkpoint_curve.csv,QTTI2,60.98,exp05 同包 T2 规则实测；exp04 仅 T2 可方向参考,M0 EA_UAGMC,,79.39,exp05 同包实测；800k；100% 完成,仅 T2、同阶段、100% 完成可比较；其他阶段或拓扑暂无严格配对基线
exp05,E3__M1,E3,M1,1,650000,65.75,37.24666666666667,8.003333333333334,20.586666666666666,1.0,True,3,,0.5524126455906821,0.4475873544093178,,,serial_runs/uagmc_6x6_T2_800k_seed1_20260920_005311/E3__M1/analysis/checkpoint_curve.csv,QTTI2,60.98,exp05 同包 T2 规则实测；exp04 仅 T2 可方向参考,M0 EA_UAGMC,,79.39,exp05 同包实测；800k；100% 完成,仅 T2、同阶段、100% 完成可比较；其他阶段或拓扑暂无严格配对基线
exp05,E3__M1,E3,M1,1,700000,67.63333333333334,39.0,8.083333333333334,20.64,1.0,True,3,,0.5690515806988353,0.43094841930116473,,,serial_runs/uagmc_6x6_T2_800k_seed1_20260920_005311/E3__M1/analysis/checkpoint_curve.csv,QTTI2,60.98,exp05 同包 T2 规则实测；exp04 仅 T2 可方向参考,M0 EA_UAGMC,,79.39,exp05 同包实测；800k；100% 完成,仅 T2、同阶段、100% 完成可比较；其他阶段或拓扑暂无严格配对基线
exp05,E3__M1,E3,M1,1,750000,65.83666666666667,37.28,8.053333333333333,20.573333333333334,1.0,True,3,,0.5008319467554077,0.49916805324459235,,,serial_runs/uagmc_6x6_T2_800k_seed1_20260920_005311/E3__M1/analysis/checkpoint_curve.csv,QTTI2,60.98,exp05 同包 T2 规则实测；exp04 仅 T2 可方向参考,M0 EA_UAGMC,,79.39,exp05 同包实测；800k；100% 完成,仅 T2、同阶段、100% 完成可比较；其他阶段或拓扑暂无严格配对基线
exp05,E3__M1,E3,M1,1,800000,66.62,38.03333333333333,8.066666666666666,20.586666666666666,1.0,True,3,,0.5324459234608985,0.46755407653910147,,,serial_runs/uagmc_6x6_T2_800k_seed1_20260920_005311/E3__M1/analysis/checkpoint_curve.csv,QTTI2,60.98,exp05 同包 T2 规则实测；exp04 仅 T2 可方向参考,M0 EA_UAGMC,,79.39,exp05 同包实测；800k；100% 完成,仅 T2、同阶段、100% 完成可比较；其他阶段或拓扑暂无严格配对基线
exp05,E3__M2,E3,M2,1,50000,228.9391891891892,203.75675675675674,6.121621621621622,19.08108108108108,0.49333333333333335,False,3,,0.004991680532445923,0.9950083194675541,,,serial_runs/uagmc_6x6_T2_800k_seed1_20260920_005311/E3__M2/analysis/checkpoint_curve.csv,QTTI2,60.98,exp05 同包 T2 规则实测；exp04 仅 T2 可方向参考,M0 EA_UAGMC,,79.39,exp05 同包实测；800k；100% 完成,仅 T2、同阶段、100% 完成可比较；其他阶段或拓扑暂无严格配对基线
exp05,E3__M2,E3,M2,1,100000,190.5090909090909,165.0590909090909,6.304545454545455,19.163636363636364,0.7333333333333333,False,3,,0.016638935108153077,0.9833610648918469,,,serial_runs/uagmc_6x6_T2_800k_seed1_20260920_005311/E3__M2/analysis/checkpoint_curve.csv,QTTI2,60.98,exp05 同包 T2 规则实测；exp04 仅 T2 可方向参考,M0 EA_UAGMC,,79.39,exp05 同包实测；800k；100% 完成,仅 T2、同阶段、100% 完成可比较；其他阶段或拓扑暂无严格配对基线
exp05,E3__M2,E3,M2,1,150000,158.80333333333334,132.23666666666668,6.733333333333333,19.88,1.0,True,3,,0.3444259567387687,0.6555740432612313,,,serial_runs/uagmc_6x6_T2_800k_seed1_20260920_005311/E3__M2/analysis/checkpoint_curve.csv,QTTI2,60.98,exp05 同包 T2 规则实测；exp04 仅 T2 可方向参考,M0 EA_UAGMC,,79.39,exp05 同包实测；800k；100% 完成,仅 T2、同阶段、100% 完成可比较；其他阶段或拓扑暂无严格配对基线
exp05,E3__M2,E3,M2,1,200000,154.97,128.33,6.746666666666667,19.946666666666665,1.0,True,3,,0.35940099833610645,0.6405990016638935,,,serial_runs/uagmc_6x6_T2_800k_seed1_20260920_005311/E3__M2/analysis/checkpoint_curve.csv,QTTI2,60.98,exp05 同包 T2 规则实测；exp04 仅 T2 可方向参考,M0 EA_UAGMC,,79.39,exp05 同包实测；800k；100% 完成,仅 T2、同阶段、100% 完成可比较；其他阶段或拓扑暂无严格配对基线
exp05,E3__M2,E3,M2,1,250000,64.57,38.57,6.523333333333333,19.56,1.0,True,3,,0.47753743760399336,0.5224625623960066,,,serial_runs/uagmc_6x6_T2_800k_seed1_20260920_005311/E3__M2/analysis/checkpoint_curve.csv,QTTI2,60.98,exp05 同包 T2 规则实测；exp04 仅 T2 可方向参考,M0 EA_UAGMC,,79.39,exp05 同包实测；800k；100% 完成,仅 T2、同阶段、100% 完成可比较；其他阶段或拓扑暂无严格配对基线
exp05,E3__M2,E3,M2,1,300000,68.06666666666666,42.016666666666666,6.503333333333333,19.626666666666665,1.0,True,3,,0.18635607321131445,0.8136439267886856,,,serial_runs/uagmc_6x6_T2_800k_seed1_20260920_005311/E3__M2/analysis/checkpoint_curve.csv,QTTI2,60.98,exp05 同包 T2 规则实测；exp04 仅 T2 可方向参考,M0 EA_UAGMC,,79.39,exp05 同包实测；800k；100% 完成,仅 T2、同阶段、100% 完成可比较；其他阶段或拓扑暂无严格配对基线
exp05,E3__M2,E3,M2,1,350000,71.25666666666666,45.080000000000005,6.526666666666666,19.72,1.0,True,3,,0.1713810316139767,0.8286189683860233,,,serial_runs/uagmc_6x6_T2_800k_seed1_20260920_005311/E3__M2/analysis/checkpoint_curve.csv,QTTI2,60.98,exp05 同包 T2 规则实测；exp04 仅 T2 可方向参考,M0 EA_UAGMC,,79.39,exp05 同包实测；800k；100% 完成,仅 T2、同阶段、100% 完成可比较；其他阶段或拓扑暂无严格配对基线
exp05,E3__M2,E3,M2,1,400000,67.76333333333334,41.153333333333336,6.69,20.0,1.0,True,3,,0.49750415973377704,0.502495840266223,,,serial_runs/uagmc_6x6_T2_800k_seed1_20260920_005311/E3__M2/analysis/checkpoint_curve.csv,QTTI2,60.98,exp05 同包 T2 规则实测；exp04 仅 T2 可方向参考,M0 EA_UAGMC,,79.39,exp05 同包实测；800k；100% 完成,仅 T2、同阶段、100% 完成可比较；其他阶段或拓扑暂无严格配对基线
exp05,E3__M2,E3,M2,1,450000,68.15666666666667,41.42,6.760000000000001,20.053333333333335,1.0,True,3,,0.1747088186356073,0.8252911813643927,,,serial_runs/uagmc_6x6_T2_800k_seed1_20260920_005311/E3__M2/analysis/checkpoint_curve.csv,QTTI2,60.98,exp05 同包 T2 规则实测；exp04 仅 T2 可方向参考,M0 EA_UAGMC,,79.39,exp05 同包实测；800k；100% 完成,仅 T2、同阶段、100% 完成可比较；其他阶段或拓扑暂无严格配对基线
exp05,E3__M2,E3,M2,1,500000,69.61333333333333,42.723333333333336,6.776666666666666,20.186666666666667,1.0,True,3,,0.5224625623960066,0.47753743760399336,,,serial_runs/uagmc_6x6_T2_800k_seed1_20260920_005311/E3__M2/analysis/checkpoint_curve.csv,QTTI2,60.98,exp05 同包 T2 规则实测；exp04 仅 T2 可方向参考,M0 EA_UAGMC,,79.39,exp05 同包实测；800k；100% 完成,仅 T2、同阶段、100% 完成可比较；其他阶段或拓扑暂无严格配对基线
exp05,E3__M2,E3,M2,1,550000,69.68333333333334,42.76,6.8566666666666665,20.14666666666667,1.0,True,3,,0.5307820299500832,0.46921797004991683,,,serial_runs/uagmc_6x6_T2_800k_seed1_20260920_005311/E3__M2/analysis/checkpoint_curve.csv,QTTI2,60.98,exp05 同包 T2 规则实测；exp04 仅 T2 可方向参考,M0 EA_UAGMC,,79.39,exp05 同包实测；800k；100% 完成,仅 T2、同阶段、100% 完成可比较；其他阶段或拓扑暂无严格配对基线
exp05,E3__M2,E3,M2,1,600000,70.8,43.803333333333335,6.913333333333333,20.16,1.0,True,3,,0.5274542429284526,0.47254575707154745,,,serial_runs/uagmc_6x6_T2_800k_seed1_20260920_005311/E3__M2/analysis/checkpoint_curve.csv,QTTI2,60.98,exp05 同包 T2 规则实测；exp04 仅 T2 可方向参考,M0 EA_UAGMC,,79.39,exp05 同包实测；800k；100% 完成,仅 T2、同阶段、100% 完成可比较；其他阶段或拓扑暂无严格配对基线
exp05,E3__M2,E3,M2,1,650000,72.53333333333333,45.11666666666667,7.066666666666666,20.426666666666666,1.0,True,3,,0.24792013311148087,0.752079866888519,,,serial_runs/uagmc_6x6_T2_800k_seed1_20260920_005311/E3__M2/analysis/checkpoint_curve.csv,QTTI2,60.98,exp05 同包 T2 规则实测；exp04 仅 T2 可方向参考,M0 EA_UAGMC,,79.39,exp05 同包实测；800k；100% 完成,仅 T2、同阶段、100% 完成可比较；其他阶段或拓扑暂无严格配对基线
exp05,E3__M2,E3,M2,1,700000,75.07333333333334,47.666666666666664,7.046666666666667,20.44,1.0,True,3,,0.23460898502495842,0.7653910149750415,,,serial_runs/uagmc_6x6_T2_800k_seed1_20260920_005311/E3__M2/analysis/checkpoint_curve.csv,QTTI2,60.98,exp05 同包 T2 规则实测；exp04 仅 T2 可方向参考,M0 EA_UAGMC,,79.39,exp05 同包实测；800k；100% 完成,仅 T2、同阶段、100% 完成可比较；其他阶段或拓扑暂无严格配对基线
exp05,E3__M2,E3,M2,1,750000,74.41333333333333,47.169999999999995,7.0633333333333335,20.253333333333334,1.0,True,3,,0.5391014975041597,0.46089850249584025,,,serial_runs/uagmc_6x6_T2_800k_seed1_20260920_005311/E3__M2/analysis/checkpoint_curve.csv,QTTI2,60.98,exp05 同包 T2 规则实测；exp04 仅 T2 可方向参考,M0 EA_UAGMC,,79.39,exp05 同包实测；800k；100% 完成,仅 T2、同阶段、100% 完成可比较；其他阶段或拓扑暂无严格配对基线
exp05,E3__M2,E3,M2,1,800000,74.03666666666666,46.35333333333333,7.233333333333333,20.52,1.0,True,3,,0.2545757071547421,0.7454242928452578,,,serial_runs/uagmc_6x6_T2_800k_seed1_20260920_005311/E3__M2/analysis/checkpoint_curve.csv,QTTI2,60.98,exp05 同包 T2 规则实测；exp04 仅 T2 可方向参考,M0 EA_UAGMC,,79.39,exp05 同包实测；800k；100% 完成,仅 T2、同阶段、100% 完成可比较；其他阶段或拓扑暂无严格配对基线
exp05,E3__M3,E3,M3,1,50000,245.96363636363637,221.0090909090909,5.954545454545454,19.0,0.36666666666666664,False,3,,0.0,1.0,,,serial_runs/uagmc_6x6_T2_800k_seed1_20260920_005311/E3__M3/analysis/checkpoint_curve.csv,QTTI2,60.98,exp05 同包 T2 规则实测；exp04 仅 T2 可方向参考,M0 EA_UAGMC,,79.39,exp05 同包实测；800k；100% 完成,仅 T2、同阶段、100% 完成可比较；其他阶段或拓扑暂无严格配对基线
exp05,E3__M3,E3,M3,1,100000,240.52845528455285,215.56910569105693,5.926829268292683,19.03252032520325,0.41,False,3,,0.0033277870216306157,0.9966722129783694,,,serial_runs/uagmc_6x6_T2_800k_seed1_20260920_005311/E3__M3/analysis/checkpoint_curve.csv,QTTI2,60.98,exp05 同包 T2 规则实测；exp04 仅 T2 可方向参考,M0 EA_UAGMC,,79.39,exp05 同包实测；800k；100% 完成,仅 T2、同阶段、100% 完成可比较；其他阶段或拓扑暂无严格配对基线
exp05,E3__M3,E3,M3,1,150000,240.52845528455285,215.56910569105693,5.926829268292683,19.03252032520325,0.41,False,3,,0.0033277870216306157,0.9966722129783694,,,serial_runs/uagmc_6x6_T2_800k_seed1_20260920_005311/E3__M3/analysis/checkpoint_curve.csv,QTTI2,60.98,exp05 同包 T2 规则实测；exp04 仅 T2 可方向参考,M0 EA_UAGMC,,79.39,exp05 同包实测；800k；100% 完成,仅 T2、同阶段、100% 完成可比较；其他阶段或拓扑暂无严格配对基线
exp05,E3__M3,E3,M3,1,200000,240.52845528455285,215.56910569105693,5.926829268292683,19.03252032520325,0.41,False,3,,0.0033277870216306157,0.9966722129783694,,,serial_runs/uagmc_6x6_T2_800k_seed1_20260920_005311/E3__M3/analysis/checkpoint_curve.csv,QTTI2,60.98,exp05 同包 T2 规则实测；exp04 仅 T2 可方向参考,M0 EA_UAGMC,,79.39,exp05 同包实测；800k；100% 完成,仅 T2、同阶段、100% 完成可比较；其他阶段或拓扑暂无严格配对基线
exp05,E3__M3,E3,M3,1,250000,240.52845528455285,215.56910569105693,5.926829268292683,19.03252032520325,0.41,False,3,,0.0033277870216306157,0.9966722129783694,,,serial_runs/uagmc_6x6_T2_800k_seed1_20260920_005311/E3__M3/analysis/checkpoint_curve.csv,QTTI2,60.98,exp05 同包 T2 规则实测；exp04 仅 T2 可方向参考,M0 EA_UAGMC,,79.39,exp05 同包实测；800k；100% 完成,仅 T2、同阶段、100% 完成可比较；其他阶段或拓扑暂无严格配对基线
exp05,E3__M3,E3,M3,1,300000,240.52845528455285,215.56910569105693,5.926829268292683,19.03252032520325,0.41,False,3,,0.0033277870216306157,0.9966722129783694,,,serial_runs/uagmc_6x6_T2_800k_seed1_20260920_005311/E3__M3/analysis/checkpoint_curve.csv,QTTI2,60.98,exp05 同包 T2 规则实测；exp04 仅 T2 可方向参考,M0 EA_UAGMC,,79.39,exp05 同包实测；800k；100% 完成,仅 T2、同阶段、100% 完成可比较；其他阶段或拓扑暂无严格配对基线
exp05,E3__M3,E3,M3,1,350000,240.52845528455285,215.56910569105693,5.926829268292683,19.03252032520325,0.41,False,3,,0.0033277870216306157,0.9966722129783694,,,serial_runs/uagmc_6x6_T2_800k_seed1_20260920_005311/E3__M3/analysis/checkpoint_curve.csv,QTTI2,60.98,exp05 同包 T2 规则实测；exp04 仅 T2 可方向参考,M0 EA_UAGMC,,79.39,exp05 同包实测；800k；100% 完成,仅 T2、同阶段、100% 完成可比较；其他阶段或拓扑暂无严格配对基线
exp05,E3__M3,E3,M3,1,400000,240.52845528455285,215.56910569105693,5.926829268292683,19.03252032520325,0.41,False,3,,0.0033277870216306157,0.9966722129783694,,,serial_runs/uagmc_6x6_T2_800k_seed1_20260920_005311/E3__M3/analysis/checkpoint_curve.csv,QTTI2,60.98,exp05 同包 T2 规则实测；exp04 仅 T2 可方向参考,M0 EA_UAGMC,,79.39,exp05 同包实测；800k；100% 完成,仅 T2、同阶段、100% 完成可比较；其他阶段或拓扑暂无严格配对基线
exp05,E3__M3,E3,M3,1,450000,240.52845528455285,215.56910569105693,5.926829268292683,19.03252032520325,0.41,False,3,,0.0033277870216306157,0.9966722129783694,,,serial_runs/uagmc_6x6_T2_800k_seed1_20260920_005311/E3__M3/analysis/checkpoint_curve.csv,QTTI2,60.98,exp05 同包 T2 规则实测；exp04 仅 T2 可方向参考,M0 EA_UAGMC,,79.39,exp05 同包实测；800k；100% 完成,仅 T2、同阶段、100% 完成可比较；其他阶段或拓扑暂无严格配对基线
exp05,E3__M3,E3,M3,1,500000,248.0420168067227,222.48319327731096,6.281512605042017,19.33613445378151,0.7933333333333333,False,3,,0.13643926788685523,0.8635607321131448,,,serial_runs/uagmc_6x6_T2_800k_seed1_20260920_005311/E3__M3/analysis/checkpoint_curve.csv,QTTI2,60.98,exp05 同包 T2 规则实测；exp04 仅 T2 可方向参考,M0 EA_UAGMC,,79.39,exp05 同包实测；800k；100% 完成,仅 T2、同阶段、100% 完成可比较；其他阶段或拓扑暂无严格配对基线
exp05,E3__M3,E3,M3,1,550000,247.34426229508196,221.75,6.295081967213115,19.34426229508197,0.8133333333333334,False,3,,0.16306156405990016,0.8369384359400999,,,serial_runs/uagmc_6x6_T2_800k_seed1_20260920_005311/E3__M3/analysis/checkpoint_curve.csv,QTTI2,60.98,exp05 同包 T2 规则实测；exp04 仅 T2 可方向参考,M0 EA_UAGMC,,79.39,exp05 同包实测；800k；100% 完成,仅 T2、同阶段、100% 完成可比较；其他阶段或拓扑暂无严格配对基线
exp05,E3__M3,E3,M3,1,600000,197.18666666666664,171.14333333333335,6.513333333333333,19.573333333333334,1.0,True,3,,0.24459234608985025,0.7554076539101496,,,serial_runs/uagmc_6x6_T2_800k_seed1_20260920_005311/E3__M3/analysis/checkpoint_curve.csv,QTTI2,60.98,exp05 同包 T2 规则实测；exp04 仅 T2 可方向参考,M0 EA_UAGMC,,79.39,exp05 同包实测；800k；100% 完成,仅 T2、同阶段、100% 完成可比较；其他阶段或拓扑暂无严格配对基线
exp05,E3__M3,E3,M3,1,650000,198.20666666666668,172.18666666666664,6.493333333333333,19.573333333333334,1.0,True,3,,0.2146422628951747,0.7853577371048251,,,serial_runs/uagmc_6x6_T2_800k_seed1_20260920_005311/E3__M3/analysis/checkpoint_curve.csv,QTTI2,60.98,exp05 同包 T2 规则实测；exp04 仅 T2 可方向参考,M0 EA_UAGMC,,79.39,exp05 同包实测；800k；100% 完成,仅 T2、同阶段、100% 完成可比较；其他阶段或拓扑暂无严格配对基线
exp05,E3__M3,E3,M3,1,700000,241.37755102040816,215.53061224489795,6.465986394557823,19.408163265306122,0.98,False,3,,0.1314475873544093,0.8685524126455907,,,serial_runs/uagmc_6x6_T2_800k_seed1_20260920_005311/E3__M3/analysis/checkpoint_curve.csv,QTTI2,60.98,exp05 同包 T2 规则实测；exp04 仅 T2 可方向参考,M0 EA_UAGMC,,79.39,exp05 同包实测；800k；100% 完成,仅 T2、同阶段、100% 完成可比较；其他阶段或拓扑暂无严格配对基线
exp05,E3__M3,E3,M3,1,750000,241.37755102040816,215.53061224489795,6.465986394557823,19.408163265306122,0.98,False,3,,0.14309484193011648,0.8569051580698835,,,serial_runs/uagmc_6x6_T2_800k_seed1_20260920_005311/E3__M3/analysis/checkpoint_curve.csv,QTTI2,60.98,exp05 同包 T2 规则实测；exp04 仅 T2 可方向参考,M0 EA_UAGMC,,79.39,exp05 同包实测；800k；100% 完成,仅 T2、同阶段、100% 完成可比较；其他阶段或拓扑暂无严格配对基线
exp05,E3__M3,E3,M3,1,800000,225.70333333333335,199.41,6.593333333333334,19.733333333333334,1.0,True,3,,0.28452579034941766,0.7154742096505823,,,serial_runs/uagmc_6x6_T2_800k_seed1_20260920_005311/E3__M3/analysis/checkpoint_curve.csv,QTTI2,60.98,exp05 同包 T2 规则实测；exp04 仅 T2 可方向参考,M0 EA_UAGMC,,79.39,exp05 同包实测；800k；100% 完成,仅 T2、同阶段、100% 完成可比较；其他阶段或拓扑暂无严格配对基线
exp05,E3__M4,E3,M4,1,50000,78.81,48.5,8.48,21.933333333333334,1.0,True,3,,0.5507487520798668,0.4492512479201331,,,serial_runs/uagmc_6x6_T2_800k_seed1_20260920_005311/E3__M4/analysis/checkpoint_curve.csv,QTTI2,60.98,exp05 同包 T2 规则实测；exp04 仅 T2 可方向参考,M0 EA_UAGMC,,79.39,exp05 同包实测；800k；100% 完成,仅 T2、同阶段、100% 完成可比较；其他阶段或拓扑暂无严格配对基线
exp05,E3__M4,E3,M4,1,100000,82.37,51.79666666666666,8.446666666666667,22.24,1.0,True,3,,0.5773710482529119,0.4226289517470882,,,serial_runs/uagmc_6x6_T2_800k_seed1_20260920_005311/E3__M4/analysis/checkpoint_curve.csv,QTTI2,60.98,exp05 同包 T2 规则实测；exp04 仅 T2 可方向参考,M0 EA_UAGMC,,79.39,exp05 同包实测；800k；100% 完成,仅 T2、同阶段、100% 完成可比较；其他阶段或拓扑暂无严格配对基线
exp05,E3__M4,E3,M4,1,150000,79.74666666666667,49.70666666666667,8.246666666666666,21.88,1.0,True,3,,0.8252911813643927,0.1747088186356073,,,serial_runs/uagmc_6x6_T2_800k_seed1_20260920_005311/E3__M4/analysis/checkpoint_curve.csv,QTTI2,60.98,exp05 同包 T2 规则实测；exp04 仅 T2 可方向参考,M0 EA_UAGMC,,79.39,exp05 同包实测；800k；100% 完成,仅 T2、同阶段、100% 完成可比较；其他阶段或拓扑暂无严格配对基线
exp05,E3__M4,E3,M4,1,200000,78.77666666666667,49.14000000000001,8.076666666666666,21.64,1.0,True,3,,0.7271214642262894,0.27287853577371046,,,serial_runs/uagmc_6x6_T2_800k_seed1_20260920_005311/E3__M4/analysis/checkpoint_curve.csv,QTTI2,60.98,exp05 同包 T2 规则实测；exp04 仅 T2 可方向参考,M0 EA_UAGMC,,79.39,exp05 同包实测；800k；100% 完成,仅 T2、同阶段、100% 完成可比较；其他阶段或拓扑暂无严格配对基线
exp05,E3__M4,E3,M4,1,250000,78.42333333333333,49.38,7.916666666666667,21.213333333333335,1.0,True,3,,0.6306156405990017,0.3693843594009983,,,serial_runs/uagmc_6x6_T2_800k_seed1_20260920_005311/E3__M4/analysis/checkpoint_curve.csv,QTTI2,60.98,exp05 同包 T2 规则实测；exp04 仅 T2 可方向参考,M0 EA_UAGMC,,79.39,exp05 同包实测；800k；100% 完成,仅 T2、同阶段、100% 完成可比较；其他阶段或拓扑暂无严格配对基线
exp05,E3__M4,E3,M4,1,300000,78.59,49.64333333333334,7.8133333333333335,21.213333333333335,1.0,True,3,,0.670549084858569,0.32945091514143093,,,serial_runs/uagmc_6x6_T2_800k_seed1_20260920_005311/E3__M4/analysis/checkpoint_curve.csv,QTTI2,60.98,exp05 同包 T2 规则实测；exp04 仅 T2 可方向参考,M0 EA_UAGMC,,79.39,exp05 同包实测；800k；100% 完成,仅 T2、同阶段、100% 完成可比较；其他阶段或拓扑暂无严格配对基线
exp05,E3__M4,E3,M4,1,350000,78.12,49.35999999999999,7.823333333333333,21.013333333333332,1.0,True,3,,0.5956738768718802,0.4043261231281197,,,serial_runs/uagmc_6x6_T2_800k_seed1_20260920_005311/E3__M4/analysis/checkpoint_curve.csv,QTTI2,60.98,exp05 同包 T2 规则实测；exp04 仅 T2 可方向参考,M0 EA_UAGMC,,79.39,exp05 同包实测；800k；100% 完成,仅 T2、同阶段、100% 完成可比较；其他阶段或拓扑暂无严格配对基线
exp05,E3__M4,E3,M4,1,400000,75.86333333333333,47.16,7.793333333333333,20.986666666666668,1.0,True,3,,0.26622296173044924,0.7337770382695507,,,serial_runs/uagmc_6x6_T2_800k_seed1_20260920_005311/E3__M4/analysis/checkpoint_curve.csv,QTTI2,60.98,exp05 同包 T2 规则实测；exp04 仅 T2 可方向参考,M0 EA_UAGMC,,79.39,exp05 同包实测；800k；100% 完成,仅 T2、同阶段、100% 完成可比较；其他阶段或拓扑暂无严格配对基线
exp05,E3__M4,E3,M4,1,450000,76.38666666666667,47.326666666666675,7.896666666666666,21.24,1.0,True,3,,0.30782029950083195,0.692179700499168,,,serial_runs/uagmc_6x6_T2_800k_seed1_20260920_005311/E3__M4/analysis/checkpoint_curve.csv,QTTI2,60.98,exp05 同包 T2 规则实测；exp04 仅 T2 可方向参考,M0 EA_UAGMC,,79.39,exp05 同包实测；800k；100% 完成,仅 T2、同阶段、100% 完成可比较；其他阶段或拓扑暂无严格配对基线
exp05,E3__M4,E3,M4,1,500000,74.18,46.10999999999999,7.526666666666666,20.626666666666665,1.0,True,3,,0.5207986688851913,0.47920133111480867,,,serial_runs/uagmc_6x6_T2_800k_seed1_20260920_005311/E3__M4/analysis/checkpoint_curve.csv,QTTI2,60.98,exp05 同包 T2 规则实测；exp04 仅 T2 可方向参考,M0 EA_UAGMC,,79.39,exp05 同包实测；800k；100% 完成,仅 T2、同阶段、100% 完成可比较；其他阶段或拓扑暂无严格配对基线
exp05,E3__M4,E3,M4,1,550000,73.78333333333333,45.64000000000001,7.573333333333333,20.653333333333332,1.0,True,3,,0.23294509151414308,0.7670549084858568,,,serial_runs/uagmc_6x6_T2_800k_seed1_20260920_005311/E3__M4/analysis/checkpoint_curve.csv,QTTI2,60.98,exp05 同包 T2 规则实测；exp04 仅 T2 可方向参考,M0 EA_UAGMC,,79.39,exp05 同包实测；800k；100% 完成,仅 T2、同阶段、100% 完成可比较；其他阶段或拓扑暂无严格配对基线
exp05,E3__M4,E3,M4,1,600000,77.56666666666666,49.31666666666667,7.723333333333334,20.613333333333333,1.0,True,3,,0.5507487520798668,0.4492512479201331,,,serial_runs/uagmc_6x6_T2_800k_seed1_20260920_005311/E3__M4/analysis/checkpoint_curve.csv,QTTI2,60.98,exp05 同包 T2 规则实测；exp04 仅 T2 可方向参考,M0 EA_UAGMC,,79.39,exp05 同包实测；800k；100% 完成,仅 T2、同阶段、100% 完成可比较；其他阶段或拓扑暂无严格配对基线
exp05,E3__M4,E3,M4,1,650000,71.20666666666666,43.71333333333333,7.34,20.24,1.0,True,3,,0.47254575707154745,0.5274542429284526,,,serial_runs/uagmc_6x6_T2_800k_seed1_20260920_005311/E3__M4/analysis/checkpoint_curve.csv,QTTI2,60.98,exp05 同包 T2 规则实测；exp04 仅 T2 可方向参考,M0 EA_UAGMC,,79.39,exp05 同包实测；800k；100% 完成,仅 T2、同阶段、100% 完成可比较；其他阶段或拓扑暂无严格配对基线
exp05,E3__M4,E3,M4,1,700000,72.34666666666666,44.73666666666666,7.48,20.213333333333335,1.0,True,3,,0.19467554076539098,0.8053244592346088,,,serial_runs/uagmc_6x6_T2_800k_seed1_20260920_005311/E3__M4/analysis/checkpoint_curve.csv,QTTI2,60.98,exp05 同包 T2 规则实测；exp04 仅 T2 可方向参考,M0 EA_UAGMC,,79.39,exp05 同包实测；800k；100% 完成,仅 T2、同阶段、100% 完成可比较；其他阶段或拓扑暂无严格配对基线
exp05,E3__M4,E3,M4,1,750000,74.73333333333333,46.95333333333334,7.553333333333334,20.30666666666667,1.0,True,3,,0.502495840266223,0.49750415973377704,,,serial_runs/uagmc_6x6_T2_800k_seed1_20260920_005311/E3__M4/analysis/checkpoint_curve.csv,QTTI2,60.98,exp05 同包 T2 规则实测；exp04 仅 T2 可方向参考,M0 EA_UAGMC,,79.39,exp05 同包实测；800k；100% 完成,仅 T2、同阶段、100% 完成可比较；其他阶段或拓扑暂无严格配对基线
exp05,E3__M4,E3,M4,1,800000,73.76,45.666666666666664,7.696666666666666,20.48,1.0,True,3,,0.23627287853577372,0.7637271214642262,,,serial_runs/uagmc_6x6_T2_800k_seed1_20260920_005311/E3__M4/analysis/checkpoint_curve.csv,QTTI2,60.98,exp05 同包 T2 规则实测；exp04 仅 T2 可方向参考,M0 EA_UAGMC,,79.39,exp05 同包实测；800k；100% 完成,仅 T2、同阶段、100% 完成可比较；其他阶段或拓扑暂无严格配对基线
exp05,E3__M5,E3,M5,1,50000,86.98333333333333,55.57,8.83,22.64,1.0,True,3,,0.940099833610649,0.059900166389351084,,,serial_runs/uagmc_6x6_T2_800k_seed1_20260920_005311/E3__M5/analysis/checkpoint_curve.csv,QTTI2,60.98,exp05 同包 T2 规则实测；exp04 仅 T2 可方向参考,M0 EA_UAGMC,,79.39,exp05 同包实测；800k；100% 完成,仅 T2、同阶段、100% 完成可比较；其他阶段或拓扑暂无严格配对基线
exp05,E3__M5,E3,M5,1,100000,92.07666666666667,60.98333333333333,8.74,22.49333333333333,1.0,True,3,,0.7287853577371047,0.27121464226289516,,,serial_runs/uagmc_6x6_T2_800k_seed1_20260920_005311/E3__M5/analysis/checkpoint_curve.csv,QTTI2,60.98,exp05 同包 T2 规则实测；exp04 仅 T2 可方向参考,M0 EA_UAGMC,,79.39,exp05 同包实测；800k；100% 完成,仅 T2、同阶段、100% 完成可比较；其他阶段或拓扑暂无严格配对基线
exp05,E3__M5,E3,M5,1,150000,85.05,54.01666666666667,8.7,22.44,1.0,True,3,,0.6788685524126455,0.3211314475873544,,,serial_runs/uagmc_6x6_T2_800k_seed1_20260920_005311/E3__M5/analysis/checkpoint_curve.csv,QTTI2,60.98,exp05 同包 T2 规则实测；exp04 仅 T2 可方向参考,M0 EA_UAGMC,,79.39,exp05 同包实测；800k；100% 完成,仅 T2、同阶段、100% 完成可比较；其他阶段或拓扑暂无严格配对基线
exp05,E3__M5,E3,M5,1,200000,86.90333333333335,55.57,8.753333333333334,22.653333333333332,1.0,True,3,,0.9517470881863561,0.04825291181364392,,,serial_runs/uagmc_6x6_T2_800k_seed1_20260920_005311/E3__M5/analysis/checkpoint_curve.csv,QTTI2,60.98,exp05 同包 T2 规则实测；exp04 仅 T2 可方向参考,M0 EA_UAGMC,,79.39,exp05 同包实测；800k；100% 完成,仅 T2、同阶段、100% 完成可比较；其他阶段或拓扑暂无严格配对基线
exp05,E3__M5,E3,M5,1,250000,81.70333333333333,50.76666666666667,8.64,22.399999999999995,1.0,True,3,,0.8968386023294509,0.10316139767054909,,,serial_runs/uagmc_6x6_T2_800k_seed1_20260920_005311/E3__M5/analysis/checkpoint_curve.csv,QTTI2,60.98,exp05 同包 T2 规则实测；exp04 仅 T2 可方向参考,M0 EA_UAGMC,,79.39,exp05 同包实测；800k；100% 完成,仅 T2、同阶段、100% 完成可比较；其他阶段或拓扑暂无严格配对基线
exp05,E3__M5,E3,M5,1,300000,82.26333333333334,51.52333333333333,8.57,22.266666666666666,1.0,True,3,,0.8552412645590682,0.1447587354409318,,,serial_runs/uagmc_6x6_T2_800k_seed1_20260920_005311/E3__M5/analysis/checkpoint_curve.csv,QTTI2,60.98,exp05 同包 T2 规则实测；exp04 仅 T2 可方向参考,M0 EA_UAGMC,,79.39,exp05 同包实测；800k；100% 完成,仅 T2、同阶段、100% 完成可比较；其他阶段或拓扑暂无严格配对基线
exp05,E3__M5,E3,M5,1,350000,82.32,51.48666666666666,8.673333333333334,22.266666666666666,1.0,True,3,,0.5990016638935108,0.4009983361064891,,,serial_runs/uagmc_6x6_T2_800k_seed1_20260920_005311/E3__M5/analysis/checkpoint_curve.csv,QTTI2,60.98,exp05 同包 T2 规则实测；exp04 仅 T2 可方向参考,M0 EA_UAGMC,,79.39,exp05 同包实测；800k；100% 完成,仅 T2、同阶段、100% 完成可比较；其他阶段或拓扑暂无严格配对基线
exp05,E3__M5,E3,M5,1,400000,80.42333333333333,49.81,8.626666666666667,22.093333333333334,1.0,True,3,,0.5357737104825291,0.46422628951747086,,,serial_runs/uagmc_6x6_T2_800k_seed1_20260920_005311/E3__M5/analysis/checkpoint_curve.csv,QTTI2,60.98,exp05 同包 T2 规则实测；exp04 仅 T2 可方向参考,M0 EA_UAGMC,,79.39,exp05 同包实测；800k；100% 完成,仅 T2、同阶段、100% 完成可比较；其他阶段或拓扑暂无严格配对基线
exp05,E3__M5,E3,M5,1,450000,75.06333333333333,45.38666666666666,8.38,21.399999999999995,1.0,True,3,,0.46755407653910147,0.5324459234608985,,,serial_runs/uagmc_6x6_T2_800k_seed1_20260920_005311/E3__M5/analysis/checkpoint_curve.csv,QTTI2,60.98,exp05 同包 T2 规则实测；exp04 仅 T2 可方向参考,M0 EA_UAGMC,,79.39,exp05 同包实测；800k；100% 完成,仅 T2、同阶段、100% 完成可比较；其他阶段或拓扑暂无严格配对基线
exp05,E3__M5,E3,M5,1,500000,79.37333333333333,49.20333333333334,8.406666666666666,21.853333333333335,1.0,True,3,,0.5174708818635607,0.4825291181364393,,,serial_runs/uagmc_6x6_T2_800k_seed1_20260920_005311/E3__M5/analysis/checkpoint_curve.csv,QTTI2,60.98,exp05 同包 T2 规则实测；exp04 仅 T2 可方向参考,M0 EA_UAGMC,,79.39,exp05 同包实测；800k；100% 完成,仅 T2、同阶段、100% 完成可比较；其他阶段或拓扑暂无严格配对基线
exp05,E3__M5,E3,M5,1,550000,78.03333333333333,47.82,8.433333333333334,21.866666666666664,1.0,True,3,,0.47088186356073214,0.5291181364392679,,,serial_runs/uagmc_6x6_T2_800k_seed1_20260920_005311/E3__M5/analysis/checkpoint_curve.csv,QTTI2,60.98,exp05 同包 T2 规则实测；exp04 仅 T2 可方向参考,M0 EA_UAGMC,,79.39,exp05 同包实测；800k；100% 完成,仅 T2、同阶段、100% 完成可比较；其他阶段或拓扑暂无严格配对基线
exp05,E3__M5,E3,M5,1,600000,77.51666666666667,47.46,8.373333333333333,21.77333333333333,1.0,True,3,,0.4475873544093178,0.5524126455906821,,,serial_runs/uagmc_6x6_T2_800k_seed1_20260920_005311/E3__M5/analysis/checkpoint_curve.csv,QTTI2,60.98,exp05 同包 T2 规则实测；exp04 仅 T2 可方向参考,M0 EA_UAGMC,,79.39,exp05 同包实测；800k；100% 完成,仅 T2、同阶段、100% 完成可比较；其他阶段或拓扑暂无严格配对基线
exp05,E3__M5,E3,M5,1,650000,75.84666666666666,45.51666666666667,8.65,21.77333333333333,1.0,True,3,,0.43760399334442596,0.562396006655574,,,serial_runs/uagmc_6x6_T2_800k_seed1_20260920_005311/E3__M5/analysis/checkpoint_curve.csv,QTTI2,60.98,exp05 同包 T2 规则实测；exp04 仅 T2 可方向参考,M0 EA_UAGMC,,79.39,exp05 同包实测；800k；100% 完成,仅 T2、同阶段、100% 完成可比较；其他阶段或拓扑暂无严格配对基线
exp05,E3__M5,E3,M5,1,700000,74.05,44.38666666666666,8.323333333333334,21.426666666666666,1.0,True,3,,0.7437603993344425,0.2562396006655574,,,serial_runs/uagmc_6x6_T2_800k_seed1_20260920_005311/E3__M5/analysis/checkpoint_curve.csv,QTTI2,60.98,exp05 同包 T2 规则实测；exp04 仅 T2 可方向参考,M0 EA_UAGMC,,79.39,exp05 同包实测；800k；100% 完成,仅 T2、同阶段、100% 完成可比较；其他阶段或拓扑暂无严格配对基线
exp05,E3__M5,E3,M5,1,750000,76.14,46.51666666666667,8.323333333333334,21.386666666666667,1.0,True,3,,0.7487520798668884,0.2512479201331115,,,serial_runs/uagmc_6x6_T2_800k_seed1_20260920_005311/E3__M5/analysis/checkpoint_curve.csv,QTTI2,60.98,exp05 同包 T2 规则实测；exp04 仅 T2 可方向参考,M0 EA_UAGMC,,79.39,exp05 同包实测；800k；100% 完成,仅 T2、同阶段、100% 完成可比较；其他阶段或拓扑暂无严格配对基线
exp05,E3__M5,E3,M5,1,800000,75.89,46.330000000000005,8.153333333333334,21.49333333333333,1.0,True,3,,0.7204658901830282,0.2795341098169717,,,serial_runs/uagmc_6x6_T2_800k_seed1_20260920_005311/E3__M5/analysis/checkpoint_curve.csv,QTTI2,60.98,exp05 同包 T2 规则实测；exp04 仅 T2 可方向参考,M0 EA_UAGMC,,79.39,exp05 同包实测；800k；100% 完成,仅 T2、同阶段、100% 完成可比较；其他阶段或拓扑暂无严格配对基线
exp05,E4__M0,E4,M0,1,50000,203.7577319587629,178.30412371134017,6.304123711340206,19.164948453608247,0.6466666666666666,False,3,,0.014975041597337771,0.9850249584026622,,,serial_runs/uagmc_6x6_T2_800k_seed1_20260920_005311/E4__M0/analysis/checkpoint_curve.csv,QTTI2,74.90,exp05 同包 T2 规则实测；exp04 仅 T2 可方向参考,M0 EA_UAGMC,,91.03,exp05 同包实测；800k；100% 完成,仅 T2、同阶段、100% 完成可比较；其他阶段或拓扑暂无严格配对基线
exp05,E4__M0,E4,M0,1,100000,197.66341463414633,172.190243902439,6.317073170731708,19.17560975609756,0.6833333333333332,False,3,,0.016638935108153077,0.9833610648918469,,,serial_runs/uagmc_6x6_T2_800k_seed1_20260920_005311/E4__M0/analysis/checkpoint_curve.csv,QTTI2,74.90,exp05 同包 T2 规则实测；exp04 仅 T2 可方向参考,M0 EA_UAGMC,,91.03,exp05 同包实测；800k；100% 完成,仅 T2、同阶段、100% 完成可比较；其他阶段或拓扑暂无严格配对基线
exp05,E4__M0,E4,M0,1,150000,107.95333333333333,80.64,6.989999999999999,20.386666666666667,1.0,True,3,,0.3444259567387687,0.6555740432612313,,,serial_runs/uagmc_6x6_T2_800k_seed1_20260920_005311/E4__M0/analysis/checkpoint_curve.csv,QTTI2,74.90,exp05 同包 T2 规则实测；exp04 仅 T2 可方向参考,M0 EA_UAGMC,,91.03,exp05 同包实测；800k；100% 完成,仅 T2、同阶段、100% 完成可比较；其他阶段或拓扑暂无严格配对基线
exp05,E4__M0,E4,M0,1,200000,98.95,70.60333333333334,7.419999999999999,20.973333333333333,1.0,True,3,,0.3710482529118136,0.6289517470881864,,,serial_runs/uagmc_6x6_T2_800k_seed1_20260920_005311/E4__M0/analysis/checkpoint_curve.csv,QTTI2,74.90,exp05 同包 T2 规则实测；exp04 仅 T2 可方向参考,M0 EA_UAGMC,,91.03,exp05 同包实测；800k；100% 完成,仅 T2、同阶段、100% 完成可比较；其他阶段或拓扑暂无严格配对基线
exp05,E4__M0,E4,M0,1,250000,99.09999999999998,70.70333333333333,7.496666666666667,20.946666666666665,1.0,True,3,,0.3710482529118136,0.6289517470881864,,,serial_runs/uagmc_6x6_T2_800k_seed1_20260920_005311/E4__M0/analysis/checkpoint_curve.csv,QTTI2,74.90,exp05 同包 T2 规则实测；exp04 仅 T2 可方向参考,M0 EA_UAGMC,,91.03,exp05 同包实测；800k；100% 完成,仅 T2、同阶段、100% 完成可比较；其他阶段或拓扑暂无严格配对基线
exp05,E4__M0,E4,M0,1,300000,94.79333333333334,66.74,7.343333333333334,20.773333333333333,1.0,True,3,,0.3494176372712146,0.6505823627287853,,,serial_runs/uagmc_6x6_T2_800k_seed1_20260920_005311/E4__M0/analysis/checkpoint_curve.csv,QTTI2,74.90,exp05 同包 T2 规则实测；exp04 仅 T2 可方向参考,M0 EA_UAGMC,,91.03,exp05 同包实测；800k；100% 完成,仅 T2、同阶段、100% 完成可比较；其他阶段或拓扑暂无严格配对基线
exp05,E4__M0,E4,M0,1,350000,91.89666666666666,64.05666666666667,7.276666666666666,20.626666666666665,1.0,True,3,,0.24459234608985025,0.7554076539101496,,,serial_runs/uagmc_6x6_T2_800k_seed1_20260920_005311/E4__M0/analysis/checkpoint_curve.csv,QTTI2,74.90,exp05 同包 T2 规则实测；exp04 仅 T2 可方向参考,M0 EA_UAGMC,,91.03,exp05 同包实测；800k；100% 完成,仅 T2、同阶段、100% 完成可比较；其他阶段或拓扑暂无严格配对基线
exp05,E4__M0,E4,M0,1,400000,92.52,64.48,7.39,20.706666666666667,1.0,True,3,,0.346089850249584,0.653910149750416,,,serial_runs/uagmc_6x6_T2_800k_seed1_20260920_005311/E4__M0/analysis/checkpoint_curve.csv,QTTI2,74.90,exp05 同包 T2 规则实测；exp04 仅 T2 可方向参考,M0 EA_UAGMC,,91.03,exp05 同包实测；800k；100% 完成,仅 T2、同阶段、100% 完成可比较；其他阶段或拓扑暂无严格配对基线
exp05,E4__M0,E4,M0,1,450000,91.90666666666668,63.46666666666667,7.626666666666668,20.88,1.0,True,3,,0.5657237936772047,0.43427620632279534,,,serial_runs/uagmc_6x6_T2_800k_seed1_20260920_005311/E4__M0/analysis/checkpoint_curve.csv,QTTI2,74.90,exp05 同包 T2 规则实测；exp04 仅 T2 可方向参考,M0 EA_UAGMC,,91.03,exp05 同包实测；800k；100% 完成,仅 T2、同阶段、100% 完成可比较；其他阶段或拓扑暂无严格配对基线
exp05,E4__M0,E4,M0,1,500000,91.07,62.4,7.756666666666667,20.973333333333333,1.0,True,3,,0.6039933444259568,0.3960066555740432,,,serial_runs/uagmc_6x6_T2_800k_seed1_20260920_005311/E4__M0/analysis/checkpoint_curve.csv,QTTI2,74.90,exp05 同包 T2 规则实测；exp04 仅 T2 可方向参考,M0 EA_UAGMC,,91.03,exp05 同包实测；800k；100% 完成,仅 T2、同阶段、100% 完成可比较；其他阶段或拓扑暂无严格配对基线
exp05,E4__M0,E4,M0,1,550000,92.58666666666666,64.19333333333333,7.63,20.826666666666668,1.0,True,3,,0.5940099833610649,0.405990016638935,,,serial_runs/uagmc_6x6_T2_800k_seed1_20260920_005311/E4__M0/analysis/checkpoint_curve.csv,QTTI2,74.90,exp05 同包 T2 规则实测；exp04 仅 T2 可方向参考,M0 EA_UAGMC,,91.03,exp05 同包实测；800k；100% 完成,仅 T2、同阶段、100% 完成可比较；其他阶段或拓扑暂无严格配对基线
exp05,E4__M0,E4,M0,1,600000,89.08666666666666,60.96333333333333,7.466666666666666,20.72,1.0,True,3,,0.5840266222961731,0.415973377703827,,,serial_runs/uagmc_6x6_T2_800k_seed1_20260920_005311/E4__M0/analysis/checkpoint_curve.csv,QTTI2,74.90,exp05 同包 T2 规则实测；exp04 仅 T2 可方向参考,M0 EA_UAGMC,,91.03,exp05 同包实测；800k；100% 完成,仅 T2、同阶段、100% 完成可比较；其他阶段或拓扑暂无严格配对基线
exp05,E4__M0,E4,M0,1,650000,89.75333333333333,61.57,7.56,20.69333333333333,1.0,True,3,,0.35607321131447583,0.6439267886855241,,,serial_runs/uagmc_6x6_T2_800k_seed1_20260920_005311/E4__M0/analysis/checkpoint_curve.csv,QTTI2,74.90,exp05 同包 T2 规则实测；exp04 仅 T2 可方向参考,M0 EA_UAGMC,,91.03,exp05 同包实测；800k；100% 完成,仅 T2、同阶段、100% 完成可比较；其他阶段或拓扑暂无严格配对基线
exp05,E4__M0,E4,M0,1,700000,90.82666666666667,62.25666666666667,7.803333333333334,20.84,1.0,True,3,,0.5940099833610649,0.405990016638935,,,serial_runs/uagmc_6x6_T2_800k_seed1_20260920_005311/E4__M0/analysis/checkpoint_curve.csv,QTTI2,74.90,exp05 同包 T2 规则实测；exp04 仅 T2 可方向参考,M0 EA_UAGMC,,91.03,exp05 同包实测；800k；100% 完成,仅 T2、同阶段、100% 完成可比较；其他阶段或拓扑暂无严格配对基线
exp05,E4__M0,E4,M0,1,750000,91.45666666666666,63.23666666666666,7.523333333333333,20.76,1.0,True,3,,0.5757071547420965,0.4242928452579035,,,serial_runs/uagmc_6x6_T2_800k_seed1_20260920_005311/E4__M0/analysis/checkpoint_curve.csv,QTTI2,74.90,exp05 同包 T2 规则实测；exp04 仅 T2 可方向参考,M0 EA_UAGMC,,91.03,exp05 同包实测；800k；100% 完成,仅 T2、同阶段、100% 完成可比较；其他阶段或拓扑暂无严格配对基线
exp05,E4__M0,E4,M0,1,800000,91.03000000000002,62.69,7.599999999999999,20.8,1.0,True,3,,0.5923460898502496,0.40765391014975044,,,serial_runs/uagmc_6x6_T2_800k_seed1_20260920_005311/E4__M0/analysis/checkpoint_curve.csv,QTTI2,74.90,exp05 同包 T2 规则实测；exp04 仅 T2 可方向参考,M0 EA_UAGMC,,91.03,exp05 同包实测；800k；100% 完成,仅 T2、同阶段、100% 完成可比较；其他阶段或拓扑暂无严格配对基线
exp05,E4__M1,E4,M1,1,50000,166.35333333333332,139.81666666666666,6.816666666666666,19.786666666666665,1.0,True,3,,0.2096505823627288,0.7903494176372711,,,serial_runs/uagmc_6x6_T2_800k_seed1_20260920_005311/E4__M1/analysis/checkpoint_curve.csv,QTTI2,74.90,exp05 同包 T2 规则实测；exp04 仅 T2 可方向参考,M0 EA_UAGMC,,91.03,exp05 同包实测；800k；100% 完成,仅 T2、同阶段、100% 完成可比较；其他阶段或拓扑暂无严格配对基线
exp05,E4__M1,E4,M1,1,100000,129.13,101.71666666666665,7.04,20.453333333333333,1.0,True,3,,0.41430948419301167,0.5856905158069884,,,serial_runs/uagmc_6x6_T2_800k_seed1_20260920_005311/E4__M1/analysis/checkpoint_curve.csv,QTTI2,74.90,exp05 同包 T2 规则实测；exp04 仅 T2 可方向参考,M0 EA_UAGMC,,91.03,exp05 同包实测；800k；100% 完成,仅 T2、同阶段、100% 完成可比较；其他阶段或拓扑暂无严格配对基线
exp05,E4__M1,E4,M1,1,150000,117.70666666666666,90.06333333333333,7.113333333333333,20.6,1.0,True,3,,0.454242928452579,0.5457570715474209,,,serial_runs/uagmc_6x6_T2_800k_seed1_20260920_005311/E4__M1/analysis/checkpoint_curve.csv,QTTI2,74.90,exp05 同包 T2 规则实测；exp04 仅 T2 可方向参考,M0 EA_UAGMC,,91.03,exp05 同包实测；800k；100% 完成,仅 T2、同阶段、100% 完成可比较；其他阶段或拓扑暂无严格配对基线
exp05,E4__M1,E4,M1,1,200000,119.86,92.17666666666666,7.1866666666666665,20.573333333333334,1.0,True,3,,0.5307820299500832,0.46921797004991683,,,serial_runs/uagmc_6x6_T2_800k_seed1_20260920_005311/E4__M1/analysis/checkpoint_curve.csv,QTTI2,74.90,exp05 同包 T2 规则实测；exp04 仅 T2 可方向参考,M0 EA_UAGMC,,91.03,exp05 同包实测；800k；100% 完成,仅 T2、同阶段、100% 完成可比较；其他阶段或拓扑暂无严格配对基线
exp05,E4__M1,E4,M1,1,250000,98.52333333333333,71.14666666666666,7.203333333333333,20.253333333333334,1.0,True,3,,0.40765391014975044,0.5923460898502496,,,serial_runs/uagmc_6x6_T2_800k_seed1_20260920_005311/E4__M1/analysis/checkpoint_curve.csv,QTTI2,74.90,exp05 同包 T2 规则实测；exp04 仅 T2 可方向参考,M0 EA_UAGMC,,91.03,exp05 同包实测；800k；100% 完成,仅 T2、同阶段、100% 完成可比较；其他阶段或拓扑暂无严格配对基线
exp05,E4__M1,E4,M1,1,300000,92.92666666666666,65.40333333333334,7.176666666666667,20.426666666666666,1.0,True,3,,0.38768718801996666,0.6123128119800333,,,serial_runs/uagmc_6x6_T2_800k_seed1_20260920_005311/E4__M1/analysis/checkpoint_curve.csv,QTTI2,74.90,exp05 同包 T2 规则实测；exp04 仅 T2 可方向参考,M0 EA_UAGMC,,91.03,exp05 同包实测；800k；100% 完成,仅 T2、同阶段、100% 完成可比较；其他阶段或拓扑暂无严格配对基线
exp05,E4__M1,E4,M1,1,350000,86.78333333333335,59.093333333333334,7.31,20.466666666666665,1.0,True,3,,0.40765391014975044,0.5923460898502496,,,serial_runs/uagmc_6x6_T2_800k_seed1_20260920_005311/E4__M1/analysis/checkpoint_curve.csv,QTTI2,74.90,exp05 同包 T2 规则实测；exp04 仅 T2 可方向参考,M0 EA_UAGMC,,91.03,exp05 同包实测；800k；100% 完成,仅 T2、同阶段、100% 完成可比较；其他阶段或拓扑暂无严格配对基线
exp05,E4__M1,E4,M1,1,400000,87.39666666666666,59.34,7.5566666666666675,20.586666666666666,1.0,True,3,,0.40931780366056575,0.5906821963394343,,,serial_runs/uagmc_6x6_T2_800k_seed1_20260920_005311/E4__M1/analysis/checkpoint_curve.csv,QTTI2,74.90,exp05 同包 T2 规则实测；exp04 仅 T2 可方向参考,M0 EA_UAGMC,,91.03,exp05 同包实测；800k；100% 完成,仅 T2、同阶段、100% 完成可比较；其他阶段或拓扑暂无严格配对基线
exp05,E4__M1,E4,M1,1,450000,85.53666666666668,57.26,7.623333333333332,20.733333333333334,1.0,True,3,,0.6738768718801996,0.3261231281198003,,,serial_runs/uagmc_6x6_T2_800k_seed1_20260920_005311/E4__M1/analysis/checkpoint_curve.csv,QTTI2,74.90,exp05 同包 T2 规则实测；exp04 仅 T2 可方向参考,M0 EA_UAGMC,,91.03,exp05 同包实测；800k；100% 完成,仅 T2、同阶段、100% 完成可比较；其他阶段或拓扑暂无严格配对基线
exp05,E4__M1,E4,M1,1,500000,84.32333333333334,56.14000000000001,7.59,20.68,1.0,True,3,,0.43094841930116473,0.5690515806988353,,,serial_runs/uagmc_6x6_T2_800k_seed1_20260920_005311/E4__M1/analysis/checkpoint_curve.csv,QTTI2,74.90,exp05 同包 T2 规则实测；exp04 仅 T2 可方向参考,M0 EA_UAGMC,,91.03,exp05 同包实测；800k；100% 完成,仅 T2、同阶段、100% 完成可比较；其他阶段或拓扑暂无严格配对基线
exp05,E4__M1,E4,M1,1,550000,87.83999999999999,59.65,7.57,20.706666666666667,1.0,True,3,,0.4492512479201331,0.5507487520798668,,,serial_runs/uagmc_6x6_T2_800k_seed1_20260920_005311/E4__M1/analysis/checkpoint_curve.csv,QTTI2,74.90,exp05 同包 T2 规则实测；exp04 仅 T2 可方向参考,M0 EA_UAGMC,,91.03,exp05 同包实测；800k；100% 完成,仅 T2、同阶段、100% 完成可比较；其他阶段或拓扑暂无严格配对基线
exp05,E4__M1,E4,M1,1,600000,87.34333333333332,58.916666666666664,7.6866666666666665,20.826666666666668,1.0,True,3,,0.6655574043261231,0.33444259567387685,,,serial_runs/uagmc_6x6_T2_800k_seed1_20260920_005311/E4__M1/analysis/checkpoint_curve.csv,QTTI2,74.90,exp05 同包 T2 规则实测；exp04 仅 T2 可方向参考,M0 EA_UAGMC,,91.03,exp05 同包实测；800k；100% 完成,仅 T2、同阶段、100% 完成可比较；其他阶段或拓扑暂无严格配对基线
exp05,E4__M1,E4,M1,1,650000,90.44,62.06666666666667,7.683333333333334,20.773333333333333,1.0,True,3,,0.45923460898502494,0.540765391014975,,,serial_runs/uagmc_6x6_T2_800k_seed1_20260920_005311/E4__M1/analysis/checkpoint_curve.csv,QTTI2,74.90,exp05 同包 T2 规则实测；exp04 仅 T2 可方向参考,M0 EA_UAGMC,,91.03,exp05 同包实测；800k；100% 完成,仅 T2、同阶段、100% 完成可比较；其他阶段或拓扑暂无严格配对基线
exp05,E4__M1,E4,M1,1,700000,90.02,61.653333333333336,7.666666666666667,20.773333333333333,1.0,True,3,,0.43594009983361065,0.5640599001663894,,,serial_runs/uagmc_6x6_T2_800k_seed1_20260920_005311/E4__M1/analysis/checkpoint_curve.csv,QTTI2,74.90,exp05 同包 T2 规则实测；exp04 仅 T2 可方向参考,M0 EA_UAGMC,,91.03,exp05 同包实测；800k；100% 完成,仅 T2、同阶段、100% 完成可比较；其他阶段或拓扑暂无严格配对基线
exp05,E4__M1,E4,M1,1,750000,88.68666666666667,60.343333333333334,7.683333333333334,20.746666666666666,1.0,True,3,,0.4492512479201331,0.5507487520798668,,,serial_runs/uagmc_6x6_T2_800k_seed1_20260920_005311/E4__M1/analysis/checkpoint_curve.csv,QTTI2,74.90,exp05 同包 T2 规则实测；exp04 仅 T2 可方向参考,M0 EA_UAGMC,,91.03,exp05 同包实测；800k；100% 完成,仅 T2、同阶段、100% 完成可比较；其他阶段或拓扑暂无严格配对基线
exp05,E4__M1,E4,M1,1,800000,84.11333333333333,55.85,7.636666666666667,20.706666666666667,1.0,True,3,,0.43094841930116473,0.5690515806988353,,,serial_runs/uagmc_6x6_T2_800k_seed1_20260920_005311/E4__M1/analysis/checkpoint_curve.csv,QTTI2,74.90,exp05 同包 T2 规则实测；exp04 仅 T2 可方向参考,M0 EA_UAGMC,,91.03,exp05 同包实测；800k；100% 完成,仅 T2、同阶段、100% 完成可比较；其他阶段或拓扑暂无严格配对基线
exp05,E4__M2,E4,M2,1,50000,140.51333333333332,114.77,6.41,19.413333333333334,1.0,True,3,,0.064891846921797,0.9351081530782029,,,serial_runs/uagmc_6x6_T2_800k_seed1_20260920_005311/E4__M2/analysis/checkpoint_curve.csv,QTTI2,74.90,exp05 同包 T2 规则实测；exp04 仅 T2 可方向参考,M0 EA_UAGMC,,91.03,exp05 同包实测；800k；100% 完成,仅 T2、同阶段、100% 完成可比较；其他阶段或拓扑暂无严格配对基线
exp05,E4__M2,E4,M2,1,100000,96.35666666666667,70.59666666666666,6.453333333333333,19.373333333333335,1.0,True,3,,0.08485856905158069,0.9151414309484193,,,serial_runs/uagmc_6x6_T2_800k_seed1_20260920_005311/E4__M2/analysis/checkpoint_curve.csv,QTTI2,74.90,exp05 同包 T2 规则实测；exp04 仅 T2 可方向参考,M0 EA_UAGMC,,91.03,exp05 同包实测；800k；100% 完成,仅 T2、同阶段、100% 完成可比较；其他阶段或拓扑暂无严格配对基线
exp05,E4__M2,E4,M2,1,150000,84.97666666666667,58.18666666666667,6.956666666666667,19.906666666666666,1.0,True,3,,0.27454242928452577,0.7254575707154741,,,serial_runs/uagmc_6x6_T2_800k_seed1_20260920_005311/E4__M2/analysis/checkpoint_curve.csv,QTTI2,74.90,exp05 同包 T2 规则实测；exp04 仅 T2 可方向参考,M0 EA_UAGMC,,91.03,exp05 同包实测；800k；100% 完成,仅 T2、同阶段、100% 完成可比较；其他阶段或拓扑暂无严格配对基线
exp05,E4__M2,E4,M2,1,200000,95.02666666666669,67.29666666666667,7.18,20.626666666666665,1.0,True,3,,0.589018302828619,0.41098169717138106,,,serial_runs/uagmc_6x6_T2_800k_seed1_20260920_005311/E4__M2/analysis/checkpoint_curve.csv,QTTI2,74.90,exp05 同包 T2 规则实测；exp04 仅 T2 可方向参考,M0 EA_UAGMC,,91.03,exp05 同包实测；800k；100% 完成,仅 T2、同阶段、100% 完成可比较；其他阶段或拓扑暂无严格配对基线
exp05,E4__M2,E4,M2,1,250000,95.65000000000002,67.60333333333334,7.336666666666667,20.786666666666665,1.0,True,3,,0.5707154742096506,0.4292845257903494,,,serial_runs/uagmc_6x6_T2_800k_seed1_20260920_005311/E4__M2/analysis/checkpoint_curve.csv,QTTI2,74.90,exp05 同包 T2 规则实测；exp04 仅 T2 可方向参考,M0 EA_UAGMC,,91.03,exp05 同包实测；800k；100% 完成,仅 T2、同阶段、100% 完成可比较；其他阶段或拓扑暂无严格配对基线
exp05,E4__M2,E4,M2,1,300000,91.61666666666666,63.873333333333335,7.203333333333333,20.613333333333333,1.0,True,3,,0.56738768718802,0.43261231281198004,,,serial_runs/uagmc_6x6_T2_800k_seed1_20260920_005311/E4__M2/analysis/checkpoint_curve.csv,QTTI2,74.90,exp05 同包 T2 规则实测；exp04 仅 T2 可方向参考,M0 EA_UAGMC,,91.03,exp05 同包实测；800k；100% 完成,仅 T2、同阶段、100% 完成可比较；其他阶段或拓扑暂无严格配对基线
exp05,E4__M2,E4,M2,1,350000,90.8,62.92666666666667,7.45,20.506666666666668,1.0,True,3,,0.35940099833610645,0.6405990016638935,,,serial_runs/uagmc_6x6_T2_800k_seed1_20260920_005311/E4__M2/analysis/checkpoint_curve.csv,QTTI2,74.90,exp05 同包 T2 规则实测；exp04 仅 T2 可方向参考,M0 EA_UAGMC,,91.03,exp05 同包实测；800k；100% 完成,仅 T2、同阶段、100% 完成可比较；其他阶段或拓扑暂无严格配对基线
exp05,E4__M2,E4,M2,1,400000,92.05333333333333,64.29666666666667,7.239999999999999,20.6,1.0,True,3,,0.3477537437603993,0.6522462562396006,,,serial_runs/uagmc_6x6_T2_800k_seed1_20260920_005311/E4__M2/analysis/checkpoint_curve.csv,QTTI2,74.90,exp05 同包 T2 规则实测；exp04 仅 T2 可方向参考,M0 EA_UAGMC,,91.03,exp05 同包实测；800k；100% 完成,仅 T2、同阶段、100% 完成可比较；其他阶段或拓扑暂无严格配对基线
exp05,E4__M2,E4,M2,1,450000,87.92333333333333,60.166666666666664,7.276666666666666,20.56,1.0,True,3,,0.38103161397670543,0.6189683860232945,,,serial_runs/uagmc_6x6_T2_800k_seed1_20260920_005311/E4__M2/analysis/checkpoint_curve.csv,QTTI2,74.90,exp05 同包 T2 规则实测；exp04 仅 T2 可方向参考,M0 EA_UAGMC,,91.03,exp05 同包实测；800k；100% 完成,仅 T2、同阶段、100% 完成可比较；其他阶段或拓扑暂无严格配对基线
exp05,E4__M2,E4,M2,1,500000,89.34999999999998,61.666666666666664,7.21,20.546666666666667,1.0,True,3,,0.38103161397670543,0.6189683860232945,,,serial_runs/uagmc_6x6_T2_800k_seed1_20260920_005311/E4__M2/analysis/checkpoint_curve.csv,QTTI2,74.90,exp05 同包 T2 规则实测；exp04 仅 T2 可方向参考,M0 EA_UAGMC,,91.03,exp05 同包实测；800k；100% 完成,仅 T2、同阶段、100% 完成可比较；其他阶段或拓扑暂无严格配对基线
exp05,E4__M2,E4,M2,1,550000,89.56666666666666,61.72666666666667,7.32,20.6,1.0,True,3,,0.6339434276206323,0.3660565723793677,,,serial_runs/uagmc_6x6_T2_800k_seed1_20260920_005311/E4__M2/analysis/checkpoint_curve.csv,QTTI2,74.90,exp05 同包 T2 规则实测；exp04 仅 T2 可方向参考,M0 EA_UAGMC,,91.03,exp05 同包实测；800k；100% 完成,仅 T2、同阶段、100% 完成可比较；其他阶段或拓扑暂无严格配对基线
exp05,E4__M2,E4,M2,1,600000,87.16000000000001,59.413333333333334,7.27,20.56,1.0,True,3,,0.610648918469218,0.38935108153078196,,,serial_runs/uagmc_6x6_T2_800k_seed1_20260920_005311/E4__M2/analysis/checkpoint_curve.csv,QTTI2,74.90,exp05 同包 T2 规则实测；exp04 仅 T2 可方向参考,M0 EA_UAGMC,,91.03,exp05 同包实测；800k；100% 完成,仅 T2、同阶段、100% 完成可比较；其他阶段或拓扑暂无严格配对基线
exp05,E4__M2,E4,M2,1,650000,88.40666666666668,60.61666666666667,7.3133333333333335,20.56,1.0,True,3,,0.5906821963394343,0.40931780366056575,,,serial_runs/uagmc_6x6_T2_800k_seed1_20260920_005311/E4__M2/analysis/checkpoint_curve.csv,QTTI2,74.90,exp05 同包 T2 规则实测；exp04 仅 T2 可方向参考,M0 EA_UAGMC,,91.03,exp05 同包实测；800k；100% 完成,仅 T2、同阶段、100% 完成可比较；其他阶段或拓扑暂无严格配对基线
exp05,E4__M2,E4,M2,1,700000,89.54666666666667,61.68,7.349999999999999,20.6,1.0,True,3,,0.5607321131447587,0.43926788685524126,,,serial_runs/uagmc_6x6_T2_800k_seed1_20260920_005311/E4__M2/analysis/checkpoint_curve.csv,QTTI2,74.90,exp05 同包 T2 规则实测；exp04 仅 T2 可方向参考,M0 EA_UAGMC,,91.03,exp05 同包实测；800k；100% 完成,仅 T2、同阶段、100% 完成可比较；其他阶段或拓扑暂无严格配对基线
exp05,E4__M2,E4,M2,1,750000,89.27,61.153333333333336,7.52,20.68,1.0,True,3,,0.36439267886855237,0.6356073211314476,,,serial_runs/uagmc_6x6_T2_800k_seed1_20260920_005311/E4__M2/analysis/checkpoint_curve.csv,QTTI2,74.90,exp05 同包 T2 规则实测；exp04 仅 T2 可方向参考,M0 EA_UAGMC,,91.03,exp05 同包实测；800k；100% 完成,仅 T2、同阶段、100% 完成可比较；其他阶段或拓扑暂无严格配对基线
exp05,E4__M2,E4,M2,1,800000,88.74333333333334,60.653333333333336,7.43,20.733333333333334,1.0,True,3,,0.41264559068219636,0.5873544093178037,,,serial_runs/uagmc_6x6_T2_800k_seed1_20260920_005311/E4__M2/analysis/checkpoint_curve.csv,QTTI2,74.90,exp05 同包 T2 规则实测；exp04 仅 T2 可方向参考,M0 EA_UAGMC,,91.03,exp05 同包实测；800k；100% 完成,仅 T2、同阶段、100% 完成可比较；其他阶段或拓扑暂无严格配对基线
exp05,E4__M3,E4,M3,1,50000,252.7307692307692,227.7307692307692,6.0,19.0,0.3466666666666667,False,3,,0.0,1.0,,,serial_runs/uagmc_6x6_T2_800k_seed1_20260920_005311/E4__M3/analysis/checkpoint_curve.csv,QTTI2,74.90,exp05 同包 T2 规则实测；exp04 仅 T2 可方向参考,M0 EA_UAGMC,,91.03,exp05 同包实测；800k；100% 完成,仅 T2、同阶段、100% 完成可比较；其他阶段或拓扑暂无严格配对基线
exp05,E4__M3,E4,M3,1,100000,237.61111111111111,212.19696969696966,6.2272727272727275,19.242424242424242,0.66,False,3,,0.021630615640599,0.978369384359401,,,serial_runs/uagmc_6x6_T2_800k_seed1_20260920_005311/E4__M3/analysis/checkpoint_curve.csv,QTTI2,74.90,exp05 同包 T2 规则实测；exp04 仅 T2 可方向参考,M0 EA_UAGMC,,91.03,exp05 同包实测；800k；100% 完成,仅 T2、同阶段、100% 完成可比较；其他阶段或拓扑暂无严格配对基线
exp05,E4__M3,E4,M3,1,150000,160.13,134.00666666666666,6.669999999999999,19.546666666666667,1.0,True,3,,0.35440931780366053,0.6455906821963394,,,serial_runs/uagmc_6x6_T2_800k_seed1_20260920_005311/E4__M3/analysis/checkpoint_curve.csv,QTTI2,74.90,exp05 同包 T2 规则实测；exp04 仅 T2 可方向参考,M0 EA_UAGMC,,91.03,exp05 同包实测；800k；100% 完成,仅 T2、同阶段、100% 完成可比较；其他阶段或拓扑暂无严格配对基线
exp05,E4__M3,E4,M3,1,200000,147.60666666666665,121.21666666666665,6.72,19.76,1.0,True,3,,0.35607321131447583,0.6439267886855241,,,serial_runs/uagmc_6x6_T2_800k_seed1_20260920_005311/E4__M3/analysis/checkpoint_curve.csv,QTTI2,74.90,exp05 同包 T2 规则实测；exp04 仅 T2 可方向参考,M0 EA_UAGMC,,91.03,exp05 同包实测；800k；100% 完成,仅 T2、同阶段、100% 完成可比较；其他阶段或拓扑暂无严格配对基线
exp05,E4__M3,E4,M3,1,250000,148.58,121.37,7.026666666666666,20.28,1.0,True,3,,0.30782029950083195,0.692179700499168,,,serial_runs/uagmc_6x6_T2_800k_seed1_20260920_005311/E4__M3/analysis/checkpoint_curve.csv,QTTI2,74.90,exp05 同包 T2 规则实测；exp04 仅 T2 可方向参考,M0 EA_UAGMC,,91.03,exp05 同包实测；800k；100% 完成,仅 T2、同阶段、100% 完成可比较；其他阶段或拓扑暂无严格配对基线
exp05,E4__M3,E4,M3,1,300000,154.81666666666666,126.91333333333334,7.21,20.786666666666665,1.0,True,3,,0.5207986688851913,0.47920133111480867,,,serial_runs/uagmc_6x6_T2_800k_seed1_20260920_005311/E4__M3/analysis/checkpoint_curve.csv,QTTI2,74.90,exp05 同包 T2 规则实测；exp04 仅 T2 可方向参考,M0 EA_UAGMC,,91.03,exp05 同包实测；800k；100% 完成,仅 T2、同阶段、100% 完成可比较；其他阶段或拓扑暂无严格配对基线
exp05,E4__M3,E4,M3,1,350000,130.84,102.99666666666667,7.176666666666667,20.76,1.0,True,3,,0.40931780366056575,0.5906821963394343,,,serial_runs/uagmc_6x6_T2_800k_seed1_20260920_005311/E4__M3/analysis/checkpoint_curve.csv,QTTI2,74.90,exp05 同包 T2 规则实测；exp04 仅 T2 可方向参考,M0 EA_UAGMC,,91.03,exp05 同包实测；800k；100% 完成,仅 T2、同阶段、100% 完成可比较；其他阶段或拓扑暂无严格配对基线
exp05,E4__M3,E4,M3,1,400000,111.98333333333333,85.19,6.873333333333332,20.013333333333332,1.0,True,3,,0.33777038269550747,0.6622296173044925,,,serial_runs/uagmc_6x6_T2_800k_seed1_20260920_005311/E4__M3/analysis/checkpoint_curve.csv,QTTI2,74.90,exp05 同包 T2 规则实测；exp04 仅 T2 可方向参考,M0 EA_UAGMC,,91.03,exp05 同包实测；800k；100% 完成,仅 T2、同阶段、100% 完成可比较；其他阶段或拓扑暂无严格配对基线
exp05,E4__M3,E4,M3,1,450000,103.36666666666666,76.46,6.8933333333333335,20.106666666666666,1.0,True,3,,0.5141430948419301,0.4858569051580699,,,serial_runs/uagmc_6x6_T2_800k_seed1_20260920_005311/E4__M3/analysis/checkpoint_curve.csv,QTTI2,74.90,exp05 同包 T2 规则实测；exp04 仅 T2 可方向参考,M0 EA_UAGMC,,91.03,exp05 同包实测；800k；100% 完成,仅 T2、同阶段、100% 完成可比较；其他阶段或拓扑暂无严格配对基线
exp05,E4__M3,E4,M3,1,500000,98.56,71.08,7.27,20.30666666666667,1.0,True,3,,0.5757071547420965,0.4242928452579035,,,serial_runs/uagmc_6x6_T2_800k_seed1_20260920_005311/E4__M3/analysis/checkpoint_curve.csv,QTTI2,74.90,exp05 同包 T2 规则实测；exp04 仅 T2 可方向参考,M0 EA_UAGMC,,91.03,exp05 同包实测；800k；100% 完成,仅 T2、同阶段、100% 完成可比较；其他阶段或拓扑暂无严格配对基线
exp05,E4__M3,E4,M3,1,550000,94.40000000000002,67.69,6.896666666666666,19.906666666666666,1.0,True,3,,0.5108153078202995,0.4891846921797005,,,serial_runs/uagmc_6x6_T2_800k_seed1_20260920_005311/E4__M3/analysis/checkpoint_curve.csv,QTTI2,74.90,exp05 同包 T2 规则实测；exp04 仅 T2 可方向参考,M0 EA_UAGMC,,91.03,exp05 同包实测；800k；100% 完成,仅 T2、同阶段、100% 完成可比较；其他阶段或拓扑暂无严格配对基线
exp05,E4__M3,E4,M3,1,600000,98.16666666666667,70.34,7.323333333333333,20.586666666666666,1.0,True,3,,0.5790349417637272,0.4209650582362729,,,serial_runs/uagmc_6x6_T2_800k_seed1_20260920_005311/E4__M3/analysis/checkpoint_curve.csv,QTTI2,74.90,exp05 同包 T2 规则实测；exp04 仅 T2 可方向参考,M0 EA_UAGMC,,91.03,exp05 同包实测；800k；100% 完成,仅 T2、同阶段、100% 完成可比较；其他阶段或拓扑暂无严格配对基线
exp05,E4__M3,E4,M3,1,650000,96.94333333333333,69.71666666666667,7.29,20.026666666666667,1.0,True,3,,0.5091514143094842,0.4908485856905158,,,serial_runs/uagmc_6x6_T2_800k_seed1_20260920_005311/E4__M3/analysis/checkpoint_curve.csv,QTTI2,74.90,exp05 同包 T2 规则实测；exp04 仅 T2 可方向参考,M0 EA_UAGMC,,91.03,exp05 同包实测；800k；100% 完成,仅 T2、同阶段、100% 完成可比较；其他阶段或拓扑暂无严格配对基线
exp05,E4__M3,E4,M3,1,700000,91.15000000000002,63.776666666666664,7.326666666666667,20.133333333333333,1.0,True,3,,0.5540765391014975,0.4459234608985025,,,serial_runs/uagmc_6x6_T2_800k_seed1_20260920_005311/E4__M3/analysis/checkpoint_curve.csv,QTTI2,74.90,exp05 同包 T2 规则实测；exp04 仅 T2 可方向参考,M0 EA_UAGMC,,91.03,exp05 同包实测；800k；100% 完成,仅 T2、同阶段、100% 完成可比较；其他阶段或拓扑暂无严格配对基线
exp05,E4__M3,E4,M3,1,750000,88.73,61.5,7.260000000000001,20.053333333333335,1.0,True,3,,0.281198003327787,0.7188019966722129,,,serial_runs/uagmc_6x6_T2_800k_seed1_20260920_005311/E4__M3/analysis/checkpoint_curve.csv,QTTI2,74.90,exp05 同包 T2 规则实测；exp04 仅 T2 可方向参考,M0 EA_UAGMC,,91.03,exp05 同包实测；800k；100% 完成,仅 T2、同阶段、100% 完成可比较；其他阶段或拓扑暂无严格配对基线
exp05,E4__M3,E4,M3,1,800000,89.51333333333334,62.29999999999999,7.2,20.093333333333334,1.0,True,3,,0.30615640599001664,0.6938435940099833,,,serial_runs/uagmc_6x6_T2_800k_seed1_20260920_005311/E4__M3/analysis/checkpoint_curve.csv,QTTI2,74.90,exp05 同包 T2 规则实测；exp04 仅 T2 可方向参考,M0 EA_UAGMC,,91.03,exp05 同包实测；800k；100% 完成,仅 T2、同阶段、100% 完成可比较；其他阶段或拓扑暂无严格配对基线
exp05,E4__M4,E4,M4,1,50000,92.04,62.333333333333336,8.03,21.76,1.0,True,3,,0.5790349417637272,0.4209650582362729,,,serial_runs/uagmc_6x6_T2_800k_seed1_20260920_005311/E4__M4/analysis/checkpoint_curve.csv,QTTI2,74.90,exp05 同包 T2 规则实测；exp04 仅 T2 可方向参考,M0 EA_UAGMC,,91.03,exp05 同包实测；800k；100% 完成,仅 T2、同阶段、100% 完成可比较；其他阶段或拓扑暂无严格配对基线
exp05,E4__M4,E4,M4,1,100000,81.76333333333334,53.13333333333333,7.906666666666666,20.813333333333333,1.0,True,3,,0.6455906821963394,0.35440931780366053,,,serial_runs/uagmc_6x6_T2_800k_seed1_20260920_005311/E4__M4/analysis/checkpoint_curve.csv,QTTI2,74.90,exp05 同包 T2 规则实测；exp04 仅 T2 可方向参考,M0 EA_UAGMC,,91.03,exp05 同包实测；800k；100% 完成,仅 T2、同阶段、100% 完成可比较；其他阶段或拓扑暂无严格配对基线
exp05,E4__M4,E4,M4,1,150000,88.22333333333331,58.56,8.19,21.546666666666667,1.0,True,3,,0.5757071547420965,0.4242928452579035,,,serial_runs/uagmc_6x6_T2_800k_seed1_20260920_005311/E4__M4/analysis/checkpoint_curve.csv,QTTI2,74.90,exp05 同包 T2 规则实测；exp04 仅 T2 可方向参考,M0 EA_UAGMC,,91.03,exp05 同包实测；800k；100% 完成,仅 T2、同阶段、100% 完成可比较；其他阶段或拓扑暂无严格配对基线
exp05,E4__M4,E4,M4,1,200000,89.40000000000002,59.49666666666667,8.286666666666667,21.69333333333333,1.0,True,3,,0.7753743760399333,0.22462562396006655,,,serial_runs/uagmc_6x6_T2_800k_seed1_20260920_005311/E4__M4/analysis/checkpoint_curve.csv,QTTI2,74.90,exp05 同包 T2 规则实测；exp04 仅 T2 可方向参考,M0 EA_UAGMC,,91.03,exp05 同包实测；800k；100% 完成,仅 T2、同阶段、100% 完成可比较；其他阶段或拓扑暂无严格配对基线
exp05,E4__M4,E4,M4,1,250000,87.16666666666667,57.84,8.136666666666667,21.266666666666666,1.0,True,3,,0.40765391014975044,0.5923460898502496,,,serial_runs/uagmc_6x6_T2_800k_seed1_20260920_005311/E4__M4/analysis/checkpoint_curve.csv,QTTI2,74.90,exp05 同包 T2 规则实测；exp04 仅 T2 可方向参考,M0 EA_UAGMC,,91.03,exp05 同包实测；800k；100% 完成,仅 T2、同阶段、100% 完成可比较；其他阶段或拓扑暂无严格配对基线
exp05,E4__M4,E4,M4,1,300000,87.08333333333333,57.79,8.14,21.226666666666667,1.0,True,3,,0.3710482529118136,0.6289517470881864,,,serial_runs/uagmc_6x6_T2_800k_seed1_20260920_005311/E4__M4/analysis/checkpoint_curve.csv,QTTI2,74.90,exp05 同包 T2 规则实测；exp04 仅 T2 可方向参考,M0 EA_UAGMC,,91.03,exp05 同包实测；800k；100% 完成,仅 T2、同阶段、100% 完成可比较；其他阶段或拓扑暂无严格配对基线
exp05,E4__M4,E4,M4,1,350000,88.34666666666665,58.96333333333333,8.09,21.373333333333335,1.0,True,3,,0.3743760399334442,0.6256239600665557,,,serial_runs/uagmc_6x6_T2_800k_seed1_20260920_005311/E4__M4/analysis/checkpoint_curve.csv,QTTI2,74.90,exp05 同包 T2 规则实测；exp04 仅 T2 可方向参考,M0 EA_UAGMC,,91.03,exp05 同包实测；800k；100% 完成,仅 T2、同阶段、100% 完成可比较；其他阶段或拓扑暂无严格配对基线
exp05,E4__M4,E4,M4,1,400000,86.93,57.443333333333335,8.116666666666667,21.453333333333333,1.0,True,3,,0.6023294509151415,0.3976705490848585,,,serial_runs/uagmc_6x6_T2_800k_seed1_20260920_005311/E4__M4/analysis/checkpoint_curve.csv,QTTI2,74.90,exp05 同包 T2 规则实测；exp04 仅 T2 可方向参考,M0 EA_UAGMC,,91.03,exp05 同包实测；800k；100% 完成,仅 T2、同阶段、100% 完成可比较；其他阶段或拓扑暂无严格配对基线
exp05,E4__M4,E4,M4,1,450000,84.03666666666666,54.97,7.8933333333333335,21.253333333333334,1.0,True,3,,0.6089850249584027,0.39101497504159727,,,serial_runs/uagmc_6x6_T2_800k_seed1_20260920_005311/E4__M4/analysis/checkpoint_curve.csv,QTTI2,74.90,exp05 同包 T2 规则实测；exp04 仅 T2 可方向参考,M0 EA_UAGMC,,91.03,exp05 同包实测；800k；100% 完成,仅 T2、同阶段、100% 完成可比较；其他阶段或拓扑暂无严格配对基线
exp05,E4__M4,E4,M4,1,500000,84.84666666666666,55.71333333333333,8.033333333333333,21.173333333333332,1.0,True,3,,0.6039933444259568,0.3960066555740432,,,serial_runs/uagmc_6x6_T2_800k_seed1_20260920_005311/E4__M4/analysis/checkpoint_curve.csv,QTTI2,74.90,exp05 同包 T2 规则实测；exp04 仅 T2 可方向参考,M0 EA_UAGMC,,91.03,exp05 同包实测；800k；100% 完成,仅 T2、同阶段、100% 完成可比较；其他阶段或拓扑暂无严格配对基线
exp05,E4__M4,E4,M4,1,550000,85.87666666666667,56.56333333333333,8.18,21.213333333333335,1.0,True,3,,0.6089850249584027,0.39101497504159727,,,serial_runs/uagmc_6x6_T2_800k_seed1_20260920_005311/E4__M4/analysis/checkpoint_curve.csv,QTTI2,74.90,exp05 同包 T2 规则实测；exp04 仅 T2 可方向参考,M0 EA_UAGMC,,91.03,exp05 同包实测；800k；100% 完成,仅 T2、同阶段、100% 完成可比较；其他阶段或拓扑暂无严格配对基线
exp05,E4__M4,E4,M4,1,600000,86.80666666666667,57.54999999999999,8.083333333333334,21.253333333333334,1.0,True,3,,0.6821963394342762,0.3178036605657238,,,serial_runs/uagmc_6x6_T2_800k_seed1_20260920_005311/E4__M4/analysis/checkpoint_curve.csv,QTTI2,74.90,exp05 同包 T2 规则实测；exp04 仅 T2 可方向参考,M0 EA_UAGMC,,91.03,exp05 同包实测；800k；100% 完成,仅 T2、同阶段、100% 完成可比较；其他阶段或拓扑暂无严格配对基线
exp05,E4__M4,E4,M4,1,650000,83.86333333333333,54.56333333333333,8.113333333333333,21.266666666666666,1.0,True,3,,0.3993344425956738,0.6006655574043261,,,serial_runs/uagmc_6x6_T2_800k_seed1_20260920_005311/E4__M4/analysis/checkpoint_curve.csv,QTTI2,74.90,exp05 同包 T2 规则实测；exp04 仅 T2 可方向参考,M0 EA_UAGMC,,91.03,exp05 同包实测；800k；100% 完成,仅 T2、同阶段、100% 完成可比较；其他阶段或拓扑暂无严格配对基线
exp05,E4__M4,E4,M4,1,700000,84.79666666666667,55.32,8.236666666666666,21.32,1.0,True,3,,0.6006655574043261,0.3993344425956738,,,serial_runs/uagmc_6x6_T2_800k_seed1_20260920_005311/E4__M4/analysis/checkpoint_curve.csv,QTTI2,74.90,exp05 同包 T2 规则实测；exp04 仅 T2 可方向参考,M0 EA_UAGMC,,91.03,exp05 同包实测；800k；100% 完成,仅 T2、同阶段、100% 完成可比较；其他阶段或拓扑暂无严格配对基线
exp05,E4__M4,E4,M4,1,750000,84.51,55.24333333333333,8.12,21.226666666666667,1.0,True,3,,0.40765391014975044,0.5923460898502496,,,serial_runs/uagmc_6x6_T2_800k_seed1_20260920_005311/E4__M4/analysis/checkpoint_curve.csv,QTTI2,74.90,exp05 同包 T2 规则实测；exp04 仅 T2 可方向参考,M0 EA_UAGMC,,91.03,exp05 同包实测；800k；100% 完成,仅 T2、同阶段、100% 完成可比较；其他阶段或拓扑暂无严格配对基线
exp05,E4__M4,E4,M4,1,800000,86.14333333333333,56.67666666666667,8.28,21.266666666666666,1.0,True,3,,0.5823627287853578,0.4176372712146423,,,serial_runs/uagmc_6x6_T2_800k_seed1_20260920_005311/E4__M4/analysis/checkpoint_curve.csv,QTTI2,74.90,exp05 同包 T2 规则实测；exp04 仅 T2 可方向参考,M0 EA_UAGMC,,91.03,exp05 同包实测；800k；100% 完成,仅 T2、同阶段、100% 完成可比较；其他阶段或拓扑暂无严格配对基线
exp05,E4__M5,E4,M5,1,50000,252.7307692307692,227.7307692307692,6.0,19.0,0.3466666666666667,False,3,,0.0,1.0,,,serial_runs/uagmc_6x6_T2_800k_seed1_20260920_005311/E4__M5/analysis/checkpoint_curve.csv,QTTI2,74.90,exp05 同包 T2 规则实测；exp04 仅 T2 可方向参考,M0 EA_UAGMC,,91.03,exp05 同包实测；800k；100% 完成,仅 T2、同阶段、100% 完成可比较；其他阶段或拓扑暂无严格配对基线
exp05,E4__M5,E4,M5,1,100000,247.2068965517241,222.2155172413793,5.956896551724138,19.03448275862069,0.38666666666666666,False,3,,0.0066555740432612314,0.9933444259567388,,,serial_runs/uagmc_6x6_T2_800k_seed1_20260920_005311/E4__M5/analysis/checkpoint_curve.csv,QTTI2,74.90,exp05 同包 T2 规则实测；exp04 仅 T2 可方向参考,M0 EA_UAGMC,,91.03,exp05 同包实测；800k；100% 完成,仅 T2、同阶段、100% 完成可比较；其他阶段或拓扑暂无严格配对基线
exp05,E4__M5,E4,M5,1,150000,230.82631578947368,205.5,6.163157894736842,19.210526315789473,0.6333333333333333,False,3,,0.08485856905158069,0.9151414309484193,,,serial_runs/uagmc_6x6_T2_800k_seed1_20260920_005311/E4__M5/analysis/checkpoint_curve.csv,QTTI2,74.90,exp05 同包 T2 规则实测；exp04 仅 T2 可方向参考,M0 EA_UAGMC,,91.03,exp05 同包实测；800k；100% 完成,仅 T2、同阶段、100% 完成可比较；其他阶段或拓扑暂无严格配对基线
exp05,E4__M5,E4,M5,1,200000,241.8308823529412,216.8088235294118,5.948529411764706,19.08823529411765,0.4533333333333333,False,3,,0.10149750415973376,0.8985024958402662,,,serial_runs/uagmc_6x6_T2_800k_seed1_20260920_005311/E4__M5/analysis/checkpoint_curve.csv,QTTI2,74.90,exp05 同包 T2 规则实测；exp04 仅 T2 可方向参考,M0 EA_UAGMC,,91.03,exp05 同包实测；800k；100% 完成,仅 T2、同阶段、100% 完成可比较；其他阶段或拓扑暂无严格配对基线
exp05,E4__M5,E4,M5,1,250000,231.45238095238096,206.13690476190473,6.178571428571428,19.166666666666668,0.56,False,3,,0.15640599001663893,0.8435940099833611,,,serial_runs/uagmc_6x6_T2_800k_seed1_20260920_005311/E4__M5/analysis/checkpoint_curve.csv,QTTI2,74.90,exp05 同包 T2 规则实测；exp04 仅 T2 可方向参考,M0 EA_UAGMC,,91.03,exp05 同包实测；800k；100% 完成,仅 T2、同阶段、100% 完成可比较；其他阶段或拓扑暂无严格配对基线
exp05,E4__M5,E4,M5,1,300000,237.97899159663862,212.2983193277311,6.407563025210084,19.33613445378151,0.7933333333333333,False,3,,0.15307820299500832,0.8469217970049917,,,serial_runs/uagmc_6x6_T2_800k_seed1_20260920_005311/E4__M5/analysis/checkpoint_curve.csv,QTTI2,74.90,exp05 同包 T2 规则实测；exp04 仅 T2 可方向参考,M0 EA_UAGMC,,91.03,exp05 同包实测；800k；100% 完成,仅 T2、同阶段、100% 完成可比较；其他阶段或拓扑暂无严格配对基线
exp05,E4__M5,E4,M5,1,350000,231.42500000000004,205.63214285714287,6.478571428571429,19.385714285714286,0.9333333333333332,False,3,,0.11647254575707154,0.8835274542429284,,,serial_runs/uagmc_6x6_T2_800k_seed1_20260920_005311/E4__M5/analysis/checkpoint_curve.csv,QTTI2,74.90,exp05 同包 T2 规则实测；exp04 仅 T2 可方向参考,M0 EA_UAGMC,,91.03,exp05 同包实测；800k；100% 完成,仅 T2、同阶段、100% 完成可比较；其他阶段或拓扑暂无严格配对基线
exp05,E4__M5,E4,M5,1,400000,229.0935251798561,203.36330935251797,6.428057553956834,19.37410071942446,0.9266666666666666,False,3,,0.09317803660565722,0.9068219633943427,,,serial_runs/uagmc_6x6_T2_800k_seed1_20260920_005311/E4__M5/analysis/checkpoint_curve.csv,QTTI2,74.90,exp05 同包 T2 规则实测；exp04 仅 T2 可方向参考,M0 EA_UAGMC,,91.03,exp05 同包实测；800k；100% 完成,仅 T2、同阶段、100% 完成可比较；其他阶段或拓扑暂无严格配对基线
exp05,E4__M5,E4,M5,1,450000,189.5666666666667,163.64666666666668,6.583333333333333,19.426666666666666,1.0,True,3,,0.13643926788685523,0.8635607321131448,,,serial_runs/uagmc_6x6_T2_800k_seed1_20260920_005311/E4__M5/analysis/checkpoint_curve.csv,QTTI2,74.90,exp05 同包 T2 规则实测；exp04 仅 T2 可方向参考,M0 EA_UAGMC,,91.03,exp05 同包实测；800k；100% 完成,仅 T2、同阶段、100% 完成可比较；其他阶段或拓扑暂无严格配对基线
exp05,E4__M5,E4,M5,1,500000,176.55000000000004,150.42,6.64,19.573333333333334,1.0,True,3,,0.27121464226289516,0.7287853577371047,,,serial_runs/uagmc_6x6_T2_800k_seed1_20260920_005311/E4__M5/analysis/checkpoint_curve.csv,QTTI2,74.90,exp05 同包 T2 规则实测；exp04 仅 T2 可方向参考,M0 EA_UAGMC,,91.03,exp05 同包实测；800k；100% 完成,仅 T2、同阶段、100% 完成可比较；其他阶段或拓扑暂无严格配对基线
exp05,E4__M5,E4,M5,1,550000,128.19333333333333,102.53000000000002,6.3566666666666665,19.4,1.0,True,3,,0.08319467554076539,0.9168053244592346,,,serial_runs/uagmc_6x6_T2_800k_seed1_20260920_005311/E4__M5/analysis/checkpoint_curve.csv,QTTI2,74.90,exp05 同包 T2 规则实测；exp04 仅 T2 可方向参考,M0 EA_UAGMC,,91.03,exp05 同包实测；800k；100% 完成,仅 T2、同阶段、100% 完成可比较；其他阶段或拓扑暂无严格配对基线
exp05,E4__M5,E4,M5,1,600000,119.69,94.00333333333333,6.38,19.4,1.0,True,3,,0.26788685524126454,0.7321131447587353,,,serial_runs/uagmc_6x6_T2_800k_seed1_20260920_005311/E4__M5/analysis/checkpoint_curve.csv,QTTI2,74.90,exp05 同包 T2 规则实测；exp04 仅 T2 可方向参考,M0 EA_UAGMC,,91.03,exp05 同包实测；800k；100% 完成,仅 T2、同阶段、100% 完成可比较；其他阶段或拓扑暂无严格配对基线
exp05,E4__M5,E4,M5,1,650000,125.94333333333333,100.18,6.433333333333334,19.413333333333334,1.0,True,3,,0.09650582362728784,0.9034941763727121,,,serial_runs/uagmc_6x6_T2_800k_seed1_20260920_005311/E4__M5/analysis/checkpoint_curve.csv,QTTI2,74.90,exp05 同包 T2 规则实测；exp04 仅 T2 可方向参考,M0 EA_UAGMC,,91.03,exp05 同包实测；800k；100% 完成,仅 T2、同阶段、100% 完成可比较；其他阶段或拓扑暂无严格配对基线
exp05,E4__M5,E4,M5,1,700000,132.29666666666665,106.62,6.400000000000001,19.346666666666668,1.0,True,3,,0.23460898502495842,0.7653910149750415,,,serial_runs/uagmc_6x6_T2_800k_seed1_20260920_005311/E4__M5/analysis/checkpoint_curve.csv,QTTI2,74.90,exp05 同包 T2 规则实测；exp04 仅 T2 可方向参考,M0 EA_UAGMC,,91.03,exp05 同包实测；800k；100% 完成,仅 T2、同阶段、100% 完成可比较；其他阶段或拓扑暂无严格配对基线
exp05,E4__M5,E4,M5,1,750000,138.09666666666666,112.33666666666666,6.4433333333333325,19.4,1.0,True,3,,0.22129783693843594,0.7787021630615639,,,serial_runs/uagmc_6x6_T2_800k_seed1_20260920_005311/E4__M5/analysis/checkpoint_curve.csv,QTTI2,74.90,exp05 同包 T2 规则实测；exp04 仅 T2 可方向参考,M0 EA_UAGMC,,91.03,exp05 同包实测；800k；100% 完成,仅 T2、同阶段、100% 完成可比较；其他阶段或拓扑暂无严格配对基线
exp05,E4__M5,E4,M5,1,800000,173.64333333333335,147.07,6.77,19.893333333333334,1.0,True,3,,0.3211314475873544,0.6788685524126455,,,serial_runs/uagmc_6x6_T2_800k_seed1_20260920_005311/E4__M5/analysis/checkpoint_curve.csv,QTTI2,74.90,exp05 同包 T2 规则实测；exp04 仅 T2 可方向参考,M0 EA_UAGMC,,91.03,exp05 同包实测；800k；100% 完成,仅 T2、同阶段、100% 完成可比较；其他阶段或拓扑暂无严格配对基线
exp05,E5__M0,E5,M0,1,50000,224.4496644295302,198.95302013422818,6.302013422818792,19.21476510067114,0.49666666666666665,False,3,,0.014975041597337771,0.9850249584026622,,,serial_runs/uagmc_6x6_T2_800k_seed1_20260920_005311/E5__M0/analysis/checkpoint_curve.csv,,,,,,,,仅 T2、同阶段、100% 完成可比较；其他阶段或拓扑暂无严格配对基线
exp05,E5__M0,E5,M0,1,100000,207.97309417040358,182.03139013452915,6.497757847533632,19.53811659192825,0.7433333333333333,False,3,,0.3960066555740432,0.6039933444259568,,,serial_runs/uagmc_6x6_T2_800k_seed1_20260920_005311/E5__M0/analysis/checkpoint_curve.csv,,,,,,,,仅 T2、同阶段、100% 完成可比较；其他阶段或拓扑暂无严格配对基线
exp05,E5__M0,E5,M0,1,150000,172.4079422382671,142.21660649819495,8.036101083032491,22.220216606498195,0.9233333333333333,False,3,,0.7287853577371047,0.27121464226289516,,,serial_runs/uagmc_6x6_T2_800k_seed1_20260920_005311/E5__M0/analysis/checkpoint_curve.csv,,,,,,,,仅 T2、同阶段、100% 完成可比较；其他阶段或拓扑暂无严格配对基线
exp05,E5__M0,E5,M0,1,200000,172.1673640167364,141.30543933054392,8.297071129707113,22.648535564853557,0.7966666666666665,False,3,,0.7970049916805323,0.2029950083194675,,,serial_runs/uagmc_6x6_T2_800k_seed1_20260920_005311/E5__M0/analysis/checkpoint_curve.csv,,,,,,,,仅 T2、同阶段、100% 完成可比较；其他阶段或拓扑暂无严格配对基线
exp05,E5__M0,E5,M0,1,250000,195.11814345991561,165.29113924050634,7.852320675105485,22.054852320675106,0.79,False,3,,0.7687188019966721,0.23128119800332778,,,serial_runs/uagmc_6x6_T2_800k_seed1_20260920_005311/E5__M0/analysis/checkpoint_curve.csv,,,,,,,,仅 T2、同阶段、100% 完成可比较；其他阶段或拓扑暂无严格配对基线
exp05,E5__M0,E5,M0,1,300000,195.3483606557377,165.34426229508196,7.918032786885246,22.163934426229513,0.8133333333333334,False,3,,0.7603993344425956,0.23960066555740434,,,serial_runs/uagmc_6x6_T2_800k_seed1_20260920_005311/E5__M0/analysis/checkpoint_curve.csv,,,,,,,,仅 T2、同阶段、100% 完成可比较；其他阶段或拓扑暂无严格配对基线
exp05,E5__M0,E5,M0,1,350000,198.37446808510637,168.31914893617022,7.987234042553191,22.148936170212767,0.7833333333333333,False,3,,0.7221297836938435,0.2778702163061564,,,serial_runs/uagmc_6x6_T2_800k_seed1_20260920_005311/E5__M0/analysis/checkpoint_curve.csv,,,,,,,,仅 T2、同阶段、100% 完成可比较；其他阶段或拓扑暂无严格配对基线
exp05,E5__M0,E5,M0,1,400000,191.01754385964912,159.98245614035088,8.381578947368421,22.73684210526316,0.7600000000000001,False,3,,0.64891846921797,0.3510815307820299,,,serial_runs/uagmc_6x6_T2_800k_seed1_20260920_005311/E5__M0/analysis/checkpoint_curve.csv,,,,,,,,仅 T2、同阶段、100% 完成可比较；其他阶段或拓扑暂无严格配对基线
exp05,E5__M0,E5,M0,1,450000,190.1184210526316,159.10087719298247,8.364035087719298,22.73684210526316,0.7600000000000001,False,3,,0.5973377703826955,0.4026622296173044,,,serial_runs/uagmc_6x6_T2_800k_seed1_20260920_005311/E5__M0/analysis/checkpoint_curve.csv,,,,,,,,仅 T2、同阶段、100% 完成可比较；其他阶段或拓扑暂无严格配对基线
exp05,E5__M0,E5,M0,1,500000,199.25531914893614,169.36170212765958,7.9106382978723415,22.06382978723404,0.7833333333333333,False,3,,0.5823627287853578,0.4176372712146423,,,serial_runs/uagmc_6x6_T2_800k_seed1_20260920_005311/E5__M0/analysis/checkpoint_curve.csv,,,,,,,,仅 T2、同阶段、100% 完成可比较；其他阶段或拓扑暂无严格配对基线
exp05,E5__M0,E5,M0,1,550000,186.99115044247787,155.96902654867256,8.371681415929203,22.734513274336283,0.7533333333333333,False,3,,0.6422628951747088,0.35773710482529114,,,serial_runs/uagmc_6x6_T2_800k_seed1_20260920_005311/E5__M0/analysis/checkpoint_curve.csv,,,,,,,,仅 T2、同阶段、100% 完成可比较；其他阶段或拓扑暂无严格配对基线
exp05,E5__M0,E5,M0,1,600000,198.61373390557938,168.78969957081546,7.952789699570816,21.952789699570815,0.7766666666666667,False,3,,0.502495840266223,0.49750415973377704,,,serial_runs/uagmc_6x6_T2_800k_seed1_20260920_005311/E5__M0/analysis/checkpoint_curve.csv,,,,,,,,仅 T2、同阶段、100% 完成可比较；其他阶段或拓扑暂无严格配对基线
exp05,E5__M0,E5,M0,1,650000,177.98775510204078,147.0857142857143,8.359183673469389,22.624489795918368,0.8166666666666668,False,3,,0.627287853577371,0.3727121464226289,,,serial_runs/uagmc_6x6_T2_800k_seed1_20260920_005311/E5__M0/analysis/checkpoint_curve.csv,,,,,,,,仅 T2、同阶段、100% 完成可比较；其他阶段或拓扑暂无严格配对基线
exp05,E5__M0,E5,M0,1,700000,166.76326530612246,135.8530612244898,8.326530612244898,22.65714285714286,0.8166666666666668,False,3,,0.6306156405990017,0.3693843594009983,,,serial_runs/uagmc_6x6_T2_800k_seed1_20260920_005311/E5__M0/analysis/checkpoint_curve.csv,,,,,,,,仅 T2、同阶段、100% 完成可比较；其他阶段或拓扑暂无严格配对基线
exp05,E5__M0,E5,M0,1,750000,167.89285714285714,136.91666666666666,8.380952380952381,22.666666666666668,0.84,False,3,,0.6555740432612313,0.3444259567387687,,,serial_runs/uagmc_6x6_T2_800k_seed1_20260920_005311/E5__M0/analysis/checkpoint_curve.csv,,,,,,,,仅 T2、同阶段、100% 完成可比较；其他阶段或拓扑暂无严格配对基线
exp05,E5__M0,E5,M0,1,800000,173.8188679245283,143.38490566037737,8.173584905660377,22.32075471698113,0.8833333333333333,False,3,,0.6672212978369384,0.33277870216306155,,,serial_runs/uagmc_6x6_T2_800k_seed1_20260920_005311/E5__M0/analysis/checkpoint_curve.csv,,,,,,,,仅 T2、同阶段、100% 完成可比较；其他阶段或拓扑暂无严格配对基线
exp05,E5__M1,E5,M1,1,50000,227.54140127388533,202.03184713375796,6.305732484076433,19.229299363057326,0.5233333333333333,False,3,,0.014975041597337771,0.9850249584026622,,,serial_runs/uagmc_6x6_T2_800k_seed1_20260920_005311/E5__M1/analysis/checkpoint_curve.csv,,,,,,,,仅 T2、同阶段、100% 完成可比较；其他阶段或拓扑暂无严格配对基线
exp05,E5__M1,E5,M1,1,100000,199.2373540856031,171.68482490272376,7.027237354085603,20.571984435797667,0.8566666666666668,False,3,,0.33111480865224624,0.6688851913477537,,,serial_runs/uagmc_6x6_T2_800k_seed1_20260920_005311/E5__M1/analysis/checkpoint_curve.csv,,,,,,,,仅 T2、同阶段、100% 完成可比较；其他阶段或拓扑暂无严格配对基线
exp05,E5__M1,E5,M1,1,150000,216.21929824561403,189.1315789473684,6.833333333333333,20.333333333333332,0.7600000000000001,False,3,,0.4226289517470882,0.5773710482529119,,,serial_runs/uagmc_6x6_T2_800k_seed1_20260920_005311/E5__M1/analysis/checkpoint_curve.csv,,,,,,,,仅 T2、同阶段、100% 完成可比较；其他阶段或拓扑暂无严格配对基线
exp05,E5__M1,E5,M1,1,200000,189.76829268292684,161.21544715447155,7.394308943089431,21.195121951219512,0.82,False,3,,0.6056572379367721,0.3943427620632279,,,serial_runs/uagmc_6x6_T2_800k_seed1_20260920_005311/E5__M1/analysis/checkpoint_curve.csv,,,,,,,,仅 T2、同阶段、100% 完成可比较；其他阶段或拓扑暂无严格配对基线
exp05,E5__M1,E5,M1,1,250000,178.9105263157895,150.02631578947367,7.58421052631579,21.378947368421052,0.6333333333333333,False,3,,0.6006655574043261,0.3993344425956738,,,serial_runs/uagmc_6x6_T2_800k_seed1_20260920_005311/E5__M1/analysis/checkpoint_curve.csv,,,,,,,,仅 T2、同阶段、100% 完成可比较；其他阶段或拓扑暂无严格配对基线
exp05,E5__M1,E5,M1,1,300000,192.1606425702811,164.61044176706827,7.096385542168675,20.526104417670684,0.83,False,3,,0.5773710482529119,0.4226289517470882,,,serial_runs/uagmc_6x6_T2_800k_seed1_20260920_005311/E5__M1/analysis/checkpoint_curve.csv,,,,,,,,仅 T2、同阶段、100% 完成可比较；其他阶段或拓扑暂无严格配对基线
exp05,E5__M1,E5,M1,1,350000,176.97368421052633,147.96315789473684,7.621052631578947,21.46315789473684,0.6333333333333333,False,3,,0.6356073211314476,0.36439267886855237,,,serial_runs/uagmc_6x6_T2_800k_seed1_20260920_005311/E5__M1/analysis/checkpoint_curve.csv,,,,,,,,仅 T2、同阶段、100% 完成可比较；其他阶段或拓扑暂无严格配对基线
exp05,E5__M1,E5,M1,1,400000,179.32631578947368,150.4,7.621052631578947,21.378947368421052,0.6333333333333333,False,3,,0.6605657237936772,0.33943427620632277,,,serial_runs/uagmc_6x6_T2_800k_seed1_20260920_005311/E5__M1/analysis/checkpoint_curve.csv,,,,,,,,仅 T2、同阶段、100% 完成可比较；其他阶段或拓扑暂无严格配对基线
exp05,E5__M1,E5,M1,1,450000,175.44954128440364,146.71559633027522,7.509174311926604,21.31192660550459,0.7266666666666667,False,3,,0.6056572379367721,0.3943427620632279,,,serial_runs/uagmc_6x6_T2_800k_seed1_20260920_005311/E5__M1/analysis/checkpoint_curve.csv,,,,,,,,仅 T2、同阶段、100% 完成可比较；其他阶段或拓扑暂无严格配对基线
exp05,E5__M1,E5,M1,1,500000,185.86666666666667,157.08,7.515555555555555,21.346666666666668,0.75,False,3,,0.7171381031613976,0.28286189683860236,,,serial_runs/uagmc_6x6_T2_800k_seed1_20260920_005311/E5__M1/analysis/checkpoint_curve.csv,,,,,,,,仅 T2、同阶段、100% 完成可比较；其他阶段或拓扑暂无严格配对基线
exp05,E5__M1,E5,M1,1,550000,183.6639344262295,154.47131147540983,7.643442622950819,21.62295081967213,0.8133333333333334,False,3,,0.6938435940099833,0.30615640599001664,,,serial_runs/uagmc_6x6_T2_800k_seed1_20260920_005311/E5__M1/analysis/checkpoint_curve.csv,,,,,,,,仅 T2、同阶段、100% 完成可比较；其他阶段或拓扑暂无严格配对基线
exp05,E5__M1,E5,M1,1,600000,169.2846153846154,140.05384615384617,7.657692307692308,21.646153846153847,0.8666666666666667,False,3,,0.7004991680532445,0.2995008319467554,,,serial_runs/uagmc_6x6_T2_800k_seed1_20260920_005311/E5__M1/analysis/checkpoint_curve.csv,,,,,,,,仅 T2、同阶段、100% 完成可比较；其他阶段或拓扑暂无严格配对基线
exp05,E5__M1,E5,M1,1,650000,175.4047619047619,145.6468253968254,7.825396825396825,22.0,0.84,False,3,,0.7154742096505823,0.28452579034941766,,,serial_runs/uagmc_6x6_T2_800k_seed1_20260920_005311/E5__M1/analysis/checkpoint_curve.csv,,,,,,,,仅 T2、同阶段、100% 完成可比较；其他阶段或拓扑暂无严格配对基线
exp05,E5__M1,E5,M1,1,700000,184.70542635658913,155.34883720930233,7.72093023255814,21.71317829457364,0.86,False,3,,0.6622296173044925,0.33777038269550747,,,serial_runs/uagmc_6x6_T2_800k_seed1_20260920_005311/E5__M1/analysis/checkpoint_curve.csv,,,,,,,,仅 T2、同阶段、100% 完成可比较；其他阶段或拓扑暂无严格配对基线
exp05,E5__M1,E5,M1,1,750000,186.78378378378378,157.6023166023166,7.61003861003861,21.64092664092664,0.8633333333333333,False,3,,0.6688851913477537,0.33111480865224624,,,serial_runs/uagmc_6x6_T2_800k_seed1_20260920_005311/E5__M1/analysis/checkpoint_curve.csv,,,,,,,,仅 T2、同阶段、100% 完成可比较；其他阶段或拓扑暂无严格配对基线
exp05,E5__M1,E5,M1,1,800000,179.55859375,151.23828125,7.484375,20.90625,0.8533333333333334,False,3,,0.5241264559068219,0.47587354409317806,,,serial_runs/uagmc_6x6_T2_800k_seed1_20260920_005311/E5__M1/analysis/checkpoint_curve.csv,,,,,,,,仅 T2、同阶段、100% 完成可比较；其他阶段或拓扑暂无严格配对基线
exp05,E5__M2,E5,M2,1,50000,221.44723618090453,195.33668341708542,6.623115577889447,19.603015075376884,0.6633333333333333,False,3,,0.064891846921797,0.9351081530782029,,,serial_runs/uagmc_6x6_T2_800k_seed1_20260920_005311/E5__M2/analysis/checkpoint_curve.csv,,,,,,,,仅 T2、同阶段、100% 完成可比较；其他阶段或拓扑暂无严格配对基线
exp05,E5__M2,E5,M2,1,100000,198.80257510729612,170.63948497854076,7.459227467811158,20.802575107296136,0.7766666666666667,False,3,,0.28452579034941766,0.7154742096505823,,,serial_runs/uagmc_6x6_T2_800k_seed1_20260920_005311/E5__M2/analysis/checkpoint_curve.csv,,,,,,,,仅 T2、同阶段、100% 完成可比较；其他阶段或拓扑暂无严格配对基线
exp05,E5__M2,E5,M2,1,150000,166.1991869918699,138.1382113821138,7.378048780487805,20.75609756097561,0.82,False,3,,0.3693843594009983,0.6306156405990017,,,serial_runs/uagmc_6x6_T2_800k_seed1_20260920_005311/E5__M2/analysis/checkpoint_curve.csv,,,,,,,,仅 T2、同阶段、100% 完成可比较；其他阶段或拓扑暂无严格配对基线
exp05,E5__M2,E5,M2,1,200000,162.67293233082708,133.8984962406015,7.646616541353384,21.195488721804512,0.8866666666666667,False,3,,0.5307820299500832,0.46921797004991683,,,serial_runs/uagmc_6x6_T2_800k_seed1_20260920_005311/E5__M2/analysis/checkpoint_curve.csv,,,,,,,,仅 T2、同阶段、100% 完成可比较；其他阶段或拓扑暂无严格配对基线
exp05,E5__M2,E5,M2,1,250000,178.41935483870967,149.20967741935485,7.927419354838709,21.35483870967742,0.8266666666666667,False,3,,0.5124792013311148,0.4875207986688852,,,serial_runs/uagmc_6x6_T2_800k_seed1_20260920_005311/E5__M2/analysis/checkpoint_curve.csv,,,,,,,,仅 T2、同阶段、100% 完成可比较；其他阶段或拓扑暂无严格配对基线
exp05,E5__M2,E5,M2,1,300000,177.0335820895522,148.02985074626866,7.880597014925374,21.19402985074627,0.8933333333333332,False,3,,0.5041597337770383,0.49584026622296173,,,serial_runs/uagmc_6x6_T2_800k_seed1_20260920_005311/E5__M2/analysis/checkpoint_curve.csv,,,,,,,,仅 T2、同阶段、100% 完成可比较；其他阶段或拓扑暂无严格配对基线
exp05,E5__M2,E5,M2,1,350000,182.09132420091325,151.9634703196347,8.214611872146119,21.995433789954337,0.73,False,3,,0.5291181364392679,0.47088186356073214,,,serial_runs/uagmc_6x6_T2_800k_seed1_20260920_005311/E5__M2/analysis/checkpoint_curve.csv,,,,,,,,仅 T2、同阶段、100% 完成可比较；其他阶段或拓扑暂无严格配对基线
exp05,E5__M2,E5,M2,1,400000,171.95049504950495,141.3861386138614,8.400990099009901,22.247524752475247,0.6733333333333333,False,3,,0.6306156405990017,0.3693843594009983,,,serial_runs/uagmc_6x6_T2_800k_seed1_20260920_005311/E5__M2/analysis/checkpoint_curve.csv,,,,,,,,仅 T2、同阶段、100% 完成可比较；其他阶段或拓扑暂无严格配对基线
exp05,E5__M2,E5,M2,1,450000,185.4488188976378,156.1811023622047,8.153543307086615,21.188976377952756,0.8466666666666667,False,3,,0.5357737104825291,0.46422628951747086,,,serial_runs/uagmc_6x6_T2_800k_seed1_20260920_005311/E5__M2/analysis/checkpoint_curve.csv,,,,,,,,仅 T2、同阶段、100% 完成可比较；其他阶段或拓扑暂无严格配对基线
exp05,E5__M2,E5,M2,1,500000,183.87254901960785,153.45098039215685,8.455882352941176,22.058823529411764,0.68,False,3,,0.627287853577371,0.3727121464226289,,,serial_runs/uagmc_6x6_T2_800k_seed1_20260920_005311/E5__M2/analysis/checkpoint_curve.csv,,,,,,,,仅 T2、同阶段、100% 完成可比较；其他阶段或拓扑暂无严格配对基线
exp05,E5__M2,E5,M2,1,550000,183.54455445544554,153.21782178217822,8.331683168316832,22.08910891089109,0.6733333333333333,False,3,,0.5906821963394343,0.40931780366056575,,,serial_runs/uagmc_6x6_T2_800k_seed1_20260920_005311/E5__M2/analysis/checkpoint_curve.csv,,,,,,,,仅 T2、同阶段、100% 完成可比较；其他阶段或拓扑暂无严格配对基线
exp05,E5__M2,E5,M2,1,600000,179.47826086956522,149.14492753623188,8.294685990338165,22.1304347826087,0.69,False,3,,0.6555740432612313,0.3444259567387687,,,serial_runs/uagmc_6x6_T2_800k_seed1_20260920_005311/E5__M2/analysis/checkpoint_curve.csv,,,,,,,,仅 T2、同阶段、100% 完成可比较；其他阶段或拓扑暂无严格配对基线
exp05,E5__M2,E5,M2,1,650000,184.01463414634145,153.70243902439023,8.326829268292682,22.082926829268292,0.6833333333333332,False,3,,0.6838602329450915,0.3161397670549085,,,serial_runs/uagmc_6x6_T2_800k_seed1_20260920_005311/E5__M2/analysis/checkpoint_curve.csv,,,,,,,,仅 T2、同阶段、100% 完成可比较；其他阶段或拓扑暂无严格配对基线
exp05,E5__M2,E5,M2,1,700000,172.73267326732673,142.15841584158414,8.425742574257425,22.247524752475247,0.6733333333333333,False,3,,0.5723793677204659,0.4276206322795341,,,serial_runs/uagmc_6x6_T2_800k_seed1_20260920_005311/E5__M2/analysis/checkpoint_curve.csv,,,,,,,,仅 T2、同阶段、100% 完成可比较；其他阶段或拓扑暂无严格配对基线
exp05,E5__M2,E5,M2,1,750000,191.27927927927928,161.84234234234233,8.14864864864865,21.378378378378375,0.7399999999999999,False,3,,0.5241264559068219,0.47587354409317806,,,serial_runs/uagmc_6x6_T2_800k_seed1_20260920_005311/E5__M2/analysis/checkpoint_curve.csv,,,,,,,,仅 T2、同阶段、100% 完成可比较；其他阶段或拓扑暂无严格配对基线
exp05,E5__M2,E5,M2,1,800000,173.6138613861386,143.1881188118812,8.272277227722773,22.247524752475247,0.6733333333333333,False,3,,0.5973377703826955,0.4026622296173044,,,serial_runs/uagmc_6x6_T2_800k_seed1_20260920_005311/E5__M2/analysis/checkpoint_curve.csv,,,,,,,,仅 T2、同阶段、100% 完成可比较；其他阶段或拓扑暂无严格配对基线
exp05,E5__M3,E5,M3,1,50000,219.73513513513512,188.15135135135134,8.605405405405405,23.0,0.6166666666666667,False,3,,1.0,0.0,,,serial_runs/uagmc_6x6_T2_800k_seed1_20260920_005311/E5__M3/analysis/checkpoint_curve.csv,,,,,,,,仅 T2、同阶段、100% 完成可比较；其他阶段或拓扑暂无严格配对基线
exp05,E5__M3,E5,M3,1,100000,190.78378378378378,162.5096525096525,7.463320463320463,20.8996138996139,0.8633333333333333,False,3,,0.2945091514143095,0.7054908485856904,,,serial_runs/uagmc_6x6_T2_800k_seed1_20260920_005311/E5__M3/analysis/checkpoint_curve.csv,,,,,,,,仅 T2、同阶段、100% 完成可比较；其他阶段或拓扑暂无严格配对基线
exp05,E5__M3,E5,M3,1,150000,202.6769230769231,171.4974358974359,8.487179487179487,22.774358974358975,0.65,False,3,,0.9750415973377704,0.024958402662229612,,,serial_runs/uagmc_6x6_T2_800k_seed1_20260920_005311/E5__M3/analysis/checkpoint_curve.csv,,,,,,,,仅 T2、同阶段、100% 完成可比较；其他阶段或拓扑暂无严格配对基线
exp05,E5__M3,E5,M3,1,200000,183.84848484848484,153.83549783549785,8.056277056277056,22.03030303030303,0.77,False,3,,0.8435940099833611,0.15640599001663893,,,serial_runs/uagmc_6x6_T2_800k_seed1_20260920_005311/E5__M3/analysis/checkpoint_curve.csv,,,,,,,,仅 T2、同阶段、100% 完成可比较；其他阶段或拓扑暂无严格配对基线
exp05,E5__M3,E5,M3,1,250000,188.41062801932367,158.3816425120773,8.106280193236715,21.995169082125603,0.69,False,3,,0.8202995008319468,0.17970049916805322,,,serial_runs/uagmc_6x6_T2_800k_seed1_20260920_005311/E5__M3/analysis/checkpoint_curve.csv,,,,,,,,仅 T2、同阶段、100% 完成可比较；其他阶段或拓扑暂无严格配对基线
exp05,E5__M3,E5,M3,1,300000,188.9041095890411,157.67123287671234,8.497716894977168,22.799086757990867,0.73,False,3,,0.7836938435940098,0.21630615640599002,,,serial_runs/uagmc_6x6_T2_800k_seed1_20260920_005311/E5__M3/analysis/checkpoint_curve.csv,,,,,,,,仅 T2、同阶段、100% 完成可比较；其他阶段或拓扑暂无严格配对基线
exp05,E5__M3,E5,M3,1,350000,189.99530516431926,159.96244131455398,8.098591549295774,22.004694835680752,0.71,False,3,,0.7603993344425956,0.23960066555740434,,,serial_runs/uagmc_6x6_T2_800k_seed1_20260920_005311/E5__M3/analysis/checkpoint_curve.csv,,,,,,,,仅 T2、同阶段、100% 完成可比较；其他阶段或拓扑暂无严格配对基线
exp05,E5__M3,E5,M3,1,400000,186.7111111111111,156.69333333333333,8.071111111111112,22.022222222222222,0.75,False,3,,0.6039933444259568,0.3960066555740432,,,serial_runs/uagmc_6x6_T2_800k_seed1_20260920_005311/E5__M3/analysis/checkpoint_curve.csv,,,,,,,,仅 T2、同阶段、100% 完成可比较；其他阶段或拓扑暂无严格配对基线
exp05,E5__M3,E5,M3,1,450000,171.61666666666667,141.71666666666667,7.979166666666667,22.0,0.8000000000000002,False,3,,0.6206322795341098,0.3793677204658901,,,serial_runs/uagmc_6x6_T2_800k_seed1_20260920_005311/E5__M3/analysis/checkpoint_curve.csv,,,,,,,,仅 T2、同阶段、100% 完成可比较；其他阶段或拓扑暂无严格配对基线
exp05,E5__M3,E5,M3,1,500000,179.28151260504202,149.36974789915968,7.983193277310924,22.008403361344538,0.7933333333333333,False,3,,0.6056572379367721,0.3943427620632279,,,serial_runs/uagmc_6x6_T2_800k_seed1_20260920_005311/E5__M3/analysis/checkpoint_curve.csv,,,,,,,,仅 T2、同阶段、100% 完成可比较；其他阶段或拓扑暂无严格配对基线
exp05,E5__M3,E5,M3,1,550000,177.96638655462183,147.97058823529412,8.071428571428571,22.008403361344538,0.7933333333333333,False,3,,0.6439267886855241,0.35607321131447583,,,serial_runs/uagmc_6x6_T2_800k_seed1_20260920_005311/E5__M3/analysis/checkpoint_curve.csv,,,,,,,,仅 T2、同阶段、100% 完成可比较；其他阶段或拓扑暂无严格配对基线
exp05,E5__M3,E5,M3,1,600000,186.2142857142857,156.28151260504202,7.991596638655462,22.025210084033613,0.7933333333333333,False,3,,0.49417637271214643,0.5058236272878536,,,serial_runs/uagmc_6x6_T2_800k_seed1_20260920_005311/E5__M3/analysis/checkpoint_curve.csv,,,,,,,,仅 T2、同阶段、100% 完成可比较；其他阶段或拓扑暂无严格配对基线
exp05,E5__M3,E5,M3,1,650000,187.30801687763713,157.41772151898735,7.953586497890296,22.0210970464135,0.79,False,3,,0.5341098169717138,0.46589018302828616,,,serial_runs/uagmc_6x6_T2_800k_seed1_20260920_005311/E5__M3/analysis/checkpoint_curve.csv,,,,,,,,仅 T2、同阶段、100% 完成可比较；其他阶段或拓扑暂无严格配对基线
exp05,E5__M3,E5,M3,1,700000,187.22784810126583,157.36286919831224,7.928270042194093,22.0210970464135,0.79,False,3,,0.5507487520798668,0.4492512479201331,,,serial_runs/uagmc_6x6_T2_800k_seed1_20260920_005311/E5__M3/analysis/checkpoint_curve.csv,,,,,,,,仅 T2、同阶段、100% 完成可比较；其他阶段或拓扑暂无严格配对基线
exp05,E5__M3,E5,M3,1,750000,186.2488479262673,156.17972350230414,8.110599078341014,22.05990783410138,0.7233333333333333,False,3,,0.5457570715474209,0.454242928452579,,,serial_runs/uagmc_6x6_T2_800k_seed1_20260920_005311/E5__M3/analysis/checkpoint_curve.csv,,,,,,,,仅 T2、同阶段、100% 完成可比较；其他阶段或拓扑暂无严格配对基线
exp05,E5__M3,E5,M3,1,800000,191.67965367965368,161.66233766233765,8.082251082251082,22.03030303030303,0.77,False,3,,0.6006655574043261,0.3993344425956738,,,serial_runs/uagmc_6x6_T2_800k_seed1_20260920_005311/E5__M3/analysis/checkpoint_curve.csv,,,,,,,,仅 T2、同阶段、100% 完成可比较；其他阶段或拓扑暂无严格配对基线
exp05,E5__M4,E5,M4,1,50000,186.3592233009709,154.7766990291262,8.854368932038835,22.805825242718445,0.6866666666666666,False,3,,0.5008319467554077,0.49916805324459235,,,serial_runs/uagmc_6x6_T2_800k_seed1_20260920_005311/E5__M4/analysis/checkpoint_curve.csv,,,,,,,,仅 T2、同阶段、100% 完成可比较；其他阶段或拓扑暂无严格配对基线
exp05,E5__M4,E5,M4,1,100000,166.96138996138995,136.72586872586874,8.382239382239382,21.934362934362934,0.8633333333333333,False,3,,0.43261231281198004,0.56738768718802,,,serial_runs/uagmc_6x6_T2_800k_seed1_20260920_005311/E5__M4/analysis/checkpoint_curve.csv,,,,,,,,仅 T2、同阶段、100% 完成可比较；其他阶段或拓扑暂无严格配对基线
exp05,E5__M4,E5,M4,1,150000,186.29951690821255,154.8599033816425,8.729468599033817,22.768115942028984,0.69,False,3,,0.4525790349417637,0.5474209650582362,,,serial_runs/uagmc_6x6_T2_800k_seed1_20260920_005311/E5__M4/analysis/checkpoint_curve.csv,,,,,,,,仅 T2、同阶段、100% 完成可比较；其他阶段或拓扑暂无严格配对基线
exp05,E5__M4,E5,M4,1,200000,190.63768115942028,159.23671497584542,8.676328502415458,22.78743961352657,0.69,False,3,,0.4292845257903494,0.5707154742096506,,,serial_runs/uagmc_6x6_T2_800k_seed1_20260920_005311/E5__M4/analysis/checkpoint_curve.csv,,,,,,,,仅 T2、同阶段、100% 完成可比较；其他阶段或拓扑暂无严格配对基线
exp05,E5__M4,E5,M4,1,250000,186.56716417910448,155.40298507462686,8.442786069651742,22.781094527363184,0.67,False,3,,0.49916805324459235,0.5008319467554077,,,serial_runs/uagmc_6x6_T2_800k_seed1_20260920_005311/E5__M4/analysis/checkpoint_curve.csv,,,,,,,,仅 T2、同阶段、100% 完成可比较；其他阶段或拓扑暂无严格配对基线
exp05,E5__M4,E5,M4,1,300000,189.01449275362316,157.81642512077295,8.473429951690822,22.78743961352657,0.69,False,3,,0.47254575707154745,0.5274542429284526,,,serial_runs/uagmc_6x6_T2_800k_seed1_20260920_005311/E5__M4/analysis/checkpoint_curve.csv,,,,,,,,仅 T2、同阶段、100% 完成可比较；其他阶段或拓扑暂无严格配对基线
exp05,E5__M4,E5,M4,1,350000,192.3719806763285,161.16425120772948,8.497584541062801,22.78743961352657,0.69,False,3,,0.4825291181364393,0.5174708818635607,,,serial_runs/uagmc_6x6_T2_800k_seed1_20260920_005311/E5__M4/analysis/checkpoint_curve.csv,,,,,,,,仅 T2、同阶段、100% 完成可比较；其他阶段或拓扑暂无严格配对基线
exp05,E5__M4,E5,M4,1,400000,193.97101449275362,162.743961352657,8.51207729468599,22.78743961352657,0.69,False,3,,0.46589018302828616,0.5341098169717138,,,serial_runs/uagmc_6x6_T2_800k_seed1_20260920_005311/E5__M4/analysis/checkpoint_curve.csv,,,,,,,,仅 T2、同阶段、100% 完成可比较；其他阶段或拓扑暂无严格配对基线
exp05,E5__M4,E5,M4,1,450000,191.47826086956522,160.2657004830918,8.507246376811594,22.78743961352657,0.69,False,3,,0.4459234608985025,0.5540765391014975,,,serial_runs/uagmc_6x6_T2_800k_seed1_20260920_005311/E5__M4/analysis/checkpoint_curve.csv,,,,,,,,仅 T2、同阶段、100% 完成可比较；其他阶段或拓扑暂无严格配对基线
exp05,E5__M4,E5,M4,1,500000,191.94685990338164,160.68599033816426,8.570048309178745,22.78743961352657,0.69,False,3,,0.519134775374376,0.480865224625624,,,serial_runs/uagmc_6x6_T2_800k_seed1_20260920_005311/E5__M4/analysis/checkpoint_curve.csv,,,,,,,,仅 T2、同阶段、100% 完成可比较；其他阶段或拓扑暂无严格配对基线
exp05,E5__M4,E5,M4,1,550000,190.74879227053142,159.53140096618358,8.526570048309178,22.78743961352657,0.69,False,3,,0.49417637271214643,0.5058236272878536,,,serial_runs/uagmc_6x6_T2_800k_seed1_20260920_005311/E5__M4/analysis/checkpoint_curve.csv,,,,,,,,仅 T2、同阶段、100% 完成可比较；其他阶段或拓扑暂无严格配对基线
exp05,E5__M4,E5,M4,1,600000,191.08695652173913,159.80676328502415,8.58937198067633,22.78743961352657,0.69,False,3,,0.5141430948419301,0.4858569051580699,,,serial_runs/uagmc_6x6_T2_800k_seed1_20260920_005311/E5__M4/analysis/checkpoint_curve.csv,,,,,,,,仅 T2、同阶段、100% 完成可比较；其他阶段或拓扑暂无严格配对基线
exp05,E5__M4,E5,M4,1,650000,189.86956521739134,158.61352657004832,8.55072463768116,22.78743961352657,0.69,False,3,,0.4858569051580699,0.5141430948419301,,,serial_runs/uagmc_6x6_T2_800k_seed1_20260920_005311/E5__M4/analysis/checkpoint_curve.csv,,,,,,,,仅 T2、同阶段、100% 完成可比较；其他阶段或拓扑暂无严格配对基线
exp05,E5__M4,E5,M4,1,700000,189.52173913043478,158.20772946859904,8.61352657004831,22.78743961352657,0.69,False,3,,0.5091514143094842,0.4908485856905158,,,serial_runs/uagmc_6x6_T2_800k_seed1_20260920_005311/E5__M4/analysis/checkpoint_curve.csv,,,,,,,,仅 T2、同阶段、100% 完成可比较；其他阶段或拓扑暂无严格配对基线
exp05,E5__M4,E5,M4,1,750000,190.16908212560386,158.7826086956522,8.666666666666666,22.78743961352657,0.69,False,3,,0.589018302828619,0.41098169717138106,,,serial_runs/uagmc_6x6_T2_800k_seed1_20260920_005311/E5__M4/analysis/checkpoint_curve.csv,,,,,,,,仅 T2、同阶段、100% 完成可比较；其他阶段或拓扑暂无严格配对基线
exp05,E5__M4,E5,M4,1,800000,187.63285024154592,156.28985507246378,8.63768115942029,22.78743961352657,0.69,False,3,,0.5757071547420965,0.4242928452579035,,,serial_runs/uagmc_6x6_T2_800k_seed1_20260920_005311/E5__M4/analysis/checkpoint_curve.csv,,,,,,,,仅 T2、同阶段、100% 完成可比较；其他阶段或拓扑暂无严格配对基线
exp05,E5__M5,E5,M5,1,50000,251.96,227.01,5.95,19.0,0.3333333333333333,False,3,,0.0,1.0,,,serial_runs/uagmc_6x6_T2_800k_seed1_20260920_005311/E5__M5/analysis/checkpoint_curve.csv,,,,,,,,仅 T2、同阶段、100% 完成可比较；其他阶段或拓扑暂无严格配对基线
exp05,E5__M5,E5,M5,1,100000,217.75384615384618,191.99487179487178,6.466666666666666,19.348717948717947,0.65,False,3,,0.036605657237936774,0.9633943427620633,,,serial_runs/uagmc_6x6_T2_800k_seed1_20260920_005311/E5__M5/analysis/checkpoint_curve.csv,,,,,,,,仅 T2、同阶段、100% 完成可比较；其他阶段或拓扑暂无严格配对基线
exp05,E5__M5,E5,M5,1,150000,220.08597285067876,194.0950226244344,6.5475113122171935,19.542986425339368,0.7366666666666667,False,3,,0.41098169717138106,0.589018302828619,,,serial_runs/uagmc_6x6_T2_800k_seed1_20260920_005311/E5__M5/analysis/checkpoint_curve.csv,,,,,,,,仅 T2、同阶段、100% 完成可比较；其他阶段或拓扑暂无严格配对基线
exp05,E5__M5,E5,M5,1,200000,216.01785714285714,189.96875,6.616071428571428,19.535714285714285,0.7466666666666667,False,3,,0.3477537437603993,0.6522462562396006,,,serial_runs/uagmc_6x6_T2_800k_seed1_20260920_005311/E5__M5/analysis/checkpoint_curve.csv,,,,,,,,仅 T2、同阶段、100% 完成可比较；其他阶段或拓扑暂无严格配对基线
exp05,E5__M5,E5,M5,1,250000,209.35294117647058,183.2262443438914,6.683257918552036,19.542986425339368,0.7366666666666667,False,3,,0.5424292845257903,0.45757071547420963,,,serial_runs/uagmc_6x6_T2_800k_seed1_20260920_005311/E5__M5/analysis/checkpoint_curve.csv,,,,,,,,仅 T2、同阶段、100% 完成可比较；其他阶段或拓扑暂无严格配对基线
exp05,E5__M5,E5,M5,1,300000,198.52173913043478,172.51383399209487,6.616600790513833,19.474308300395258,0.8433333333333334,False,3,,0.5058236272878536,0.49417637271214643,,,serial_runs/uagmc_6x6_T2_800k_seed1_20260920_005311/E5__M5/analysis/checkpoint_curve.csv,,,,,,,,仅 T2、同阶段、100% 完成可比较；其他阶段或拓扑暂无严格配对基线
exp05,E5__M5,E5,M5,1,350000,191.35849056603774,164.49811320754716,6.913207547169812,20.026415094339622,0.8833333333333333,False,3,,0.6089850249584027,0.39101497504159727,,,serial_runs/uagmc_6x6_T2_800k_seed1_20260920_005311/E5__M5/analysis/checkpoint_curve.csv,,,,,,,,仅 T2、同阶段、100% 完成可比较；其他阶段或拓扑暂无严格配对基线
exp05,E5__M5,E5,M5,1,400000,180.43347639484978,153.11158798283262,7.1373390557939915,20.27038626609442,0.7766666666666667,False,3,,0.6156405990016639,0.38435940099833604,,,serial_runs/uagmc_6x6_T2_800k_seed1_20260920_005311/E5__M5/analysis/checkpoint_curve.csv,,,,,,,,仅 T2、同阶段、100% 完成可比较；其他阶段或拓扑暂无严格配对基线
exp05,E5__M5,E5,M5,1,450000,191.1046511627907,163.42248062015503,7.16279069767442,20.5968992248062,0.86,False,3,,0.6772046589018302,0.3227953410981697,,,serial_runs/uagmc_6x6_T2_800k_seed1_20260920_005311/E5__M5/analysis/checkpoint_curve.csv,,,,,,,,仅 T2、同阶段、100% 完成可比较；其他阶段或拓扑暂无严格配对基线
exp05,E5__M5,E5,M5,1,500000,190.98425196850394,163.75590551181102,7.082677165354331,20.244094488188978,0.8466666666666667,False,3,,0.6722129783693843,0.3277870216306156,,,serial_runs/uagmc_6x6_T2_800k_seed1_20260920_005311/E5__M5/analysis/checkpoint_curve.csv,,,,,,,,仅 T2、同阶段、100% 完成可比较；其他阶段或拓扑暂无严格配对基线
exp05,E5__M5,E5,M5,1,550000,179.19767441860463,151.74418604651163,7.255813953488372,20.286821705426355,0.86,False,3,,0.6356073211314476,0.36439267886855237,,,serial_runs/uagmc_6x6_T2_800k_seed1_20260920_005311/E5__M5/analysis/checkpoint_curve.csv,,,,,,,,仅 T2、同阶段、100% 完成可比较；其他阶段或拓扑暂无严格配对基线
exp05,E5__M5,E5,M5,1,600000,164.27125506072875,137.03643724696357,7.230769230769231,20.101214574898787,0.8233333333333334,False,3,,0.5956738768718802,0.4043261231281197,,,serial_runs/uagmc_6x6_T2_800k_seed1_20260920_005311/E5__M5/analysis/checkpoint_curve.csv,,,,,,,,仅 T2、同阶段、100% 完成可比较；其他阶段或拓扑暂无严格配对基线
exp05,E5__M5,E5,M5,1,650000,167.92395437262357,141.53231939163499,6.836501901140683,19.638783269961976,0.8766666666666666,False,3,,0.5357737104825291,0.46422628951747086,,,serial_runs/uagmc_6x6_T2_800k_seed1_20260920_005311/E5__M5/analysis/checkpoint_curve.csv,,,,,,,,仅 T2、同阶段、100% 完成可比较；其他阶段或拓扑暂无严格配对基线
exp05,E5__M5,E5,M5,1,700000,161.95141700404858,134.23481781376518,7.42914979757085,20.37651821862348,0.8233333333333334,False,3,,0.5457570715474209,0.454242928452579,,,serial_runs/uagmc_6x6_T2_800k_seed1_20260920_005311/E5__M5/analysis/checkpoint_curve.csv,,,,,,,,仅 T2、同阶段、100% 完成可比较；其他阶段或拓扑暂无严格配对基线
exp05,E5__M5,E5,M5,1,750000,170.7142857142857,143.46031746031747,7.329365079365079,20.0,0.84,False,3,,0.6039933444259568,0.3960066555740432,,,serial_runs/uagmc_6x6_T2_800k_seed1_20260920_005311/E5__M5/analysis/checkpoint_curve.csv,,,,,,,,仅 T2、同阶段、100% 完成可比较；其他阶段或拓扑暂无严格配对基线
exp05,E5__M5,E5,M5,1,800000,163.66666666666666,135.72357723577235,7.565040650406504,20.463414634146343,0.82,False,3,,0.5823627287853578,0.4176372712146423,,,serial_runs/uagmc_6x6_T2_800k_seed1_20260920_005311/E5__M5/analysis/checkpoint_curve.csv,,,,,,,,仅 T2、同阶段、100% 完成可比较；其他阶段或拓扑暂无严格配对基线
exp05,E6__M0,E6,M0,1,50000,283.6875,258.7604166666667,5.927083333333333,19.0,0.32,False,3,,0.0,1.0,,,serial_runs/uagmc_6x6_T2_800k_seed1_20260920_005311/E6__M0/analysis/checkpoint_curve.csv,,,,,,,,仅 T2、同阶段、100% 完成可比较；其他阶段或拓扑暂无严格配对基线
exp05,E6__M0,E6,M0,1,100000,271.74468085106383,246.5390070921986,6.078014184397163,19.170212765957448,0.47,False,3,,0.016638935108153077,0.9833610648918469,,,serial_runs/uagmc_6x6_T2_800k_seed1_20260920_005311/E6__M0/analysis/checkpoint_curve.csv,,,,,,,,仅 T2、同阶段、100% 完成可比较；其他阶段或拓扑暂无严格配对基线
exp05,E6__M0,E6,M0,1,150000,198.09016393442622,170.53688524590163,7.209016393442622,20.39344262295082,0.8133333333333334,False,3,,0.4841930116472546,0.5158069883527454,,,serial_runs/uagmc_6x6_T2_800k_seed1_20260920_005311/E6__M0/analysis/checkpoint_curve.csv,,,,,,,,仅 T2、同阶段、100% 完成可比较；其他阶段或拓扑暂无严格配对基线
exp05,E6__M0,E6,M0,1,200000,224.50222222222223,198.60888888888886,6.48888888888889,19.533333333333335,0.75,False,3,,0.32945091514143093,0.670549084858569,,,serial_runs/uagmc_6x6_T2_800k_seed1_20260920_005311/E6__M0/analysis/checkpoint_curve.csv,,,,,,,,仅 T2、同阶段、100% 完成可比较；其他阶段或拓扑暂无严格配对基线
exp05,E6__M0,E6,M0,1,250000,197.42083333333332,169.94166666666666,7.208333333333333,20.316666666666666,0.8000000000000002,False,3,,0.4292845257903494,0.5707154742096506,,,serial_runs/uagmc_6x6_T2_800k_seed1_20260920_005311/E6__M0/analysis/checkpoint_curve.csv,,,,,,,,仅 T2、同阶段、100% 完成可比较；其他阶段或拓扑暂无严格配对基线
exp05,E6__M0,E6,M0,1,300000,193.51054852320672,166.27848101265823,6.9831223628691985,20.282700421940927,0.79,False,3,,0.4292845257903494,0.5707154742096506,,,serial_runs/uagmc_6x6_T2_800k_seed1_20260920_005311/E6__M0/analysis/checkpoint_curve.csv,,,,,,,,仅 T2、同阶段、100% 完成可比较；其他阶段或拓扑暂无严格配对基线
exp05,E6__M0,E6,M0,1,350000,199.21399176954733,171.76543209876544,7.082304526748971,20.39917695473251,0.81,False,3,,0.46755407653910147,0.5324459234608985,,,serial_runs/uagmc_6x6_T2_800k_seed1_20260920_005311/E6__M0/analysis/checkpoint_curve.csv,,,,,,,,仅 T2、同阶段、100% 完成可比较；其他阶段或拓扑暂无严格配对基线
exp05,E6__M0,E6,M0,1,400000,198.8530612244898,171.31020408163263,7.159183673469388,20.420408163265307,0.8166666666666668,False,3,,0.49417637271214643,0.5058236272878536,,,serial_runs/uagmc_6x6_T2_800k_seed1_20260920_005311/E6__M0/analysis/checkpoint_curve.csv,,,,,,,,仅 T2、同阶段、100% 完成可比较；其他阶段或拓扑暂无严格配对基线
exp05,E6__M0,E6,M0,1,450000,195.67634854771782,168.44398340248964,7.04149377593361,20.228215767634854,0.8033333333333333,False,3,,0.405990016638935,0.5940099833610649,,,serial_runs/uagmc_6x6_T2_800k_seed1_20260920_005311/E6__M0/analysis/checkpoint_curve.csv,,,,,,,,仅 T2、同阶段、100% 完成可比较；其他阶段或拓扑暂无严格配对基线
exp05,E6__M0,E6,M0,1,500000,198.0,170.5569105691057,7.126016260162602,20.349593495934958,0.82,False,3,,0.4209650582362729,0.5790349417637272,,,serial_runs/uagmc_6x6_T2_800k_seed1_20260920_005311/E6__M0/analysis/checkpoint_curve.csv,,,,,,,,仅 T2、同阶段、100% 完成可比较；其他阶段或拓扑暂无严格配对基线
exp05,E6__M0,E6,M0,1,550000,198.2040816326531,170.64489795918368,7.220408163265307,20.37142857142857,0.8166666666666668,False,3,,0.43926788685524126,0.5607321131447587,,,serial_runs/uagmc_6x6_T2_800k_seed1_20260920_005311/E6__M0/analysis/checkpoint_curve.csv,,,,,,,,仅 T2、同阶段、100% 完成可比较；其他阶段或拓扑暂无严格配对基线
exp05,E6__M0,E6,M0,1,600000,197.5495867768595,169.9297520661157,7.260330578512398,20.40495867768595,0.8066666666666666,False,3,,0.47088186356073214,0.5291181364392679,,,serial_runs/uagmc_6x6_T2_800k_seed1_20260920_005311/E6__M0/analysis/checkpoint_curve.csv,,,,,,,,仅 T2、同阶段、100% 完成可比较；其他阶段或拓扑暂无严格配对基线
exp05,E6__M0,E6,M0,1,650000,195.1,167.625,7.254166666666666,20.266666666666666,0.8000000000000002,False,3,,0.49417637271214643,0.5058236272878536,,,serial_runs/uagmc_6x6_T2_800k_seed1_20260920_005311/E6__M0/analysis/checkpoint_curve.csv,,,,,,,,仅 T2、同阶段、100% 完成可比较；其他阶段或拓扑暂无严格配对基线
exp05,E6__M0,E6,M0,1,700000,196.30543933054392,168.7531380753138,7.2552301255230125,20.338912133891213,0.7966666666666665,False,3,,0.47753743760399336,0.5224625623960066,,,serial_runs/uagmc_6x6_T2_800k_seed1_20260920_005311/E6__M0/analysis/checkpoint_curve.csv,,,,,,,,仅 T2、同阶段、100% 完成可比较；其他阶段或拓扑暂无严格配对基线
exp05,E6__M0,E6,M0,1,750000,194.78512396694214,167.26859504132233,7.21900826446281,20.322314049586776,0.8066666666666666,False,3,,0.45923460898502494,0.540765391014975,,,serial_runs/uagmc_6x6_T2_800k_seed1_20260920_005311/E6__M0/analysis/checkpoint_curve.csv,,,,,,,,仅 T2、同阶段、100% 完成可比较；其他阶段或拓扑暂无严格配对基线
exp05,E6__M0,E6,M0,1,800000,196.52479338842974,168.9917355371901,7.2727272727272725,20.289256198347108,0.8066666666666666,False,3,,0.4276206322795341,0.5723793677204659,,,serial_runs/uagmc_6x6_T2_800k_seed1_20260920_005311/E6__M0/analysis/checkpoint_curve.csv,,,,,,,,仅 T2、同阶段、100% 完成可比较；其他阶段或拓扑暂无严格配对基线
exp05,E6__M1,E6,M1,1,50000,237.78846153846155,212.1442307692308,6.350961538461537,19.384615384615383,0.6933333333333334,False,3,,0.06988352745424292,0.930116472545757,,,serial_runs/uagmc_6x6_T2_800k_seed1_20260920_005311/E6__M1/analysis/checkpoint_curve.csv,,,,,,,,仅 T2、同阶段、100% 完成可比较；其他阶段或拓扑暂无严格配对基线
exp05,E6__M1,E6,M1,1,100000,196.47325102880657,168.82716049382717,7.00411522633745,20.646090534979425,0.81,False,3,,0.35440931780366053,0.6455906821963394,,,serial_runs/uagmc_6x6_T2_800k_seed1_20260920_005311/E6__M1/analysis/checkpoint_curve.csv,,,,,,,,仅 T2、同阶段、100% 完成可比较；其他阶段或拓扑暂无严格配对基线
exp05,E6__M1,E6,M1,1,150000,197.40408163265306,169.4816326530612,7.244897959183674,20.681632653061225,0.8166666666666668,False,3,,0.480865224625624,0.519134775374376,,,serial_runs/uagmc_6x6_T2_800k_seed1_20260920_005311/E6__M1/analysis/checkpoint_curve.csv,,,,,,,,仅 T2、同阶段、100% 完成可比较；其他阶段或拓扑暂无严格配对基线
exp05,E6__M1,E6,M1,1,200000,198.16803278688522,169.76639344262296,7.258196721311475,21.147540983606557,0.8133333333333334,False,3,,0.5607321131447587,0.43926788685524126,,,serial_runs/uagmc_6x6_T2_800k_seed1_20260920_005311/E6__M1/analysis/checkpoint_curve.csv,,,,,,,,仅 T2、同阶段、100% 完成可比较；其他阶段或拓扑暂无严格配对基线
exp05,E6__M1,E6,M1,1,250000,194.6,166.54166666666666,7.229166666666667,20.833333333333332,0.8000000000000002,False,3,,0.5757071547420965,0.4242928452579035,,,serial_runs/uagmc_6x6_T2_800k_seed1_20260920_005311/E6__M1/analysis/checkpoint_curve.csv,,,,,,,,仅 T2、同阶段、100% 完成可比较；其他阶段或拓扑暂无严格配对基线
exp05,E6__M1,E6,M1,1,300000,194.10743801652893,166.30578512396696,7.152892561983471,20.65289256198347,0.8066666666666666,False,3,,0.49417637271214643,0.5058236272878536,,,serial_runs/uagmc_6x6_T2_800k_seed1_20260920_005311/E6__M1/analysis/checkpoint_curve.csv,,,,,,,,仅 T2、同阶段、100% 完成可比较；其他阶段或拓扑暂无严格配对基线
exp05,E6__M1,E6,M1,1,350000,196.1106557377049,168.21311475409837,7.245901639344262,20.65573770491803,0.8133333333333334,False,3,,0.4492512479201331,0.5507487520798668,,,serial_runs/uagmc_6x6_T2_800k_seed1_20260920_005311/E6__M1/analysis/checkpoint_curve.csv,,,,,,,,仅 T2、同阶段、100% 完成可比较；其他阶段或拓扑暂无严格配对基线
exp05,E6__M1,E6,M1,1,400000,196.16597510373444,168.43983402489627,7.153526970954357,20.57676348547718,0.8033333333333333,False,3,,0.46755407653910147,0.5324459234608985,,,serial_runs/uagmc_6x6_T2_800k_seed1_20260920_005311/E6__M1/analysis/checkpoint_curve.csv,,,,,,,,仅 T2、同阶段、100% 完成可比较；其他阶段或拓扑暂无严格配对基线
exp05,E6__M1,E6,M1,1,450000,198.0331950207469,170.17427385892117,7.1037344398340245,20.759336099585063,0.8033333333333333,False,3,,0.47587354409317806,0.5241264559068219,,,serial_runs/uagmc_6x6_T2_800k_seed1_20260920_005311/E6__M1/analysis/checkpoint_curve.csv,,,,,,,,仅 T2、同阶段、100% 完成可比较；其他阶段或拓扑暂无严格配对基线
exp05,E6__M1,E6,M1,1,500000,196.8395061728395,169.0,7.148148148148148,20.695473251028808,0.81,False,3,,0.4908485856905158,0.5091514143094842,,,serial_runs/uagmc_6x6_T2_800k_seed1_20260920_005311/E6__M1/analysis/checkpoint_curve.csv,,,,,,,,仅 T2、同阶段、100% 完成可比较；其他阶段或拓扑暂无严格配对基线
exp05,E6__M1,E6,M1,1,550000,200.40740740740742,172.35802469135805,7.2592592592592595,20.79423868312757,0.81,False,3,,0.5257903494176372,0.47420965058236275,,,serial_runs/uagmc_6x6_T2_800k_seed1_20260920_005311/E6__M1/analysis/checkpoint_curve.csv,,,,,,,,仅 T2、同阶段、100% 完成可比较；其他阶段或拓扑暂无严格配对基线
exp05,E6__M1,E6,M1,1,600000,195.00826446280993,167.4090909090909,7.099173553719008,20.50413223140496,0.8066666666666666,False,3,,0.4559068219633943,0.5440931780366056,,,serial_runs/uagmc_6x6_T2_800k_seed1_20260920_005311/E6__M1/analysis/checkpoint_curve.csv,,,,,,,,仅 T2、同阶段、100% 完成可比较；其他阶段或拓扑暂无严格配对基线
exp05,E6__M1,E6,M1,1,650000,196.672131147541,169.0327868852459,7.102459016393443,20.540983606557376,0.8133333333333334,False,3,,0.47420965058236275,0.5257903494176372,,,serial_runs/uagmc_6x6_T2_800k_seed1_20260920_005311/E6__M1/analysis/checkpoint_curve.csv,,,,,,,,仅 T2、同阶段、100% 完成可比较；其他阶段或拓扑暂无严格配对基线
exp05,E6__M1,E6,M1,1,700000,197.44897959183675,169.74285714285713,7.142857142857143,20.56734693877551,0.8166666666666668,False,3,,0.4891846921797005,0.5108153078202995,,,serial_runs/uagmc_6x6_T2_800k_seed1_20260920_005311/E6__M1/analysis/checkpoint_curve.csv,,,,,,,,仅 T2、同阶段、100% 完成可比较；其他阶段或拓扑暂无严格配对基线
exp05,E6__M1,E6,M1,1,750000,196.60408163265302,169.1061224489796,7.081632653061225,20.420408163265307,0.8166666666666668,False,3,,0.4925124792013311,0.5074875207986689,,,serial_runs/uagmc_6x6_T2_800k_seed1_20260920_005311/E6__M1/analysis/checkpoint_curve.csv,,,,,,,,仅 T2、同阶段、100% 完成可比较；其他阶段或拓扑暂无严格配对基线
exp05,E6__M1,E6,M1,1,800000,196.57551020408164,169.065306122449,7.093877551020408,20.420408163265307,0.8166666666666668,False,3,,0.5041597337770383,0.49584026622296173,,,serial_runs/uagmc_6x6_T2_800k_seed1_20260920_005311/E6__M1/analysis/checkpoint_curve.csv,,,,,,,,仅 T2、同阶段、100% 完成可比较；其他阶段或拓扑暂无严格配对基线
exp05,E6__M2,E6,M2,1,50000,266.6140350877193,241.45614035087723,6.105263157894737,19.07017543859649,0.38000000000000006,False,3,,0.0033277870216306157,0.9966722129783694,,,serial_runs/uagmc_6x6_T2_800k_seed1_20260920_005311/E6__M2/analysis/checkpoint_curve.csv,,,,,,,,仅 T2、同阶段、100% 完成可比较；其他阶段或拓扑暂无严格配对基线
exp05,E6__M2,E6,M2,1,100000,201.19433198380565,174.07692307692307,7.157894736842105,19.97165991902834,0.8233333333333334,False,3,,0.2113144758735441,0.7886855241264558,,,serial_runs/uagmc_6x6_T2_800k_seed1_20260920_005311/E6__M2/analysis/checkpoint_curve.csv,,,,,,,,仅 T2、同阶段、100% 完成可比较；其他阶段或拓扑暂无严格配对基线
exp05,E6__M2,E6,M2,1,150000,196.87603305785123,168.40495867768595,7.640495867768595,20.834710743801654,0.8066666666666666,False,3,,0.5391014975041597,0.46089850249584025,,,serial_runs/uagmc_6x6_T2_800k_seed1_20260920_005311/E6__M2/analysis/checkpoint_curve.csv,,,,,,,,仅 T2、同阶段、100% 完成可比较；其他阶段或拓扑暂无严格配对基线
exp05,E6__M2,E6,M2,1,200000,199.20901639344262,171.00409836065577,7.55327868852459,20.65573770491803,0.8133333333333334,False,3,,0.43760399334442596,0.562396006655574,,,serial_runs/uagmc_6x6_T2_800k_seed1_20260920_005311/E6__M2/analysis/checkpoint_curve.csv,,,,,,,,仅 T2、同阶段、100% 完成可比较；其他阶段或拓扑暂无严格配对基线
exp05,E6__M2,E6,M2,1,250000,199.41632653061228,171.4408163265306,7.444897959183673,20.53469387755102,0.8166666666666668,False,3,,0.38435940099833604,0.6156405990016639,,,serial_runs/uagmc_6x6_T2_800k_seed1_20260920_005311/E6__M2/analysis/checkpoint_curve.csv,,,,,,,,仅 T2、同阶段、100% 完成可比较；其他阶段或拓扑暂无严格配对基线
exp05,E6__M2,E6,M2,1,300000,193.82352941176472,166.0252100840336,7.30672268907563,20.49579831932773,0.7933333333333333,False,3,,0.4242928452579035,0.5757071547420965,,,serial_runs/uagmc_6x6_T2_800k_seed1_20260920_005311/E6__M2/analysis/checkpoint_curve.csv,,,,,,,,仅 T2、同阶段、100% 完成可比较；其他阶段或拓扑暂无严格配对基线
exp05,E6__M2,E6,M2,1,350000,195.67500000000004,167.45416666666668,7.441666666666666,20.783333333333335,0.8000000000000002,False,3,,0.5058236272878536,0.49417637271214643,,,serial_runs/uagmc_6x6_T2_800k_seed1_20260920_005311/E6__M2/analysis/checkpoint_curve.csv,,,,,,,,仅 T2、同阶段、100% 完成可比较；其他阶段或拓扑暂无严格配对基线
exp05,E6__M2,E6,M2,1,400000,197.42561983471077,169.1487603305785,7.512396694214876,20.768595041322314,0.8066666666666666,False,3,,0.46256239600665555,0.5374376039933444,,,serial_runs/uagmc_6x6_T2_800k_seed1_20260920_005311/E6__M2/analysis/checkpoint_curve.csv,,,,,,,,仅 T2、同阶段、100% 完成可比较；其他阶段或拓扑暂无严格配对基线
exp05,E6__M2,E6,M2,1,450000,198.94262295081967,170.75409836065577,7.504098360655738,20.688524590163933,0.8133333333333334,False,3,,0.5091514143094842,0.4908485856905158,,,serial_runs/uagmc_6x6_T2_800k_seed1_20260920_005311/E6__M2/analysis/checkpoint_curve.csv,,,,,,,,仅 T2、同阶段、100% 完成可比较；其他阶段或拓扑暂无严格配对基线
exp05,E6__M2,E6,M2,1,500000,197.440329218107,169.0164609053498,7.551440329218107,20.876543209876544,0.81,False,3,,0.5740432612312812,0.4259567387687188,,,serial_runs/uagmc_6x6_T2_800k_seed1_20260920_005311/E6__M2/analysis/checkpoint_curve.csv,,,,,,,,仅 T2、同阶段、100% 完成可比较；其他阶段或拓扑暂无严格配对基线
exp05,E6__M2,E6,M2,1,550000,188.9493670886076,159.50210970464136,7.852320675105485,21.59915611814346,0.79,False,3,,0.5840266222961731,0.415973377703827,,,serial_runs/uagmc_6x6_T2_800k_seed1_20260920_005311/E6__M2/analysis/checkpoint_curve.csv,,,,,,,,仅 T2、同阶段、100% 完成可比较；其他阶段或拓扑暂无严格配对基线
exp05,E6__M2,E6,M2,1,600000,188.98312236286924,159.59071729957805,7.81434599156118,21.58227848101266,0.79,False,3,,0.5474209650582362,0.4525790349417637,,,serial_runs/uagmc_6x6_T2_800k_seed1_20260920_005311/E6__M2/analysis/checkpoint_curve.csv,,,,,,,,仅 T2、同阶段、100% 完成可比较；其他阶段或拓扑暂无严格配对基线
exp05,E6__M2,E6,M2,1,650000,198.3893442622951,169.9795081967213,7.463114754098361,20.950819672131146,0.8133333333333334,False,3,,0.5174708818635607,0.4825291181364393,,,serial_runs/uagmc_6x6_T2_800k_seed1_20260920_005311/E6__M2/analysis/checkpoint_curve.csv,,,,,,,,仅 T2、同阶段、100% 完成可比较；其他阶段或拓扑暂无严格配对基线
exp05,E6__M2,E6,M2,1,700000,198.17283950617283,169.90534979423867,7.411522633744856,20.86008230452675,0.81,False,3,,0.480865224625624,0.519134775374376,,,serial_runs/uagmc_6x6_T2_800k_seed1_20260920_005311/E6__M2/analysis/checkpoint_curve.csv,,,,,,,,仅 T2、同阶段、100% 完成可比较；其他阶段或拓扑暂无严格配对基线
exp05,E6__M2,E6,M2,1,750000,198.55737704918033,170.29098360655738,7.401639344262295,20.868852459016395,0.8133333333333334,False,3,,0.5224625623960066,0.47753743760399336,,,serial_runs/uagmc_6x6_T2_800k_seed1_20260920_005311/E6__M2/analysis/checkpoint_curve.csv,,,,,,,,仅 T2、同阶段、100% 完成可比较；其他阶段或拓扑暂无严格配对基线
exp05,E6__M2,E6,M2,1,800000,198.28395061728395,169.88477366255145,7.54320987654321,20.86008230452675,0.81,False,3,,0.5174708818635607,0.4825291181364393,,,serial_runs/uagmc_6x6_T2_800k_seed1_20260920_005311/E6__M2/analysis/checkpoint_curve.csv,,,,,,,,仅 T2、同阶段、100% 完成可比较；其他阶段或拓扑暂无严格配对基线
exp05,E6__M3,E6,M3,1,50000,284.44554455445547,259.43564356435644,5.980198019801979,19.03960396039604,0.33666666666666667,False,3,,0.0016638935108153079,0.9983361064891847,,,serial_runs/uagmc_6x6_T2_800k_seed1_20260920_005311/E6__M3/analysis/checkpoint_curve.csv,,,,,,,,仅 T2、同阶段、100% 完成可比较；其他阶段或拓扑暂无严格配对基线
exp05,E6__M3,E6,M3,1,100000,241.77540106951872,216.2673796791444,6.294117647058823,19.25668449197861,0.6233333333333333,False,3,,0.021630615640599,0.978369384359401,,,serial_runs/uagmc_6x6_T2_800k_seed1_20260920_005311/E6__M3/analysis/checkpoint_curve.csv,,,,,,,,仅 T2、同阶段、100% 完成可比较；其他阶段或拓扑暂无严格配对基线
exp05,E6__M3,E6,M3,1,150000,224.82352941176472,199.3088235294118,6.264705882352941,19.254901960784313,0.68,False,3,,0.023294509151414306,0.9767054908485857,,,serial_runs/uagmc_6x6_T2_800k_seed1_20260920_005311/E6__M3/analysis/checkpoint_curve.csv,,,,,,,,仅 T2、同阶段、100% 完成可比较；其他阶段或拓扑暂无严格配对基线
exp05,E6__M3,E6,M3,1,200000,222.31884057971016,196.78260869565216,6.270531400966184,19.270531400966185,0.69,False,3,,0.024958402662229612,0.9750415973377704,,,serial_runs/uagmc_6x6_T2_800k_seed1_20260920_005311/E6__M3/analysis/checkpoint_curve.csv,,,,,,,,仅 T2、同阶段、100% 完成可比较；其他阶段或拓扑暂无严格配对基线
exp05,E6__M3,E6,M3,1,250000,222.31884057971016,196.78260869565216,6.270531400966184,19.270531400966185,0.69,False,3,,0.024958402662229612,0.9750415973377704,,,serial_runs/uagmc_6x6_T2_800k_seed1_20260920_005311/E6__M3/analysis/checkpoint_curve.csv,,,,,,,,仅 T2、同阶段、100% 完成可比较；其他阶段或拓扑暂无严格配对基线
exp05,E6__M3,E6,M3,1,300000,213.29090909090908,187.68181818181816,6.2681818181818185,19.345454545454544,0.7333333333333333,False,3,,0.06655574043261231,0.9334442595673876,,,serial_runs/uagmc_6x6_T2_800k_seed1_20260920_005311/E6__M3/analysis/checkpoint_curve.csv,,,,,,,,仅 T2、同阶段、100% 完成可比较；其他阶段或拓扑暂无严格配对基线
exp05,E6__M3,E6,M3,1,350000,205.52340425531915,179.5659574468085,6.519148936170214,19.493617021276595,0.7833333333333333,False,3,,0.33777038269550747,0.6622296173044925,,,serial_runs/uagmc_6x6_T2_800k_seed1_20260920_005311/E6__M3/analysis/checkpoint_curve.csv,,,,,,,,仅 T2、同阶段、100% 完成可比较；其他阶段或拓扑暂无严格配对基线
exp05,E6__M3,E6,M3,1,400000,204.0,178.1302521008403,6.420168067226892,19.50420168067227,0.7933333333333333,False,3,,0.43427620632279534,0.5657237936772047,,,serial_runs/uagmc_6x6_T2_800k_seed1_20260920_005311/E6__M3/analysis/checkpoint_curve.csv,,,,,,,,仅 T2、同阶段、100% 完成可比较；其他阶段或拓扑暂无严格配对基线
exp05,E6__M3,E6,M3,1,450000,201.9873417721519,176.0928270042194,6.443037974683544,19.50632911392405,0.79,False,3,,0.4475873544093178,0.5524126455906821,,,serial_runs/uagmc_6x6_T2_800k_seed1_20260920_005311/E6__M3/analysis/checkpoint_curve.csv,,,,,,,,仅 T2、同阶段、100% 完成可比较；其他阶段或拓扑暂无严格配对基线
exp05,E6__M3,E6,M3,1,500000,201.32635983263597,175.3723849372385,6.502092050209204,19.502092050209207,0.7966666666666665,False,3,,0.4292845257903494,0.5707154742096506,,,serial_runs/uagmc_6x6_T2_800k_seed1_20260920_005311/E6__M3/analysis/checkpoint_curve.csv,,,,,,,,仅 T2、同阶段、100% 完成可比较；其他阶段或拓扑暂无严格配对基线
exp05,E6__M3,E6,M3,1,550000,201.88702928870293,175.94142259414227,6.489539748953976,19.502092050209207,0.7966666666666665,False,3,,0.45757071547420963,0.5424292845257903,,,serial_runs/uagmc_6x6_T2_800k_seed1_20260920_005311/E6__M3/analysis/checkpoint_curve.csv,,,,,,,,仅 T2、同阶段、100% 完成可比较；其他阶段或拓扑暂无严格配对基线
exp05,E6__M3,E6,M3,1,600000,201.93723849372384,175.99163179916317,6.493723849372384,19.502092050209207,0.7966666666666665,False,3,,0.4176372712146423,0.5823627287853578,,,serial_runs/uagmc_6x6_T2_800k_seed1_20260920_005311/E6__M3/analysis/checkpoint_curve.csv,,,,,,,,仅 T2、同阶段、100% 完成可比较；其他阶段或拓扑暂无严格配对基线
exp05,E6__M3,E6,M3,1,650000,200.81589958158995,174.8744769874477,6.489539748953976,19.502092050209207,0.7966666666666665,False,3,,0.4276206322795341,0.5723793677204659,,,serial_runs/uagmc_6x6_T2_800k_seed1_20260920_005311/E6__M3/analysis/checkpoint_curve.csv,,,,,,,,仅 T2、同阶段、100% 完成可比较；其他阶段或拓扑暂无严格配对基线
exp05,E6__M3,E6,M3,1,700000,200.67364016736403,174.70711297071134,6.510460251046024,19.502092050209207,0.7966666666666665,False,3,,0.415973377703827,0.5840266222961731,,,serial_runs/uagmc_6x6_T2_800k_seed1_20260920_005311/E6__M3/analysis/checkpoint_curve.csv,,,,,,,,仅 T2、同阶段、100% 完成可比较；其他阶段或拓扑暂无严格配对基线
exp05,E6__M3,E6,M3,1,750000,200.37759336099586,174.43153526970954,6.489626556016598,19.497925311203318,0.8033333333333333,False,3,,0.4292845257903494,0.5707154742096506,,,serial_runs/uagmc_6x6_T2_800k_seed1_20260920_005311/E6__M3/analysis/checkpoint_curve.csv,,,,,,,,仅 T2、同阶段、100% 完成可比较；其他阶段或拓扑暂无严格配对基线
exp05,E6__M3,E6,M3,1,800000,200.42916666666667,174.47916666666666,6.5,19.5,0.8000000000000002,False,3,,0.41098169717138106,0.589018302828619,,,serial_runs/uagmc_6x6_T2_800k_seed1_20260920_005311/E6__M3/analysis/checkpoint_curve.csv,,,,,,,,仅 T2、同阶段、100% 完成可比较；其他阶段或拓扑暂无严格配对基线
exp05,E6__M4,E6,M4,1,50000,283.6875,258.7604166666667,5.927083333333333,19.0,0.32,False,3,,0.0,1.0,,,serial_runs/uagmc_6x6_T2_800k_seed1_20260920_005311/E6__M4/analysis/checkpoint_curve.csv,,,,,,,,仅 T2、同阶段、100% 完成可比较；其他阶段或拓扑暂无严格配对基线
exp05,E6__M4,E6,M4,1,100000,229.85221674876848,204.1625615763547,6.45320197044335,19.275862068965516,0.6766666666666666,False,3,,0.13643926788685523,0.8635607321131448,,,serial_runs/uagmc_6x6_T2_800k_seed1_20260920_005311/E6__M4/analysis/checkpoint_curve.csv,,,,,,,,仅 T2、同阶段、100% 完成可比较；其他阶段或拓扑暂无严格配对基线
exp05,E6__M4,E6,M4,1,150000,198.51249999999996,172.32499999999996,6.695833333333334,19.5,0.8000000000000002,False,3,,0.11980033277870217,0.8801996672212978,,,serial_runs/uagmc_6x6_T2_800k_seed1_20260920_005311/E6__M4/analysis/checkpoint_curve.csv,,,,,,,,仅 T2、同阶段、100% 完成可比较；其他阶段或拓扑暂无严格配对基线
exp05,E6__M4,E6,M4,1,200000,194.88381742738588,168.7551867219917,6.634854771784233,19.497925311203318,0.8033333333333333,False,3,,0.30282861896838603,0.6971713810316139,,,serial_runs/uagmc_6x6_T2_800k_seed1_20260920_005311/E6__M4/analysis/checkpoint_curve.csv,,,,,,,,仅 T2、同阶段、100% 完成可比较；其他阶段或拓扑暂无严格配对基线
exp05,E6__M4,E6,M4,1,250000,198.68049792531122,172.5767634854772,6.630705394190872,19.497925311203318,0.8033333333333333,False,3,,0.1497504159733777,0.8502495840266223,,,serial_runs/uagmc_6x6_T2_800k_seed1_20260920_005311/E6__M4/analysis/checkpoint_curve.csv,,,,,,,,仅 T2、同阶段、100% 完成可比较；其他阶段或拓扑暂无严格配对基线
exp05,E6__M4,E6,M4,1,300000,198.7704918032787,172.5204918032787,6.647540983606557,19.60655737704918,0.8133333333333334,False,3,,0.41430948419301167,0.5856905158069884,,,serial_runs/uagmc_6x6_T2_800k_seed1_20260920_005311/E6__M4/analysis/checkpoint_curve.csv,,,,,,,,仅 T2、同阶段、100% 完成可比较；其他阶段或拓扑暂无严格配对基线
exp05,E6__M4,E6,M4,1,350000,199.39506172839506,172.59670781893,6.8312757201646095,19.97119341563786,0.81,False,3,,0.3993344425956738,0.6006655574043261,,,serial_runs/uagmc_6x6_T2_800k_seed1_20260920_005311/E6__M4/analysis/checkpoint_curve.csv,,,,,,,,仅 T2、同阶段、100% 完成可比较；其他阶段或拓扑暂无严格配对基线
exp05,E6__M4,E6,M4,1,400000,198.63223140495867,171.97107438016528,6.7727272727272725,19.892561983471076,0.8066666666666666,False,3,,0.415973377703827,0.5840266222961731,,,serial_runs/uagmc_6x6_T2_800k_seed1_20260920_005311/E6__M4/analysis/checkpoint_curve.csv,,,,,,,,仅 T2、同阶段、100% 完成可比较；其他阶段或拓扑暂无严格配对基线
exp05,E6__M4,E6,M4,1,450000,199.890243902439,173.20325203252034,6.715447154471545,19.975609756097562,0.82,False,3,,0.49916805324459235,0.5008319467554077,,,serial_runs/uagmc_6x6_T2_800k_seed1_20260920_005311/E6__M4/analysis/checkpoint_curve.csv,,,,,,,,仅 T2、同阶段、100% 完成可比较；其他阶段或拓扑暂无严格配对基线
exp05,E6__M4,E6,M4,1,500000,197.33057851239673,171.02479338842974,6.5661157024793395,19.74380165289256,0.8066666666666666,False,3,,0.46589018302828616,0.5341098169717138,,,serial_runs/uagmc_6x6_T2_800k_seed1_20260920_005311/E6__M4/analysis/checkpoint_curve.csv,,,,,,,,仅 T2、同阶段、100% 完成可比较；其他阶段或拓扑暂无严格配对基线
exp05,E6__M4,E6,M4,1,550000,198.80578512396696,172.28099173553719,6.669421487603306,19.859504132231404,0.8066666666666666,False,3,,0.49584026622296173,0.5041597337770383,,,serial_runs/uagmc_6x6_T2_800k_seed1_20260920_005311/E6__M4/analysis/checkpoint_curve.csv,,,,,,,,仅 T2、同阶段、100% 完成可比较；其他阶段或拓扑暂无严格配对基线
exp05,E6__M4,E6,M4,1,600000,200.81707317073173,174.21544715447155,6.630081300813008,19.975609756097562,0.82,False,3,,0.47920133111480867,0.5207986688851913,,,serial_runs/uagmc_6x6_T2_800k_seed1_20260920_005311/E6__M4/analysis/checkpoint_curve.csv,,,,,,,,仅 T2、同阶段、100% 完成可比较；其他阶段或拓扑暂无严格配对基线
exp05,E6__M4,E6,M4,1,650000,200.71951219512195,174.21138211382114,6.520325203252033,19.991869918699187,0.82,False,3,,0.47753743760399336,0.5224625623960066,,,serial_runs/uagmc_6x6_T2_800k_seed1_20260920_005311/E6__M4/analysis/checkpoint_curve.csv,,,,,,,,仅 T2、同阶段、100% 完成可比较；其他阶段或拓扑暂无严格配对基线
exp05,E6__M4,E6,M4,1,700000,198.34439834024897,171.95850622406638,6.493775933609958,19.896265560165975,0.8033333333333333,False,3,,0.45923460898502494,0.540765391014975,,,serial_runs/uagmc_6x6_T2_800k_seed1_20260920_005311/E6__M4/analysis/checkpoint_curve.csv,,,,,,,,仅 T2、同阶段、100% 完成可比较；其他阶段或拓扑暂无严格配对基线
exp05,E6__M4,E6,M4,1,750000,200.79268292682926,174.2560975609756,6.565040650406504,19.975609756097562,0.82,False,3,,0.43594009983361065,0.5640599001663894,,,serial_runs/uagmc_6x6_T2_800k_seed1_20260920_005311/E6__M4/analysis/checkpoint_curve.csv,,,,,,,,仅 T2、同阶段、100% 完成可比较；其他阶段或拓扑暂无严格配对基线
exp05,E6__M4,E6,M4,1,800000,197.8298755186722,171.69709543568464,6.443983402489626,19.713692946058092,0.8033333333333333,False,3,,0.405990016638935,0.5940099833610649,,,serial_runs/uagmc_6x6_T2_800k_seed1_20260920_005311/E6__M4/analysis/checkpoint_curve.csv,,,,,,,,仅 T2、同阶段、100% 完成可比较；其他阶段或拓扑暂无严格配对基线
exp05,E6__M5,E6,M5,1,50000,237.97854077253223,206.43347639484978,8.549356223175966,23.0,0.7766666666666667,False,3,,1.0,0.0,,,serial_runs/uagmc_6x6_T2_800k_seed1_20260920_005311/E6__M5/analysis/checkpoint_curve.csv,,,,,,,,仅 T2、同阶段、100% 完成可比较；其他阶段或拓扑暂无严格配对基线
exp05,E6__M5,E6,M5,1,100000,237.97854077253223,206.43347639484978,8.549356223175966,23.0,0.7766666666666667,False,3,,1.0,0.0,,,serial_runs/uagmc_6x6_T2_800k_seed1_20260920_005311/E6__M5/analysis/checkpoint_curve.csv,,,,,,,,仅 T2、同阶段、100% 完成可比较；其他阶段或拓扑暂无严格配对基线
exp05,E6__M5,E6,M5,1,150000,237.69957081545064,206.19742489270388,8.527896995708154,22.98283261802575,0.7766666666666667,False,3,,0.8386023294509152,0.16139767054908485,,,serial_runs/uagmc_6x6_T2_800k_seed1_20260920_005311/E6__M5/analysis/checkpoint_curve.csv,,,,,,,,仅 T2、同阶段、100% 完成可比较；其他阶段或拓扑暂无严格配对基线
exp05,E6__M5,E6,M5,1,200000,236.8153153153153,205.38738738738735,8.495495495495495,22.945945945945947,0.7399999999999999,False,3,,0.8069883527454241,0.19301164725457567,,,serial_runs/uagmc_6x6_T2_800k_seed1_20260920_005311/E6__M5/analysis/checkpoint_curve.csv,,,,,,,,仅 T2、同阶段、100% 完成可比较；其他阶段或拓扑暂无严格配对基线
exp05,E6__M5,E6,M5,1,250000,232.83091787439614,201.68115942028984,8.347826086956522,22.806763285024157,0.69,False,3,,0.9118136439267887,0.0881863560732113,,,serial_runs/uagmc_6x6_T2_800k_seed1_20260920_005311/E6__M5/analysis/checkpoint_curve.csv,,,,,,,,仅 T2、同阶段、100% 完成可比较；其他阶段或拓扑暂无严格配对基线
exp05,E6__M5,E6,M5,1,300000,230.78260869565216,199.6425120772947,8.33816425120773,22.806763285024157,0.69,False,3,,0.8635607321131448,0.13643926788685523,,,serial_runs/uagmc_6x6_T2_800k_seed1_20260920_005311/E6__M5/analysis/checkpoint_curve.csv,,,,,,,,仅 T2、同阶段、100% 完成可比较；其他阶段或拓扑暂无严格配对基线
exp05,E6__M5,E6,M5,1,350000,228.32850241545893,197.2415458937198,8.285024154589372,22.806763285024157,0.69,False,3,,0.9151414309484193,0.08485856905158069,,,serial_runs/uagmc_6x6_T2_800k_seed1_20260920_005311/E6__M5/analysis/checkpoint_curve.csv,,,,,,,,仅 T2、同阶段、100% 完成可比较；其他阶段或拓扑暂无严格配对基线
exp05,E6__M5,E6,M5,1,400000,224.487922705314,193.38647342995168,8.29951690821256,22.806763285024157,0.69,False,3,,0.8535773710482529,0.1464226289517471,,,serial_runs/uagmc_6x6_T2_800k_seed1_20260920_005311/E6__M5/analysis/checkpoint_curve.csv,,,,,,,,仅 T2、同阶段、100% 完成可比较；其他阶段或拓扑暂无严格配对基线
exp05,E6__M5,E6,M5,1,450000,223.3574879227053,192.23671497584542,8.318840579710145,22.806763285024157,0.69,False,3,,0.8219633943427621,0.17803660565723792,,,serial_runs/uagmc_6x6_T2_800k_seed1_20260920_005311/E6__M5/analysis/checkpoint_curve.csv,,,,,,,,仅 T2、同阶段、100% 完成可比较；其他阶段或拓扑暂无严格配对基线
exp05,E6__M5,E6,M5,1,500000,234.81735159817353,204.05936073059357,8.164383561643836,22.59817351598174,0.73,False,3,,0.7537437603993343,0.24625623960066556,,,serial_runs/uagmc_6x6_T2_800k_seed1_20260920_005311/E6__M5/analysis/checkpoint_curve.csv,,,,,,,,仅 T2、同阶段、100% 完成可比较；其他阶段或拓扑暂无严格配对基线
exp05,E6__M5,E6,M5,1,550000,236.19999999999996,205.66363636363636,8.104545454545455,22.436363636363637,0.7333333333333333,False,3,,0.7071547420965058,0.2928452579034942,,,serial_runs/uagmc_6x6_T2_800k_seed1_20260920_005311/E6__M5/analysis/checkpoint_curve.csv,,,,,,,,仅 T2、同阶段、100% 完成可比较；其他阶段或拓扑暂无严格配对基线
exp05,E6__M5,E6,M5,1,600000,235.1409090909091,205.4363636363636,7.709090909090908,22.0,0.7333333333333333,False,3,,0.6173044925124792,0.38269550748752074,,,serial_runs/uagmc_6x6_T2_800k_seed1_20260920_005311/E6__M5/analysis/checkpoint_curve.csv,,,,,,,,仅 T2、同阶段、100% 完成可比较；其他阶段或拓扑暂无严格配对基线
exp05,E6__M5,E6,M5,1,650000,232.29906542056074,202.2943925233645,7.850467289719627,22.1588785046729,0.7133333333333334,False,3,,0.5990016638935108,0.4009983361064891,,,serial_runs/uagmc_6x6_T2_800k_seed1_20260920_005311/E6__M5/analysis/checkpoint_curve.csv,,,,,,,,仅 T2、同阶段、100% 完成可比较；其他阶段或拓扑暂无严格配对基线
exp05,E6__M5,E6,M5,1,700000,233.92592592592595,203.78703703703704,7.99537037037037,22.14814814814815,0.7200000000000001,False,3,,0.6073211314475874,0.3926788685524126,,,serial_runs/uagmc_6x6_T2_800k_seed1_20260920_005311/E6__M5/analysis/checkpoint_curve.csv,,,,,,,,仅 T2、同阶段、100% 完成可比较；其他阶段或拓扑暂无严格配对基线
exp05,E6__M5,E6,M5,1,750000,233.7336448598131,203.47196261682242,7.9953271028037385,22.27102803738318,0.7133333333333334,False,3,,0.610648918469218,0.38935108153078196,,,serial_runs/uagmc_6x6_T2_800k_seed1_20260920_005311/E6__M5/analysis/checkpoint_curve.csv,,,,,,,,仅 T2、同阶段、100% 完成可比较；其他阶段或拓扑暂无严格配对基线
exp05,E6__M5,E6,M5,1,800000,234.14285714285714,204.073732718894,7.903225806451613,22.170506912442395,0.7233333333333333,False,3,,0.6239600665557404,0.3760399334442595,,,serial_runs/uagmc_6x6_T2_800k_seed1_20260920_005311/E6__M5/analysis/checkpoint_curve.csv,,,,,,,,仅 T2、同阶段、100% 完成可比较；其他阶段或拓扑暂无严格配对基线
