experiment,cell,env,method,train_seed,step,att_min,awt_min,agt_min,aft_min,completion_rate,full_completion,n_eval_seeds,n_valid,passenger_v0_share,passenger_v1_share,aircraft_v0_share,aircraft_v1_share,source,analytic_baseline,analytic_att_min,analytic_evidence,uagmc_baseline,uagmc_best_att_min,uagmc_final_att_min,uagmc_evidence,baseline_comparability_note
exp07,J0__M0,J0,M0,1,50000,nan,nan,7.527424863681311,21.455470411844768,0.9522222222222222,False,3,0,0.005499450054994501,0.0219311402193114,,,serial_runs/uam_7x12_600k_seed1_20260922_012649/J0__M0/analysis/checkpoint_curve.csv,MPTC,85.33,项目交接参考；当前归档未找到原始 S 阶段解析 CSV,UAGMC_SOURCE passenger-only + LQ,84.19,128.76,exp11 同包曲线；训练种子 1；评估种子 123-125,Joint 与 passenger-only 控制权不同；跨矩阵训练实现/guard 未必完全锁定；本矩阵 guard=10000，后期参考 guard=2500
exp07,J0__M0,J0,M0,1,100000,nan,nan,6.991346968805657,21.353255805285325,0.9011111111111111,False,3,0,0.0034329900343299004,0.9605372796053727,,,serial_runs/uam_7x12_600k_seed1_20260922_012649/J0__M0/analysis/checkpoint_curve.csv,MPTC,85.33,项目交接参考；当前归档未找到原始 S 阶段解析 CSV,UAGMC_SOURCE passenger-only + LQ,84.19,128.76,exp11 同包曲线；训练种子 1；评估种子 123-125,Joint 与 passenger-only 控制权不同；跨矩阵训练实现/guard 未必完全锁定；本矩阵 guard=10000，后期参考 guard=2500
exp07,J0__M0,J0,M0,1,150000,nan,nan,6.952501563477173,21.15809881175735,0.851111111111111,False,3,0,0.007799220077992201,0.9486384694863846,,,serial_runs/uam_7x12_600k_seed1_20260922_012649/J0__M0/analysis/checkpoint_curve.csv,MPTC,85.33,项目交接参考；当前归档未找到原始 S 阶段解析 CSV,UAGMC_SOURCE passenger-only + LQ,84.19,128.76,exp11 同包曲线；训练种子 1；评估种子 123-125,Joint 与 passenger-only 控制权不同；跨矩阵训练实现/guard 未必完全锁定；本矩阵 guard=10000，后期参考 guard=2500
exp07,J0__M0,J0,M0,1,200000,nan,nan,7.290093170780057,21.977976013480028,0.19555555555555557,False,3,0,0.0076992300769923,0.0013665300136653001,,,serial_runs/uam_7x12_600k_seed1_20260922_012649/J0__M0/analysis/checkpoint_curve.csv,MPTC,85.33,项目交接参考；当前归档未找到原始 S 阶段解析 CSV,UAGMC_SOURCE passenger-only + LQ,84.19,128.76,exp11 同包曲线；训练种子 1；评估种子 123-125,Joint 与 passenger-only 控制权不同；跨矩阵训练实现/guard 未必完全锁定；本矩阵 guard=10000，后期参考 guard=2500
exp07,J0__M0,J0,M0,1,250000,nan,nan,6.620538926616618,20.77937983071092,0.8544444444444445,False,3,0,0.3206012732060128,0.0077658900776589,,,serial_runs/uam_7x12_600k_seed1_20260922_012649/J0__M0/analysis/checkpoint_curve.csv,MPTC,85.33,项目交接参考；当前归档未找到原始 S 阶段解析 CSV,UAGMC_SOURCE passenger-only + LQ,84.19,128.76,exp11 同包曲线；训练种子 1；评估种子 123-125,Joint 与 passenger-only 控制权不同；跨矩阵训练实现/guard 未必完全锁定；本矩阵 guard=10000，后期参考 guard=2500
exp07,J0__M0,J0,M0,1,300000,nan,nan,6.344606561663997,20.164205843985542,0.9344444444444444,False,3,0,0.010898910108989102,0.002666400026664,,,serial_runs/uam_7x12_600k_seed1_20260922_012649/J0__M0/analysis/checkpoint_curve.csv,MPTC,85.33,项目交接参考；当前归档未找到原始 S 阶段解析 CSV,UAGMC_SOURCE passenger-only + LQ,84.19,128.76,exp11 同包曲线；训练种子 1；评估种子 123-125,Joint 与 passenger-only 控制权不同；跨矩阵训练实现/guard 未必完全锁定；本矩阵 guard=10000，后期参考 guard=2500
exp07,J0__M0,J0,M0,1,350000,nan,nan,7.141304347826086,21.777034559643255,0.16666666666666666,False,3,0,0.009899010098990102,0.0002666400026664,,,serial_runs/uam_7x12_600k_seed1_20260922_012649/J0__M0/analysis/checkpoint_curve.csv,MPTC,85.33,项目交接参考；当前归档未找到原始 S 阶段解析 CSV,UAGMC_SOURCE passenger-only + LQ,84.19,128.76,exp11 同包曲线；训练种子 1；评估种子 123-125,Joint 与 passenger-only 控制权不同；跨矩阵训练实现/guard 未必完全锁定；本矩阵 guard=10000，后期参考 guard=2500
exp07,J0__M0,J0,M0,1,400000,nan,nan,7.082855673133451,21.24970605526161,0.3344444444444445,False,3,0,0.012432090124320902,0.0016331700163317003,,,serial_runs/uam_7x12_600k_seed1_20260922_012649/J0__M0/analysis/checkpoint_curve.csv,MPTC,85.33,项目交接参考；当前归档未找到原始 S 阶段解析 CSV,UAGMC_SOURCE passenger-only + LQ,84.19,128.76,exp11 同包曲线；训练种子 1；评估种子 123-125,Joint 与 passenger-only 控制权不同；跨矩阵训练实现/guard 未必完全锁定；本矩阵 guard=10000，后期参考 guard=2500
exp07,J0__M0,J0,M0,1,450000,nan,nan,6.955684666210982,21.080521168240466,0.3322222222222222,False,3,0,0.009665700096657,0.0007665900076659002,,,serial_runs/uam_7x12_600k_seed1_20260922_012649/J0__M0/analysis/checkpoint_curve.csv,MPTC,85.33,项目交接参考；当前归档未找到原始 S 阶段解析 CSV,UAGMC_SOURCE passenger-only + LQ,84.19,128.76,exp11 同包曲线；训练种子 1；评估种子 123-125,Joint 与 passenger-only 控制权不同；跨矩阵训练实现/guard 未必完全锁定；本矩阵 guard=10000，后期参考 guard=2500
exp07,J0__M0,J0,M0,1,500000,355.80888888888893,327.5711111111111,6.727777777777778,20.555555555555554,1.0,True,3,3,0.20644359020628264,0.059485101671178514,,,serial_runs/uam_7x12_600k_seed1_20260922_012649/J0__M0/analysis/checkpoint_curve.csv,MPTC,85.33,项目交接参考；当前归档未找到原始 S 阶段解析 CSV,UAGMC_SOURCE passenger-only + LQ,84.19,128.76,exp11 同包曲线；训练种子 1；评估种子 123-125,Joint 与 passenger-only 控制权不同；跨矩阵训练实现/guard 未必完全锁定；本矩阵 guard=10000，后期参考 guard=2500
exp07,J0__M0,J0,M0,1,550000,366.0233333333333,338.00666666666666,6.576472128694351,20.699049756827534,0.5211111111111112,False,3,1,0.06197369631392083,0.020212487819385668,,,serial_runs/uam_7x12_600k_seed1_20260922_012649/J0__M0/analysis/checkpoint_curve.csv,MPTC,85.33,项目交接参考；当前归档未找到原始 S 阶段解析 CSV,UAGMC_SOURCE passenger-only + LQ,84.19,128.76,exp11 同包曲线；训练种子 1；评估种子 123-125,Joint 与 passenger-only 控制权不同；跨矩阵训练实现/guard 未必完全锁定；本矩阵 guard=10000，后期参考 guard=2500
exp07,J0__M0,J0,M0,1,600000,222.70166666666665,194.57666666666665,6.623716475095786,20.554329501915706,0.9888888888888889,False,3,2,0.10214656983228217,0.09130316310072016,,,serial_runs/uam_7x12_600k_seed1_20260922_012649/J0__M0/analysis/checkpoint_curve.csv,MPTC,85.33,项目交接参考；当前归档未找到原始 S 阶段解析 CSV,UAGMC_SOURCE passenger-only + LQ,84.19,128.76,exp11 同包曲线；训练种子 1；评估种子 123-125,Joint 与 passenger-only 控制权不同；跨矩阵训练实现/guard 未必完全锁定；本矩阵 guard=10000，后期参考 guard=2500
exp07,J0__M1,J0,M1,1,50000,188.36444444444444,157.99444444444444,7.7877777777777775,21.62222222222222,1.0,True,3,3,0.06777268847625732,0.5503636145992719,,,serial_runs/uam_7x12_600k_seed1_20260922_012649/J0__M1/analysis/checkpoint_curve.csv,MPTC,85.33,项目交接参考；当前归档未找到原始 S 阶段解析 CSV,UAGMC_SOURCE passenger-only + LQ,84.19,128.76,exp11 同包曲线；训练种子 1；评估种子 123-125,Joint 与 passenger-only 控制权不同；跨矩阵训练实现/guard 未必完全锁定；本矩阵 guard=10000，后期参考 guard=2500
exp07,J0__M1,J0,M1,1,100000,182.06,151.13333333333333,7.871180267404334,22.127911479944675,0.9344444444444444,False,3,2,0.07012101210857662,0.3998187766638945,,,serial_runs/uam_7x12_600k_seed1_20260922_012649/J0__M1/analysis/checkpoint_curve.csv,MPTC,85.33,项目交接参考；当前归档未找到原始 S 阶段解析 CSV,UAGMC_SOURCE passenger-only + LQ,84.19,128.76,exp11 同包曲线；训练种子 1；评估种子 123-125,Joint 与 passenger-only 控制权不同；跨矩阵训练实现/guard 未必完全锁定；本矩阵 guard=10000，后期参考 guard=2500
exp07,J0__M1,J0,M1,1,150000,nan,nan,8.340280215536238,22.846559164717743,0.8977777777777778,False,3,0,0.9525714095257141,0.0390294303902943,,,serial_runs/uam_7x12_600k_seed1_20260922_012649/J0__M1/analysis/checkpoint_curve.csv,MPTC,85.33,项目交接参考；当前归档未找到原始 S 阶段解析 CSV,UAGMC_SOURCE passenger-only + LQ,84.19,128.76,exp11 同包曲线；训练种子 1；评估种子 123-125,Joint 与 passenger-only 控制权不同；跨矩阵训练实现/guard 未必完全锁定；本矩阵 guard=10000，后期参考 guard=2500
exp07,J0__M1,J0,M1,1,200000,nan,nan,8.157324825479103,22.772846859886908,0.6644444444444444,False,3,0,0.03722961037229611,0.9494717194947172,,,serial_runs/uam_7x12_600k_seed1_20260922_012649/J0__M1/analysis/checkpoint_curve.csv,MPTC,85.33,项目交接参考；当前归档未找到原始 S 阶段解析 CSV,UAGMC_SOURCE passenger-only + LQ,84.19,128.76,exp11 同包曲线；训练种子 1；评估种子 123-125,Joint 与 passenger-only 控制权不同；跨矩阵训练实现/guard 未必完全锁定；本矩阵 guard=10000，后期参考 guard=2500
exp07,J0__M1,J0,M1,1,250000,nan,nan,7.955582885143713,22.1971518705498,0.6144444444444445,False,3,0,0.9611705496117056,0.0154651201546512,,,serial_runs/uam_7x12_600k_seed1_20260922_012649/J0__M1/analysis/checkpoint_curve.csv,MPTC,85.33,项目交接参考；当前归档未找到原始 S 阶段解析 CSV,UAGMC_SOURCE passenger-only + LQ,84.19,128.76,exp11 同包曲线；训练种子 1；评估种子 123-125,Joint 与 passenger-only 控制权不同；跨矩阵训练实现/guard 未必完全锁定；本矩阵 guard=10000，后期参考 guard=2500
exp07,J0__M1,J0,M1,1,300000,nan,nan,7.997825840821761,22.371574301652334,0.6977777777777779,False,3,0,0.6398026863980268,0.021497850214978503,,,serial_runs/uam_7x12_600k_seed1_20260922_012649/J0__M1/analysis/checkpoint_curve.csv,MPTC,85.33,项目交接参考；当前归档未找到原始 S 阶段解析 CSV,UAGMC_SOURCE passenger-only + LQ,84.19,128.76,exp11 同包曲线；训练种子 1；评估种子 123-125,Joint 与 passenger-only 控制权不同；跨矩阵训练实现/guard 未必完全锁定；本矩阵 guard=10000，后期参考 guard=2500
exp07,J0__M1,J0,M1,1,350000,nan,nan,7.816846787887364,22.279101221640488,0.5955555555555555,False,3,0,0.9606039396060394,0.0188981101889811,,,serial_runs/uam_7x12_600k_seed1_20260922_012649/J0__M1/analysis/checkpoint_curve.csv,MPTC,85.33,项目交接参考；当前归档未找到原始 S 阶段解析 CSV,UAGMC_SOURCE passenger-only + LQ,84.19,128.76,exp11 同包曲线；训练种子 1；评估种子 123-125,Joint 与 passenger-only 控制权不同；跨矩阵训练实现/guard 未必完全锁定；本矩阵 guard=10000，后期参考 guard=2500
exp07,J0__M1,J0,M1,1,400000,nan,nan,7.770805866907815,21.89015492253873,0.6888888888888888,False,3,0,0.0055661100556611,0.015698430156984303,,,serial_runs/uam_7x12_600k_seed1_20260922_012649/J0__M1/analysis/checkpoint_curve.csv,MPTC,85.33,项目交接参考；当前归档未找到原始 S 阶段解析 CSV,UAGMC_SOURCE passenger-only + LQ,84.19,128.76,exp11 同包曲线；训练种子 1；评估种子 123-125,Joint 与 passenger-only 控制权不同；跨矩阵训练实现/guard 未必完全锁定；本矩阵 guard=10000，后期参考 guard=2500
exp07,J0__M1,J0,M1,1,450000,nan,nan,7.815999808152751,21.91913461744775,0.5277777777777778,False,3,0,0.9607039296070393,0.01333200013332,,,serial_runs/uam_7x12_600k_seed1_20260922_012649/J0__M1/analysis/checkpoint_curve.csv,MPTC,85.33,项目交接参考；当前归档未找到原始 S 阶段解析 CSV,UAGMC_SOURCE passenger-only + LQ,84.19,128.76,exp11 同包曲线；训练种子 1；评估种子 123-125,Joint 与 passenger-only 控制权不同；跨矩阵训练实现/guard 未必完全锁定；本矩阵 guard=10000，后期参考 guard=2500
exp07,J0__M1,J0,M1,1,500000,nan,nan,7.718926661573721,21.87450980392157,0.4777777777777778,False,3,0,0.96000399960004,0.0138652801386528,,,serial_runs/uam_7x12_600k_seed1_20260922_012649/J0__M1/analysis/checkpoint_curve.csv,MPTC,85.33,项目交接参考；当前归档未找到原始 S 阶段解析 CSV,UAGMC_SOURCE passenger-only + LQ,84.19,128.76,exp11 同包曲线；训练种子 1；评估种子 123-125,Joint 与 passenger-only 控制权不同；跨矩阵训练实现/guard 未必完全锁定；本矩阵 guard=10000，后期参考 guard=2500
exp07,J0__M1,J0,M1,1,550000,nan,nan,7.572269093601406,21.940550597581552,0.5144444444444444,False,3,0,0.9575709095757091,0.013465320134653201,,,serial_runs/uam_7x12_600k_seed1_20260922_012649/J0__M1/analysis/checkpoint_curve.csv,MPTC,85.33,项目交接参考；当前归档未找到原始 S 阶段解析 CSV,UAGMC_SOURCE passenger-only + LQ,84.19,128.76,exp11 同包曲线；训练种子 1；评估种子 123-125,Joint 与 passenger-only 控制权不同；跨矩阵训练实现/guard 未必完全锁定；本矩阵 guard=10000，后期参考 guard=2500
exp07,J0__M1,J0,M1,1,600000,nan,nan,7.387715580959889,21.711215606770946,0.47222222222222215,False,3,0,0.9612038796120387,0.011298870112988703,,,serial_runs/uam_7x12_600k_seed1_20260922_012649/J0__M1/analysis/checkpoint_curve.csv,MPTC,85.33,项目交接参考；当前归档未找到原始 S 阶段解析 CSV,UAGMC_SOURCE passenger-only + LQ,84.19,128.76,exp11 同包曲线；训练种子 1；评估种子 123-125,Joint 与 passenger-only 控制权不同；跨矩阵训练实现/guard 未必完全锁定；本矩阵 guard=10000，后期参考 guard=2500
exp07,J0__M10,J0,M10,1,50000,nan,nan,8.799846800352617,22.928761308102462,0.24666666666666667,False,3,0,0.00046662000466620004,0.021731160217311602,,,serial_runs/uam_7x12_600k_seed1_20260922_012649/J0__M10/analysis/checkpoint_curve.csv,MPTC,85.33,项目交接参考；当前归档未找到原始 S 阶段解析 CSV,UAGMC_SOURCE passenger-only + LQ,84.19,128.76,exp11 同包曲线；训练种子 1；评估种子 123-125,Joint 与 passenger-only 控制权不同；跨矩阵训练实现/guard 未必完全锁定；本矩阵 guard=10000，后期参考 guard=2500
exp07,J0__M10,J0,M10,1,100000,nan,nan,8.82804092459265,22.897890615131995,0.21444444444444444,False,3,0,0.00046662000466620004,0.016698330166983303,,,serial_runs/uam_7x12_600k_seed1_20260922_012649/J0__M10/analysis/checkpoint_curve.csv,MPTC,85.33,项目交接参考；当前归档未找到原始 S 阶段解析 CSV,UAGMC_SOURCE passenger-only + LQ,84.19,128.76,exp11 同包曲线；训练种子 1；评估种子 123-125,Joint 与 passenger-only 控制权不同；跨矩阵训练实现/guard 未必完全锁定；本矩阵 guard=10000，后期参考 guard=2500
exp07,J0__M10,J0,M10,1,150000,nan,nan,8.634257550342923,22.650851040335684,0.33,False,3,0,0.0010665600106656,0.0227977202279772,,,serial_runs/uam_7x12_600k_seed1_20260922_012649/J0__M10/analysis/checkpoint_curve.csv,MPTC,85.33,项目交接参考；当前归档未找到原始 S 阶段解析 CSV,UAGMC_SOURCE passenger-only + LQ,84.19,128.76,exp11 同包曲线；训练种子 1；评估种子 123-125,Joint 与 passenger-only 控制权不同；跨矩阵训练实现/guard 未必完全锁定；本矩阵 guard=10000，后期参考 guard=2500
exp07,J0__M10,J0,M10,1,200000,nan,nan,7.945348451065041,21.234579459269458,0.7200000000000001,False,3,0,0.6403359664033597,0.0143985601439856,,,serial_runs/uam_7x12_600k_seed1_20260922_012649/J0__M10/analysis/checkpoint_curve.csv,MPTC,85.33,项目交接参考；当前归档未找到原始 S 阶段解析 CSV,UAGMC_SOURCE passenger-only + LQ,84.19,128.76,exp11 同包曲线；训练种子 1；评估种子 123-125,Joint 与 passenger-only 控制权不同；跨矩阵训练实现/guard 未必完全锁定；本矩阵 guard=10000，后期参考 guard=2500
exp07,J0__M10,J0,M10,1,250000,nan,nan,7.443309059588128,20.690992613473234,0.41,False,3,0,0.0007999200079991999,0.007999200079992002,,,serial_runs/uam_7x12_600k_seed1_20260922_012649/J0__M10/analysis/checkpoint_curve.csv,MPTC,85.33,项目交接参考；当前归档未找到原始 S 阶段解析 CSV,UAGMC_SOURCE passenger-only + LQ,84.19,128.76,exp11 同包曲线；训练种子 1；评估种子 123-125,Joint 与 passenger-only 控制权不同；跨矩阵训练实现/guard 未必完全锁定；本矩阵 guard=10000，后期参考 guard=2500
exp07,J0__M10,J0,M10,1,300000,nan,nan,7.452408883277659,20.646031119778456,0.46222222222222226,False,3,0,0.0009332400093324001,0.007965870079658701,,,serial_runs/uam_7x12_600k_seed1_20260922_012649/J0__M10/analysis/checkpoint_curve.csv,MPTC,85.33,项目交接参考；当前归档未找到原始 S 阶段解析 CSV,UAGMC_SOURCE passenger-only + LQ,84.19,128.76,exp11 同包曲线；训练种子 1；评估种子 123-125,Joint 与 passenger-only 控制权不同；跨矩阵训练实现/guard 未必完全锁定；本矩阵 guard=10000，后期参考 guard=2500
exp07,J0__M10,J0,M10,1,350000,nan,nan,7.573668470693643,20.795357960117684,0.5477777777777777,False,3,0,0.0032330100323301005,0.007132620071326201,,,serial_runs/uam_7x12_600k_seed1_20260922_012649/J0__M10/analysis/checkpoint_curve.csv,MPTC,85.33,项目交接参考；当前归档未找到原始 S 阶段解析 CSV,UAGMC_SOURCE passenger-only + LQ,84.19,128.76,exp11 同包曲线；训练种子 1；评估种子 123-125,Joint 与 passenger-only 控制权不同；跨矩阵训练实现/guard 未必完全锁定；本矩阵 guard=10000，后期参考 guard=2500
exp07,J0__M10,J0,M10,1,400000,nan,nan,7.543435480372133,21.429572024781606,0.5677777777777777,False,3,0,0.820351298203513,0.006232710062327101,,,serial_runs/uam_7x12_600k_seed1_20260922_012649/J0__M10/analysis/checkpoint_curve.csv,MPTC,85.33,项目交接参考；当前归档未找到原始 S 阶段解析 CSV,UAGMC_SOURCE passenger-only + LQ,84.19,128.76,exp11 同包曲线；训练种子 1；评估种子 123-125,Joint 与 passenger-only 控制权不同；跨矩阵训练实现/guard 未必完全锁定；本矩阵 guard=10000，后期参考 guard=2500
exp07,J0__M10,J0,M10,1,450000,nan,nan,7.771306367386977,21.785214890895627,0.45222222222222225,False,3,0,0.8939772689397727,0.0057994200579942,,,serial_runs/uam_7x12_600k_seed1_20260922_012649/J0__M10/analysis/checkpoint_curve.csv,MPTC,85.33,项目交接参考；当前归档未找到原始 S 阶段解析 CSV,UAGMC_SOURCE passenger-only + LQ,84.19,128.76,exp11 同包曲线；训练种子 1；评估种子 123-125,Joint 与 passenger-only 控制权不同；跨矩阵训练实现/guard 未必完全锁定；本矩阵 guard=10000，后期参考 guard=2500
exp07,J0__M10,J0,M10,1,500000,nan,nan,7.465365039176461,21.58391681253647,0.42333333333333334,False,3,0,0.0038662800386628005,0.0040329300403293,,,serial_runs/uam_7x12_600k_seed1_20260922_012649/J0__M10/analysis/checkpoint_curve.csv,MPTC,85.33,项目交接参考；当前归档未找到原始 S 阶段解析 CSV,UAGMC_SOURCE passenger-only + LQ,84.19,128.76,exp11 同包曲线；训练种子 1；评估种子 123-125,Joint 与 passenger-only 控制权不同；跨矩阵训练实现/guard 未必完全锁定；本矩阵 guard=10000，后期参考 guard=2500
exp07,J0__M10,J0,M10,1,550000,nan,nan,6.853760723927993,20.345746014063916,0.8622222222222223,False,3,0,0.31953471319534715,0.0055661100556611,,,serial_runs/uam_7x12_600k_seed1_20260922_012649/J0__M10/analysis/checkpoint_curve.csv,MPTC,85.33,项目交接参考；当前归档未找到原始 S 阶段解析 CSV,UAGMC_SOURCE passenger-only + LQ,84.19,128.76,exp11 同包曲线；训练种子 1；评估种子 123-125,Joint 与 passenger-only 控制权不同；跨矩阵训练实现/guard 未必完全锁定；本矩阵 guard=10000，后期参考 guard=2500
exp07,J0__M10,J0,M10,1,600000,nan,nan,6.665867223911164,20.227345721746858,0.8477777777777776,False,3,0,0.010132320101323202,0.004466220044662201,,,serial_runs/uam_7x12_600k_seed1_20260922_012649/J0__M10/analysis/checkpoint_curve.csv,MPTC,85.33,项目交接参考；当前归档未找到原始 S 阶段解析 CSV,UAGMC_SOURCE passenger-only + LQ,84.19,128.76,exp11 同包曲线；训练种子 1；评估种子 123-125,Joint 与 passenger-only 控制权不同；跨矩阵训练实现/guard 未必完全锁定；本矩阵 guard=10000，后期参考 guard=2500
exp07,J0__M11,J0,M11,1,50000,nan,nan,8.667647963901375,22.73386801738468,0.36777777777777776,False,3,0,0.0011332200113322,0.0226977302269773,,,serial_runs/uam_7x12_600k_seed1_20260922_012649/J0__M11/analysis/checkpoint_curve.csv,MPTC,85.33,项目交接参考；当前归档未找到原始 S 阶段解析 CSV,UAGMC_SOURCE passenger-only + LQ,84.19,128.76,exp11 同包曲线；训练种子 1；评估种子 123-125,Joint 与 passenger-only 控制权不同；跨矩阵训练实现/guard 未必完全锁定；本矩阵 guard=10000，后期参考 guard=2500
exp07,J0__M11,J0,M11,1,100000,179.97888888888892,150.39222222222222,7.241111111111111,21.400000000000002,1.0,True,3,3,0.07408854226148082,0.4510544865339266,,,serial_runs/uam_7x12_600k_seed1_20260922_012649/J0__M11/analysis/checkpoint_curve.csv,MPTC,85.33,项目交接参考；当前归档未找到原始 S 阶段解析 CSV,UAGMC_SOURCE passenger-only + LQ,84.19,128.76,exp11 同包曲线；训练种子 1；评估种子 123-125,Joint 与 passenger-only 控制权不同；跨矩阵训练实现/guard 未必完全锁定；本矩阵 guard=10000，后期参考 guard=2500
exp07,J0__M11,J0,M11,1,150000,234.2877777777778,203.55555555555557,7.853333333333334,21.915555555555557,1.0,True,3,3,0.10202990701963989,0.5490394510256383,,,serial_runs/uam_7x12_600k_seed1_20260922_012649/J0__M11/analysis/checkpoint_curve.csv,MPTC,85.33,项目交接参考；当前归档未找到原始 S 阶段解析 CSV,UAGMC_SOURCE passenger-only + LQ,84.19,128.76,exp11 同包曲线；训练种子 1；评估种子 123-125,Joint 与 passenger-only 控制权不同；跨矩阵训练实现/guard 未必完全锁定；本矩阵 guard=10000，后期参考 guard=2500
exp07,J0__M11,J0,M11,1,200000,287.2144444444445,255.96666666666667,8.03111111111111,22.25777777777778,1.0,True,3,3,0.09947114409837608,0.5858319888726009,,,serial_runs/uam_7x12_600k_seed1_20260922_012649/J0__M11/analysis/checkpoint_curve.csv,MPTC,85.33,项目交接参考；当前归档未找到原始 S 阶段解析 CSV,UAGMC_SOURCE passenger-only + LQ,84.19,128.76,exp11 同包曲线；训练种子 1；评估种子 123-125,Joint 与 passenger-only 控制权不同；跨矩阵训练实现/guard 未必完全锁定；本矩阵 guard=10000，后期参考 guard=2500
exp07,J0__M11,J0,M11,1,250000,222.80333333333334,191.65,7.873711937024775,22.048022702944916,0.9633333333333334,False,3,1,0.05071022460735932,0.7771015100717863,,,serial_runs/uam_7x12_600k_seed1_20260922_012649/J0__M11/analysis/checkpoint_curve.csv,MPTC,85.33,项目交接参考；当前归档未找到原始 S 阶段解析 CSV,UAGMC_SOURCE passenger-only + LQ,84.19,128.76,exp11 同包曲线；训练种子 1；评估种子 123-125,Joint 与 passenger-only 控制权不同；跨矩阵训练实现/guard 未必完全锁定；本矩阵 guard=10000，后期参考 guard=2500
exp07,J0__M11,J0,M11,1,300000,nan,nan,7.637647728464661,21.70666904320234,0.9444444444444443,False,3,0,0.6284704862847049,0.0242309102423091,,,serial_runs/uam_7x12_600k_seed1_20260922_012649/J0__M11/analysis/checkpoint_curve.csv,MPTC,85.33,项目交接参考；当前归档未找到原始 S 阶段解析 CSV,UAGMC_SOURCE passenger-only + LQ,84.19,128.76,exp11 同包曲线；训练种子 1；评估种子 123-125,Joint 与 passenger-only 控制权不同；跨矩阵训练实现/guard 未必完全锁定；本矩阵 guard=10000，后期参考 guard=2500
exp07,J0__M11,J0,M11,1,350000,169.32999999999998,139.91166666666666,7.228751902587518,21.318356164383562,0.9911111111111112,False,3,2,0.13717196408968438,0.15843282528681882,,,serial_runs/uam_7x12_600k_seed1_20260922_012649/J0__M11/analysis/checkpoint_curve.csv,MPTC,85.33,项目交接参考；当前归档未找到原始 S 阶段解析 CSV,UAGMC_SOURCE passenger-only + LQ,84.19,128.76,exp11 同包曲线；训练种子 1；评估种子 123-125,Joint 与 passenger-only 控制权不同；跨矩阵训练实现/guard 未必完全锁定；本矩阵 guard=10000，后期参考 guard=2500
exp07,J0__M11,J0,M11,1,400000,nan,nan,6.884069607156892,21.183068081343944,0.8633333333333334,False,3,0,0.0315301803153018,0.6248041862480419,,,serial_runs/uam_7x12_600k_seed1_20260922_012649/J0__M11/analysis/checkpoint_curve.csv,MPTC,85.33,项目交接参考；当前归档未找到原始 S 阶段解析 CSV,UAGMC_SOURCE passenger-only + LQ,84.19,128.76,exp11 同包曲线；训练种子 1；评估种子 123-125,Joint 与 passenger-only 控制权不同；跨矩阵训练实现/guard 未必完全锁定；本矩阵 guard=10000，后期参考 guard=2500
exp07,J0__M11,J0,M11,1,450000,nan,nan,7.0466931423414065,21.357778865440565,0.7111111111111111,False,3,0,0.021931140219311404,0.016465020164650204,,,serial_runs/uam_7x12_600k_seed1_20260922_012649/J0__M11/analysis/checkpoint_curve.csv,MPTC,85.33,项目交接参考；当前归档未找到原始 S 阶段解析 CSV,UAGMC_SOURCE passenger-only + LQ,84.19,128.76,exp11 同包曲线；训练种子 1；评估种子 123-125,Joint 与 passenger-only 控制权不同；跨矩阵训练实现/guard 未必完全锁定；本矩阵 guard=10000，后期参考 guard=2500
exp07,J0__M11,J0,M11,1,500000,216.13666666666666,186.79000000000002,7.195821596244131,21.160062597809077,0.9822222222222222,False,3,2,0.14601804471567495,0.10862141807797243,,,serial_runs/uam_7x12_600k_seed1_20260922_012649/J0__M11/analysis/checkpoint_curve.csv,MPTC,85.33,项目交接参考；当前归档未找到原始 S 阶段解析 CSV,UAGMC_SOURCE passenger-only + LQ,84.19,128.76,exp11 同包曲线；训练种子 1；评估种子 123-125,Joint 与 passenger-only 控制权不同；跨矩阵训练实现/guard 未必完全锁定；本矩阵 guard=10000，后期参考 guard=2500
exp07,J0__M11,J0,M11,1,550000,nan,nan,7.199668749087354,21.273892285520194,0.9088888888888889,False,3,0,0.014965170149651702,0.6320701263207013,,,serial_runs/uam_7x12_600k_seed1_20260922_012649/J0__M11/analysis/checkpoint_curve.csv,MPTC,85.33,项目交接参考；当前归档未找到原始 S 阶段解析 CSV,UAGMC_SOURCE passenger-only + LQ,84.19,128.76,exp11 同包曲线；训练种子 1；评估种子 123-125,Joint 与 passenger-only 控制权不同；跨矩阵训练实现/guard 未必完全锁定；本矩阵 guard=10000，后期参考 guard=2500
exp07,J0__M11,J0,M11,1,600000,nan,nan,7.20058026680415,21.12255014929862,0.8977777777777778,False,3,0,0.013565310135653102,0.32426757324267574,,,serial_runs/uam_7x12_600k_seed1_20260922_012649/J0__M11/analysis/checkpoint_curve.csv,MPTC,85.33,项目交接参考；当前归档未找到原始 S 阶段解析 CSV,UAGMC_SOURCE passenger-only + LQ,84.19,128.76,exp11 同包曲线；训练种子 1；评估种子 123-125,Joint 与 passenger-only 控制权不同；跨矩阵训练实现/guard 未必完全锁定；本矩阵 guard=10000，后期参考 guard=2500
exp07,J0__M2,J0,M2,1,50000,839.1677777777778,806.9822222222223,8.487777777777778,22.733333333333334,1.0,True,3,3,0.0011140609191111915,0.9098912723711251,,,serial_runs/uam_7x12_600k_seed1_20260922_012649/J0__M2/analysis/checkpoint_curve.csv,MPTC,85.33,项目交接参考；当前归档未找到原始 S 阶段解析 CSV,UAGMC_SOURCE passenger-only + LQ,84.19,128.76,exp11 同包曲线；训练种子 1；评估种子 123-125,Joint 与 passenger-only 控制权不同；跨矩阵训练实现/guard 未必完全锁定；本矩阵 guard=10000，后期参考 guard=2500
exp07,J0__M2,J0,M2,1,100000,nan,nan,8.118777386980634,22.15547905909352,0.5933333333333333,False,3,0,0.011065560110655603,0.9661033896610339,,,serial_runs/uam_7x12_600k_seed1_20260922_012649/J0__M2/analysis/checkpoint_curve.csv,MPTC,85.33,项目交接参考；当前归档未找到原始 S 阶段解析 CSV,UAGMC_SOURCE passenger-only + LQ,84.19,128.76,exp11 同包曲线；训练种子 1；评估种子 123-125,Joint 与 passenger-only 控制权不同；跨矩阵训练实现/guard 未必完全锁定；本矩阵 guard=10000，后期参考 guard=2500
exp07,J0__M2,J0,M2,1,150000,nan,nan,8.179974157434625,22.234227254052602,0.7000000000000001,False,3,0,0.0014331900143319,0.9787687897876879,,,serial_runs/uam_7x12_600k_seed1_20260922_012649/J0__M2/analysis/checkpoint_curve.csv,MPTC,85.33,项目交接参考；当前归档未找到原始 S 阶段解析 CSV,UAGMC_SOURCE passenger-only + LQ,84.19,128.76,exp11 同包曲线；训练种子 1；评估种子 123-125,Joint 与 passenger-only 控制权不同；跨矩阵训练实现/guard 未必完全锁定；本矩阵 guard=10000，后期参考 guard=2500
exp07,J0__M2,J0,M2,1,200000,nan,nan,8.094875709197092,21.70900147268868,0.6822222222222223,False,3,0,0.0058327500583275,0.9639702696397028,,,serial_runs/uam_7x12_600k_seed1_20260922_012649/J0__M2/analysis/checkpoint_curve.csv,MPTC,85.33,项目交接参考；当前归档未找到原始 S 阶段解析 CSV,UAGMC_SOURCE passenger-only + LQ,84.19,128.76,exp11 同包曲线；训练种子 1；评估种子 123-125,Joint 与 passenger-only 控制权不同；跨矩阵训练实现/guard 未必完全锁定；本矩阵 guard=10000，后期参考 guard=2500
exp07,J0__M2,J0,M2,1,250000,2248.0133333333333,2217.7183333333332,7.8264254646105185,21.690011862396204,0.9788888888888888,False,3,2,0.005350566515241174,0.3881881802190501,,,serial_runs/uam_7x12_600k_seed1_20260922_012649/J0__M2/analysis/checkpoint_curve.csv,MPTC,85.33,项目交接参考；当前归档未找到原始 S 阶段解析 CSV,UAGMC_SOURCE passenger-only + LQ,84.19,128.76,exp11 同包曲线；训练种子 1；评估种子 123-125,Joint 与 passenger-only 控制权不同；跨矩阵训练实现/guard 未必完全锁定；本矩阵 guard=10000，后期参考 guard=2500
exp07,J0__M2,J0,M2,1,300000,nan,nan,7.564034205231388,21.081520232506147,0.7422222222222222,False,3,0,0.31773489317734893,0.6458687464586874,,,serial_runs/uam_7x12_600k_seed1_20260922_012649/J0__M2/analysis/checkpoint_curve.csv,MPTC,85.33,项目交接参考；当前归档未找到原始 S 阶段解析 CSV,UAGMC_SOURCE passenger-only + LQ,84.19,128.76,exp11 同包曲线；训练种子 1；评估种子 123-125,Joint 与 passenger-only 控制权不同；跨矩阵训练实现/guard 未必完全锁定；本矩阵 guard=10000，后期参考 guard=2500
exp07,J0__M2,J0,M2,1,350000,319.81444444444446,290.08222222222224,7.482222222222222,21.302222222222223,1.0,True,3,3,0.38086195607724455,0.22915932366781855,,,serial_runs/uam_7x12_600k_seed1_20260922_012649/J0__M2/analysis/checkpoint_curve.csv,MPTC,85.33,项目交接参考；当前归档未找到原始 S 阶段解析 CSV,UAGMC_SOURCE passenger-only + LQ,84.19,128.76,exp11 同包曲线；训练种子 1；评估种子 123-125,Joint 与 passenger-only 控制权不同；跨矩阵训练实现/guard 未必完全锁定；本矩阵 guard=10000，后期参考 guard=2500
exp07,J0__M2,J0,M2,1,400000,nan,nan,7.582795698924731,21.1724487725705,0.898888888888889,False,3,0,0.6191714161917142,0.027463920274639203,,,serial_runs/uam_7x12_600k_seed1_20260922_012649/J0__M2/analysis/checkpoint_curve.csv,MPTC,85.33,项目交接参考；当前归档未找到原始 S 阶段解析 CSV,UAGMC_SOURCE passenger-only + LQ,84.19,128.76,exp11 同包曲线；训练种子 1；评估种子 123-125,Joint 与 passenger-only 控制权不同；跨矩阵训练实现/guard 未必完全锁定；本矩阵 guard=10000，后期参考 guard=2500
exp07,J0__M2,J0,M2,1,450000,nan,nan,7.43101343101343,21.14896214896215,0.91,False,3,0,0.0199313401993134,0.015498450154984501,,,serial_runs/uam_7x12_600k_seed1_20260922_012649/J0__M2/analysis/checkpoint_curve.csv,MPTC,85.33,项目交接参考；当前归档未找到原始 S 阶段解析 CSV,UAGMC_SOURCE passenger-only + LQ,84.19,128.76,exp11 同包曲线；训练种子 1；评估种子 123-125,Joint 与 passenger-only 控制权不同；跨矩阵训练实现/guard 未必完全锁定；本矩阵 guard=10000，后期参考 guard=2500
exp07,J0__M2,J0,M2,1,500000,nan,nan,7.704545454545454,21.525252525252526,0.88,False,3,0,0.11735493117354932,0.019698030196980302,,,serial_runs/uam_7x12_600k_seed1_20260922_012649/J0__M2/analysis/checkpoint_curve.csv,MPTC,85.33,项目交接参考；当前归档未找到原始 S 阶段解析 CSV,UAGMC_SOURCE passenger-only + LQ,84.19,128.76,exp11 同包曲线；训练种子 1；评估种子 123-125,Joint 与 passenger-only 控制权不同；跨矩阵训练实现/guard 未必完全锁定；本矩阵 guard=10000，后期参考 guard=2500
exp07,J0__M2,J0,M2,1,550000,nan,nan,7.8757921419518375,21.783269961977187,0.8766666666666666,False,3,0,0.1280538612805386,0.05472786054727861,,,serial_runs/uam_7x12_600k_seed1_20260922_012649/J0__M2/analysis/checkpoint_curve.csv,MPTC,85.33,项目交接参考；当前归档未找到原始 S 阶段解析 CSV,UAGMC_SOURCE passenger-only + LQ,84.19,128.76,exp11 同包曲线；训练种子 1；评估种子 123-125,Joint 与 passenger-only 控制权不同；跨矩阵训练实现/guard 未必完全锁定；本矩阵 guard=10000，后期参考 guard=2500
exp07,J0__M2,J0,M2,1,600000,nan,nan,7.839793281653747,21.330749354005167,0.86,False,3,0,0.05426124054261241,0.03962937039629371,,,serial_runs/uam_7x12_600k_seed1_20260922_012649/J0__M2/analysis/checkpoint_curve.csv,MPTC,85.33,项目交接参考；当前归档未找到原始 S 阶段解析 CSV,UAGMC_SOURCE passenger-only + LQ,84.19,128.76,exp11 同包曲线；训练种子 1；评估种子 123-125,Joint 与 passenger-only 控制权不同；跨矩阵训练实现/guard 未必完全锁定；本矩阵 guard=10000，后期参考 guard=2500
exp07,J0__M3,J0,M3,1,50000,294.45166666666665,263.6766666666667,8.038739977090493,21.960229095074453,0.9899999999999999,False,3,2,0.0,0.7901322815569302,,,serial_runs/uam_7x12_600k_seed1_20260922_012649/J0__M3/analysis/checkpoint_curve.csv,MPTC,85.33,项目交接参考；当前归档未找到原始 S 阶段解析 CSV,UAGMC_SOURCE passenger-only + LQ,84.19,128.76,exp11 同包曲线；训练种子 1；评估种子 123-125,Joint 与 passenger-only 控制权不同；跨矩阵训练实现/guard 未必完全锁定；本矩阵 guard=10000，后期参考 guard=2500
exp07,J0__M3,J0,M3,1,100000,114.00666666666666,84.68333333333334,7.477777777777778,20.915555555555557,1.0,True,3,3,0.0052685348007455,0.3265549503803152,,,serial_runs/uam_7x12_600k_seed1_20260922_012649/J0__M3/analysis/checkpoint_curve.csv,MPTC,85.33,项目交接参考；当前归档未找到原始 S 阶段解析 CSV,UAGMC_SOURCE passenger-only + LQ,84.19,128.76,exp11 同包曲线；训练种子 1；评估种子 123-125,Joint 与 passenger-only 控制权不同；跨矩阵训练实现/guard 未必完全锁定；本矩阵 guard=10000，后期参考 guard=2500
exp07,J0__M3,J0,M3,1,150000,137.89,108.53222222222223,7.506666666666667,20.884444444444444,1.0,True,3,3,0.06986626922041907,0.19259096900756031,,,serial_runs/uam_7x12_600k_seed1_20260922_012649/J0__M3/analysis/checkpoint_curve.csv,MPTC,85.33,项目交接参考；当前归档未找到原始 S 阶段解析 CSV,UAGMC_SOURCE passenger-only + LQ,84.19,128.76,exp11 同包曲线；训练种子 1；评估种子 123-125,Joint 与 passenger-only 控制权不同；跨矩阵训练实现/guard 未必完全锁定；本矩阵 guard=10000，后期参考 guard=2500
exp07,J0__M3,J0,M3,1,200000,128.44,99.44166666666666,7.353550810597074,20.86964017398181,0.9788888888888888,False,3,2,0.38051448190679293,0.14126302993093834,,,serial_runs/uam_7x12_600k_seed1_20260922_012649/J0__M3/analysis/checkpoint_curve.csv,MPTC,85.33,项目交接参考；当前归档未找到原始 S 阶段解析 CSV,UAGMC_SOURCE passenger-only + LQ,84.19,128.76,exp11 同包曲线；训练种子 1；评估种子 123-125,Joint 与 passenger-only 控制权不同；跨矩阵训练实现/guard 未必完全锁定；本矩阵 guard=10000，后期参考 guard=2500
exp07,J0__M3,J0,M3,1,250000,126.76666666666667,97.68666666666667,7.455441721868502,20.814827963213066,0.9733333333333333,False,3,1,0.648048598403563,0.0834578546807324,,,serial_runs/uam_7x12_600k_seed1_20260922_012649/J0__M3/analysis/checkpoint_curve.csv,MPTC,85.33,项目交接参考；当前归档未找到原始 S 阶段解析 CSV,UAGMC_SOURCE passenger-only + LQ,84.19,128.76,exp11 同包曲线；训练种子 1；评估种子 123-125,Joint 与 passenger-only 控制权不同；跨矩阵训练实现/guard 未必完全锁定；本矩阵 guard=10000，后期参考 guard=2500
exp07,J0__M3,J0,M3,1,300000,nan,nan,7.516990892209744,21.099444886570186,0.7788888888888889,False,3,0,0.002666400026664,0.014731860147318601,,,serial_runs/uam_7x12_600k_seed1_20260922_012649/J0__M3/analysis/checkpoint_curve.csv,MPTC,85.33,项目交接参考；当前归档未找到原始 S 阶段解析 CSV,UAGMC_SOURCE passenger-only + LQ,84.19,128.76,exp11 同包曲线；训练种子 1；评估种子 123-125,Joint 与 passenger-only 控制权不同；跨矩阵训练实现/guard 未必完全锁定；本矩阵 guard=10000，后期参考 guard=2500
exp07,J0__M3,J0,M3,1,350000,192.38222222222223,163.32666666666668,7.426666666666667,20.675555555555558,1.0,True,3,3,0.05384801807866164,0.2144504071750144,,,serial_runs/uam_7x12_600k_seed1_20260922_012649/J0__M3/analysis/checkpoint_curve.csv,MPTC,85.33,项目交接参考；当前归档未找到原始 S 阶段解析 CSV,UAGMC_SOURCE passenger-only + LQ,84.19,128.76,exp11 同包曲线；训练种子 1；评估种子 123-125,Joint 与 passenger-only 控制权不同；跨矩阵训练实现/guard 未必完全锁定；本矩阵 guard=10000，后期参考 guard=2500
exp07,J0__M3,J0,M3,1,400000,165.83499999999998,137.19333333333333,7.225802469135803,20.518024691358026,0.9666666666666667,False,3,2,0.054576108548596076,0.15657810045148554,,,serial_runs/uam_7x12_600k_seed1_20260922_012649/J0__M3/analysis/checkpoint_curve.csv,MPTC,85.33,项目交接参考；当前归档未找到原始 S 阶段解析 CSV,UAGMC_SOURCE passenger-only + LQ,84.19,128.76,exp11 同包曲线；训练种子 1；评估种子 123-125,Joint 与 passenger-only 控制权不同；跨矩阵训练实现/guard 未必完全锁定；本矩阵 guard=10000，后期参考 guard=2500
exp07,J0__M3,J0,M3,1,450000,156.93,127.79,7.421215277777779,20.66013888888889,0.9511111111111111,False,3,2,0.09595372749069604,0.10730471321444883,,,serial_runs/uam_7x12_600k_seed1_20260922_012649/J0__M3/analysis/checkpoint_curve.csv,MPTC,85.33,项目交接参考；当前归档未找到原始 S 阶段解析 CSV,UAGMC_SOURCE passenger-only + LQ,84.19,128.76,exp11 同包曲线；训练种子 1；评估种子 123-125,Joint 与 passenger-only 控制权不同；跨矩阵训练实现/guard 未必完全锁定；本矩阵 guard=10000，后期参考 guard=2500
exp07,J0__M3,J0,M3,1,500000,136.15666666666667,107.21,7.4134178927786225,20.547292099072923,0.9877777777777778,False,3,1,0.03652411528357146,0.3678416187419371,,,serial_runs/uam_7x12_600k_seed1_20260922_012649/J0__M3/analysis/checkpoint_curve.csv,MPTC,85.33,项目交接参考；当前归档未找到原始 S 阶段解析 CSV,UAGMC_SOURCE passenger-only + LQ,84.19,128.76,exp11 同包曲线；训练种子 1；评估种子 123-125,Joint 与 passenger-only 控制权不同；跨矩阵训练实现/guard 未必完全锁定；本矩阵 guard=10000，后期参考 guard=2500
exp07,J0__M3,J0,M3,1,550000,136.95333333333332,107.91,7.446666666666666,20.682539682539684,0.9933333333333333,False,3,2,0.0594375032716054,0.11716822229791084,,,serial_runs/uam_7x12_600k_seed1_20260922_012649/J0__M3/analysis/checkpoint_curve.csv,MPTC,85.33,项目交接参考；当前归档未找到原始 S 阶段解析 CSV,UAGMC_SOURCE passenger-only + LQ,84.19,128.76,exp11 同包曲线；训练种子 1；评估种子 123-125,Joint 与 passenger-only 控制权不同；跨矩阵训练实现/guard 未必完全锁定；本矩阵 guard=10000，后期参考 guard=2500
exp07,J0__M3,J0,M3,1,600000,146.84666666666666,117.99333333333334,7.446022186049316,20.704047748236572,0.9733333333333333,False,3,1,0.03192553327147376,0.06511533147026595,,,serial_runs/uam_7x12_600k_seed1_20260922_012649/J0__M3/analysis/checkpoint_curve.csv,MPTC,85.33,项目交接参考；当前归档未找到原始 S 阶段解析 CSV,UAGMC_SOURCE passenger-only + LQ,84.19,128.76,exp11 同包曲线；训练种子 1；评估种子 123-125,Joint 与 passenger-only 控制权不同；跨矩阵训练实现/guard 未必完全锁定；本矩阵 guard=10000，后期参考 guard=2500
exp07,J0__M4,J0,M4,1,50000,258.3277777777778,225.96,8.525555555555556,22.87111111111111,1.0,True,3,3,0.016034465847998572,0.9255096447157696,,,serial_runs/uam_7x12_600k_seed1_20260922_012649/J0__M4/analysis/checkpoint_curve.csv,MPTC,85.33,项目交接参考；当前归档未找到原始 S 阶段解析 CSV,UAGMC_SOURCE passenger-only + LQ,84.19,128.76,exp11 同包曲线；训练种子 1；评估种子 123-125,Joint 与 passenger-only 控制权不同；跨矩阵训练实现/guard 未必完全锁定；本矩阵 guard=10000，后期参考 guard=2500
exp07,J0__M4,J0,M4,1,100000,nan,nan,8.127296008706983,21.62081827591346,0.9333333333333332,False,3,0,0.005732760057327601,0.959570709595707,,,serial_runs/uam_7x12_600k_seed1_20260922_012649/J0__M4/analysis/checkpoint_curve.csv,MPTC,85.33,项目交接参考；当前归档未找到原始 S 阶段解析 CSV,UAGMC_SOURCE passenger-only + LQ,84.19,128.76,exp11 同包曲线；训练种子 1；评估种子 123-125,Joint 与 passenger-only 控制权不同；跨矩阵训练实现/guard 未必完全锁定；本矩阵 guard=10000，后期参考 guard=2500
exp07,J0__M4,J0,M4,1,150000,246.27666666666667,213.87666666666667,8.536666666666667,22.88888888888889,1.0,True,3,3,0.15916851671376062,0.7921551873849467,,,serial_runs/uam_7x12_600k_seed1_20260922_012649/J0__M4/analysis/checkpoint_curve.csv,MPTC,85.33,项目交接参考；当前归档未找到原始 S 阶段解析 CSV,UAGMC_SOURCE passenger-only + LQ,84.19,128.76,exp11 同包曲线；训练种子 1；评估种子 123-125,Joint 与 passenger-only 控制权不同；跨矩阵训练实现/guard 未必完全锁定；本矩阵 guard=10000，后期参考 guard=2500
exp07,J0__M4,J0,M4,1,200000,171.80444444444447,140.77333333333334,8.164444444444444,21.90222222222222,1.0,True,3,3,0.17303886303972868,0.49732459826662084,,,serial_runs/uam_7x12_600k_seed1_20260922_012649/J0__M4/analysis/checkpoint_curve.csv,MPTC,85.33,项目交接参考；当前归档未找到原始 S 阶段解析 CSV,UAGMC_SOURCE passenger-only + LQ,84.19,128.76,exp11 同包曲线；训练种子 1；评估种子 123-125,Joint 与 passenger-only 控制权不同；跨矩阵训练实现/guard 未必完全锁定；本矩阵 guard=10000，后期参考 guard=2500
exp07,J0__M4,J0,M4,1,250000,189.21888888888893,158.58555555555554,7.954444444444444,21.70222222222222,1.0,True,3,3,0.17533956936582493,0.4835151060973053,,,serial_runs/uam_7x12_600k_seed1_20260922_012649/J0__M4/analysis/checkpoint_curve.csv,MPTC,85.33,项目交接参考；当前归档未找到原始 S 阶段解析 CSV,UAGMC_SOURCE passenger-only + LQ,84.19,128.76,exp11 同包曲线；训练种子 1；评估种子 123-125,Joint 与 passenger-only 控制权不同；跨矩阵训练实现/guard 未必完全锁定；本矩阵 guard=10000，后期参考 guard=2500
exp07,J0__M4,J0,M4,1,300000,221.035,190.72833333333335,7.808174308137133,21.40725320115655,0.9655555555555555,False,3,2,0.5174414617935317,0.21764194388740762,,,serial_runs/uam_7x12_600k_seed1_20260922_012649/J0__M4/analysis/checkpoint_curve.csv,MPTC,85.33,项目交接参考；当前归档未找到原始 S 阶段解析 CSV,UAGMC_SOURCE passenger-only + LQ,84.19,128.76,exp11 同包曲线；训练种子 1；评估种子 123-125,Joint 与 passenger-only 控制权不同；跨矩阵训练实现/guard 未必完全锁定；本矩阵 guard=10000，后期参考 guard=2500
exp07,J0__M4,J0,M4,1,350000,216.045,186.06666666666666,7.68564945226917,21.334647887323943,0.9822222222222222,False,3,2,0.4994930296567186,0.15517630232732968,,,serial_runs/uam_7x12_600k_seed1_20260922_012649/J0__M4/analysis/checkpoint_curve.csv,MPTC,85.33,项目交接参考；当前归档未找到原始 S 阶段解析 CSV,UAGMC_SOURCE passenger-only + LQ,84.19,128.76,exp11 同包曲线；训练种子 1；评估种子 123-125,Joint 与 passenger-only 控制权不同；跨矩阵训练实现/guard 未必完全锁定；本矩阵 guard=10000，后期参考 guard=2500
exp07,J0__M4,J0,M4,1,400000,nan,nan,7.309226076314684,21.039424991323724,0.58,False,3,0,0.005599440055994401,0.005332800053328,,,serial_runs/uam_7x12_600k_seed1_20260922_012649/J0__M4/analysis/checkpoint_curve.csv,MPTC,85.33,项目交接参考；当前归档未找到原始 S 阶段解析 CSV,UAGMC_SOURCE passenger-only + LQ,84.19,128.76,exp11 同包曲线；训练种子 1；评估种子 123-125,Joint 与 passenger-only 控制权不同；跨矩阵训练实现/guard 未必完全锁定；本矩阵 guard=10000，后期参考 guard=2500
exp07,J0__M4,J0,M4,1,450000,nan,nan,7.644714424064426,21.055124557785607,0.811111111111111,False,3,0,0.0077658900776589,0.0097656900976569,,,serial_runs/uam_7x12_600k_seed1_20260922_012649/J0__M4/analysis/checkpoint_curve.csv,MPTC,85.33,项目交接参考；当前归档未找到原始 S 阶段解析 CSV,UAGMC_SOURCE passenger-only + LQ,84.19,128.76,exp11 同包曲线；训练种子 1；评估种子 123-125,Joint 与 passenger-only 控制权不同；跨矩阵训练实现/guard 未必完全锁定；本矩阵 guard=10000，后期参考 guard=2500
exp07,J0__M4,J0,M4,1,500000,269.5133333333333,239.16333333333333,7.830679803408203,21.207292269532868,0.9344444444444444,False,3,1,0.692687645703855,0.18339357111451124,,,serial_runs/uam_7x12_600k_seed1_20260922_012649/J0__M4/analysis/checkpoint_curve.csv,MPTC,85.33,项目交接参考；当前归档未找到原始 S 阶段解析 CSV,UAGMC_SOURCE passenger-only + LQ,84.19,128.76,exp11 同包曲线；训练种子 1；评估种子 123-125,Joint 与 passenger-only 控制权不同；跨矩阵训练实现/guard 未必完全锁定；本矩阵 guard=10000，后期参考 guard=2500
exp07,J0__M4,J0,M4,1,550000,nan,nan,7.819521814059635,21.156662850723503,0.8977777777777778,False,3,0,0.0090657600906576,0.0165983401659834,,,serial_runs/uam_7x12_600k_seed1_20260922_012649/J0__M4/analysis/checkpoint_curve.csv,MPTC,85.33,项目交接参考；当前归档未找到原始 S 阶段解析 CSV,UAGMC_SOURCE passenger-only + LQ,84.19,128.76,exp11 同包曲线；训练种子 1；评估种子 123-125,Joint 与 passenger-only 控制权不同；跨矩阵训练实现/guard 未必完全锁定；本矩阵 guard=10000，后期参考 guard=2500
exp07,J0__M4,J0,M4,1,600000,186.85333333333332,156.57999999999998,7.948282828282828,21.391515151515154,0.9722222222222222,False,3,2,0.4206168914028563,0.22835871964176524,,,serial_runs/uam_7x12_600k_seed1_20260922_012649/J0__M4/analysis/checkpoint_curve.csv,MPTC,85.33,项目交接参考；当前归档未找到原始 S 阶段解析 CSV,UAGMC_SOURCE passenger-only + LQ,84.19,128.76,exp11 同包曲线；训练种子 1；评估种子 123-125,Joint 与 passenger-only 控制权不同；跨矩阵训练实现/guard 未必完全锁定；本矩阵 guard=10000，后期参考 guard=2500
exp07,J0__M5,J0,M5,1,50000,252.2111111111111,219.67777777777778,8.55111111111111,22.995555555555555,1.0,True,3,3,0.06657213412813995,0.8746022740635544,,,serial_runs/uam_7x12_600k_seed1_20260922_012649/J0__M5/analysis/checkpoint_curve.csv,MPTC,85.33,项目交接参考；当前归档未找到原始 S 阶段解析 CSV,UAGMC_SOURCE passenger-only + LQ,84.19,128.76,exp11 同包曲线；训练种子 1；评估种子 123-125,Joint 与 passenger-only 控制权不同；跨矩阵训练实现/guard 未必完全锁定；本矩阵 guard=10000，后期参考 guard=2500
exp07,J0__M5,J0,M5,1,100000,256.74888888888887,224.56111111111113,8.504444444444443,22.737777777777776,1.0,True,3,3,0.18417494181944347,0.6673132101771584,,,serial_runs/uam_7x12_600k_seed1_20260922_012649/J0__M5/analysis/checkpoint_curve.csv,MPTC,85.33,项目交接参考；当前归档未找到原始 S 阶段解析 CSV,UAGMC_SOURCE passenger-only + LQ,84.19,128.76,exp11 同包曲线；训练种子 1；评估种子 123-125,Joint 与 passenger-only 控制权不同；跨矩阵训练实现/guard 未必完全锁定；本矩阵 guard=10000，后期参考 guard=2500
exp07,J0__M5,J0,M5,1,150000,207.79555555555555,177.13444444444443,7.995555555555556,21.679999999999996,1.0,True,3,3,0.2512227870745789,0.2661261416868444,,,serial_runs/uam_7x12_600k_seed1_20260922_012649/J0__M5/analysis/checkpoint_curve.csv,MPTC,85.33,项目交接参考；当前归档未找到原始 S 阶段解析 CSV,UAGMC_SOURCE passenger-only + LQ,84.19,128.76,exp11 同包曲线；训练种子 1；评估种子 123-125,Joint 与 passenger-only 控制权不同；跨矩阵训练实现/guard 未必完全锁定；本矩阵 guard=10000，后期参考 guard=2500
exp07,J0__M5,J0,M5,1,200000,229.32666666666668,199.4088888888889,7.655555555555556,21.27111111111111,1.0,True,3,3,0.4699498113790466,0.16270219752546725,,,serial_runs/uam_7x12_600k_seed1_20260922_012649/J0__M5/analysis/checkpoint_curve.csv,MPTC,85.33,项目交接参考；当前归档未找到原始 S 阶段解析 CSV,UAGMC_SOURCE passenger-only + LQ,84.19,128.76,exp11 同包曲线；训练种子 1；评估种子 123-125,Joint 与 passenger-only 控制权不同；跨矩阵训练实现/guard 未必完全锁定；本矩阵 guard=10000，后期参考 guard=2500
exp07,J0__M5,J0,M5,1,250000,nan,nan,7.920572875555192,21.738406552898198,0.9400000000000001,False,3,0,0.014565210145652102,0.018031530180315305,,,serial_runs/uam_7x12_600k_seed1_20260922_012649/J0__M5/analysis/checkpoint_curve.csv,MPTC,85.33,项目交接参考；当前归档未找到原始 S 阶段解析 CSV,UAGMC_SOURCE passenger-only + LQ,84.19,128.76,exp11 同包曲线；训练种子 1；评估种子 123-125,Joint 与 passenger-only 控制权不同；跨矩阵训练实现/guard 未必完全锁定；本矩阵 guard=10000，后期参考 guard=2500
exp07,J0__M5,J0,M5,1,300000,nan,nan,7.696886637150495,21.44117810398714,0.9111111111111111,False,3,0,0.014565210145652102,0.010765590107655902,,,serial_runs/uam_7x12_600k_seed1_20260922_012649/J0__M5/analysis/checkpoint_curve.csv,MPTC,85.33,项目交接参考；当前归档未找到原始 S 阶段解析 CSV,UAGMC_SOURCE passenger-only + LQ,84.19,128.76,exp11 同包曲线；训练种子 1；评估种子 123-125,Joint 与 passenger-only 控制权不同；跨矩阵训练实现/guard 未必完全锁定；本矩阵 guard=10000，后期参考 guard=2500
exp07,J0__M5,J0,M5,1,350000,207.15555555555557,178.03666666666666,7.272222222222222,20.893333333333334,1.0,True,3,3,0.20190571875783803,0.08559571478538607,,,serial_runs/uam_7x12_600k_seed1_20260922_012649/J0__M5/analysis/checkpoint_curve.csv,MPTC,85.33,项目交接参考；当前归档未找到原始 S 阶段解析 CSV,UAGMC_SOURCE passenger-only + LQ,84.19,128.76,exp11 同包曲线；训练种子 1；评估种子 123-125,Joint 与 passenger-only 控制权不同；跨矩阵训练实现/guard 未必完全锁定；本矩阵 guard=10000，后期参考 guard=2500
exp07,J0__M5,J0,M5,1,400000,196.03111111111113,166.37444444444444,7.554444444444445,21.177777777777777,1.0,True,3,3,0.21838571565690845,0.17915595421221828,,,serial_runs/uam_7x12_600k_seed1_20260922_012649/J0__M5/analysis/checkpoint_curve.csv,MPTC,85.33,项目交接参考；当前归档未找到原始 S 阶段解析 CSV,UAGMC_SOURCE passenger-only + LQ,84.19,128.76,exp11 同包曲线；训练种子 1；评估种子 123-125,Joint 与 passenger-only 控制权不同；跨矩阵训练实现/guard 未必完全锁定；本矩阵 guard=10000，后期参考 guard=2500
exp07,J0__M5,J0,M5,1,450000,212.09,182.4822222222222,7.417777777777778,21.24,1.0,True,3,3,0.20854071614229328,0.17002339327586588,,,serial_runs/uam_7x12_600k_seed1_20260922_012649/J0__M5/analysis/checkpoint_curve.csv,MPTC,85.33,项目交接参考；当前归档未找到原始 S 阶段解析 CSV,UAGMC_SOURCE passenger-only + LQ,84.19,128.76,exp11 同包曲线；训练种子 1；评估种子 123-125,Joint 与 passenger-only 控制权不同；跨矩阵训练实现/guard 未必完全锁定；本矩阵 guard=10000，后期参考 guard=2500
exp07,J0__M5,J0,M5,1,500000,198.47888888888892,168.94,7.453333333333333,21.137777777777778,1.0,True,3,3,0.22287905796544416,0.1769637616587819,,,serial_runs/uam_7x12_600k_seed1_20260922_012649/J0__M5/analysis/checkpoint_curve.csv,MPTC,85.33,项目交接参考；当前归档未找到原始 S 阶段解析 CSV,UAGMC_SOURCE passenger-only + LQ,84.19,128.76,exp11 同包曲线；训练种子 1；评估种子 123-125,Joint 与 passenger-only 控制权不同；跨矩阵训练实现/guard 未必完全锁定；本矩阵 guard=10000，后期参考 guard=2500
exp07,J0__M5,J0,M5,1,550000,202.65,173.20333333333335,7.431111111111112,21.057777777777776,1.0,True,3,3,0.32489017295336436,0.15310223463582148,,,serial_runs/uam_7x12_600k_seed1_20260922_012649/J0__M5/analysis/checkpoint_curve.csv,MPTC,85.33,项目交接参考；当前归档未找到原始 S 阶段解析 CSV,UAGMC_SOURCE passenger-only + LQ,84.19,128.76,exp11 同包曲线；训练种子 1；评估种子 123-125,Joint 与 passenger-only 控制权不同；跨矩阵训练实现/guard 未必完全锁定；本矩阵 guard=10000，后期参考 guard=2500
exp07,J0__M5,J0,M5,1,600000,nan,nan,7.521121400974624,21.21655308987128,0.9744444444444443,False,3,0,0.34213245342132453,0.019798020197980205,,,serial_runs/uam_7x12_600k_seed1_20260922_012649/J0__M5/analysis/checkpoint_curve.csv,MPTC,85.33,项目交接参考；当前归档未找到原始 S 阶段解析 CSV,UAGMC_SOURCE passenger-only + LQ,84.19,128.76,exp11 同包曲线；训练种子 1；评估种子 123-125,Joint 与 passenger-only 控制权不同；跨矩阵训练实现/guard 未必完全锁定；本矩阵 guard=10000，后期参考 guard=2500
exp07,J0__M6,J0,M6,1,50000,353.56666666666666,321.02333333333337,8.556666666666667,23.0,1.0,True,3,3,0.12305890726325892,0.8318783356784957,,,serial_runs/uam_7x12_600k_seed1_20260922_012649/J0__M6/analysis/checkpoint_curve.csv,MPTC,85.33,项目交接参考；当前归档未找到原始 S 阶段解析 CSV,UAGMC_SOURCE passenger-only + LQ,84.19,128.76,exp11 同包曲线；训练种子 1；评估种子 123-125,Joint 与 passenger-only 控制权不同；跨矩阵训练实现/guard 未必完全锁定；本矩阵 guard=10000，后期参考 guard=2500
exp07,J0__M6,J0,M6,1,100000,nan,nan,8.503737809694577,22.38929986274174,0.2911111111111111,False,3,0,0.9772022797720229,0.0128320501283205,,,serial_runs/uam_7x12_600k_seed1_20260922_012649/J0__M6/analysis/checkpoint_curve.csv,MPTC,85.33,项目交接参考；当前归档未找到原始 S 阶段解析 CSV,UAGMC_SOURCE passenger-only + LQ,84.19,128.76,exp11 同包曲线；训练种子 1；评估种子 123-125,Joint 与 passenger-only 控制权不同；跨矩阵训练实现/guard 未必完全锁定；本矩阵 guard=10000，后期参考 guard=2500
exp07,J0__M6,J0,M6,1,150000,193.445,163.36333333333334,7.618011695906432,21.605614035087722,0.9833333333333334,False,3,2,0.1871534487387209,0.4477227141889142,,,serial_runs/uam_7x12_600k_seed1_20260922_012649/J0__M6/analysis/checkpoint_curve.csv,MPTC,85.33,项目交接参考；当前归档未找到原始 S 阶段解析 CSV,UAGMC_SOURCE passenger-only + LQ,84.19,128.76,exp11 同包曲线；训练种子 1；评估种子 123-125,Joint 与 passenger-only 控制权不同；跨矩阵训练实现/guard 未必完全锁定；本矩阵 guard=10000，后期参考 guard=2500
exp07,J0__M6,J0,M6,1,200000,nan,nan,7.894004518748186,21.726135420978604,0.8644444444444445,False,3,0,0.012598740125987403,0.9453387994533881,,,serial_runs/uam_7x12_600k_seed1_20260922_012649/J0__M6/analysis/checkpoint_curve.csv,MPTC,85.33,项目交接参考；当前归档未找到原始 S 阶段解析 CSV,UAGMC_SOURCE passenger-only + LQ,84.19,128.76,exp11 同包曲线；训练种子 1；评估种子 123-125,Joint 与 passenger-only 控制权不同；跨矩阵训练实现/guard 未必完全锁定；本矩阵 guard=10000，后期参考 guard=2500
exp07,J0__M6,J0,M6,1,250000,nan,nan,7.888703600299816,21.652010423111946,0.7888888888888888,False,3,0,0.012065460120654603,0.013398660133986601,,,serial_runs/uam_7x12_600k_seed1_20260922_012649/J0__M6/analysis/checkpoint_curve.csv,MPTC,85.33,项目交接参考；当前归档未找到原始 S 阶段解析 CSV,UAGMC_SOURCE passenger-only + LQ,84.19,128.76,exp11 同包曲线；训练种子 1；评估种子 123-125,Joint 与 passenger-only 控制权不同；跨矩阵训练实现/guard 未必完全锁定；本矩阵 guard=10000，后期参考 guard=2500
exp07,J0__M6,J0,M6,1,300000,nan,nan,7.82120513548021,21.671589637329458,0.8833333333333333,False,3,0,0.0212978702129787,0.9158417491584174,,,serial_runs/uam_7x12_600k_seed1_20260922_012649/J0__M6/analysis/checkpoint_curve.csv,MPTC,85.33,项目交接参考；当前归档未找到原始 S 阶段解析 CSV,UAGMC_SOURCE passenger-only + LQ,84.19,128.76,exp11 同包曲线；训练种子 1；评估种子 123-125,Joint 与 passenger-only 控制权不同；跨矩阵训练实现/guard 未必完全锁定；本矩阵 guard=10000，后期参考 guard=2500
exp07,J0__M6,J0,M6,1,350000,nan,nan,7.957722411535048,21.90555586590445,0.8133333333333334,False,3,0,0.0206979302069793,0.6110055661100556,,,serial_runs/uam_7x12_600k_seed1_20260922_012649/J0__M6/analysis/checkpoint_curve.csv,MPTC,85.33,项目交接参考；当前归档未找到原始 S 阶段解析 CSV,UAGMC_SOURCE passenger-only + LQ,84.19,128.76,exp11 同包曲线；训练种子 1；评估种子 123-125,Joint 与 passenger-only 控制权不同；跨矩阵训练实现/guard 未必完全锁定；本矩阵 guard=10000，后期参考 guard=2500
exp07,J0__M6,J0,M6,1,400000,262.00666666666666,232.02666666666667,7.734248360703826,21.47531312474897,0.9377777777777778,False,3,1,0.09089230241985741,0.34983237925379096,,,serial_runs/uam_7x12_600k_seed1_20260922_012649/J0__M6/analysis/checkpoint_curve.csv,MPTC,85.33,项目交接参考；当前归档未找到原始 S 阶段解析 CSV,UAGMC_SOURCE passenger-only + LQ,84.19,128.76,exp11 同包曲线；训练种子 1；评估种子 123-125,Joint 与 passenger-only 控制权不同；跨矩阵训练实现/guard 未必完全锁定；本矩阵 guard=10000，后期参考 guard=2500
exp07,J0__M6,J0,M6,1,450000,nan,nan,7.554156709603466,21.361174253463115,0.8688888888888888,False,3,0,0.0570942905709429,0.014565210145652102,,,serial_runs/uam_7x12_600k_seed1_20260922_012649/J0__M6/analysis/checkpoint_curve.csv,MPTC,85.33,项目交接参考；当前归档未找到原始 S 阶段解析 CSV,UAGMC_SOURCE passenger-only + LQ,84.19,128.76,exp11 同包曲线；训练种子 1；评估种子 123-125,Joint 与 passenger-only 控制权不同；跨矩阵训练实现/guard 未必完全锁定；本矩阵 guard=10000，后期参考 guard=2500
exp07,J0__M6,J0,M6,1,500000,nan,nan,7.929580678387577,21.692320933054805,0.93,False,3,0,0.31963470319634707,0.013565310135653102,,,serial_runs/uam_7x12_600k_seed1_20260922_012649/J0__M6/analysis/checkpoint_curve.csv,MPTC,85.33,项目交接参考；当前归档未找到原始 S 阶段解析 CSV,UAGMC_SOURCE passenger-only + LQ,84.19,128.76,exp11 同包曲线；训练种子 1；评估种子 123-125,Joint 与 passenger-only 控制权不同；跨矩阵训练实现/guard 未必完全锁定；本矩阵 guard=10000，后期参考 guard=2500
exp07,J0__M6,J0,M6,1,550000,nan,nan,7.691351058868244,21.362859789263567,0.9488888888888889,False,3,0,0.057427590574275905,0.0342965703429657,,,serial_runs/uam_7x12_600k_seed1_20260922_012649/J0__M6/analysis/checkpoint_curve.csv,MPTC,85.33,项目交接参考；当前归档未找到原始 S 阶段解析 CSV,UAGMC_SOURCE passenger-only + LQ,84.19,128.76,exp11 同包曲线；训练种子 1；评估种子 123-125,Joint 与 passenger-only 控制权不同；跨矩阵训练实现/guard 未必完全锁定；本矩阵 guard=10000，后期参考 guard=2500
exp07,J0__M6,J0,M6,1,600000,262.05,231.79500000000002,7.766507936507936,21.383401360544216,0.9933333333333333,False,3,2,0.4846161089822179,0.10578556115254034,,,serial_runs/uam_7x12_600k_seed1_20260922_012649/J0__M6/analysis/checkpoint_curve.csv,MPTC,85.33,项目交接参考；当前归档未找到原始 S 阶段解析 CSV,UAGMC_SOURCE passenger-only + LQ,84.19,128.76,exp11 同包曲线；训练种子 1；评估种子 123-125,Joint 与 passenger-only 控制权不同；跨矩阵训练实现/guard 未必完全锁定；本矩阵 guard=10000，后期参考 guard=2500
exp07,J0__M7,J0,M7,1,50000,141.96166666666667,111.36,7.853521657250471,21.748549905838043,0.9944444444444445,False,3,2,0.0317861457710608,0.6634254599302581,,,serial_runs/uam_7x12_600k_seed1_20260922_012649/J0__M7/analysis/checkpoint_curve.csv,MPTC,85.33,项目交接参考；当前归档未找到原始 S 阶段解析 CSV,UAGMC_SOURCE passenger-only + LQ,84.19,128.76,exp11 同包曲线；训练种子 1；评估种子 123-125,Joint 与 passenger-only 控制权不同；跨矩阵训练实现/guard 未必完全锁定；本矩阵 guard=10000，后期参考 guard=2500
exp07,J0__M7,J0,M7,1,100000,nan,nan,7.543797678549452,21.271704129860158,0.9611111111111111,False,3,0,0.0032663400326634006,0.9613705296137053,,,serial_runs/uam_7x12_600k_seed1_20260922_012649/J0__M7/analysis/checkpoint_curve.csv,MPTC,85.33,项目交接参考；当前归档未找到原始 S 阶段解析 CSV,UAGMC_SOURCE passenger-only + LQ,84.19,128.76,exp11 同包曲线；训练种子 1；评估种子 123-125,Joint 与 passenger-only 控制权不同；跨矩阵训练实现/guard 未必完全锁定；本矩阵 guard=10000，后期参考 guard=2500
exp07,J0__M7,J0,M7,1,150000,nan,nan,6.97097369831567,20.798482241147422,0.9511111111111111,False,3,0,0.008932440089324402,0.0175982401759824,,,serial_runs/uam_7x12_600k_seed1_20260922_012649/J0__M7/analysis/checkpoint_curve.csv,MPTC,85.33,项目交接参考；当前归档未找到原始 S 阶段解析 CSV,UAGMC_SOURCE passenger-only + LQ,84.19,128.76,exp11 同包曲线；训练种子 1；评估种子 123-125,Joint 与 passenger-only 控制权不同；跨矩阵训练实现/guard 未必完全锁定；本矩阵 guard=10000，后期参考 guard=2500
exp07,J0__M7,J0,M7,1,200000,162.39166666666665,133.80333333333334,6.908731841382018,20.70181389870436,0.9811111111111112,False,3,2,0.09304721940086692,0.4087122050465519,,,serial_runs/uam_7x12_600k_seed1_20260922_012649/J0__M7/analysis/checkpoint_curve.csv,MPTC,85.33,项目交接参考；当前归档未找到原始 S 阶段解析 CSV,UAGMC_SOURCE passenger-only + LQ,84.19,128.76,exp11 同包曲线；训练种子 1；评估种子 123-125,Joint 与 passenger-only 控制权不同；跨矩阵训练实现/guard 未必完全锁定；本矩阵 guard=10000，后期参考 guard=2500
exp07,J0__M7,J0,M7,1,250000,144.54666666666665,115.89444444444443,6.901111111111111,20.777777777777775,1.0,True,3,3,0.1563643459173779,0.16124652367100345,,,serial_runs/uam_7x12_600k_seed1_20260922_012649/J0__M7/analysis/checkpoint_curve.csv,MPTC,85.33,项目交接参考；当前归档未找到原始 S 阶段解析 CSV,UAGMC_SOURCE passenger-only + LQ,84.19,128.76,exp11 同包曲线；训练种子 1；评估种子 123-125,Joint 与 passenger-only 控制权不同；跨矩阵训练实现/guard 未必完全锁定；本矩阵 guard=10000，后期参考 guard=2500
exp07,J0__M7,J0,M7,1,300000,161.67,132.76666666666668,6.890507240850429,20.86995291399389,0.9566666666666667,False,3,1,0.053897458940750397,0.7297693834020224,,,serial_runs/uam_7x12_600k_seed1_20260922_012649/J0__M7/analysis/checkpoint_curve.csv,MPTC,85.33,项目交接参考；当前归档未找到原始 S 阶段解析 CSV,UAGMC_SOURCE passenger-only + LQ,84.19,128.76,exp11 同包曲线；训练种子 1；评估种子 123-125,Joint 与 passenger-only 控制权不同；跨矩阵训练实现/guard 未必完全锁定；本矩阵 guard=10000，后期参考 guard=2500
exp07,J0__M7,J0,M7,1,350000,148.26333333333332,119.08666666666667,7.066743106743107,20.73178425178425,0.9266666666666666,False,3,1,0.05935202808907978,0.05833638068993575,,,serial_runs/uam_7x12_600k_seed1_20260922_012649/J0__M7/analysis/checkpoint_curve.csv,MPTC,85.33,项目交接参考；当前归档未找到原始 S 阶段解析 CSV,UAGMC_SOURCE passenger-only + LQ,84.19,128.76,exp11 同包曲线；训练种子 1；评估种子 123-125,Joint 与 passenger-only 控制权不同；跨矩阵训练实现/guard 未必完全锁定；本矩阵 guard=10000，后期参考 guard=2500
exp07,J0__M7,J0,M7,1,400000,139.56666666666666,110.79,7.070086415418228,20.651296036204744,0.9144444444444444,False,3,1,0.06158392376724769,0.054815469157309615,,,serial_runs/uam_7x12_600k_seed1_20260922_012649/J0__M7/analysis/checkpoint_curve.csv,MPTC,85.33,项目交接参考；当前归档未找到原始 S 阶段解析 CSV,UAGMC_SOURCE passenger-only + LQ,84.19,128.76,exp11 同包曲线；训练种子 1；评估种子 123-125,Joint 与 passenger-only 控制权不同；跨矩阵训练实现/guard 未必完全锁定；本矩阵 guard=10000，后期参考 guard=2500
exp07,J0__M7,J0,M7,1,450000,157.83,128.41333333333333,7.285057465250528,20.99409756012487,0.9477777777777777,False,3,1,0.6812376033090203,0.08269128344436251,,,serial_runs/uam_7x12_600k_seed1_20260922_012649/J0__M7/analysis/checkpoint_curve.csv,MPTC,85.33,项目交接参考；当前归档未找到原始 S 阶段解析 CSV,UAGMC_SOURCE passenger-only + LQ,84.19,128.76,exp11 同包曲线；训练种子 1；评估种子 123-125,Joint 与 passenger-only 控制权不同；跨矩阵训练实现/guard 未必完全锁定；本矩阵 guard=10000，后期参考 guard=2500
exp07,J0__M7,J0,M7,1,500000,170.18444444444444,141.05666666666667,7.275555555555555,20.915555555555557,1.0,True,3,3,0.17126498112782187,0.2581411694515616,,,serial_runs/uam_7x12_600k_seed1_20260922_012649/J0__M7/analysis/checkpoint_curve.csv,MPTC,85.33,项目交接参考；当前归档未找到原始 S 阶段解析 CSV,UAGMC_SOURCE passenger-only + LQ,84.19,128.76,exp11 同包曲线；训练种子 1；评估种子 123-125,Joint 与 passenger-only 控制权不同；跨矩阵训练实现/guard 未必完全锁定；本矩阵 guard=10000，后期参考 guard=2500
exp07,J0__M7,J0,M7,1,550000,160.59555555555556,131.23000000000002,7.387777777777778,20.999999999999996,1.0,True,3,3,0.19292384950279687,0.2226118278749858,,,serial_runs/uam_7x12_600k_seed1_20260922_012649/J0__M7/analysis/checkpoint_curve.csv,MPTC,85.33,项目交接参考；当前归档未找到原始 S 阶段解析 CSV,UAGMC_SOURCE passenger-only + LQ,84.19,128.76,exp11 同包曲线；训练种子 1；评估种子 123-125,Joint 与 passenger-only 控制权不同；跨矩阵训练实现/guard 未必完全锁定；本矩阵 guard=10000，后期参考 guard=2500
exp07,J0__M7,J0,M7,1,600000,160.83444444444444,131.39555555555555,7.457777777777778,21.004444444444445,1.0,True,3,3,0.21141689265550487,0.22049748113474757,,,serial_runs/uam_7x12_600k_seed1_20260922_012649/J0__M7/analysis/checkpoint_curve.csv,MPTC,85.33,项目交接参考；当前归档未找到原始 S 阶段解析 CSV,UAGMC_SOURCE passenger-only + LQ,84.19,128.76,exp11 同包曲线；训练种子 1；评估种子 123-125,Joint 与 passenger-only 控制权不同；跨矩阵训练实现/guard 未必完全锁定；本矩阵 guard=10000，后期参考 guard=2500
exp07,J0__M8,J0,M8,1,50000,nan,nan,8.233867638202565,22.816504888460088,0.8466666666666667,False,3,0,0.0118988101189881,0.974902509749025,,,serial_runs/uam_7x12_600k_seed1_20260922_012649/J0__M8/analysis/checkpoint_curve.csv,MPTC,85.33,项目交接参考；当前归档未找到原始 S 阶段解析 CSV,UAGMC_SOURCE passenger-only + LQ,84.19,128.76,exp11 同包曲线；训练种子 1；评估种子 123-125,Joint 与 passenger-only 控制权不同；跨矩阵训练实现/guard 未必完全锁定；本矩阵 guard=10000，后期参考 guard=2500
exp07,J0__M8,J0,M8,1,100000,1179.2544444444445,1147.2833333333335,8.294444444444444,22.724444444444444,1.0,True,3,3,0.5619988233843835,0.29201598164141523,,,serial_runs/uam_7x12_600k_seed1_20260922_012649/J0__M8/analysis/checkpoint_curve.csv,MPTC,85.33,项目交接参考；当前归档未找到原始 S 阶段解析 CSV,UAGMC_SOURCE passenger-only + LQ,84.19,128.76,exp11 同包曲线；训练种子 1；评估种子 123-125,Joint 与 passenger-only 控制权不同；跨矩阵训练实现/guard 未必完全锁定；本矩阵 guard=10000，后期参考 guard=2500
exp07,J0__M8,J0,M8,1,150000,182.34777777777776,152.8322222222222,7.54111111111111,21.031111111111112,1.0,True,3,3,0.04378533466623743,0.2216320168081465,,,serial_runs/uam_7x12_600k_seed1_20260922_012649/J0__M8/analysis/checkpoint_curve.csv,MPTC,85.33,项目交接参考；当前归档未找到原始 S 阶段解析 CSV,UAGMC_SOURCE passenger-only + LQ,84.19,128.76,exp11 同包曲线；训练种子 1；评估种子 123-125,Joint 与 passenger-only 控制权不同；跨矩阵训练实现/guard 未必完全锁定；本矩阵 guard=10000，后期参考 guard=2500
exp07,J0__M8,J0,M8,1,200000,156.54111111111112,126.7188888888889,7.616666666666667,21.235555555555553,1.0,True,3,3,0.04716877436156151,0.1763976689937272,,,serial_runs/uam_7x12_600k_seed1_20260922_012649/J0__M8/analysis/checkpoint_curve.csv,MPTC,85.33,项目交接参考；当前归档未找到原始 S 阶段解析 CSV,UAGMC_SOURCE passenger-only + LQ,84.19,128.76,exp11 同包曲线；训练种子 1；评估种子 123-125,Joint 与 passenger-only 控制权不同；跨矩阵训练实现/guard 未必完全锁定；本矩阵 guard=10000，后期参考 guard=2500
exp07,J0__M8,J0,M8,1,250000,126.78,96.84666666666666,7.827107215635941,21.489728330012046,0.9577777777777777,False,3,1,0.3105340393448008,0.06820116189617688,,,serial_runs/uam_7x12_600k_seed1_20260922_012649/J0__M8/analysis/checkpoint_curve.csv,MPTC,85.33,项目交接参考；当前归档未找到原始 S 阶段解析 CSV,UAGMC_SOURCE passenger-only + LQ,84.19,128.76,exp11 同包曲线；训练种子 1；评估种子 123-125,Joint 与 passenger-only 控制权不同；跨矩阵训练实现/guard 未必完全锁定；本矩阵 guard=10000，后期参考 guard=2500
exp07,J0__M8,J0,M8,1,300000,nan,nan,7.713937713937714,20.943633543633542,0.5911111111111111,False,3,0,0.9595040495950405,0.0070992900709929,,,serial_runs/uam_7x12_600k_seed1_20260922_012649/J0__M8/analysis/checkpoint_curve.csv,MPTC,85.33,项目交接参考；当前归档未找到原始 S 阶段解析 CSV,UAGMC_SOURCE passenger-only + LQ,84.19,128.76,exp11 同包曲线；训练种子 1；评估种子 123-125,Joint 与 passenger-only 控制权不同；跨矩阵训练实现/guard 未必完全锁定；本矩阵 guard=10000，后期参考 guard=2500
exp07,J0__M8,J0,M8,1,350000,nan,nan,7.6200101348602205,20.518223366401088,0.5511111111111111,False,3,0,0.010732260107322603,0.001999800019998,,,serial_runs/uam_7x12_600k_seed1_20260922_012649/J0__M8/analysis/checkpoint_curve.csv,MPTC,85.33,项目交接参考；当前归档未找到原始 S 阶段解析 CSV,UAGMC_SOURCE passenger-only + LQ,84.19,128.76,exp11 同包曲线；训练种子 1；评估种子 123-125,Joint 与 passenger-only 控制权不同；跨矩阵训练实现/guard 未必完全锁定；本矩阵 guard=10000，后期参考 guard=2500
exp07,J0__M8,J0,M8,1,400000,nan,nan,7.610194548534469,20.775487226870627,0.44111111111111106,False,3,0,0.012565410125654103,0.0037662900376629004,,,serial_runs/uam_7x12_600k_seed1_20260922_012649/J0__M8/analysis/checkpoint_curve.csv,MPTC,85.33,项目交接参考；当前归档未找到原始 S 阶段解析 CSV,UAGMC_SOURCE passenger-only + LQ,84.19,128.76,exp11 同包曲线；训练种子 1；评估种子 123-125,Joint 与 passenger-only 控制权不同；跨矩阵训练实现/guard 未必完全锁定；本矩阵 guard=10000，后期参考 guard=2500
exp07,J0__M8,J0,M8,1,450000,nan,nan,7.925836539619279,21.11027980972163,0.5244444444444445,False,3,0,0.9673699296736994,0.005632770056327701,,,serial_runs/uam_7x12_600k_seed1_20260922_012649/J0__M8/analysis/checkpoint_curve.csv,MPTC,85.33,项目交接参考；当前归档未找到原始 S 阶段解析 CSV,UAGMC_SOURCE passenger-only + LQ,84.19,128.76,exp11 同包曲线；训练种子 1；评估种子 123-125,Joint 与 passenger-only 控制权不同；跨矩阵训练实现/guard 未必完全锁定；本矩阵 guard=10000，后期参考 guard=2500
exp07,J0__M8,J0,M8,1,500000,nan,nan,7.748882326049876,21.226926361746546,0.7266666666666666,False,3,0,0.573609305736093,0.0081658500816585,,,serial_runs/uam_7x12_600k_seed1_20260922_012649/J0__M8/analysis/checkpoint_curve.csv,MPTC,85.33,项目交接参考；当前归档未找到原始 S 阶段解析 CSV,UAGMC_SOURCE passenger-only + LQ,84.19,128.76,exp11 同包曲线；训练种子 1；评估种子 123-125,Joint 与 passenger-only 控制权不同；跨矩阵训练实现/guard 未必完全锁定；本矩阵 guard=10000，后期参考 guard=2500
exp07,J0__M8,J0,M8,1,550000,nan,nan,7.615624986812843,20.92634979043557,0.5488888888888889,False,3,0,0.6486351364863513,0.005266140052661401,,,serial_runs/uam_7x12_600k_seed1_20260922_012649/J0__M8/analysis/checkpoint_curve.csv,MPTC,85.33,项目交接参考；当前归档未找到原始 S 阶段解析 CSV,UAGMC_SOURCE passenger-only + LQ,84.19,128.76,exp11 同包曲线；训练种子 1；评估种子 123-125,Joint 与 passenger-only 控制权不同；跨矩阵训练实现/guard 未必完全锁定；本矩阵 guard=10000，后期参考 guard=2500
exp07,J0__M8,J0,M8,1,600000,nan,nan,8.044008007243301,21.290892114421524,0.4488888888888889,False,3,0,0.9724027597240276,0.0055327800553278015,,,serial_runs/uam_7x12_600k_seed1_20260922_012649/J0__M8/analysis/checkpoint_curve.csv,MPTC,85.33,项目交接参考；当前归档未找到原始 S 阶段解析 CSV,UAGMC_SOURCE passenger-only + LQ,84.19,128.76,exp11 同包曲线；训练种子 1；评估种子 123-125,Joint 与 passenger-only 控制权不同；跨矩阵训练实现/guard 未必完全锁定；本矩阵 guard=10000，后期参考 guard=2500
exp07,J0__M9,J0,M9,1,50000,nan,nan,8.077794519783469,22.324468042700087,0.4511111111111111,False,3,0,0.0015331800153318004,0.022464420224644205,,,serial_runs/uam_7x12_600k_seed1_20260922_012649/J0__M9/analysis/checkpoint_curve.csv,MPTC,85.33,项目交接参考；当前归档未找到原始 S 阶段解析 CSV,UAGMC_SOURCE passenger-only + LQ,84.19,128.76,exp11 同包曲线；训练种子 1；评估种子 123-125,Joint 与 passenger-only 控制权不同；跨矩阵训练实现/guard 未必完全锁定；本矩阵 guard=10000，后期参考 guard=2500
exp07,J0__M9,J0,M9,1,100000,208.86444444444444,178.1011111111111,7.722222222222222,22.084444444444447,1.0,True,3,3,0.1844241373835074,0.4967170518131138,,,serial_runs/uam_7x12_600k_seed1_20260922_012649/J0__M9/analysis/checkpoint_curve.csv,MPTC,85.33,项目交接参考；当前归档未找到原始 S 阶段解析 CSV,UAGMC_SOURCE passenger-only + LQ,84.19,128.76,exp11 同包曲线；训练种子 1；评估种子 123-125,Joint 与 passenger-only 控制权不同；跨矩阵训练实现/guard 未必完全锁定；本矩阵 guard=10000，后期参考 guard=2500
exp07,J0__M9,J0,M9,1,150000,nan,nan,6.633770934714463,19.790373812765026,0.8322222222222223,False,3,0,0.004599540045995401,0.0037996200379962,,,serial_runs/uam_7x12_600k_seed1_20260922_012649/J0__M9/analysis/checkpoint_curve.csv,MPTC,85.33,项目交接参考；当前归档未找到原始 S 阶段解析 CSV,UAGMC_SOURCE passenger-only + LQ,84.19,128.76,exp11 同包曲线；训练种子 1；评估种子 123-125,Joint 与 passenger-only 控制权不同；跨矩阵训练实现/guard 未必完全锁定；本矩阵 guard=10000，后期参考 guard=2500
exp07,J0__M9,J0,M9,1,200000,nan,nan,6.73181050438987,20.15003264746672,0.8633333333333333,False,3,0,0.002666400026664,0.003999600039996,,,serial_runs/uam_7x12_600k_seed1_20260922_012649/J0__M9/analysis/checkpoint_curve.csv,MPTC,85.33,项目交接参考；当前归档未找到原始 S 阶段解析 CSV,UAGMC_SOURCE passenger-only + LQ,84.19,128.76,exp11 同包曲线；训练种子 1；评估种子 123-125,Joint 与 passenger-only 控制权不同；跨矩阵训练实现/guard 未必完全锁定；本矩阵 guard=10000，后期参考 guard=2500
exp07,J0__M9,J0,M9,1,250000,nan,nan,6.863792278740732,20.35726064150217,0.8444444444444444,False,3,0,0.3049028430490284,0.005799420057994202,,,serial_runs/uam_7x12_600k_seed1_20260922_012649/J0__M9/analysis/checkpoint_curve.csv,MPTC,85.33,项目交接参考；当前归档未找到原始 S 阶段解析 CSV,UAGMC_SOURCE passenger-only + LQ,84.19,128.76,exp11 同包曲线；训练种子 1；评估种子 123-125,Joint 与 passenger-only 控制权不同；跨矩阵训练实现/guard 未必完全锁定；本矩阵 guard=10000，后期参考 guard=2500
exp07,J0__M9,J0,M9,1,300000,137.89555555555557,108.60222222222222,7.328888888888888,21.017777777777777,1.0,True,3,3,0.14544232924375322,0.21495534376584555,,,serial_runs/uam_7x12_600k_seed1_20260922_012649/J0__M9/analysis/checkpoint_curve.csv,MPTC,85.33,项目交接参考；当前归档未找到原始 S 阶段解析 CSV,UAGMC_SOURCE passenger-only + LQ,84.19,128.76,exp11 同包曲线；训练种子 1；评估种子 123-125,Joint 与 passenger-only 控制权不同；跨矩阵训练实现/guard 未必完全锁定；本矩阵 guard=10000，后期参考 guard=2500
exp07,J0__M9,J0,M9,1,350000,133.00833333333333,103.30333333333334,7.447474747474748,21.39090909090909,0.96,False,3,2,0.08649782936203838,0.23556939308212865,,,serial_runs/uam_7x12_600k_seed1_20260922_012649/J0__M9/analysis/checkpoint_curve.csv,MPTC,85.33,项目交接参考；当前归档未找到原始 S 阶段解析 CSV,UAGMC_SOURCE passenger-only + LQ,84.19,128.76,exp11 同包曲线；训练种子 1；评估种子 123-125,Joint 与 passenger-only 控制权不同；跨矩阵训练实现/guard 未必完全锁定；本矩阵 guard=10000，后期参考 guard=2500
exp07,J0__M9,J0,M9,1,400000,132.92777777777778,103.09555555555555,7.4188888888888895,21.47555555555556,1.0,True,3,3,0.0634648333702,0.4020952785194958,,,serial_runs/uam_7x12_600k_seed1_20260922_012649/J0__M9/analysis/checkpoint_curve.csv,MPTC,85.33,项目交接参考；当前归档未找到原始 S 阶段解析 CSV,UAGMC_SOURCE passenger-only + LQ,84.19,128.76,exp11 同包曲线；训练种子 1；评估种子 123-125,Joint 与 passenger-only 控制权不同；跨矩阵训练实现/guard 未必完全锁定；本矩阵 guard=10000，后期参考 guard=2500
exp07,J0__M9,J0,M9,1,450000,139.03,109.02,7.48888888888889,21.582222222222224,1.0,True,3,3,0.06620595656483734,0.3795564116427863,,,serial_runs/uam_7x12_600k_seed1_20260922_012649/J0__M9/analysis/checkpoint_curve.csv,MPTC,85.33,项目交接参考；当前归档未找到原始 S 阶段解析 CSV,UAGMC_SOURCE passenger-only + LQ,84.19,128.76,exp11 同包曲线；训练种子 1；评估种子 123-125,Joint 与 passenger-only 控制权不同；跨矩阵训练实现/guard 未必完全锁定；本矩阵 guard=10000，后期参考 guard=2500
exp07,J0__M9,J0,M9,1,500000,151.34333333333333,121.07666666666667,7.698888888888889,21.626666666666665,1.0,True,3,3,0.03401032614611615,0.4073552520527938,,,serial_runs/uam_7x12_600k_seed1_20260922_012649/J0__M9/analysis/checkpoint_curve.csv,MPTC,85.33,项目交接参考；当前归档未找到原始 S 阶段解析 CSV,UAGMC_SOURCE passenger-only + LQ,84.19,128.76,exp11 同包曲线；训练种子 1；评估种子 123-125,Joint 与 passenger-only 控制权不同；跨矩阵训练实现/guard 未必完全锁定；本矩阵 guard=10000，后期参考 guard=2500
exp07,J0__M9,J0,M9,1,550000,131.52,101.58666666666667,7.661878690284488,21.603573903284047,0.9444444444444443,False,3,1,0.02122807080882702,0.14148040978215104,,,serial_runs/uam_7x12_600k_seed1_20260922_012649/J0__M9/analysis/checkpoint_curve.csv,MPTC,85.33,项目交接参考；当前归档未找到原始 S 阶段解析 CSV,UAGMC_SOURCE passenger-only + LQ,84.19,128.76,exp11 同包曲线；训练种子 1；评估种子 123-125,Joint 与 passenger-only 控制权不同；跨矩阵训练实现/guard 未必完全锁定；本矩阵 guard=10000，后期参考 guard=2500
exp07,J0__M9,J0,M9,1,600000,181.04666666666665,150.46,7.72077832871576,21.808784250308168,0.9777777777777779,False,3,1,0.015177548417081604,0.12954901170365338,,,serial_runs/uam_7x12_600k_seed1_20260922_012649/J0__M9/analysis/checkpoint_curve.csv,MPTC,85.33,项目交接参考；当前归档未找到原始 S 阶段解析 CSV,UAGMC_SOURCE passenger-only + LQ,84.19,128.76,exp11 同包曲线；训练种子 1；评估种子 123-125,Joint 与 passenger-only 控制权不同；跨矩阵训练实现/guard 未必完全锁定；本矩阵 guard=10000，后期参考 guard=2500
exp07,S1__M0,S1,M0,1,50000,61.32,34.38666666666666,6.510000000000001,19.466666666666665,1.0,True,3,3,0.14420803782505912,0.8557919621749409,,,serial_runs/uam_7x12_600k_seed1_20260922_012649/S1__M0/analysis/checkpoint_curve.csv,QTTI2,58.24,项目交接参考；当前归档未找到原始 S 阶段解析 CSV,UAGMC_SOURCE passenger-only + LQ,63.61,65.21,exp11 同包曲线；训练种子 1；评估种子 123-125,需核对同物理/guard/轨迹；解析值为交接参考，非本次独立复算；本矩阵 guard=10000，后期参考 guard=2500
exp07,S1__M0,S1,M0,1,100000,77.49666666666667,49.03,7.023333333333333,20.52,1.0,True,3,3,0.4269141531322506,0.5730858468677494,,,serial_runs/uam_7x12_600k_seed1_20260922_012649/S1__M0/analysis/checkpoint_curve.csv,QTTI2,58.24,项目交接参考；当前归档未找到原始 S 阶段解析 CSV,UAGMC_SOURCE passenger-only + LQ,63.61,65.21,exp11 同包曲线；训练种子 1；评估种子 123-125,需核对同物理/guard/轨迹；解析值为交接参考，非本次独立复算；本矩阵 guard=10000，后期参考 guard=2500
exp07,S1__M0,S1,M0,1,150000,68.02666666666667,39.333333333333336,7.263333333333333,20.52,1.0,True,3,3,0.42685851318944845,0.5731414868105515,,,serial_runs/uam_7x12_600k_seed1_20260922_012649/S1__M0/analysis/checkpoint_curve.csv,QTTI2,58.24,项目交接参考；当前归档未找到原始 S 阶段解析 CSV,UAGMC_SOURCE passenger-only + LQ,63.61,65.21,exp11 同包曲线；训练种子 1；评估种子 123-125,需核对同物理/guard/轨迹；解析值为交接参考，非本次独立复算；本矩阵 guard=10000，后期参考 guard=2500
exp07,S1__M0,S1,M0,1,200000,69.72666666666667,40.333333333333336,7.666666666666667,20.773333333333333,1.0,True,3,3,0.42890442890442887,0.5710955710955711,,,serial_runs/uam_7x12_600k_seed1_20260922_012649/S1__M0/analysis/checkpoint_curve.csv,QTTI2,58.24,项目交接参考；当前归档未找到原始 S 阶段解析 CSV,UAGMC_SOURCE passenger-only + LQ,63.61,65.21,exp11 同包曲线；训练种子 1；评估种子 123-125,需核对同物理/guard/轨迹；解析值为交接参考，非本次独立复算；本矩阵 guard=10000，后期参考 guard=2500
exp07,S1__M0,S1,M0,1,250000,68.25444444444445,39.495555555555555,7.19,20.635555555555555,1.0,True,3,3,0.4271258935753115,0.5728741064246884,,,serial_runs/uam_7x12_600k_seed1_20260922_012649/S1__M0/analysis/checkpoint_curve.csv,QTTI2,58.24,项目交接参考；当前归档未找到原始 S 阶段解析 CSV,UAGMC_SOURCE passenger-only + LQ,63.61,65.21,exp11 同包曲线；训练种子 1；评估种子 123-125,需核对同物理/guard/轨迹；解析值为交接参考，非本次独立复算；本矩阵 guard=10000，后期参考 guard=2500
exp07,S1__M0,S1,M0,1,300000,65.96888888888888,37.46222222222222,7.091111111111111,20.506666666666664,1.0,True,3,3,0.38417362529536625,0.6158263747046337,,,serial_runs/uam_7x12_600k_seed1_20260922_012649/S1__M0/analysis/checkpoint_curve.csv,QTTI2,58.24,项目交接参考；当前归档未找到原始 S 阶段解析 CSV,UAGMC_SOURCE passenger-only + LQ,63.61,65.21,exp11 同包曲线；训练种子 1；评估种子 123-125,需核对同物理/guard/轨迹；解析值为交接参考，非本次独立复算；本矩阵 guard=10000，后期参考 guard=2500
exp07,S1__M0,S1,M0,1,350000,73.6588888888889,45.672222222222224,6.826666666666667,20.275555555555556,1.0,True,3,3,0.37506597176408496,0.624934028235915,,,serial_runs/uam_7x12_600k_seed1_20260922_012649/S1__M0/analysis/checkpoint_curve.csv,QTTI2,58.24,项目交接参考；当前归档未找到原始 S 阶段解析 CSV,UAGMC_SOURCE passenger-only + LQ,63.61,65.21,exp11 同包曲线；训练种子 1；评估种子 123-125,需核对同物理/guard/轨迹；解析值为交接参考，非本次独立复算；本矩阵 guard=10000，后期参考 guard=2500
exp07,S1__M0,S1,M0,1,400000,70.08777777777777,41.46,7.035555555555557,20.68444444444444,1.0,True,3,3,0.4464837584802135,0.5535162415197864,,,serial_runs/uam_7x12_600k_seed1_20260922_012649/S1__M0/analysis/checkpoint_curve.csv,QTTI2,58.24,项目交接参考；当前归档未找到原始 S 阶段解析 CSV,UAGMC_SOURCE passenger-only + LQ,63.61,65.21,exp11 同包曲线；训练种子 1；评估种子 123-125,需核对同物理/guard/轨迹；解析值为交接参考，非本次独立复算；本矩阵 guard=10000，后期参考 guard=2500
exp07,S1__M0,S1,M0,1,450000,68.75222222222222,39.89,7.173333333333333,20.8,1.0,True,3,3,0.4581700780356021,0.5418299219643979,,,serial_runs/uam_7x12_600k_seed1_20260922_012649/S1__M0/analysis/checkpoint_curve.csv,QTTI2,58.24,项目交接参考；当前归档未找到原始 S 阶段解析 CSV,UAGMC_SOURCE passenger-only + LQ,63.61,65.21,exp11 同包曲线；训练种子 1；评估种子 123-125,需核对同物理/guard/轨迹；解析值为交接参考，非本次独立复算；本矩阵 guard=10000，后期参考 guard=2500
exp07,S1__M0,S1,M0,1,500000,73.33222222222223,44.97555555555556,6.872222222222223,20.582222222222224,1.0,True,3,3,0.4083229960422943,0.5916770039577056,,,serial_runs/uam_7x12_600k_seed1_20260922_012649/S1__M0/analysis/checkpoint_curve.csv,QTTI2,58.24,项目交接参考；当前归档未找到原始 S 阶段解析 CSV,UAGMC_SOURCE passenger-only + LQ,63.61,65.21,exp11 同包曲线；训练种子 1；评估种子 123-125,需核对同物理/guard/轨迹；解析值为交接参考，非本次独立复算；本矩阵 guard=10000，后期参考 guard=2500
exp07,S1__M0,S1,M0,1,550000,73.2688888888889,44.28555555555556,7.16,20.91111111111111,1.0,True,3,3,0.48872085866224263,0.5112791413377574,,,serial_runs/uam_7x12_600k_seed1_20260922_012649/S1__M0/analysis/checkpoint_curve.csv,QTTI2,58.24,项目交接参考；当前归档未找到原始 S 阶段解析 CSV,UAGMC_SOURCE passenger-only + LQ,63.61,65.21,exp11 同包曲线；训练种子 1；评估种子 123-125,需核对同物理/guard/轨迹；解析值为交接参考，非本次独立复算；本矩阵 guard=10000，后期参考 guard=2500
exp07,S1__M0,S1,M0,1,600000,73.92,44.99666666666667,7.166666666666667,20.84,1.0,True,3,3,0.47183098591549294,0.528169014084507,,,serial_runs/uam_7x12_600k_seed1_20260922_012649/S1__M0/analysis/checkpoint_curve.csv,QTTI2,58.24,项目交接参考；当前归档未找到原始 S 阶段解析 CSV,UAGMC_SOURCE passenger-only + LQ,63.61,65.21,exp11 同包曲线；训练种子 1；评估种子 123-125,需核对同物理/guard/轨迹；解析值为交接参考，非本次独立复算；本矩阵 guard=10000，后期参考 guard=2500
exp07,S1__M1,S1,M1,1,50000,81.35333333333334,54.48666666666666,6.546666666666667,19.386666666666667,1.0,True,3,3,0.07990314769975787,0.9200968523002423,,,serial_runs/uam_7x12_600k_seed1_20260922_012649/S1__M1/analysis/checkpoint_curve.csv,QTTI2,58.24,项目交接参考；当前归档未找到原始 S 阶段解析 CSV,UAGMC_SOURCE passenger-only + LQ,63.61,65.21,exp11 同包曲线；训练种子 1；评估种子 123-125,需核对同物理/guard/轨迹；解析值为交接参考，非本次独立复算；本矩阵 guard=10000，后期参考 guard=2500
exp07,S1__M1,S1,M1,1,100000,69.86666666666666,41.80555555555555,7.172222222222222,19.964444444444446,1.0,True,3,3,0.2928878177808955,0.7071121822191045,,,serial_runs/uam_7x12_600k_seed1_20260922_012649/S1__M1/analysis/checkpoint_curve.csv,QTTI2,58.24,项目交接参考；当前归档未找到原始 S 阶段解析 CSV,UAGMC_SOURCE passenger-only + LQ,63.61,65.21,exp11 同包曲线；训练种子 1；评估种子 123-125,需核对同物理/guard/轨迹；解析值为交接参考，非本次独立复算；本矩阵 guard=10000，后期参考 guard=2500
exp07,S1__M1,S1,M1,1,150000,68.40222222222224,38.675555555555555,7.6933333333333325,21.12,1.0,True,3,3,0.5068195317750918,0.4931804682249083,,,serial_runs/uam_7x12_600k_seed1_20260922_012649/S1__M1/analysis/checkpoint_curve.csv,QTTI2,58.24,项目交接参考；当前归档未找到原始 S 阶段解析 CSV,UAGMC_SOURCE passenger-only + LQ,63.61,65.21,exp11 同包曲线；训练种子 1；评估种子 123-125,需核对同物理/guard/轨迹；解析值为交接参考，非本次独立复算；本矩阵 guard=10000，后期参考 guard=2500
exp07,S1__M1,S1,M1,1,200000,65.7688888888889,36.59444444444444,7.432222222222222,20.84,1.0,True,3,3,0.4282611646531831,0.5717388353468169,,,serial_runs/uam_7x12_600k_seed1_20260922_012649/S1__M1/analysis/checkpoint_curve.csv,QTTI2,58.24,项目交接参考；当前归档未找到原始 S 阶段解析 CSV,UAGMC_SOURCE passenger-only + LQ,63.61,65.21,exp11 同包曲线；训练种子 1；评估种子 123-125,需核对同物理/guard/轨迹；解析值为交接参考，非本次独立复算；本矩阵 guard=10000，后期参考 guard=2500
exp07,S1__M1,S1,M1,1,250000,66.67888888888889,37.26111111111111,7.474444444444444,21.035555555555558,1.0,True,3,3,0.4875573956592573,0.5124426043407427,,,serial_runs/uam_7x12_600k_seed1_20260922_012649/S1__M1/analysis/checkpoint_curve.csv,QTTI2,58.24,项目交接参考；当前归档未找到原始 S 阶段解析 CSV,UAGMC_SOURCE passenger-only + LQ,63.61,65.21,exp11 同包曲线；训练种子 1；评估种子 123-125,需核对同物理/guard/轨迹；解析值为交接参考，非本次独立复算；本矩阵 guard=10000，后期参考 guard=2500
exp07,S1__M1,S1,M1,1,300000,64.28777777777778,35.212222222222216,7.337777777777778,20.808888888888887,1.0,True,3,3,0.42361819729673017,0.5763818027032698,,,serial_runs/uam_7x12_600k_seed1_20260922_012649/S1__M1/analysis/checkpoint_curve.csv,QTTI2,58.24,项目交接参考；当前归档未找到原始 S 阶段解析 CSV,UAGMC_SOURCE passenger-only + LQ,63.61,65.21,exp11 同包曲线；训练种子 1；评估种子 123-125,需核对同物理/guard/轨迹；解析值为交接参考，非本次独立复算；本矩阵 guard=10000，后期参考 guard=2500
exp07,S1__M1,S1,M1,1,350000,71.66333333333334,41.78333333333333,7.6000000000000005,21.400000000000002,1.0,True,3,3,0.603558720168714,0.39644127983128596,,,serial_runs/uam_7x12_600k_seed1_20260922_012649/S1__M1/analysis/checkpoint_curve.csv,QTTI2,58.24,项目交接参考；当前归档未找到原始 S 阶段解析 CSV,UAGMC_SOURCE passenger-only + LQ,63.61,65.21,exp11 同包曲线；训练种子 1；评估种子 123-125,需核对同物理/guard/轨迹；解析值为交接参考，非本次独立复算；本矩阵 guard=10000，后期参考 guard=2500
exp07,S1__M1,S1,M1,1,400000,76.65444444444445,46.39666666666667,7.734444444444445,21.635555555555555,1.0,True,3,3,0.6222058278447808,0.37779417215521915,,,serial_runs/uam_7x12_600k_seed1_20260922_012649/S1__M1/analysis/checkpoint_curve.csv,QTTI2,58.24,项目交接参考；当前归档未找到原始 S 阶段解析 CSV,UAGMC_SOURCE passenger-only + LQ,63.61,65.21,exp11 同包曲线；训练种子 1；评估种子 123-125,需核对同物理/guard/轨迹；解析值为交接参考，非本次独立复算；本矩阵 guard=10000，后期参考 guard=2500
exp07,S1__M1,S1,M1,1,450000,69.25,39.66777777777778,7.4544444444444435,21.226666666666663,1.0,True,3,3,0.5041694703721097,0.4958305296278902,,,serial_runs/uam_7x12_600k_seed1_20260922_012649/S1__M1/analysis/checkpoint_curve.csv,QTTI2,58.24,项目交接参考；当前归档未找到原始 S 阶段解析 CSV,UAGMC_SOURCE passenger-only + LQ,63.61,65.21,exp11 同包曲线；训练种子 1；评估种子 123-125,需核对同物理/guard/轨迹；解析值为交接参考，非本次独立复算；本矩阵 guard=10000，后期参考 guard=2500
exp07,S1__M1,S1,M1,1,500000,80.38888888888889,50.21444444444444,7.571111111111111,21.72,1.0,True,3,3,0.6192730211141529,0.380726978885847,,,serial_runs/uam_7x12_600k_seed1_20260922_012649/S1__M1/analysis/checkpoint_curve.csv,QTTI2,58.24,项目交接参考；当前归档未找到原始 S 阶段解析 CSV,UAGMC_SOURCE passenger-only + LQ,63.61,65.21,exp11 同包曲线；训练种子 1；评估种子 123-125,需核对同物理/guard/轨迹；解析值为交接参考，非本次独立复算；本矩阵 guard=10000，后期参考 guard=2500
exp07,S1__M1,S1,M1,1,550000,81.57000000000001,51.64555555555555,7.5055555555555555,21.52,1.0,True,3,3,0.6049074758479455,0.3950925241520545,,,serial_runs/uam_7x12_600k_seed1_20260922_012649/S1__M1/analysis/checkpoint_curve.csv,QTTI2,58.24,项目交接参考；当前归档未找到原始 S 阶段解析 CSV,UAGMC_SOURCE passenger-only + LQ,63.61,65.21,exp11 同包曲线；训练种子 1；评估种子 123-125,需核对同物理/guard/轨迹；解析值为交接参考，非本次独立复算；本矩阵 guard=10000，后期参考 guard=2500
exp07,S1__M1,S1,M1,1,600000,75.06111111111112,44.88666666666666,7.7011111111111115,21.546666666666667,1.0,True,3,3,0.6112394149345651,0.3887605850654349,,,serial_runs/uam_7x12_600k_seed1_20260922_012649/S1__M1/analysis/checkpoint_curve.csv,QTTI2,58.24,项目交接参考；当前归档未找到原始 S 阶段解析 CSV,UAGMC_SOURCE passenger-only + LQ,63.61,65.21,exp11 同包曲线；训练种子 1；评估种子 123-125,需核对同物理/guard/轨迹；解析值为交接参考，非本次独立复算；本矩阵 guard=10000，后期参考 guard=2500
exp07,S1__M10,S1,M10,1,50000,72.81666666666666,45.086666666666666,6.6933333333333325,20.12,1.0,True,3,3,0.4771084337349398,0.5228915662650603,,,serial_runs/uam_7x12_600k_seed1_20260922_012649/S1__M10/analysis/checkpoint_curve.csv,QTTI2,58.24,项目交接参考；当前归档未找到原始 S 阶段解析 CSV,UAGMC_SOURCE passenger-only + LQ,63.61,65.21,exp11 同包曲线；训练种子 1；评估种子 123-125,需核对同物理/guard/轨迹；解析值为交接参考，非本次独立复算；本矩阵 guard=10000，后期参考 guard=2500
exp07,S1__M10,S1,M10,1,100000,74.48,45.39666666666667,7.1933333333333325,20.96,1.0,True,3,3,0.5833333333333334,0.4166666666666667,,,serial_runs/uam_7x12_600k_seed1_20260922_012649/S1__M10/analysis/checkpoint_curve.csv,QTTI2,58.24,项目交接参考；当前归档未找到原始 S 阶段解析 CSV,UAGMC_SOURCE passenger-only + LQ,63.61,65.21,exp11 同包曲线；训练种子 1；评估种子 123-125,需核对同物理/guard/轨迹；解析值为交接参考，非本次独立复算；本矩阵 guard=10000，后期参考 guard=2500
exp07,S1__M10,S1,M10,1,150000,77.21666666666667,46.75,7.733333333333333,21.786666666666665,1.0,True,3,3,0.7964601769911505,0.20353982300884957,,,serial_runs/uam_7x12_600k_seed1_20260922_012649/S1__M10/analysis/checkpoint_curve.csv,QTTI2,58.24,项目交接参考；当前归档未找到原始 S 阶段解析 CSV,UAGMC_SOURCE passenger-only + LQ,63.61,65.21,exp11 同包曲线；训练种子 1；评估种子 123-125,需核对同物理/guard/轨迹；解析值为交接参考，非本次独立复算；本矩阵 guard=10000，后期参考 guard=2500
exp07,S1__M10,S1,M10,1,200000,71.31,41.38666666666666,7.5566666666666675,21.426666666666666,1.0,True,3,3,0.7208237986270024,0.2791762013729977,,,serial_runs/uam_7x12_600k_seed1_20260922_012649/S1__M10/analysis/checkpoint_curve.csv,QTTI2,58.24,项目交接参考；当前归档未找到原始 S 阶段解析 CSV,UAGMC_SOURCE passenger-only + LQ,63.61,65.21,exp11 同包曲线；训练种子 1；评估种子 123-125,需核对同物理/guard/轨迹；解析值为交接参考，非本次独立复算；本矩阵 guard=10000，后期参考 guard=2500
exp07,S1__M10,S1,M10,1,250000,71.4588888888889,41.59111111111111,7.577777777777778,21.413333333333338,1.0,True,3,3,0.7119668772653687,0.28803312273463133,,,serial_runs/uam_7x12_600k_seed1_20260922_012649/S1__M10/analysis/checkpoint_curve.csv,QTTI2,58.24,项目交接参考；当前归档未找到原始 S 阶段解析 CSV,UAGMC_SOURCE passenger-only + LQ,63.61,65.21,exp11 同包曲线；训练种子 1；评估种子 123-125,需核对同物理/guard/轨迹；解析值为交接参考，非本次独立复算；本矩阵 guard=10000，后期参考 guard=2500
exp07,S1__M10,S1,M10,1,300000,69.02222222222223,39.67444444444445,7.337777777777778,21.106666666666666,1.0,True,3,3,0.6463179807442102,0.35368201925578974,,,serial_runs/uam_7x12_600k_seed1_20260922_012649/S1__M10/analysis/checkpoint_curve.csv,QTTI2,58.24,项目交接参考；当前归档未找到原始 S 阶段解析 CSV,UAGMC_SOURCE passenger-only + LQ,63.61,65.21,exp11 同包曲线；训练种子 1；评估种子 123-125,需核对同物理/guard/轨迹；解析值为交接参考，非本次独立复算；本矩阵 guard=10000，后期参考 guard=2500
exp07,S1__M10,S1,M10,1,350000,71.65777777777778,42.29222222222222,7.37,21.04888888888889,1.0,True,3,3,0.6526113249037934,0.3473886750962067,,,serial_runs/uam_7x12_600k_seed1_20260922_012649/S1__M10/analysis/checkpoint_curve.csv,QTTI2,58.24,项目交接参考；当前归档未找到原始 S 阶段解析 CSV,UAGMC_SOURCE passenger-only + LQ,63.61,65.21,exp11 同包曲线；训练种子 1；评估种子 123-125,需核对同物理/guard/轨迹；解析值为交接参考，非本次独立复算；本矩阵 guard=10000，后期参考 guard=2500
exp07,S1__M10,S1,M10,1,400000,66.04444444444444,36.91,7.2555555555555555,20.951111111111114,1.0,True,3,3,0.6093012567832712,0.3906987432167288,,,serial_runs/uam_7x12_600k_seed1_20260922_012649/S1__M10/analysis/checkpoint_curve.csv,QTTI2,58.24,项目交接参考；当前归档未找到原始 S 阶段解析 CSV,UAGMC_SOURCE passenger-only + LQ,63.61,65.21,exp11 同包曲线；训练种子 1；评估种子 123-125,需核对同物理/guard/轨迹；解析值为交接参考，非本次独立复算；本矩阵 guard=10000，后期参考 guard=2500
exp07,S1__M10,S1,M10,1,450000,70.92666666666668,41.31666666666667,7.428888888888888,21.262222222222224,1.0,True,3,3,0.6909397115557399,0.3090602884442601,,,serial_runs/uam_7x12_600k_seed1_20260922_012649/S1__M10/analysis/checkpoint_curve.csv,QTTI2,58.24,项目交接参考；当前归档未找到原始 S 阶段解析 CSV,UAGMC_SOURCE passenger-only + LQ,63.61,65.21,exp11 同包曲线；训练种子 1；评估种子 123-125,需核对同物理/guard/轨迹；解析值为交接参考，非本次独立复算；本矩阵 guard=10000，后期参考 guard=2500
exp07,S1__M10,S1,M10,1,500000,65.74444444444445,36.71,7.148888888888888,20.977777777777778,1.0,True,3,3,0.6440477676284068,0.3559522323715932,,,serial_runs/uam_7x12_600k_seed1_20260922_012649/S1__M10/analysis/checkpoint_curve.csv,QTTI2,58.24,项目交接参考；当前归档未找到原始 S 阶段解析 CSV,UAGMC_SOURCE passenger-only + LQ,63.61,65.21,exp11 同包曲线；训练种子 1；评估种子 123-125,需核对同物理/guard/轨迹；解析值为交接参考，非本次独立复算；本矩阵 guard=10000，后期参考 guard=2500
exp07,S1__M10,S1,M10,1,550000,71.42222222222222,41.80777777777778,7.416666666666667,21.297777777777778,1.0,True,3,3,0.7014918513804927,0.2985081486195072,,,serial_runs/uam_7x12_600k_seed1_20260922_012649/S1__M10/analysis/checkpoint_curve.csv,QTTI2,58.24,项目交接参考；当前归档未找到原始 S 阶段解析 CSV,UAGMC_SOURCE passenger-only + LQ,63.61,65.21,exp11 同包曲线；训练种子 1；评估种子 123-125,需核对同物理/guard/轨迹；解析值为交接参考，非本次独立复算；本矩阵 guard=10000，后期参考 guard=2500
exp07,S1__M10,S1,M10,1,600000,73.53666666666668,43.77,7.423333333333333,21.43111111111111,1.0,True,3,3,0.7244019267045486,0.27559807329545144,,,serial_runs/uam_7x12_600k_seed1_20260922_012649/S1__M10/analysis/checkpoint_curve.csv,QTTI2,58.24,项目交接参考；当前归档未找到原始 S 阶段解析 CSV,UAGMC_SOURCE passenger-only + LQ,63.61,65.21,exp11 同包曲线；训练种子 1；评估种子 123-125,需核对同物理/guard/轨迹；解析值为交接参考，非本次独立复算；本矩阵 guard=10000，后期参考 guard=2500
exp07,S1__M11,S1,M11,1,50000,63.337777777777774,35.34444444444444,6.87,20.2,1.0,True,3,3,0.4424413809355485,0.5575586190644516,,,serial_runs/uam_7x12_600k_seed1_20260922_012649/S1__M11/analysis/checkpoint_curve.csv,QTTI2,58.24,项目交接参考；当前归档未找到原始 S 阶段解析 CSV,UAGMC_SOURCE passenger-only + LQ,63.61,65.21,exp11 同包曲线；训练种子 1；评估种子 123-125,需核对同物理/guard/轨迹；解析值为交接参考，非本次独立复算；本矩阵 guard=10000，后期参考 guard=2500
exp07,S1__M11,S1,M11,1,100000,66.30333333333333,37.836666666666666,7.026666666666666,20.506666666666668,1.0,True,3,3,0.4895591647331787,0.5104408352668214,,,serial_runs/uam_7x12_600k_seed1_20260922_012649/S1__M11/analysis/checkpoint_curve.csv,QTTI2,58.24,项目交接参考；当前归档未找到原始 S 阶段解析 CSV,UAGMC_SOURCE passenger-only + LQ,63.61,65.21,exp11 同包曲线；训练种子 1；评估种子 123-125,需核对同物理/guard/轨迹；解析值为交接参考，非本次独立复算；本矩阵 guard=10000，后期参考 guard=2500
exp07,S1__M11,S1,M11,1,150000,65.08333333333333,36.126666666666665,7.353333333333334,20.68,1.0,True,3,3,0.4942528735632184,0.5057471264367817,,,serial_runs/uam_7x12_600k_seed1_20260922_012649/S1__M11/analysis/checkpoint_curve.csv,QTTI2,58.24,项目交接参考；当前归档未找到原始 S 阶段解析 CSV,UAGMC_SOURCE passenger-only + LQ,63.61,65.21,exp11 同包曲线；训练种子 1；评估种子 123-125,需核对同物理/guard/轨迹；解析值为交接参考，非本次独立复算；本矩阵 guard=10000，后期参考 guard=2500
exp07,S1__M11,S1,M11,1,200000,67.19555555555554,38.21111111111111,7.253333333333333,20.817777777777778,1.0,True,3,3,0.5395938576829146,0.4604061423170854,,,serial_runs/uam_7x12_600k_seed1_20260922_012649/S1__M11/analysis/checkpoint_curve.csv,QTTI2,58.24,项目交接参考；当前归档未找到原始 S 阶段解析 CSV,UAGMC_SOURCE passenger-only + LQ,63.61,65.21,exp11 同包曲线；训练种子 1；评估种子 123-125,需核对同物理/guard/轨迹；解析值为交接参考，非本次独立复算；本矩阵 guard=10000，后期参考 guard=2500
exp07,S1__M11,S1,M11,1,250000,70.02111111111111,41.43444444444444,7.151111111111111,20.502222222222226,1.0,True,3,3,0.4761096569775451,0.523890343022455,,,serial_runs/uam_7x12_600k_seed1_20260922_012649/S1__M11/analysis/checkpoint_curve.csv,QTTI2,58.24,项目交接参考；当前归档未找到原始 S 阶段解析 CSV,UAGMC_SOURCE passenger-only + LQ,63.61,65.21,exp11 同包曲线；训练种子 1；评估种子 123-125,需核对同物理/guard/轨迹；解析值为交接参考，非本次独立复算；本矩阵 guard=10000，后期参考 guard=2500
exp07,S1__M11,S1,M11,1,300000,71.14333333333333,42.78444444444445,6.961111111111111,20.506666666666668,1.0,True,3,3,0.46962558657105574,0.5303744134289442,,,serial_runs/uam_7x12_600k_seed1_20260922_012649/S1__M11/analysis/checkpoint_curve.csv,QTTI2,58.24,项目交接参考；当前归档未找到原始 S 阶段解析 CSV,UAGMC_SOURCE passenger-only + LQ,63.61,65.21,exp11 同包曲线；训练种子 1；评估种子 123-125,需核对同物理/guard/轨迹；解析值为交接参考，非本次独立复算；本矩阵 guard=10000，后期参考 guard=2500
exp07,S1__M11,S1,M11,1,350000,68.92888888888889,39.89555555555555,7.1677777777777765,20.95111111111111,1.0,True,3,3,0.5387359899024372,0.46126401009756285,,,serial_runs/uam_7x12_600k_seed1_20260922_012649/S1__M11/analysis/checkpoint_curve.csv,QTTI2,58.24,项目交接参考；当前归档未找到原始 S 阶段解析 CSV,UAGMC_SOURCE passenger-only + LQ,63.61,65.21,exp11 同包曲线；训练种子 1；评估种子 123-125,需核对同物理/guard/轨迹；解析值为交接参考，非本次独立复算；本矩阵 guard=10000，后期参考 guard=2500
exp07,S1__M11,S1,M11,1,400000,69.54888888888888,40.632222222222225,7.192222222222223,20.804444444444442,1.0,True,3,3,0.523703380985331,0.4762966190146691,,,serial_runs/uam_7x12_600k_seed1_20260922_012649/S1__M11/analysis/checkpoint_curve.csv,QTTI2,58.24,项目交接参考；当前归档未找到原始 S 阶段解析 CSV,UAGMC_SOURCE passenger-only + LQ,63.61,65.21,exp11 同包曲线；训练种子 1；评估种子 123-125,需核对同物理/guard/轨迹；解析值为交接参考，非本次独立复算；本矩阵 guard=10000，后期参考 guard=2500
exp07,S1__M11,S1,M11,1,450000,74.42666666666666,44.946666666666665,7.466666666666666,21.08,1.0,True,3,3,0.5959119496855346,0.40408805031446543,,,serial_runs/uam_7x12_600k_seed1_20260922_012649/S1__M11/analysis/checkpoint_curve.csv,QTTI2,58.24,项目交接参考；当前归档未找到原始 S 阶段解析 CSV,UAGMC_SOURCE passenger-only + LQ,63.61,65.21,exp11 同包曲线；训练种子 1；评估种子 123-125,需核对同物理/guard/轨迹；解析值为交接参考，非本次独立复算；本矩阵 guard=10000，后期参考 guard=2500
exp07,S1__M11,S1,M11,1,500000,76.68222222222222,47.355555555555554,7.343333333333334,21.06222222222222,1.0,True,3,3,0.5878391390175587,0.4121608609824414,,,serial_runs/uam_7x12_600k_seed1_20260922_012649/S1__M11/analysis/checkpoint_curve.csv,QTTI2,58.24,项目交接参考；当前归档未找到原始 S 阶段解析 CSV,UAGMC_SOURCE passenger-only + LQ,63.61,65.21,exp11 同包曲线；训练种子 1；评估种子 123-125,需核对同物理/guard/轨迹；解析值为交接参考，非本次独立复算；本矩阵 guard=10000，后期参考 guard=2500
exp07,S1__M11,S1,M11,1,550000,77.60444444444444,48.01888888888889,7.394444444444445,21.253333333333334,1.0,True,3,3,0.5998267213862288,0.4001732786137711,,,serial_runs/uam_7x12_600k_seed1_20260922_012649/S1__M11/analysis/checkpoint_curve.csv,QTTI2,58.24,项目交接参考；当前归档未找到原始 S 阶段解析 CSV,UAGMC_SOURCE passenger-only + LQ,63.61,65.21,exp11 同包曲线；训练种子 1；评估种子 123-125,需核对同物理/guard/轨迹；解析值为交接参考，非本次独立复算；本矩阵 guard=10000，后期参考 guard=2500
exp07,S1__M11,S1,M11,1,600000,83.69666666666667,53.77333333333333,7.536666666666666,21.413333333333338,1.0,True,3,3,0.6105990783410138,0.38940092165898615,,,serial_runs/uam_7x12_600k_seed1_20260922_012649/S1__M11/analysis/checkpoint_curve.csv,QTTI2,58.24,项目交接参考；当前归档未找到原始 S 阶段解析 CSV,UAGMC_SOURCE passenger-only + LQ,63.61,65.21,exp11 同包曲线；训练种子 1；评估种子 123-125,需核对同物理/guard/轨迹；解析值为交接参考，非本次独立复算；本矩阵 guard=10000，后期参考 guard=2500
exp07,S1__M2,S1,M2,1,50000,73.81333333333333,45.64666666666667,6.976666666666667,20.253333333333334,1.0,True,3,3,0.3167099246075887,0.6832900753924113,,,serial_runs/uam_7x12_600k_seed1_20260922_012649/S1__M2/analysis/checkpoint_curve.csv,QTTI2,58.24,项目交接参考；当前归档未找到原始 S 阶段解析 CSV,UAGMC_SOURCE passenger-only + LQ,63.61,65.21,exp11 同包曲线；训练种子 1；评估种子 123-125,需核对同物理/guard/轨迹；解析值为交接参考，非本次独立复算；本矩阵 guard=10000，后期参考 guard=2500
exp07,S1__M2,S1,M2,1,100000,64.2,35.922222222222224,7.06,20.284444444444443,1.0,True,3,3,0.33154392806762756,0.6684560719323724,,,serial_runs/uam_7x12_600k_seed1_20260922_012649/S1__M2/analysis/checkpoint_curve.csv,QTTI2,58.24,项目交接参考；当前归档未找到原始 S 阶段解析 CSV,UAGMC_SOURCE passenger-only + LQ,63.61,65.21,exp11 同包曲线；训练种子 1；评估种子 123-125,需核对同物理/guard/轨迹；解析值为交接参考，非本次独立复算；本矩阵 guard=10000，后期参考 guard=2500
exp07,S1__M2,S1,M2,1,150000,67.98,38.67666666666667,7.349999999999999,21.013333333333332,1.0,True,3,3,0.4693396226415094,0.5306603773584906,,,serial_runs/uam_7x12_600k_seed1_20260922_012649/S1__M2/analysis/checkpoint_curve.csv,QTTI2,58.24,项目交接参考；当前归档未找到原始 S 阶段解析 CSV,UAGMC_SOURCE passenger-only + LQ,63.61,65.21,exp11 同包曲线；训练种子 1；评估种子 123-125,需核对同物理/guard/轨迹；解析值为交接参考，非本次独立复算；本矩阵 guard=10000，后期参考 guard=2500
exp07,S1__M2,S1,M2,1,200000,68.54333333333334,40.45444444444445,6.977777777777778,20.16888888888889,1.0,True,3,3,0.3534439416792358,0.6465560583207641,,,serial_runs/uam_7x12_600k_seed1_20260922_012649/S1__M2/analysis/checkpoint_curve.csv,QTTI2,58.24,项目交接参考；当前归档未找到原始 S 阶段解析 CSV,UAGMC_SOURCE passenger-only + LQ,63.61,65.21,exp11 同包曲线；训练种子 1；评估种子 123-125,需核对同物理/guard/轨迹；解析值为交接参考，非本次独立复算；本矩阵 guard=10000，后期参考 guard=2500
exp07,S1__M2,S1,M2,1,250000,68.66000000000001,39.18555555555555,7.347777777777778,21.182222222222222,1.0,True,3,3,0.5249754967477501,0.4750245032522498,,,serial_runs/uam_7x12_600k_seed1_20260922_012649/S1__M2/analysis/checkpoint_curve.csv,QTTI2,58.24,项目交接参考；当前归档未找到原始 S 阶段解析 CSV,UAGMC_SOURCE passenger-only + LQ,63.61,65.21,exp11 同包曲线；训练种子 1；评估种子 123-125,需核对同物理/guard/轨迹；解析值为交接参考，非本次独立复算；本矩阵 guard=10000，后期参考 guard=2500
exp07,S1__M2,S1,M2,1,300000,69.69333333333333,40.07333333333333,7.489999999999999,21.213333333333335,1.0,True,3,3,0.49403341288782815,0.5059665871121718,,,serial_runs/uam_7x12_600k_seed1_20260922_012649/S1__M2/analysis/checkpoint_curve.csv,QTTI2,58.24,项目交接参考；当前归档未找到原始 S 阶段解析 CSV,UAGMC_SOURCE passenger-only + LQ,63.61,65.21,exp11 同包曲线；训练种子 1；评估种子 123-125,需核对同物理/guard/轨迹；解析值为交接参考，非本次独立复算；本矩阵 guard=10000，后期参考 guard=2500
exp07,S1__M2,S1,M2,1,350000,68.91777777777777,39.419999999999995,7.3677777777777775,21.213333333333335,1.0,True,3,3,0.5085570909635622,0.49144290903643784,,,serial_runs/uam_7x12_600k_seed1_20260922_012649/S1__M2/analysis/checkpoint_curve.csv,QTTI2,58.24,项目交接参考；当前归档未找到原始 S 阶段解析 CSV,UAGMC_SOURCE passenger-only + LQ,63.61,65.21,exp11 同包曲线；训练种子 1；评估种子 123-125,需核对同物理/guard/轨迹；解析值为交接参考，非本次独立复算；本矩阵 guard=10000，后期参考 guard=2500
exp07,S1__M2,S1,M2,1,400000,70.29222222222222,40.75333333333334,7.338888888888889,21.28,1.0,True,3,3,0.519950996934672,0.480049003065328,,,serial_runs/uam_7x12_600k_seed1_20260922_012649/S1__M2/analysis/checkpoint_curve.csv,QTTI2,58.24,项目交接参考；当前归档未找到原始 S 阶段解析 CSV,UAGMC_SOURCE passenger-only + LQ,63.61,65.21,exp11 同包曲线；训练种子 1；评估种子 123-125,需核对同物理/guard/轨迹；解析值为交接参考，非本次独立复算；本矩阵 guard=10000，后期参考 guard=2500
exp07,S1__M2,S1,M2,1,450000,74.47777777777777,44.57888888888888,7.476666666666667,21.48,1.0,True,3,3,0.5437183170071057,0.45628168299289423,,,serial_runs/uam_7x12_600k_seed1_20260922_012649/S1__M2/analysis/checkpoint_curve.csv,QTTI2,58.24,项目交接参考；当前归档未找到原始 S 阶段解析 CSV,UAGMC_SOURCE passenger-only + LQ,63.61,65.21,exp11 同包曲线；训练种子 1；评估种子 123-125,需核对同物理/guard/轨迹；解析值为交接参考，非本次独立复算；本矩阵 guard=10000，后期参考 guard=2500
exp07,S1__M2,S1,M2,1,500000,81.90666666666665,52.05222222222222,7.4688888888888885,21.48888888888889,1.0,True,3,3,0.5611379382741969,0.43886206172580305,,,serial_runs/uam_7x12_600k_seed1_20260922_012649/S1__M2/analysis/checkpoint_curve.csv,QTTI2,58.24,项目交接参考；当前归档未找到原始 S 阶段解析 CSV,UAGMC_SOURCE passenger-only + LQ,63.61,65.21,exp11 同包曲线；训练种子 1；评估种子 123-125,需核对同物理/guard/轨迹；解析值为交接参考，非本次独立复算；本矩阵 guard=10000，后期参考 guard=2500
exp07,S1__M2,S1,M2,1,550000,79.19333333333333,48.98666666666666,7.613333333333333,21.679999999999996,1.0,True,3,3,0.5666666666666667,0.43333333333333335,,,serial_runs/uam_7x12_600k_seed1_20260922_012649/S1__M2/analysis/checkpoint_curve.csv,QTTI2,58.24,项目交接参考；当前归档未找到原始 S 阶段解析 CSV,UAGMC_SOURCE passenger-only + LQ,63.61,65.21,exp11 同包曲线；训练种子 1；评估种子 123-125,需核对同物理/guard/轨迹；解析值为交接参考，非本次独立复算；本矩阵 guard=10000，后期参考 guard=2500
exp07,S1__M2,S1,M2,1,600000,84.77888888888889,54.699999999999996,7.491111111111111,21.662222222222223,1.0,True,3,3,0.6193673960920938,0.38063260390790615,,,serial_runs/uam_7x12_600k_seed1_20260922_012649/S1__M2/analysis/checkpoint_curve.csv,QTTI2,58.24,项目交接参考；当前归档未找到原始 S 阶段解析 CSV,UAGMC_SOURCE passenger-only + LQ,63.61,65.21,exp11 同包曲线；训练种子 1；评估种子 123-125,需核对同物理/guard/轨迹；解析值为交接参考，非本次独立复算；本矩阵 guard=10000，后期参考 guard=2500
exp07,S1__M3,S1,M3,1,50000,74.50444444444445,45.05555555555555,7.4433333333333325,21.084444444444443,1.0,True,3,3,0.6339697514225816,0.36603024857741834,,,serial_runs/uam_7x12_600k_seed1_20260922_012649/S1__M3/analysis/checkpoint_curve.csv,QTTI2,58.24,项目交接参考；当前归档未找到原始 S 阶段解析 CSV,UAGMC_SOURCE passenger-only + LQ,63.61,65.21,exp11 同包曲线；训练种子 1；评估种子 123-125,需核对同物理/guard/轨迹；解析值为交接参考，非本次独立复算；本矩阵 guard=10000，后期参考 guard=2500
exp07,S1__M3,S1,M3,1,100000,58.77666666666667,30.83,7.008888888888889,19.995555555555555,1.0,True,3,3,0.4081403382295515,0.5918596617704485,,,serial_runs/uam_7x12_600k_seed1_20260922_012649/S1__M3/analysis/checkpoint_curve.csv,QTTI2,58.24,项目交接参考；当前归档未找到原始 S 阶段解析 CSV,UAGMC_SOURCE passenger-only + LQ,63.61,65.21,exp11 同包曲线；训练种子 1；评估种子 123-125,需核对同物理/guard/轨迹；解析值为交接参考，非本次独立复算；本矩阵 guard=10000，后期参考 guard=2500
exp07,S1__M3,S1,M3,1,150000,73.62,44.06,7.403333333333333,21.226666666666667,1.0,True,3,3,0.6087962962962963,0.3912037037037037,,,serial_runs/uam_7x12_600k_seed1_20260922_012649/S1__M3/analysis/checkpoint_curve.csv,QTTI2,58.24,项目交接参考；当前归档未找到原始 S 阶段解析 CSV,UAGMC_SOURCE passenger-only + LQ,63.61,65.21,exp11 同包曲线；训练种子 1；评估种子 123-125,需核对同物理/guard/轨迹；解析值为交接参考，非本次独立复算；本矩阵 guard=10000，后期参考 guard=2500
exp07,S1__M3,S1,M3,1,200000,66.24777777777778,37.34111111111111,7.225555555555555,20.737777777777776,1.0,True,3,3,0.47363227464659446,0.5263677253534056,,,serial_runs/uam_7x12_600k_seed1_20260922_012649/S1__M3/analysis/checkpoint_curve.csv,QTTI2,58.24,项目交接参考；当前归档未找到原始 S 阶段解析 CSV,UAGMC_SOURCE passenger-only + LQ,63.61,65.21,exp11 同包曲线；训练种子 1；评估种子 123-125,需核对同物理/guard/轨迹；解析值为交接参考，非本次独立复算；本矩阵 guard=10000，后期参考 guard=2500
exp07,S1__M3,S1,M3,1,250000,68.75777777777778,39.54333333333333,7.358888888888888,20.94666666666667,1.0,True,3,3,0.5478354871996461,0.4521645128003538,,,serial_runs/uam_7x12_600k_seed1_20260922_012649/S1__M3/analysis/checkpoint_curve.csv,QTTI2,58.24,项目交接参考；当前归档未找到原始 S 阶段解析 CSV,UAGMC_SOURCE passenger-only + LQ,63.61,65.21,exp11 同包曲线；训练种子 1；评估种子 123-125,需核对同物理/guard/轨迹；解析值为交接参考，非本次独立复算；本矩阵 guard=10000，后期参考 guard=2500
exp07,S1__M3,S1,M3,1,300000,69.45555555555556,40.49888888888889,7.3066666666666675,20.73777777777778,1.0,True,3,3,0.5011726920939171,0.49882730790608293,,,serial_runs/uam_7x12_600k_seed1_20260922_012649/S1__M3/analysis/checkpoint_curve.csv,QTTI2,58.24,项目交接参考；当前归档未找到原始 S 阶段解析 CSV,UAGMC_SOURCE passenger-only + LQ,63.61,65.21,exp11 同包曲线；训练种子 1；评估种子 123-125,需核对同物理/guard/轨迹；解析值为交接参考，非本次独立复算；本矩阵 guard=10000，后期参考 guard=2500
exp07,S1__M3,S1,M3,1,350000,77.31666666666666,48.98666666666666,6.98,20.44,1.0,True,3,3,0.45647058823529413,0.5435294117647059,,,serial_runs/uam_7x12_600k_seed1_20260922_012649/S1__M3/analysis/checkpoint_curve.csv,QTTI2,58.24,项目交接参考；当前归档未找到原始 S 阶段解析 CSV,UAGMC_SOURCE passenger-only + LQ,63.61,65.21,exp11 同包曲线；训练种子 1；评估种子 123-125,需核对同物理/guard/轨迹；解析值为交接参考，非本次独立复算；本矩阵 guard=10000，后期参考 guard=2500
exp07,S1__M3,S1,M3,1,400000,76.2911111111111,48.02888888888889,6.835555555555556,20.515555555555554,1.0,True,3,3,0.4523459001669441,0.5476540998330559,,,serial_runs/uam_7x12_600k_seed1_20260922_012649/S1__M3/analysis/checkpoint_curve.csv,QTTI2,58.24,项目交接参考；当前归档未找到原始 S 阶段解析 CSV,UAGMC_SOURCE passenger-only + LQ,63.61,65.21,exp11 同包曲线；训练种子 1；评估种子 123-125,需核对同物理/guard/轨迹；解析值为交接参考，非本次独立复算；本矩阵 guard=10000，后期参考 guard=2500
exp07,S1__M3,S1,M3,1,450000,78.57333333333334,50.23777777777778,6.846666666666667,20.573333333333334,1.0,True,3,3,0.48239519181213814,0.5176048081878619,,,serial_runs/uam_7x12_600k_seed1_20260922_012649/S1__M3/analysis/checkpoint_curve.csv,QTTI2,58.24,项目交接参考；当前归档未找到原始 S 阶段解析 CSV,UAGMC_SOURCE passenger-only + LQ,63.61,65.21,exp11 同包曲线；训练种子 1；评估种子 123-125,需核对同物理/guard/轨迹；解析值为交接参考，非本次独立复算；本矩阵 guard=10000，后期参考 guard=2500
exp07,S1__M3,S1,M3,1,500000,71.65333333333332,42.808888888888895,7.024444444444445,20.915555555555557,1.0,True,3,3,0.5282559667710479,0.47174403322895203,,,serial_runs/uam_7x12_600k_seed1_20260922_012649/S1__M3/analysis/checkpoint_curve.csv,QTTI2,58.24,项目交接参考；当前归档未找到原始 S 阶段解析 CSV,UAGMC_SOURCE passenger-only + LQ,63.61,65.21,exp11 同包曲线；训练种子 1；评估种子 123-125,需核对同物理/guard/轨迹；解析值为交接参考，非本次独立复算；本矩阵 guard=10000，后期参考 guard=2500
exp07,S1__M3,S1,M3,1,550000,73.26,44.05222222222222,7.181111111111111,21.12,1.0,True,3,3,0.579272069749539,0.420727930250461,,,serial_runs/uam_7x12_600k_seed1_20260922_012649/S1__M3/analysis/checkpoint_curve.csv,QTTI2,58.24,项目交接参考；当前归档未找到原始 S 阶段解析 CSV,UAGMC_SOURCE passenger-only + LQ,63.61,65.21,exp11 同包曲线；训练种子 1；评估种子 123-125,需核对同物理/guard/轨迹；解析值为交接参考，非本次独立复算；本矩阵 guard=10000，后期参考 guard=2500
exp07,S1__M3,S1,M3,1,600000,81.48333333333333,51.473333333333336,7.554444444444445,21.528888888888886,1.0,True,3,3,0.6441076616894245,0.35589233831057565,,,serial_runs/uam_7x12_600k_seed1_20260922_012649/S1__M3/analysis/checkpoint_curve.csv,QTTI2,58.24,项目交接参考；当前归档未找到原始 S 阶段解析 CSV,UAGMC_SOURCE passenger-only + LQ,63.61,65.21,exp11 同包曲线；训练种子 1；评估种子 123-125,需核对同物理/guard/轨迹；解析值为交接参考，非本次独立复算；本矩阵 guard=10000，后期参考 guard=2500
exp07,S1__M4,S1,M4,1,50000,64.97,37.50222222222222,6.656666666666666,19.86222222222222,1.0,True,3,3,0.2985530985530986,0.7014469014469014,,,serial_runs/uam_7x12_600k_seed1_20260922_012649/S1__M4/analysis/checkpoint_curve.csv,QTTI2,58.24,项目交接参考；当前归档未找到原始 S 阶段解析 CSV,UAGMC_SOURCE passenger-only + LQ,63.61,65.21,exp11 同包曲线；训练种子 1；评估种子 123-125,需核对同物理/guard/轨迹；解析值为交接参考，非本次独立复算；本矩阵 guard=10000，后期参考 guard=2500
exp07,S1__M4,S1,M4,1,100000,76.44444444444444,48.21888888888889,6.788888888888889,20.52888888888889,1.0,True,3,3,0.487228060597789,0.5127719394022111,,,serial_runs/uam_7x12_600k_seed1_20260922_012649/S1__M4/analysis/checkpoint_curve.csv,QTTI2,58.24,项目交接参考；当前归档未找到原始 S 阶段解析 CSV,UAGMC_SOURCE passenger-only + LQ,63.61,65.21,exp11 同包曲线；训练种子 1；评估种子 123-125,需核对同物理/guard/轨迹；解析值为交接参考，非本次独立复算；本矩阵 guard=10000，后期参考 guard=2500
exp07,S1__M4,S1,M4,1,150000,79.78000000000002,49.87222222222221,7.654444444444445,21.337777777777777,1.0,True,3,3,0.607644855695087,0.392355144304913,,,serial_runs/uam_7x12_600k_seed1_20260922_012649/S1__M4/analysis/checkpoint_curve.csv,QTTI2,58.24,项目交接参考；当前归档未找到原始 S 阶段解析 CSV,UAGMC_SOURCE passenger-only + LQ,63.61,65.21,exp11 同包曲线；训练种子 1；评估种子 123-125,需核对同物理/guard/轨迹；解析值为交接参考，非本次独立复算；本矩阵 guard=10000，后期参考 guard=2500
exp07,S1__M4,S1,M4,1,200000,75.26333333333334,46.06666666666667,7.476666666666667,20.786666666666665,1.0,True,3,3,0.5,0.5,,,serial_runs/uam_7x12_600k_seed1_20260922_012649/S1__M4/analysis/checkpoint_curve.csv,QTTI2,58.24,项目交接参考；当前归档未找到原始 S 阶段解析 CSV,UAGMC_SOURCE passenger-only + LQ,63.61,65.21,exp11 同包曲线；训练种子 1；评估种子 123-125,需核对同物理/guard/轨迹；解析值为交接参考，非本次独立复算；本矩阵 guard=10000，后期参考 guard=2500
exp07,S1__M4,S1,M4,1,250000,70.02888888888889,40.87222222222222,7.336666666666667,20.924444444444443,1.0,True,3,3,0.5316951879479305,0.46830481205206964,,,serial_runs/uam_7x12_600k_seed1_20260922_012649/S1__M4/analysis/checkpoint_curve.csv,QTTI2,58.24,项目交接参考；当前归档未找到原始 S 阶段解析 CSV,UAGMC_SOURCE passenger-only + LQ,63.61,65.21,exp11 同包曲线；训练种子 1；评估种子 123-125,需核对同物理/guard/轨迹；解析值为交接参考，非本次独立复算；本矩阵 guard=10000，后期参考 guard=2500
exp07,S1__M4,S1,M4,1,300000,66.35111111111111,37.76,7.197777777777778,20.506666666666664,1.0,True,3,3,0.4391593893561923,0.5608406106438077,,,serial_runs/uam_7x12_600k_seed1_20260922_012649/S1__M4/analysis/checkpoint_curve.csv,QTTI2,58.24,项目交接参考；当前归档未找到原始 S 阶段解析 CSV,UAGMC_SOURCE passenger-only + LQ,63.61,65.21,exp11 同包曲线；训练种子 1；评估种子 123-125,需核对同物理/guard/轨迹；解析值为交接参考，非本次独立复算；本矩阵 guard=10000，后期参考 guard=2500
exp07,S1__M4,S1,M4,1,350000,79.27,50.93,6.9433333333333325,20.484444444444446,1.0,True,3,3,0.42764757016538485,0.5723524298346151,,,serial_runs/uam_7x12_600k_seed1_20260922_012649/S1__M4/analysis/checkpoint_curve.csv,QTTI2,58.24,项目交接参考；当前归档未找到原始 S 阶段解析 CSV,UAGMC_SOURCE passenger-only + LQ,63.61,65.21,exp11 同包曲线；训练种子 1；评估种子 123-125,需核对同物理/guard/轨迹；解析值为交接参考，非本次独立复算；本矩阵 guard=10000，后期参考 guard=2500
exp07,S1__M4,S1,M4,1,400000,77.26222222222222,48.77444444444444,7.018888888888888,20.56888888888889,1.0,True,3,3,0.46624690768712046,0.5337530923128796,,,serial_runs/uam_7x12_600k_seed1_20260922_012649/S1__M4/analysis/checkpoint_curve.csv,QTTI2,58.24,项目交接参考；当前归档未找到原始 S 阶段解析 CSV,UAGMC_SOURCE passenger-only + LQ,63.61,65.21,exp11 同包曲线；训练种子 1；评估种子 123-125,需核对同物理/guard/轨迹；解析值为交接参考，非本次独立复算；本矩阵 guard=10000，后期参考 guard=2500
exp07,S1__M4,S1,M4,1,450000,75.5788888888889,47.01333333333334,6.972222222222221,20.69333333333333,1.0,True,3,3,0.4726720927575343,0.5273279072424657,,,serial_runs/uam_7x12_600k_seed1_20260922_012649/S1__M4/analysis/checkpoint_curve.csv,QTTI2,58.24,项目交接参考；当前归档未找到原始 S 阶段解析 CSV,UAGMC_SOURCE passenger-only + LQ,63.61,65.21,exp11 同包曲线；训练种子 1；评估种子 123-125,需核对同物理/guard/轨迹；解析值为交接参考，非本次独立复算；本矩阵 guard=10000，后期参考 guard=2500
exp07,S1__M4,S1,M4,1,500000,75.05777777777776,46.12111111111111,7.191111111111112,20.844444444444445,1.0,True,3,3,0.5053251972229873,0.4946748027770127,,,serial_runs/uam_7x12_600k_seed1_20260922_012649/S1__M4/analysis/checkpoint_curve.csv,QTTI2,58.24,项目交接参考；当前归档未找到原始 S 阶段解析 CSV,UAGMC_SOURCE passenger-only + LQ,63.61,65.21,exp11 同包曲线；训练种子 1；评估种子 123-125,需核对同物理/guard/轨迹；解析值为交接参考，非本次独立复算；本矩阵 guard=10000，后期参考 guard=2500
exp07,S1__M4,S1,M4,1,550000,79.77666666666667,49.673333333333325,7.576666666666667,21.573333333333334,1.0,True,3,3,0.5742793791574279,0.42572062084257206,,,serial_runs/uam_7x12_600k_seed1_20260922_012649/S1__M4/analysis/checkpoint_curve.csv,QTTI2,58.24,项目交接参考；当前归档未找到原始 S 阶段解析 CSV,UAGMC_SOURCE passenger-only + LQ,63.61,65.21,exp11 同包曲线；训练种子 1；评估种子 123-125,需核对同物理/guard/轨迹；解析值为交接参考，非本次独立复算；本矩阵 guard=10000，后期参考 guard=2500
exp07,S1__M4,S1,M4,1,600000,86.01,56.27333333333333,7.4433333333333325,21.333333333333332,1.0,True,3,3,0.5773672055427251,0.4226327944572748,,,serial_runs/uam_7x12_600k_seed1_20260922_012649/S1__M4/analysis/checkpoint_curve.csv,QTTI2,58.24,项目交接参考；当前归档未找到原始 S 阶段解析 CSV,UAGMC_SOURCE passenger-only + LQ,63.61,65.21,exp11 同包曲线；训练种子 1；评估种子 123-125,需核对同物理/guard/轨迹；解析值为交接参考，非本次独立复算；本矩阵 guard=10000，后期参考 guard=2500
exp07,S1__M5,S1,M5,1,50000,62.556666666666665,35.413333333333334,6.603333333333333,19.6,1.0,True,3,3,0.19554455445544558,0.8044554455445545,,,serial_runs/uam_7x12_600k_seed1_20260922_012649/S1__M5/analysis/checkpoint_curve.csv,QTTI2,58.24,项目交接参考；当前归档未找到原始 S 阶段解析 CSV,UAGMC_SOURCE passenger-only + LQ,63.61,65.21,exp11 同包曲线；训练种子 1；评估种子 123-125,需核对同物理/guard/轨迹；解析值为交接参考，非本次独立复算；本矩阵 guard=10000，后期参考 guard=2500
exp07,S1__M5,S1,M5,1,100000,70.94666666666667,42.202222222222225,7.255555555555556,20.564444444444447,1.0,True,3,3,0.37853589039477953,0.6214641096052205,,,serial_runs/uam_7x12_600k_seed1_20260922_012649/S1__M5/analysis/checkpoint_curve.csv,QTTI2,58.24,项目交接参考；当前归档未找到原始 S 阶段解析 CSV,UAGMC_SOURCE passenger-only + LQ,63.61,65.21,exp11 同包曲线；训练种子 1；评估种子 123-125,需核对同物理/guard/轨迹；解析值为交接参考，非本次独立复算；本矩阵 guard=10000，后期参考 guard=2500
exp07,S1__M5,S1,M5,1,150000,74.01666666666667,44.81333333333333,7.283333333333334,21.0,1.0,True,3,3,0.5377358490566038,0.46226415094339623,,,serial_runs/uam_7x12_600k_seed1_20260922_012649/S1__M5/analysis/checkpoint_curve.csv,QTTI2,58.24,项目交接参考；当前归档未找到原始 S 阶段解析 CSV,UAGMC_SOURCE passenger-only + LQ,63.61,65.21,exp11 同包曲线；训练种子 1；评估种子 123-125,需核对同物理/guard/轨迹；解析值为交接参考，非本次独立复算；本矩阵 guard=10000，后期参考 guard=2500
exp07,S1__M5,S1,M5,1,200000,69.28111111111112,40.614444444444445,7.067777777777778,20.675555555555558,1.0,True,3,3,0.5241456582633054,0.47585434173669466,,,serial_runs/uam_7x12_600k_seed1_20260922_012649/S1__M5/analysis/checkpoint_curve.csv,QTTI2,58.24,项目交接参考；当前归档未找到原始 S 阶段解析 CSV,UAGMC_SOURCE passenger-only + LQ,63.61,65.21,exp11 同包曲线；训练种子 1；评估种子 123-125,需核对同物理/guard/轨迹；解析值为交接参考，非本次独立复算；本矩阵 guard=10000，后期参考 guard=2500
exp07,S1__M5,S1,M5,1,250000,69.09666666666666,39.91888888888889,7.303333333333334,20.942222222222224,1.0,True,3,3,0.5514215940859918,0.44857840591400816,,,serial_runs/uam_7x12_600k_seed1_20260922_012649/S1__M5/analysis/checkpoint_curve.csv,QTTI2,58.24,项目交接参考；当前归档未找到原始 S 阶段解析 CSV,UAGMC_SOURCE passenger-only + LQ,63.61,65.21,exp11 同包曲线；训练种子 1；评估种子 123-125,需核对同物理/guard/轨迹；解析值为交接参考，非本次独立复算；本矩阵 guard=10000，后期参考 guard=2500
exp07,S1__M5,S1,M5,1,300000,75.99888888888889,46.41777777777778,7.2877777777777775,21.364444444444445,1.0,True,3,3,0.5935569797895828,0.40644302021041717,,,serial_runs/uam_7x12_600k_seed1_20260922_012649/S1__M5/analysis/checkpoint_curve.csv,QTTI2,58.24,项目交接参考；当前归档未找到原始 S 阶段解析 CSV,UAGMC_SOURCE passenger-only + LQ,63.61,65.21,exp11 同包曲线；训练种子 1；评估种子 123-125,需核对同物理/guard/轨迹；解析值为交接参考，非本次独立复算；本矩阵 guard=10000，后期参考 guard=2500
exp07,S1__M5,S1,M5,1,350000,72.85555555555555,43.91555555555556,7.109999999999999,20.902222222222225,1.0,True,3,3,0.5641831754234855,0.43581682457651444,,,serial_runs/uam_7x12_600k_seed1_20260922_012649/S1__M5/analysis/checkpoint_curve.csv,QTTI2,58.24,项目交接参考；当前归档未找到原始 S 阶段解析 CSV,UAGMC_SOURCE passenger-only + LQ,63.61,65.21,exp11 同包曲线；训练种子 1；评估种子 123-125,需核对同物理/guard/轨迹；解析值为交接参考，非本次独立复算；本矩阵 guard=10000，后期参考 guard=2500
exp07,S1__M5,S1,M5,1,400000,83.26222222222223,54.81333333333333,6.93,20.599999999999998,1.0,True,3,3,0.4421791822403443,0.5578208177596556,,,serial_runs/uam_7x12_600k_seed1_20260922_012649/S1__M5/analysis/checkpoint_curve.csv,QTTI2,58.24,项目交接参考；当前归档未找到原始 S 阶段解析 CSV,UAGMC_SOURCE passenger-only + LQ,63.61,65.21,exp11 同包曲线；训练种子 1；评估种子 123-125,需核对同物理/guard/轨迹；解析值为交接参考，非本次独立复算；本矩阵 guard=10000，后期参考 guard=2500
exp07,S1__M5,S1,M5,1,450000,78.15444444444444,48.98222222222222,7.173333333333333,21.08888888888889,1.0,True,3,3,0.5474571299037256,0.45254287009627436,,,serial_runs/uam_7x12_600k_seed1_20260922_012649/S1__M5/analysis/checkpoint_curve.csv,QTTI2,58.24,项目交接参考；当前归档未找到原始 S 阶段解析 CSV,UAGMC_SOURCE passenger-only + LQ,63.61,65.21,exp11 同包曲线；训练种子 1；评估种子 123-125,需核对同物理/guard/轨迹；解析值为交接参考，非本次独立复算；本矩阵 guard=10000，后期参考 guard=2500
exp07,S1__M5,S1,M5,1,500000,75.36111111111111,46.41555555555556,7.061111111111111,20.964444444444442,1.0,True,3,3,0.5229847494553376,0.4770152505446623,,,serial_runs/uam_7x12_600k_seed1_20260922_012649/S1__M5/analysis/checkpoint_curve.csv,QTTI2,58.24,项目交接参考；当前归档未找到原始 S 阶段解析 CSV,UAGMC_SOURCE passenger-only + LQ,63.61,65.21,exp11 同包曲线；训练种子 1；评估种子 123-125,需核对同物理/guard/轨迹；解析值为交接参考，非本次独立复算；本矩阵 guard=10000，后期参考 guard=2500
exp07,S1__M5,S1,M5,1,550000,78.96444444444444,49.70111111111111,7.239999999999999,21.115555555555556,1.0,True,3,3,0.5754077984470142,0.4245922015529859,,,serial_runs/uam_7x12_600k_seed1_20260922_012649/S1__M5/analysis/checkpoint_curve.csv,QTTI2,58.24,项目交接参考；当前归档未找到原始 S 阶段解析 CSV,UAGMC_SOURCE passenger-only + LQ,63.61,65.21,exp11 同包曲线；训练种子 1；评估种子 123-125,需核对同物理/guard/轨迹；解析值为交接参考，非本次独立复算；本矩阵 guard=10000，后期参考 guard=2500
exp07,S1__M5,S1,M5,1,600000,83.15222222222222,53.14333333333334,7.467777777777777,21.582222222222224,1.0,True,3,3,0.6414950419527079,0.3585049580472921,,,serial_runs/uam_7x12_600k_seed1_20260922_012649/S1__M5/analysis/checkpoint_curve.csv,QTTI2,58.24,项目交接参考；当前归档未找到原始 S 阶段解析 CSV,UAGMC_SOURCE passenger-only + LQ,63.61,65.21,exp11 同包曲线；训练种子 1；评估种子 123-125,需核对同物理/guard/轨迹；解析值为交接参考，非本次独立复算；本矩阵 guard=10000，后期参考 guard=2500
exp07,S1__M6,S1,M6,1,50000,74.02222222222223,44.76111111111111,7.265555555555555,21.084444444444443,1.0,True,3,3,0.6456117236687221,0.35438827633127784,,,serial_runs/uam_7x12_600k_seed1_20260922_012649/S1__M6/analysis/checkpoint_curve.csv,QTTI2,58.24,项目交接参考；当前归档未找到原始 S 阶段解析 CSV,UAGMC_SOURCE passenger-only + LQ,63.61,65.21,exp11 同包曲线；训练种子 1；评估种子 123-125,需核对同物理/guard/轨迹；解析值为交接参考，非本次独立复算；本矩阵 guard=10000，后期参考 guard=2500
exp07,S1__M6,S1,M6,1,100000,71.77222222222223,43.67444444444445,6.888888888888888,20.26666666666667,1.0,True,3,3,0.42911031894226603,0.5708896810577341,,,serial_runs/uam_7x12_600k_seed1_20260922_012649/S1__M6/analysis/checkpoint_curve.csv,QTTI2,58.24,项目交接参考；当前归档未找到原始 S 阶段解析 CSV,UAGMC_SOURCE passenger-only + LQ,63.61,65.21,exp11 同包曲线；训练种子 1；评估种子 123-125,需核对同物理/guard/轨迹；解析值为交接参考，非本次独立复算；本矩阵 guard=10000，后期参考 guard=2500
exp07,S1__M6,S1,M6,1,150000,73.35777777777777,46.01000000000001,6.54,19.857777777777777,1.0,True,3,3,0.38927492113912604,0.6107250788608741,,,serial_runs/uam_7x12_600k_seed1_20260922_012649/S1__M6/analysis/checkpoint_curve.csv,QTTI2,58.24,项目交接参考；当前归档未找到原始 S 阶段解析 CSV,UAGMC_SOURCE passenger-only + LQ,63.61,65.21,exp11 同包曲线；训练种子 1；评估种子 123-125,需核对同物理/guard/轨迹；解析值为交接参考，非本次独立复算；本矩阵 guard=10000，后期参考 guard=2500
exp07,S1__M6,S1,M6,1,200000,77.47444444444444,49.160000000000004,7.07,20.31555555555556,1.0,True,3,3,0.4273769553811441,0.5726230446188558,,,serial_runs/uam_7x12_600k_seed1_20260922_012649/S1__M6/analysis/checkpoint_curve.csv,QTTI2,58.24,项目交接参考；当前归档未找到原始 S 阶段解析 CSV,UAGMC_SOURCE passenger-only + LQ,63.61,65.21,exp11 同包曲线；训练种子 1；评估种子 123-125,需核对同物理/guard/轨迹；解析值为交接参考，非本次独立复算；本矩阵 guard=10000，后期参考 guard=2500
exp07,S1__M6,S1,M6,1,250000,73.59333333333332,44.413333333333334,7.3322222222222235,20.93777777777778,1.0,True,3,3,0.6077153248389463,0.3922846751610538,,,serial_runs/uam_7x12_600k_seed1_20260922_012649/S1__M6/analysis/checkpoint_curve.csv,QTTI2,58.24,项目交接参考；当前归档未找到原始 S 阶段解析 CSV,UAGMC_SOURCE passenger-only + LQ,63.61,65.21,exp11 同包曲线；训练种子 1；评估种子 123-125,需核对同物理/guard/轨迹；解析值为交接参考，非本次独立复算；本矩阵 guard=10000，后期参考 guard=2500
exp07,S1__M6,S1,M6,1,300000,77.31,47.546666666666674,7.551111111111111,21.293333333333333,1.0,True,3,3,0.6127354909334888,0.3872645090665113,,,serial_runs/uam_7x12_600k_seed1_20260922_012649/S1__M6/analysis/checkpoint_curve.csv,QTTI2,58.24,项目交接参考；当前归档未找到原始 S 阶段解析 CSV,UAGMC_SOURCE passenger-only + LQ,63.61,65.21,exp11 同包曲线；训练种子 1；评估种子 123-125,需核对同物理/guard/轨迹；解析值为交接参考，非本次独立复算；本矩阵 guard=10000，后期参考 guard=2500
exp07,S1__M6,S1,M6,1,350000,73.69,44.12,7.503333333333333,21.14666666666667,1.0,True,3,3,0.6391509433962265,0.3608490566037736,,,serial_runs/uam_7x12_600k_seed1_20260922_012649/S1__M6/analysis/checkpoint_curve.csv,QTTI2,58.24,项目交接参考；当前归档未找到原始 S 阶段解析 CSV,UAGMC_SOURCE passenger-only + LQ,63.61,65.21,exp11 同包曲线；训练种子 1；评估种子 123-125,需核对同物理/guard/轨迹；解析值为交接参考，非本次独立复算；本矩阵 guard=10000，后期参考 guard=2500
exp07,S1__M6,S1,M6,1,400000,78.41,48.626666666666665,7.46,21.426666666666666,1.0,True,3,3,0.6261467889908257,0.3738532110091743,,,serial_runs/uam_7x12_600k_seed1_20260922_012649/S1__M6/analysis/checkpoint_curve.csv,QTTI2,58.24,项目交接参考；当前归档未找到原始 S 阶段解析 CSV,UAGMC_SOURCE passenger-only + LQ,63.61,65.21,exp11 同包曲线；训练种子 1；评估种子 123-125,需核对同物理/guard/轨迹；解析值为交接参考，非本次独立复算；本矩阵 guard=10000，后期参考 guard=2500
exp07,S1__M6,S1,M6,1,450000,73.73666666666666,44.32888888888889,7.354444444444444,21.164444444444445,1.0,True,3,3,0.5715198906688268,0.42848010933117314,,,serial_runs/uam_7x12_600k_seed1_20260922_012649/S1__M6/analysis/checkpoint_curve.csv,QTTI2,58.24,项目交接参考；当前归档未找到原始 S 阶段解析 CSV,UAGMC_SOURCE passenger-only + LQ,63.61,65.21,exp11 同包曲线；训练种子 1；评估种子 123-125,需核对同物理/guard/轨迹；解析值为交接参考，非本次独立复算；本矩阵 guard=10000，后期参考 guard=2500
exp07,S1__M6,S1,M6,1,500000,80.97777777777777,51.93,7.208888888888889,20.915555555555557,1.0,True,3,3,0.5643410852713179,0.4356589147286822,,,serial_runs/uam_7x12_600k_seed1_20260922_012649/S1__M6/analysis/checkpoint_curve.csv,QTTI2,58.24,项目交接参考；当前归档未找到原始 S 阶段解析 CSV,UAGMC_SOURCE passenger-only + LQ,63.61,65.21,exp11 同包曲线；训练种子 1；评估种子 123-125,需核对同物理/guard/轨迹；解析值为交接参考，非本次独立复算；本矩阵 guard=10000，后期参考 guard=2500
exp07,S1__M6,S1,M6,1,550000,74.97888888888889,45.12777777777777,7.656666666666666,21.293333333333333,1.0,True,3,3,0.5836040216550656,0.4163959783449343,,,serial_runs/uam_7x12_600k_seed1_20260922_012649/S1__M6/analysis/checkpoint_curve.csv,QTTI2,58.24,项目交接参考；当前归档未找到原始 S 阶段解析 CSV,UAGMC_SOURCE passenger-only + LQ,63.61,65.21,exp11 同包曲线；训练种子 1；评估种子 123-125,需核对同物理/guard/轨迹；解析值为交接参考，非本次独立复算；本矩阵 guard=10000，后期参考 guard=2500
exp07,S1__M6,S1,M6,1,600000,71.76333333333334,42.083333333333336,7.4366666666666665,21.293333333333333,1.0,True,3,3,0.5592417061611374,0.44075829383886256,,,serial_runs/uam_7x12_600k_seed1_20260922_012649/S1__M6/analysis/checkpoint_curve.csv,QTTI2,58.24,项目交接参考；当前归档未找到原始 S 阶段解析 CSV,UAGMC_SOURCE passenger-only + LQ,63.61,65.21,exp11 同包曲线；训练种子 1；评估种子 123-125,需核对同物理/guard/轨迹；解析值为交接参考，非本次独立复算；本矩阵 guard=10000，后期参考 guard=2500
exp07,S1__M7,S1,M7,1,50000,61.14333333333334,33.38,6.916666666666667,19.893333333333334,1.0,True,3,3,0.34236453201970446,0.6576354679802956,,,serial_runs/uam_7x12_600k_seed1_20260922_012649/S1__M7/analysis/checkpoint_curve.csv,QTTI2,58.24,项目交接参考；当前归档未找到原始 S 阶段解析 CSV,UAGMC_SOURCE passenger-only + LQ,63.61,65.21,exp11 同包曲线；训练种子 1；评估种子 123-125,需核对同物理/guard/轨迹；解析值为交接参考，非本次独立复算；本矩阵 guard=10000，后期参考 guard=2500
exp07,S1__M7,S1,M7,1,100000,77.25666666666666,47.07888888888889,7.682222222222222,21.555555555555557,1.0,True,3,3,0.7070920010413083,0.29290799895869174,,,serial_runs/uam_7x12_600k_seed1_20260922_012649/S1__M7/analysis/checkpoint_curve.csv,QTTI2,58.24,项目交接参考；当前归档未找到原始 S 阶段解析 CSV,UAGMC_SOURCE passenger-only + LQ,63.61,65.21,exp11 同包曲线；训练种子 1；评估种子 123-125,需核对同物理/guard/轨迹；解析值为交接参考，非本次独立复算；本矩阵 guard=10000，后期参考 guard=2500
exp07,S1__M7,S1,M7,1,150000,77.0,46.78333333333333,7.8566666666666665,21.399999999999995,1.0,True,3,3,0.6173708920187794,0.3826291079812207,,,serial_runs/uam_7x12_600k_seed1_20260922_012649/S1__M7/analysis/checkpoint_curve.csv,QTTI2,58.24,项目交接参考；当前归档未找到原始 S 阶段解析 CSV,UAGMC_SOURCE passenger-only + LQ,63.61,65.21,exp11 同包曲线；训练种子 1；评估种子 123-125,需核对同物理/guard/轨迹；解析值为交接参考，非本次独立复算；本矩阵 guard=10000，后期参考 guard=2500
exp07,S1__M7,S1,M7,1,200000,71.46333333333334,42.14,7.44,20.92,1.0,True,3,3,0.5152224824355972,0.48477751756440285,,,serial_runs/uam_7x12_600k_seed1_20260922_012649/S1__M7/analysis/checkpoint_curve.csv,QTTI2,58.24,项目交接参考；当前归档未找到原始 S 阶段解析 CSV,UAGMC_SOURCE passenger-only + LQ,63.61,65.21,exp11 同包曲线；训练种子 1；评估种子 123-125,需核对同物理/guard/轨迹；解析值为交接参考，非本次独立复算；本矩阵 guard=10000，后期参考 guard=2500
exp07,S1__M7,S1,M7,1,250000,73.56444444444445,44.574444444444445,7.133333333333333,20.911111111111108,1.0,True,3,3,0.5574971433794964,0.44250285662050365,,,serial_runs/uam_7x12_600k_seed1_20260922_012649/S1__M7/analysis/checkpoint_curve.csv,QTTI2,58.24,项目交接参考；当前归档未找到原始 S 阶段解析 CSV,UAGMC_SOURCE passenger-only + LQ,63.61,65.21,exp11 同包曲线；训练种子 1；评估种子 123-125,需核对同物理/guard/轨迹；解析值为交接参考，非本次独立复算；本矩阵 guard=10000，后期参考 guard=2500
exp07,S1__M7,S1,M7,1,300000,71.52333333333333,42.338888888888896,7.2700000000000005,20.995555555555555,1.0,True,3,3,0.5699121570653385,0.4300878429346615,,,serial_runs/uam_7x12_600k_seed1_20260922_012649/S1__M7/analysis/checkpoint_curve.csv,QTTI2,58.24,项目交接参考；当前归档未找到原始 S 阶段解析 CSV,UAGMC_SOURCE passenger-only + LQ,63.61,65.21,exp11 同包曲线；训练种子 1；评估种子 123-125,需核对同物理/guard/轨迹；解析值为交接参考，非本次独立复算；本矩阵 guard=10000，后期参考 guard=2500
exp07,S1__M7,S1,M7,1,350000,83.42666666666666,54.96333333333333,6.94,20.586666666666666,1.0,True,3,3,0.48883928571428575,0.5111607142857143,,,serial_runs/uam_7x12_600k_seed1_20260922_012649/S1__M7/analysis/checkpoint_curve.csv,QTTI2,58.24,项目交接参考；当前归档未找到原始 S 阶段解析 CSV,UAGMC_SOURCE passenger-only + LQ,63.61,65.21,exp11 同包曲线；训练种子 1；评估种子 123-125,需核对同物理/guard/轨迹；解析值为交接参考，非本次独立复算；本矩阵 guard=10000，后期参考 guard=2500
exp07,S1__M7,S1,M7,1,400000,160.88222222222223,129.06555555555556,8.28111111111111,22.599999999999998,1.0,True,3,3,0.94848087974436,0.051519120255640004,,,serial_runs/uam_7x12_600k_seed1_20260922_012649/S1__M7/analysis/checkpoint_curve.csv,QTTI2,58.24,项目交接参考；当前归档未找到原始 S 阶段解析 CSV,UAGMC_SOURCE passenger-only + LQ,63.61,65.21,exp11 同包曲线；训练种子 1；评估种子 123-125,需核对同物理/guard/轨迹；解析值为交接参考，非本次独立复算；本矩阵 guard=10000，后期参考 guard=2500
exp07,S1__M7,S1,M7,1,450000,70.68333333333334,41.43666666666667,7.22,21.093333333333334,1.0,True,3,3,0.5737704918032787,0.4262295081967213,,,serial_runs/uam_7x12_600k_seed1_20260922_012649/S1__M7/analysis/checkpoint_curve.csv,QTTI2,58.24,项目交接参考；当前归档未找到原始 S 阶段解析 CSV,UAGMC_SOURCE passenger-only + LQ,63.61,65.21,exp11 同包曲线；训练种子 1；评估种子 123-125,需核对同物理/guard/轨迹；解析值为交接参考，非本次独立复算；本矩阵 guard=10000，后期参考 guard=2500
exp07,S1__M7,S1,M7,1,500000,76.4588888888889,47.11222222222222,7.167777777777778,21.24888888888889,1.0,True,3,3,0.5973260137189881,0.40267398628101186,,,serial_runs/uam_7x12_600k_seed1_20260922_012649/S1__M7/analysis/checkpoint_curve.csv,QTTI2,58.24,项目交接参考；当前归档未找到原始 S 阶段解析 CSV,UAGMC_SOURCE passenger-only + LQ,63.61,65.21,exp11 同包曲线；训练种子 1；评估种子 123-125,需核对同物理/guard/轨迹；解析值为交接参考，非本次独立复算；本矩阵 guard=10000，后期参考 guard=2500
exp07,S1__M7,S1,M7,1,550000,85.62,56.382222222222225,7.176666666666667,21.142222222222223,1.0,True,3,3,0.6160608149084498,0.38393918509155006,,,serial_runs/uam_7x12_600k_seed1_20260922_012649/S1__M7/analysis/checkpoint_curve.csv,QTTI2,58.24,项目交接参考；当前归档未找到原始 S 阶段解析 CSV,UAGMC_SOURCE passenger-only + LQ,63.61,65.21,exp11 同包曲线；训练种子 1；评估种子 123-125,需核对同物理/guard/轨迹；解析值为交接参考，非本次独立复算；本矩阵 guard=10000，后期参考 guard=2500
exp07,S1__M7,S1,M7,1,600000,108.38666666666667,79.47,6.993333333333333,20.973333333333333,1.0,True,3,3,0.5638297872340425,0.43617021276595747,,,serial_runs/uam_7x12_600k_seed1_20260922_012649/S1__M7/analysis/checkpoint_curve.csv,QTTI2,58.24,项目交接参考；当前归档未找到原始 S 阶段解析 CSV,UAGMC_SOURCE passenger-only + LQ,63.61,65.21,exp11 同包曲线；训练种子 1；评估种子 123-125,需核对同物理/guard/轨迹；解析值为交接参考，非本次独立复算；本矩阵 guard=10000，后期参考 guard=2500
exp07,S1__M8,S1,M8,1,50000,76.39,47.81666666666667,6.919999999999999,20.72,1.0,True,3,3,0.5311004784688995,0.4688995215311005,,,serial_runs/uam_7x12_600k_seed1_20260922_012649/S1__M8/analysis/checkpoint_curve.csv,QTTI2,58.24,项目交接参考；当前归档未找到原始 S 阶段解析 CSV,UAGMC_SOURCE passenger-only + LQ,63.61,65.21,exp11 同包曲线；训练种子 1；评估种子 123-125,需核对同物理/guard/轨迹；解析值为交接参考，非本次独立复算；本矩阵 guard=10000，后期参考 guard=2500
exp07,S1__M8,S1,M8,1,100000,67.73333333333333,39.26111111111111,6.817777777777778,20.773333333333333,1.0,True,3,3,0.510881993648504,0.489118006351496,,,serial_runs/uam_7x12_600k_seed1_20260922_012649/S1__M8/analysis/checkpoint_curve.csv,QTTI2,58.24,项目交接参考；当前归档未找到原始 S 阶段解析 CSV,UAGMC_SOURCE passenger-only + LQ,63.61,65.21,exp11 同包曲线；训练种子 1；评估种子 123-125,需核对同物理/guard/轨迹；解析值为交接参考，非本次独立复算；本矩阵 guard=10000，后期参考 guard=2500
exp07,S1__M8,S1,M8,1,150000,68.31222222222222,39.473333333333336,7.121111111111111,20.813333333333333,1.0,True,3,3,0.49402212856232053,0.5059778714376795,,,serial_runs/uam_7x12_600k_seed1_20260922_012649/S1__M8/analysis/checkpoint_curve.csv,QTTI2,58.24,项目交接参考；当前归档未找到原始 S 阶段解析 CSV,UAGMC_SOURCE passenger-only + LQ,63.61,65.21,exp11 同包曲线；训练种子 1；评估种子 123-125,需核对同物理/guard/轨迹；解析值为交接参考，非本次独立复算；本矩阵 guard=10000，后期参考 guard=2500
exp07,S1__M8,S1,M8,1,200000,60.32,32.7,6.776666666666666,19.92,1.0,True,3,3,0.3581730769230769,0.6418269230769231,,,serial_runs/uam_7x12_600k_seed1_20260922_012649/S1__M8/analysis/checkpoint_curve.csv,QTTI2,58.24,项目交接参考；当前归档未找到原始 S 阶段解析 CSV,UAGMC_SOURCE passenger-only + LQ,63.61,65.21,exp11 同包曲线；训练种子 1；评估种子 123-125,需核对同物理/guard/轨迹；解析值为交接参考，非本次独立复算；本矩阵 guard=10000，后期参考 guard=2500
exp07,S1__M8,S1,M8,1,250000,63.181111111111115,35.13,6.923333333333333,20.226666666666663,1.0,True,3,3,0.3855397951142632,0.6144602048857367,,,serial_runs/uam_7x12_600k_seed1_20260922_012649/S1__M8/analysis/checkpoint_curve.csv,QTTI2,58.24,项目交接参考；当前归档未找到原始 S 阶段解析 CSV,UAGMC_SOURCE passenger-only + LQ,63.61,65.21,exp11 同包曲线；训练种子 1；评估种子 123-125,需核对同物理/guard/轨迹；解析值为交接参考，非本次独立复算；本矩阵 guard=10000，后期参考 guard=2500
exp07,S1__M8,S1,M8,1,300000,61.73,33.76222222222222,6.976666666666667,20.084444444444443,1.0,True,3,3,0.3727403440924191,0.627259655907581,,,serial_runs/uam_7x12_600k_seed1_20260922_012649/S1__M8/analysis/checkpoint_curve.csv,QTTI2,58.24,项目交接参考；当前归档未找到原始 S 阶段解析 CSV,UAGMC_SOURCE passenger-only + LQ,63.61,65.21,exp11 同包曲线；训练种子 1；评估种子 123-125,需核对同物理/guard/轨迹；解析值为交接参考，非本次独立复算；本矩阵 guard=10000，后期参考 guard=2500
exp07,S1__M8,S1,M8,1,350000,70.79333333333334,42.483333333333334,6.973333333333334,20.413333333333334,1.0,True,3,3,0.44,0.56,,,serial_runs/uam_7x12_600k_seed1_20260922_012649/S1__M8/analysis/checkpoint_curve.csv,QTTI2,58.24,项目交接参考；当前归档未找到原始 S 阶段解析 CSV,UAGMC_SOURCE passenger-only + LQ,63.61,65.21,exp11 同包曲线；训练种子 1；评估种子 123-125,需核对同物理/guard/轨迹；解析值为交接参考，非本次独立复算；本矩阵 guard=10000，后期参考 guard=2500
exp07,S1__M8,S1,M8,1,400000,67.75111111111111,39.39222222222222,6.922222222222222,20.54222222222222,1.0,True,3,3,0.4472940813709713,0.5527059186290287,,,serial_runs/uam_7x12_600k_seed1_20260922_012649/S1__M8/analysis/checkpoint_curve.csv,QTTI2,58.24,项目交接参考；当前归档未找到原始 S 阶段解析 CSV,UAGMC_SOURCE passenger-only + LQ,63.61,65.21,exp11 同包曲线；训练种子 1；评估种子 123-125,需核对同物理/guard/轨迹；解析值为交接参考，非本次独立复算；本矩阵 guard=10000，后期参考 guard=2500
exp07,S1__M8,S1,M8,1,450000,67.19666666666666,38.824444444444445,6.886666666666667,20.599999999999998,1.0,True,3,3,0.4776730525437208,0.5223269474562792,,,serial_runs/uam_7x12_600k_seed1_20260922_012649/S1__M8/analysis/checkpoint_curve.csv,QTTI2,58.24,项目交接参考；当前归档未找到原始 S 阶段解析 CSV,UAGMC_SOURCE passenger-only + LQ,63.61,65.21,exp11 同包曲线；训练种子 1；评估种子 123-125,需核对同物理/guard/轨迹；解析值为交接参考，非本次独立复算；本矩阵 guard=10000，后期参考 guard=2500
exp07,S1__M8,S1,M8,1,500000,69.61777777777777,41.19555555555556,6.7188888888888885,20.78222222222222,1.0,True,3,3,0.49316029529317723,0.5068397047068228,,,serial_runs/uam_7x12_600k_seed1_20260922_012649/S1__M8/analysis/checkpoint_curve.csv,QTTI2,58.24,项目交接参考；当前归档未找到原始 S 阶段解析 CSV,UAGMC_SOURCE passenger-only + LQ,63.61,65.21,exp11 同包曲线；训练种子 1；评估种子 123-125,需核对同物理/guard/轨迹；解析值为交接参考，非本次独立复算；本矩阵 guard=10000，后期参考 guard=2500
exp07,S1__M8,S1,M8,1,550000,78.10444444444444,49.376666666666665,7.084444444444444,20.688888888888886,1.0,True,3,3,0.4556307831189348,0.5443692168810652,,,serial_runs/uam_7x12_600k_seed1_20260922_012649/S1__M8/analysis/checkpoint_curve.csv,QTTI2,58.24,项目交接参考；当前归档未找到原始 S 阶段解析 CSV,UAGMC_SOURCE passenger-only + LQ,63.61,65.21,exp11 同包曲线；训练种子 1；评估种子 123-125,需核对同物理/guard/轨迹；解析值为交接参考，非本次独立复算；本矩阵 guard=10000，后期参考 guard=2500
exp07,S1__M8,S1,M8,1,600000,79.70333333333333,51.080000000000005,6.976666666666667,20.69333333333333,1.0,True,3,3,0.4646924829157175,0.5353075170842825,,,serial_runs/uam_7x12_600k_seed1_20260922_012649/S1__M8/analysis/checkpoint_curve.csv,QTTI2,58.24,项目交接参考；当前归档未找到原始 S 阶段解析 CSV,UAGMC_SOURCE passenger-only + LQ,63.61,65.21,exp11 同包曲线；训练种子 1；评估种子 123-125,需核对同物理/guard/轨迹；解析值为交接参考，非本次独立复算；本矩阵 guard=10000，后期参考 guard=2500
exp07,S1__M9,S1,M9,1,50000,69.02888888888889,40.59666666666667,7.043333333333334,20.43111111111111,1.0,True,3,3,0.46986817325800373,0.5301318267419962,,,serial_runs/uam_7x12_600k_seed1_20260922_012649/S1__M9/analysis/checkpoint_curve.csv,QTTI2,58.24,项目交接参考；当前归档未找到原始 S 阶段解析 CSV,UAGMC_SOURCE passenger-only + LQ,63.61,65.21,exp11 同包曲线；训练种子 1；评估种子 123-125,需核对同物理/guard/轨迹；解析值为交接参考，非本次独立复算；本矩阵 guard=10000，后期参考 guard=2500
exp07,S1__M9,S1,M9,1,100000,65.60666666666667,37.36666666666667,6.846666666666667,20.453333333333333,1.0,True,3,3,0.48157248157248156,0.5184275184275184,,,serial_runs/uam_7x12_600k_seed1_20260922_012649/S1__M9/analysis/checkpoint_curve.csv,QTTI2,58.24,项目交接参考；当前归档未找到原始 S 阶段解析 CSV,UAGMC_SOURCE passenger-only + LQ,63.61,65.21,exp11 同包曲线；训练种子 1；评估种子 123-125,需核对同物理/guard/轨迹；解析值为交接参考，非本次独立复算；本矩阵 guard=10000，后期参考 guard=2500
exp07,S1__M9,S1,M9,1,150000,78.31555555555555,47.92777777777778,7.658888888888889,21.804444444444442,1.0,True,3,3,0.7712816911361017,0.22871830886389835,,,serial_runs/uam_7x12_600k_seed1_20260922_012649/S1__M9/analysis/checkpoint_curve.csv,QTTI2,58.24,项目交接参考；当前归档未找到原始 S 阶段解析 CSV,UAGMC_SOURCE passenger-only + LQ,63.61,65.21,exp11 同包曲线；训练种子 1；评估种子 123-125,需核对同物理/guard/轨迹；解析值为交接参考，非本次独立复算；本矩阵 guard=10000，后期参考 guard=2500
exp07,S1__M9,S1,M9,1,200000,74.86444444444444,44.279999999999994,7.87,21.8,1.0,True,3,3,0.7654986072237103,0.2345013927762897,,,serial_runs/uam_7x12_600k_seed1_20260922_012649/S1__M9/analysis/checkpoint_curve.csv,QTTI2,58.24,项目交接参考；当前归档未找到原始 S 阶段解析 CSV,UAGMC_SOURCE passenger-only + LQ,63.61,65.21,exp11 同包曲线；训练种子 1；评估种子 123-125,需核对同物理/guard/轨迹；解析值为交接参考，非本次独立复算；本矩阵 guard=10000，后期参考 guard=2500
exp07,S1__M9,S1,M9,1,250000,80.74888888888889,49.64555555555555,8.064444444444446,22.10666666666667,1.0,True,3,3,0.8150811425860433,0.1849188574139566,,,serial_runs/uam_7x12_600k_seed1_20260922_012649/S1__M9/analysis/checkpoint_curve.csv,QTTI2,58.24,项目交接参考；当前归档未找到原始 S 阶段解析 CSV,UAGMC_SOURCE passenger-only + LQ,63.61,65.21,exp11 同包曲线；训练种子 1；评估种子 123-125,需核对同物理/guard/轨迹；解析值为交接参考，非本次独立复算；本矩阵 guard=10000，后期参考 guard=2500
exp07,S1__M9,S1,M9,1,300000,74.68666666666665,44.68666666666667,7.603333333333333,21.46666666666667,1.0,True,3,3,0.6950900834092563,0.3049099165907438,,,serial_runs/uam_7x12_600k_seed1_20260922_012649/S1__M9/analysis/checkpoint_curve.csv,QTTI2,58.24,项目交接参考；当前归档未找到原始 S 阶段解析 CSV,UAGMC_SOURCE passenger-only + LQ,63.61,65.21,exp11 同包曲线；训练种子 1；评估种子 123-125,需核对同物理/guard/轨迹；解析值为交接参考，非本次独立复算；本矩阵 guard=10000，后期参考 guard=2500
exp07,S1__M9,S1,M9,1,350000,78.07777777777777,47.46555555555555,7.9188888888888895,21.817777777777778,1.0,True,3,3,0.766314626906882,0.23368537309311796,,,serial_runs/uam_7x12_600k_seed1_20260922_012649/S1__M9/analysis/checkpoint_curve.csv,QTTI2,58.24,项目交接参考；当前归档未找到原始 S 阶段解析 CSV,UAGMC_SOURCE passenger-only + LQ,63.61,65.21,exp11 同包曲线；训练种子 1；评估种子 123-125,需核对同物理/guard/轨迹；解析值为交接参考，非本次独立复算；本矩阵 guard=10000，后期参考 guard=2500
exp07,S1__M9,S1,M9,1,400000,86.77,55.653333333333336,8.083333333333334,22.173333333333332,1.0,True,3,3,0.8239277652370203,0.17607223476297965,,,serial_runs/uam_7x12_600k_seed1_20260922_012649/S1__M9/analysis/checkpoint_curve.csv,QTTI2,58.24,项目交接参考；当前归档未找到原始 S 阶段解析 CSV,UAGMC_SOURCE passenger-only + LQ,63.61,65.21,exp11 同包曲线；训练种子 1；评估种子 123-125,需核对同物理/guard/轨迹；解析值为交接参考，非本次独立复算；本矩阵 guard=10000，后期参考 guard=2500
exp07,S1__M9,S1,M9,1,450000,84.92,54.17666666666667,7.865555555555555,21.98222222222222,1.0,True,3,3,0.7733627667402502,0.22663723325974983,,,serial_runs/uam_7x12_600k_seed1_20260922_012649/S1__M9/analysis/checkpoint_curve.csv,QTTI2,58.24,项目交接参考；当前归档未找到原始 S 阶段解析 CSV,UAGMC_SOURCE passenger-only + LQ,63.61,65.21,exp11 同包曲线；训练种子 1；评估种子 123-125,需核对同物理/guard/轨迹；解析值为交接参考，非本次独立复算；本矩阵 guard=10000，后期参考 guard=2500
exp07,S1__M9,S1,M9,1,500000,89.21,58.22111111111111,8.011111111111111,22.075555555555553,1.0,True,3,3,0.7945063067014285,0.20549369329857137,,,serial_runs/uam_7x12_600k_seed1_20260922_012649/S1__M9/analysis/checkpoint_curve.csv,QTTI2,58.24,项目交接参考；当前归档未找到原始 S 阶段解析 CSV,UAGMC_SOURCE passenger-only + LQ,63.61,65.21,exp11 同包曲线；训练种子 1；评估种子 123-125,需核对同物理/guard/轨迹；解析值为交接参考，非本次独立复算；本矩阵 guard=10000，后期参考 guard=2500
exp07,S1__M9,S1,M9,1,550000,85.20333333333333,54.57333333333333,7.830000000000001,21.893333333333334,1.0,True,3,3,0.7494456762749445,0.25055432372505543,,,serial_runs/uam_7x12_600k_seed1_20260922_012649/S1__M9/analysis/checkpoint_curve.csv,QTTI2,58.24,项目交接参考；当前归档未找到原始 S 阶段解析 CSV,UAGMC_SOURCE passenger-only + LQ,63.61,65.21,exp11 同包曲线；训练种子 1；评估种子 123-125,需核对同物理/guard/轨迹；解析值为交接参考，非本次独立复算；本矩阵 guard=10000，后期参考 guard=2500
exp07,S1__M9,S1,M9,1,600000,95.56666666666666,63.92666666666667,8.183333333333334,22.50666666666667,1.0,True,3,3,0.9096774193548387,0.09032258064516129,,,serial_runs/uam_7x12_600k_seed1_20260922_012649/S1__M9/analysis/checkpoint_curve.csv,QTTI2,58.24,项目交接参考；当前归档未找到原始 S 阶段解析 CSV,UAGMC_SOURCE passenger-only + LQ,63.61,65.21,exp11 同包曲线；训练种子 1；评估种子 123-125,需核对同物理/guard/轨迹；解析值为交接参考，非本次独立复算；本矩阵 guard=10000，后期参考 guard=2500
exp07,S2__M0,S2,M0,1,50000,109.0511111111111,82.27666666666666,6.45,19.40888888888889,1.0,True,3,3,0.131381380666857,0.868618619333143,,,serial_runs/uam_7x12_600k_seed1_20260922_012649/S2__M0/analysis/checkpoint_curve.csv,STTF,66.19,项目交接参考；当前归档未找到原始 S 阶段解析 CSV,UAGMC_SOURCE passenger-only + LQ,64.31,67.17,exp11 同包曲线；训练种子 1；评估种子 123-125,需核对同物理/guard/轨迹；解析值为交接参考，非本次独立复算；本矩阵 guard=10000，后期参考 guard=2500
exp07,S2__M0,S2,M0,1,100000,92.76666666666665,66.12,6.376666666666666,19.328888888888887,1.0,True,3,3,0.14992756105016222,0.8500724389498377,,,serial_runs/uam_7x12_600k_seed1_20260922_012649/S2__M0/analysis/checkpoint_curve.csv,STTF,66.19,项目交接参考；当前归档未找到原始 S 阶段解析 CSV,UAGMC_SOURCE passenger-only + LQ,64.31,67.17,exp11 同包曲线；训练种子 1；评估种子 123-125,需核对同物理/guard/轨迹；解析值为交接参考，非本次独立复算；本矩阵 guard=10000，后期参考 guard=2500
exp07,S2__M0,S2,M0,1,150000,73.61111111111111,46.52111111111111,6.575555555555556,19.59111111111111,1.0,True,3,3,0.1592162547969331,0.8407837452030669,,,serial_runs/uam_7x12_600k_seed1_20260922_012649/S2__M0/analysis/checkpoint_curve.csv,STTF,66.19,项目交接参考；当前归档未找到原始 S 阶段解析 CSV,UAGMC_SOURCE passenger-only + LQ,64.31,67.17,exp11 同包曲线；训练种子 1；评估种子 123-125,需核对同物理/guard/轨迹；解析值为交接参考，非本次独立复算；本矩阵 guard=10000，后期参考 guard=2500
exp07,S2__M0,S2,M0,1,200000,74.44777777777777,46.037777777777784,7.177777777777777,20.30666666666667,1.0,True,3,3,0.32861653939259944,0.6713834606074007,,,serial_runs/uam_7x12_600k_seed1_20260922_012649/S2__M0/analysis/checkpoint_curve.csv,STTF,66.19,项目交接参考；当前归档未找到原始 S 阶段解析 CSV,UAGMC_SOURCE passenger-only + LQ,64.31,67.17,exp11 同包曲线；训练种子 1；评估种子 123-125,需核对同物理/guard/轨迹；解析值为交接参考，非本次独立复算；本矩阵 guard=10000，后期参考 guard=2500
exp07,S2__M0,S2,M0,1,250000,72.65444444444445,44.205555555555556,7.0555555555555545,20.462222222222223,1.0,True,3,3,0.2927732142743848,0.7072267857256151,,,serial_runs/uam_7x12_600k_seed1_20260922_012649/S2__M0/analysis/checkpoint_curve.csv,STTF,66.19,项目交接参考；当前归档未找到原始 S 阶段解析 CSV,UAGMC_SOURCE passenger-only + LQ,64.31,67.17,exp11 同包曲线；训练种子 1；评估种子 123-125,需核对同物理/guard/轨迹；解析值为交接参考，非本次独立复算；本矩阵 guard=10000，后期参考 guard=2500
exp07,S2__M0,S2,M0,1,300000,77.22777777777777,48.086666666666666,7.353333333333333,20.866666666666667,1.0,True,3,3,0.3808033665018067,0.6191966334981933,,,serial_runs/uam_7x12_600k_seed1_20260922_012649/S2__M0/analysis/checkpoint_curve.csv,STTF,66.19,项目交接参考；当前归档未找到原始 S 阶段解析 CSV,UAGMC_SOURCE passenger-only + LQ,64.31,67.17,exp11 同包曲线；训练种子 1；评估种子 123-125,需核对同物理/guard/轨迹；解析值为交接参考，非本次独立复算；本矩阵 guard=10000，后期参考 guard=2500
exp07,S2__M0,S2,M0,1,350000,75.36111111111111,47.23222222222222,6.804444444444445,20.404444444444447,1.0,True,3,3,0.27887857609501937,0.7211214239049807,,,serial_runs/uam_7x12_600k_seed1_20260922_012649/S2__M0/analysis/checkpoint_curve.csv,STTF,66.19,项目交接参考；当前归档未找到原始 S 阶段解析 CSV,UAGMC_SOURCE passenger-only + LQ,64.31,67.17,exp11 同包曲线；训练种子 1；评估种子 123-125,需核对同物理/guard/轨迹；解析值为交接参考，非本次独立复算；本矩阵 guard=10000，后期参考 guard=2500
exp07,S2__M0,S2,M0,1,400000,82.05555555555556,53.55777777777777,7.044444444444444,20.524444444444445,1.0,True,3,3,0.30826062041577323,0.6917393795842268,,,serial_runs/uam_7x12_600k_seed1_20260922_012649/S2__M0/analysis/checkpoint_curve.csv,STTF,66.19,项目交接参考；当前归档未找到原始 S 阶段解析 CSV,UAGMC_SOURCE passenger-only + LQ,64.31,67.17,exp11 同包曲线；训练种子 1；评估种子 123-125,需核对同物理/guard/轨迹；解析值为交接参考，非本次独立复算；本矩阵 guard=10000，后期参考 guard=2500
exp07,S2__M0,S2,M0,1,450000,74.21444444444445,45.577777777777776,7.066666666666666,20.653333333333336,1.0,True,3,3,0.335733968815706,0.664266031184294,,,serial_runs/uam_7x12_600k_seed1_20260922_012649/S2__M0/analysis/checkpoint_curve.csv,STTF,66.19,项目交接参考；当前归档未找到原始 S 阶段解析 CSV,UAGMC_SOURCE passenger-only + LQ,64.31,67.17,exp11 同包曲线；训练种子 1；评估种子 123-125,需核对同物理/guard/轨迹；解析值为交接参考，非本次独立复算；本矩阵 guard=10000，后期参考 guard=2500
exp07,S2__M0,S2,M0,1,500000,70.36333333333333,41.648888888888884,7.091111111111111,20.72,1.0,True,3,3,0.35053630550858866,0.6494636944914113,,,serial_runs/uam_7x12_600k_seed1_20260922_012649/S2__M0/analysis/checkpoint_curve.csv,STTF,66.19,项目交接参考；当前归档未找到原始 S 阶段解析 CSV,UAGMC_SOURCE passenger-only + LQ,64.31,67.17,exp11 同包曲线；训练种子 1；评估种子 123-125,需核对同物理/guard/轨迹；解析值为交接参考，非本次独立复算；本矩阵 guard=10000，后期参考 guard=2500
exp07,S2__M0,S2,M0,1,550000,70.5111111111111,41.64333333333333,7.096666666666667,20.866666666666667,1.0,True,3,3,0.38691792386035617,0.6130820761396438,,,serial_runs/uam_7x12_600k_seed1_20260922_012649/S2__M0/analysis/checkpoint_curve.csv,STTF,66.19,项目交接参考；当前归档未找到原始 S 阶段解析 CSV,UAGMC_SOURCE passenger-only + LQ,64.31,67.17,exp11 同包曲线；训练种子 1；评估种子 123-125,需核对同物理/guard/轨迹；解析值为交接参考，非本次独立复算；本矩阵 guard=10000，后期参考 guard=2500
exp07,S2__M0,S2,M0,1,600000,78.63555555555554,49.431111111111115,7.152222222222222,21.093333333333334,1.0,True,3,3,0.4025910505108293,0.5974089494891707,,,serial_runs/uam_7x12_600k_seed1_20260922_012649/S2__M0/analysis/checkpoint_curve.csv,STTF,66.19,项目交接参考；当前归档未找到原始 S 阶段解析 CSV,UAGMC_SOURCE passenger-only + LQ,64.31,67.17,exp11 同包曲线；训练种子 1；评估种子 123-125,需核对同物理/guard/轨迹；解析值为交接参考，非本次独立复算；本矩阵 guard=10000，后期参考 guard=2500
exp07,S2__M1,S2,M1,1,50000,70.25888888888889,43.11222222222222,6.615555555555556,19.591111111111108,1.0,True,3,3,0.10756765056754426,0.8924323494324558,,,serial_runs/uam_7x12_600k_seed1_20260922_012649/S2__M1/analysis/checkpoint_curve.csv,STTF,66.19,项目交接参考；当前归档未找到原始 S 阶段解析 CSV,UAGMC_SOURCE passenger-only + LQ,64.31,67.17,exp11 同包曲线；训练种子 1；评估种子 123-125,需核对同物理/guard/轨迹；解析值为交接参考，非本次独立复算；本矩阵 guard=10000，后期参考 guard=2500
exp07,S2__M1,S2,M1,1,100000,65.72111111111111,38.52333333333333,6.634444444444444,19.61777777777778,1.0,True,3,3,0.16801754220054876,0.8319824577994513,,,serial_runs/uam_7x12_600k_seed1_20260922_012649/S2__M1/analysis/checkpoint_curve.csv,STTF,66.19,项目交接参考；当前归档未找到原始 S 阶段解析 CSV,UAGMC_SOURCE passenger-only + LQ,64.31,67.17,exp11 同包曲线；训练种子 1；评估种子 123-125,需核对同物理/guard/轨迹；解析值为交接参考，非本次独立复算；本矩阵 guard=10000，后期参考 guard=2500
exp07,S2__M1,S2,M1,1,150000,68.13888888888889,39.787777777777784,7.16,20.235555555555553,1.0,True,3,3,0.24073207348356393,0.759267926516436,,,serial_runs/uam_7x12_600k_seed1_20260922_012649/S2__M1/analysis/checkpoint_curve.csv,STTF,66.19,项目交接参考；当前归档未找到原始 S 阶段解析 CSV,UAGMC_SOURCE passenger-only + LQ,64.31,67.17,exp11 同包曲线；训练种子 1；评估种子 123-125,需核对同物理/guard/轨迹；解析值为交接参考，非本次独立复算；本矩阵 guard=10000，后期参考 guard=2500
exp07,S2__M1,S2,M1,1,200000,72.00333333333333,43.25666666666666,7.234444444444445,20.564444444444444,1.0,True,3,3,0.3516644257210295,0.6483355742789705,,,serial_runs/uam_7x12_600k_seed1_20260922_012649/S2__M1/analysis/checkpoint_curve.csv,STTF,66.19,项目交接参考；当前归档未找到原始 S 阶段解析 CSV,UAGMC_SOURCE passenger-only + LQ,64.31,67.17,exp11 同包曲线；训练种子 1；评估种子 123-125,需核对同物理/guard/轨迹；解析值为交接参考，非本次独立复算；本矩阵 guard=10000，后期参考 guard=2500
exp07,S2__M1,S2,M1,1,250000,68.71111111111111,39.97666666666667,7.203333333333333,20.62222222222222,1.0,True,3,3,0.33238987353145993,0.66761012646854,,,serial_runs/uam_7x12_600k_seed1_20260922_012649/S2__M1/analysis/checkpoint_curve.csv,STTF,66.19,项目交接参考；当前归档未找到原始 S 阶段解析 CSV,UAGMC_SOURCE passenger-only + LQ,64.31,67.17,exp11 同包曲线；训练种子 1；评估种子 123-125,需核对同物理/guard/轨迹；解析值为交接参考，非本次独立复算；本矩阵 guard=10000，后期参考 guard=2500
exp07,S2__M1,S2,M1,1,300000,71.7611111111111,43.13444444444445,7.04111111111111,20.671111111111113,1.0,True,3,3,0.3244494860591806,0.6755505139408194,,,serial_runs/uam_7x12_600k_seed1_20260922_012649/S2__M1/analysis/checkpoint_curve.csv,STTF,66.19,项目交接参考；当前归档未找到原始 S 阶段解析 CSV,UAGMC_SOURCE passenger-only + LQ,64.31,67.17,exp11 同包曲线；训练种子 1；评估种子 123-125,需核对同物理/guard/轨迹；解析值为交接参考，非本次独立复算；本矩阵 guard=10000，后期参考 guard=2500
exp07,S2__M1,S2,M1,1,350000,73.87888888888888,44.91333333333333,7.141111111111111,20.90666666666667,1.0,True,3,3,0.3568436969367084,0.6431563030632915,,,serial_runs/uam_7x12_600k_seed1_20260922_012649/S2__M1/analysis/checkpoint_curve.csv,STTF,66.19,项目交接参考；当前归档未找到原始 S 阶段解析 CSV,UAGMC_SOURCE passenger-only + LQ,64.31,67.17,exp11 同包曲线；训练种子 1；评估种子 123-125,需核对同物理/guard/轨迹；解析值为交接参考，非本次独立复算；本矩阵 guard=10000，后期参考 guard=2500
exp07,S2__M1,S2,M1,1,400000,75.17666666666666,45.77222222222222,7.312222222222222,21.13777777777778,1.0,True,3,3,0.40324393992949775,0.5967560600705023,,,serial_runs/uam_7x12_600k_seed1_20260922_012649/S2__M1/analysis/checkpoint_curve.csv,STTF,66.19,项目交接参考；当前归档未找到原始 S 阶段解析 CSV,UAGMC_SOURCE passenger-only + LQ,64.31,67.17,exp11 同包曲线；训练种子 1；评估种子 123-125,需核对同物理/guard/轨迹；解析值为交接参考，非本次独立复算；本矩阵 guard=10000，后期参考 guard=2500
exp07,S2__M1,S2,M1,1,450000,76.14777777777778,46.791111111111114,7.253333333333334,21.16,1.0,True,3,3,0.40574719576219803,0.594252804237802,,,serial_runs/uam_7x12_600k_seed1_20260922_012649/S2__M1/analysis/checkpoint_curve.csv,STTF,66.19,项目交接参考；当前归档未找到原始 S 阶段解析 CSV,UAGMC_SOURCE passenger-only + LQ,64.31,67.17,exp11 同包曲线；训练种子 1；评估种子 123-125,需核对同物理/guard/轨迹；解析值为交接参考，非本次独立复算；本矩阵 guard=10000，后期参考 guard=2500
exp07,S2__M1,S2,M1,1,500000,77.61555555555556,48.366666666666674,7.182222222222222,21.12,1.0,True,3,3,0.3920891597262384,0.6079108402737615,,,serial_runs/uam_7x12_600k_seed1_20260922_012649/S2__M1/analysis/checkpoint_curve.csv,STTF,66.19,项目交接参考；当前归档未找到原始 S 阶段解析 CSV,UAGMC_SOURCE passenger-only + LQ,64.31,67.17,exp11 同包曲线；训练种子 1；评估种子 123-125,需核对同物理/guard/轨迹；解析值为交接参考，非本次独立复算；本矩阵 guard=10000，后期参考 guard=2500
exp07,S2__M1,S2,M1,1,550000,80.49555555555555,50.83222222222222,7.362222222222222,21.342222222222222,1.0,True,3,3,0.41719558841407584,0.5828044115859242,,,serial_runs/uam_7x12_600k_seed1_20260922_012649/S2__M1/analysis/checkpoint_curve.csv,STTF,66.19,项目交接参考；当前归档未找到原始 S 阶段解析 CSV,UAGMC_SOURCE passenger-only + LQ,64.31,67.17,exp11 同包曲线；训练种子 1；评估种子 123-125,需核对同物理/guard/轨迹；解析值为交接参考，非本次独立复算；本矩阵 guard=10000，后期参考 guard=2500
exp07,S2__M1,S2,M1,1,600000,83.64,53.48888888888889,7.543333333333333,21.644444444444446,1.0,True,3,3,0.46614475954823087,0.5338552404517691,,,serial_runs/uam_7x12_600k_seed1_20260922_012649/S2__M1/analysis/checkpoint_curve.csv,STTF,66.19,项目交接参考；当前归档未找到原始 S 阶段解析 CSV,UAGMC_SOURCE passenger-only + LQ,64.31,67.17,exp11 同包曲线；训练种子 1；评估种子 123-125,需核对同物理/guard/轨迹；解析值为交接参考，非本次独立复算；本矩阵 guard=10000，后期参考 guard=2500
exp07,S2__M10,S2,M10,1,50000,81.69666666666666,51.54555555555555,7.841111111111111,21.337777777777777,1.0,True,3,3,0.7147540073823503,0.28524599261764966,,,serial_runs/uam_7x12_600k_seed1_20260922_012649/S2__M10/analysis/checkpoint_curve.csv,STTF,66.19,项目交接参考；当前归档未找到原始 S 阶段解析 CSV,UAGMC_SOURCE passenger-only + LQ,64.31,67.17,exp11 同包曲线；训练种子 1；评估种子 123-125,需核对同物理/guard/轨迹；解析值为交接参考，非本次独立复算；本矩阵 guard=10000，后期参考 guard=2500
exp07,S2__M10,S2,M10,1,100000,79.70333333333332,49.69333333333333,7.743333333333333,21.28888888888889,1.0,True,3,3,0.6127845694918865,0.38721543050811347,,,serial_runs/uam_7x12_600k_seed1_20260922_012649/S2__M10/analysis/checkpoint_curve.csv,STTF,66.19,项目交接参考；当前归档未找到原始 S 阶段解析 CSV,UAGMC_SOURCE passenger-only + LQ,64.31,67.17,exp11 同包曲线；训练种子 1；评估种子 123-125,需核对同物理/guard/轨迹；解析值为交接参考，非本次独立复算；本矩阵 guard=10000，后期参考 guard=2500
exp07,S2__M10,S2,M10,1,150000,76.68333333333332,46.72111111111111,7.687777777777778,21.315555555555555,1.0,True,3,3,0.6531024485284426,0.3468975514715574,,,serial_runs/uam_7x12_600k_seed1_20260922_012649/S2__M10/analysis/checkpoint_curve.csv,STTF,66.19,项目交接参考；当前归档未找到原始 S 阶段解析 CSV,UAGMC_SOURCE passenger-only + LQ,64.31,67.17,exp11 同包曲线；训练种子 1；评估种子 123-125,需核对同物理/guard/轨迹；解析值为交接参考，非本次独立复算；本矩阵 guard=10000，后期参考 guard=2500
exp07,S2__M10,S2,M10,1,200000,76.97333333333333,46.967777777777776,7.699999999999999,21.351111111111113,1.0,True,3,3,0.6699345884283242,0.33006541157167585,,,serial_runs/uam_7x12_600k_seed1_20260922_012649/S2__M10/analysis/checkpoint_curve.csv,STTF,66.19,项目交接参考；当前归档未找到原始 S 阶段解析 CSV,UAGMC_SOURCE passenger-only + LQ,64.31,67.17,exp11 同包曲线；训练种子 1；评估种子 123-125,需核对同物理/guard/轨迹；解析值为交接参考，非本次独立复算；本矩阵 guard=10000，后期参考 guard=2500
exp07,S2__M10,S2,M10,1,250000,76.75000000000001,47.282222222222224,7.4188888888888895,21.11111111111111,1.0,True,3,3,0.6326154591332611,0.3673845408667389,,,serial_runs/uam_7x12_600k_seed1_20260922_012649/S2__M10/analysis/checkpoint_curve.csv,STTF,66.19,项目交接参考；当前归档未找到原始 S 阶段解析 CSV,UAGMC_SOURCE passenger-only + LQ,64.31,67.17,exp11 同包曲线；训练种子 1；评估种子 123-125,需核对同物理/guard/轨迹；解析值为交接参考，非本次独立复算；本矩阵 guard=10000，后期参考 guard=2500
exp07,S2__M10,S2,M10,1,300000,69.30777777777777,40.432222222222215,7.206666666666667,20.724444444444444,1.0,True,3,3,0.5398578722057764,0.46014212779422364,,,serial_runs/uam_7x12_600k_seed1_20260922_012649/S2__M10/analysis/checkpoint_curve.csv,STTF,66.19,项目交接参考；当前归档未找到原始 S 阶段解析 CSV,UAGMC_SOURCE passenger-only + LQ,64.31,67.17,exp11 同包曲线；训练种子 1；评估种子 123-125,需核对同物理/guard/轨迹；解析值为交接参考，非本次独立复算；本矩阵 guard=10000，后期参考 guard=2500
exp07,S2__M10,S2,M10,1,350000,71.78444444444445,42.68222222222223,7.183333333333333,20.964444444444442,1.0,True,3,3,0.585459116879882,0.41454088312011805,,,serial_runs/uam_7x12_600k_seed1_20260922_012649/S2__M10/analysis/checkpoint_curve.csv,STTF,66.19,项目交接参考；当前归档未找到原始 S 阶段解析 CSV,UAGMC_SOURCE passenger-only + LQ,64.31,67.17,exp11 同包曲线；训练种子 1；评估种子 123-125,需核对同物理/guard/轨迹；解析值为交接参考，非本次独立复算；本矩阵 guard=10000，后期参考 guard=2500
exp07,S2__M10,S2,M10,1,400000,84.35333333333334,55.43111111111111,7.176666666666667,20.786666666666665,1.0,True,3,3,0.532018049155146,0.4679819508448541,,,serial_runs/uam_7x12_600k_seed1_20260922_012649/S2__M10/analysis/checkpoint_curve.csv,STTF,66.19,项目交接参考；当前归档未找到原始 S 阶段解析 CSV,UAGMC_SOURCE passenger-only + LQ,64.31,67.17,exp11 同包曲线；训练种子 1；评估种子 123-125,需核对同物理/guard/轨迹；解析值为交接参考，非本次独立复算；本矩阵 guard=10000，后期参考 guard=2500
exp07,S2__M10,S2,M10,1,450000,75.40333333333332,45.808888888888895,7.406666666666666,21.240000000000002,1.0,True,3,3,0.6247886922315207,0.37521130776847933,,,serial_runs/uam_7x12_600k_seed1_20260922_012649/S2__M10/analysis/checkpoint_curve.csv,STTF,66.19,项目交接参考；当前归档未找到原始 S 阶段解析 CSV,UAGMC_SOURCE passenger-only + LQ,64.31,67.17,exp11 同包曲线；训练种子 1；评估种子 123-125,需核对同物理/guard/轨迹；解析值为交接参考，非本次独立复算；本矩阵 guard=10000，后期参考 guard=2500
exp07,S2__M10,S2,M10,1,500000,80.49111111111112,50.26666666666667,7.707777777777778,21.599999999999998,1.0,True,3,3,0.7206383562404927,0.27936164375950745,,,serial_runs/uam_7x12_600k_seed1_20260922_012649/S2__M10/analysis/checkpoint_curve.csv,STTF,66.19,项目交接参考；当前归档未找到原始 S 阶段解析 CSV,UAGMC_SOURCE passenger-only + LQ,64.31,67.17,exp11 同包曲线；训练种子 1；评估种子 123-125,需核对同物理/guard/轨迹；解析值为交接参考，非本次独立复算；本矩阵 guard=10000，后期参考 guard=2500
exp07,S2__M10,S2,M10,1,550000,82.22777777777777,52.49333333333333,7.3999999999999995,21.408888888888885,1.0,True,3,3,0.6840002716668927,0.31599972833310713,,,serial_runs/uam_7x12_600k_seed1_20260922_012649/S2__M10/analysis/checkpoint_curve.csv,STTF,66.19,项目交接参考；当前归档未找到原始 S 阶段解析 CSV,UAGMC_SOURCE passenger-only + LQ,64.31,67.17,exp11 同包曲线；训练种子 1；评估种子 123-125,需核对同物理/guard/轨迹；解析值为交接参考，非本次独立复算；本矩阵 guard=10000，后期参考 guard=2500
exp07,S2__M10,S2,M10,1,600000,376.7033333333334,350.4444444444445,6.214444444444443,19.057777777777776,1.0,True,3,3,0.12386279817223016,0.8761372018277699,,,serial_runs/uam_7x12_600k_seed1_20260922_012649/S2__M10/analysis/checkpoint_curve.csv,STTF,66.19,项目交接参考；当前归档未找到原始 S 阶段解析 CSV,UAGMC_SOURCE passenger-only + LQ,64.31,67.17,exp11 同包曲线；训练种子 1；评估种子 123-125,需核对同物理/guard/轨迹；解析值为交接参考，非本次独立复算；本矩阵 guard=10000，后期参考 guard=2500
exp07,S2__M11,S2,M11,1,50000,79.36222222222223,49.70111111111111,7.444444444444444,21.266666666666666,1.0,True,3,3,0.6716863938789505,0.3283136061210495,,,serial_runs/uam_7x12_600k_seed1_20260922_012649/S2__M11/analysis/checkpoint_curve.csv,STTF,66.19,项目交接参考；当前归档未找到原始 S 阶段解析 CSV,UAGMC_SOURCE passenger-only + LQ,64.31,67.17,exp11 同包曲线；训练种子 1；评估种子 123-125,需核对同物理/guard/轨迹；解析值为交接参考，非本次独立复算；本矩阵 guard=10000，后期参考 guard=2500
exp07,S2__M11,S2,M11,1,100000,75.41222222222223,45.63444444444445,7.615555555555556,21.22222222222222,1.0,True,3,3,0.6517063668762092,0.34829363312379086,,,serial_runs/uam_7x12_600k_seed1_20260922_012649/S2__M11/analysis/checkpoint_curve.csv,STTF,66.19,项目交接参考；当前归档未找到原始 S 阶段解析 CSV,UAGMC_SOURCE passenger-only + LQ,64.31,67.17,exp11 同包曲线；训练种子 1；评估种子 123-125,需核对同物理/guard/轨迹；解析值为交接参考，非本次独立复算；本矩阵 guard=10000，后期参考 guard=2500
exp07,S2__M11,S2,M11,1,150000,75.34555555555556,45.857777777777784,7.53,21.026666666666667,1.0,True,3,3,0.5752036747187957,0.4247963252812042,,,serial_runs/uam_7x12_600k_seed1_20260922_012649/S2__M11/analysis/checkpoint_curve.csv,STTF,66.19,项目交接参考；当前归档未找到原始 S 阶段解析 CSV,UAGMC_SOURCE passenger-only + LQ,64.31,67.17,exp11 同包曲线；训练种子 1；评估种子 123-125,需核对同物理/guard/轨迹；解析值为交接参考，非本次独立复算；本矩阵 guard=10000，后期参考 guard=2500
exp07,S2__M11,S2,M11,1,200000,68.33444444444444,40.43666666666667,6.853333333333334,20.115555555555556,1.0,True,3,3,0.3563171311265392,0.6436828688734608,,,serial_runs/uam_7x12_600k_seed1_20260922_012649/S2__M11/analysis/checkpoint_curve.csv,STTF,66.19,项目交接参考；当前归档未找到原始 S 阶段解析 CSV,UAGMC_SOURCE passenger-only + LQ,64.31,67.17,exp11 同包曲线；训练种子 1；评估种子 123-125,需核对同物理/guard/轨迹；解析值为交接参考，非本次独立复算；本矩阵 guard=10000，后期参考 guard=2500
exp07,S2__M11,S2,M11,1,250000,76.66666666666667,48.75777777777778,6.853333333333334,20.142222222222223,1.0,True,3,3,0.3697951560184339,0.6302048439815661,,,serial_runs/uam_7x12_600k_seed1_20260922_012649/S2__M11/analysis/checkpoint_curve.csv,STTF,66.19,项目交接参考；当前归档未找到原始 S 阶段解析 CSV,UAGMC_SOURCE passenger-only + LQ,64.31,67.17,exp11 同包曲线；训练种子 1；评估种子 123-125,需核对同物理/guard/轨迹；解析值为交接参考，非本次独立复算；本矩阵 guard=10000，后期参考 guard=2500
exp07,S2__M11,S2,M11,1,300000,77.44222222222223,49.04,7.012222222222223,20.48,1.0,True,3,3,0.4461303650496396,0.5538696349503603,,,serial_runs/uam_7x12_600k_seed1_20260922_012649/S2__M11/analysis/checkpoint_curve.csv,STTF,66.19,项目交接参考；当前归档未找到原始 S 阶段解析 CSV,UAGMC_SOURCE passenger-only + LQ,64.31,67.17,exp11 同包曲线；训练种子 1；评估种子 123-125,需核对同物理/guard/轨迹；解析值为交接参考，非本次独立复算；本矩阵 guard=10000，后期参考 guard=2500
exp07,S2__M11,S2,M11,1,350000,74.72222222222221,45.99333333333333,7.191111111111112,20.622222222222224,1.0,True,3,3,0.4517852798595479,0.548214720140452,,,serial_runs/uam_7x12_600k_seed1_20260922_012649/S2__M11/analysis/checkpoint_curve.csv,STTF,66.19,项目交接参考；当前归档未找到原始 S 阶段解析 CSV,UAGMC_SOURCE passenger-only + LQ,64.31,67.17,exp11 同包曲线；训练种子 1；评估种子 123-125,需核对同物理/guard/轨迹；解析值为交接参考，非本次独立复算；本矩阵 guard=10000，后期参考 guard=2500
exp07,S2__M11,S2,M11,1,400000,71.40777777777778,42.50666666666667,7.2,20.78222222222222,1.0,True,3,3,0.5103407352339776,0.48965926476602234,,,serial_runs/uam_7x12_600k_seed1_20260922_012649/S2__M11/analysis/checkpoint_curve.csv,STTF,66.19,项目交接参考；当前归档未找到原始 S 阶段解析 CSV,UAGMC_SOURCE passenger-only + LQ,64.31,67.17,exp11 同包曲线；训练种子 1；评估种子 123-125,需核对同物理/guard/轨迹；解析值为交接参考，非本次独立复算；本矩阵 guard=10000，后期参考 guard=2500
exp07,S2__M11,S2,M11,1,450000,77.82555555555554,48.89333333333334,7.131111111111111,20.893333333333334,1.0,True,3,3,0.5479446774145408,0.4520553225854593,,,serial_runs/uam_7x12_600k_seed1_20260922_012649/S2__M11/analysis/checkpoint_curve.csv,STTF,66.19,项目交接参考；当前归档未找到原始 S 阶段解析 CSV,UAGMC_SOURCE passenger-only + LQ,64.31,67.17,exp11 同包曲线；训练种子 1；评估种子 123-125,需核对同物理/guard/轨迹；解析值为交接参考，非本次独立复算；本矩阵 guard=10000，后期参考 guard=2500
exp07,S2__M11,S2,M11,1,500000,75.28555555555556,46.02222222222222,7.311111111111111,21.035555555555558,1.0,True,3,3,0.5539702625751345,0.44602973742486557,,,serial_runs/uam_7x12_600k_seed1_20260922_012649/S2__M11/analysis/checkpoint_curve.csv,STTF,66.19,项目交接参考；当前归档未找到原始 S 阶段解析 CSV,UAGMC_SOURCE passenger-only + LQ,64.31,67.17,exp11 同包曲线；训练种子 1；评估种子 123-125,需核对同物理/guard/轨迹；解析值为交接参考，非本次独立复算；本矩阵 guard=10000，后期参考 guard=2500
exp07,S2__M11,S2,M11,1,550000,85.43333333333332,55.95666666666667,7.403333333333333,21.14222222222222,1.0,True,3,3,0.5800876407611745,0.4199123592388256,,,serial_runs/uam_7x12_600k_seed1_20260922_012649/S2__M11/analysis/checkpoint_curve.csv,STTF,66.19,项目交接参考；当前归档未找到原始 S 阶段解析 CSV,UAGMC_SOURCE passenger-only + LQ,64.31,67.17,exp11 同包曲线；训练种子 1；评估种子 123-125,需核对同物理/guard/轨迹；解析值为交接参考，非本次独立复算；本矩阵 guard=10000，后期参考 guard=2500
exp07,S2__M11,S2,M11,1,600000,82.90333333333335,53.18666666666667,7.358888888888889,21.408888888888892,1.0,True,3,3,0.608571140673882,0.391428859326118,,,serial_runs/uam_7x12_600k_seed1_20260922_012649/S2__M11/analysis/checkpoint_curve.csv,STTF,66.19,项目交接参考；当前归档未找到原始 S 阶段解析 CSV,UAGMC_SOURCE passenger-only + LQ,64.31,67.17,exp11 同包曲线；训练种子 1；评估种子 123-125,需核对同物理/guard/轨迹；解析值为交接参考，非本次独立复算；本矩阵 guard=10000，后期参考 guard=2500
exp07,S2__M2,S2,M2,1,50000,81.14,53.27888888888889,6.757777777777778,20.191111111111113,1.0,True,3,3,0.3258072429713752,0.6741927570286248,,,serial_runs/uam_7x12_600k_seed1_20260922_012649/S2__M2/analysis/checkpoint_curve.csv,STTF,66.19,项目交接参考；当前归档未找到原始 S 阶段解析 CSV,UAGMC_SOURCE passenger-only + LQ,64.31,67.17,exp11 同包曲线；训练种子 1；评估种子 123-125,需核对同物理/guard/轨迹；解析值为交接参考，非本次独立复算；本矩阵 guard=10000，后期参考 guard=2500
exp07,S2__M2,S2,M2,1,100000,64.98666666666666,37.24222222222222,6.585555555555556,20.213333333333335,1.0,True,3,3,0.3469514072903199,0.6530485927096801,,,serial_runs/uam_7x12_600k_seed1_20260922_012649/S2__M2/analysis/checkpoint_curve.csv,STTF,66.19,项目交接参考；当前归档未找到原始 S 阶段解析 CSV,UAGMC_SOURCE passenger-only + LQ,64.31,67.17,exp11 同包曲线；训练种子 1；评估种子 123-125,需核对同物理/guard/轨迹；解析值为交接参考，非本次独立复算；本矩阵 guard=10000，后期参考 guard=2500
exp07,S2__M2,S2,M2,1,150000,70.96888888888888,42.425555555555555,6.997777777777777,20.599999999999998,1.0,True,3,3,0.45553692904328336,0.5444630709567165,,,serial_runs/uam_7x12_600k_seed1_20260922_012649/S2__M2/analysis/checkpoint_curve.csv,STTF,66.19,项目交接参考；当前归档未找到原始 S 阶段解析 CSV,UAGMC_SOURCE passenger-only + LQ,64.31,67.17,exp11 同包曲线；训练种子 1；评估种子 123-125,需核对同物理/guard/轨迹；解析值为交接参考，非本次独立复算；本矩阵 guard=10000，后期参考 guard=2500
exp07,S2__M2,S2,M2,1,200000,69.36555555555556,40.84888888888889,7.036666666666666,20.551111111111112,1.0,True,3,3,0.4503458705321217,0.5496541294678782,,,serial_runs/uam_7x12_600k_seed1_20260922_012649/S2__M2/analysis/checkpoint_curve.csv,STTF,66.19,项目交接参考；当前归档未找到原始 S 阶段解析 CSV,UAGMC_SOURCE passenger-only + LQ,64.31,67.17,exp11 同包曲线；训练种子 1；评估种子 123-125,需核对同物理/guard/轨迹；解析值为交接参考，非本次独立复算；本矩阵 guard=10000，后期参考 guard=2500
exp07,S2__M2,S2,M2,1,250000,71.2088888888889,41.906666666666666,7.398888888888888,20.982222222222223,1.0,True,3,3,0.5482224709519241,0.4517775290480759,,,serial_runs/uam_7x12_600k_seed1_20260922_012649/S2__M2/analysis/checkpoint_curve.csv,STTF,66.19,项目交接参考；当前归档未找到原始 S 阶段解析 CSV,UAGMC_SOURCE passenger-only + LQ,64.31,67.17,exp11 同包曲线；训练种子 1；评估种子 123-125,需核对同物理/guard/轨迹；解析值为交接参考，非本次独立复算；本矩阵 guard=10000，后期参考 guard=2500
exp07,S2__M2,S2,M2,1,300000,73.29666666666667,43.879999999999995,7.293333333333334,21.204444444444444,1.0,True,3,3,0.6029373924510703,0.3970626075489297,,,serial_runs/uam_7x12_600k_seed1_20260922_012649/S2__M2/analysis/checkpoint_curve.csv,STTF,66.19,项目交接参考；当前归档未找到原始 S 阶段解析 CSV,UAGMC_SOURCE passenger-only + LQ,64.31,67.17,exp11 同包曲线；训练种子 1；评估种子 123-125,需核对同物理/guard/轨迹；解析值为交接参考，非本次独立复算；本矩阵 guard=10000，后期参考 guard=2500
exp07,S2__M2,S2,M2,1,350000,79.77999999999999,49.657777777777774,7.678888888888889,21.546666666666667,1.0,True,3,3,0.6276680968343421,0.37233190316565784,,,serial_runs/uam_7x12_600k_seed1_20260922_012649/S2__M2/analysis/checkpoint_curve.csv,STTF,66.19,项目交接参考；当前归档未找到原始 S 阶段解析 CSV,UAGMC_SOURCE passenger-only + LQ,64.31,67.17,exp11 同包曲线；训练种子 1；评估种子 123-125,需核对同物理/guard/轨迹；解析值为交接参考，非本次独立复算；本矩阵 guard=10000，后期参考 guard=2500
exp07,S2__M2,S2,M2,1,400000,75.37111111111112,45.85777777777778,7.377777777777777,21.213333333333335,1.0,True,3,3,0.5918491492775547,0.4081508507224452,,,serial_runs/uam_7x12_600k_seed1_20260922_012649/S2__M2/analysis/checkpoint_curve.csv,STTF,66.19,项目交接参考；当前归档未找到原始 S 阶段解析 CSV,UAGMC_SOURCE passenger-only + LQ,64.31,67.17,exp11 同包曲线；训练种子 1；评估种子 123-125,需核对同物理/guard/轨迹；解析值为交接参考，非本次独立复算；本矩阵 guard=10000，后期参考 guard=2500
exp07,S2__M2,S2,M2,1,450000,74.91000000000001,45.441111111111105,7.348888888888889,21.204444444444444,1.0,True,3,3,0.5668608066792978,0.4331391933207021,,,serial_runs/uam_7x12_600k_seed1_20260922_012649/S2__M2/analysis/checkpoint_curve.csv,STTF,66.19,项目交接参考；当前归档未找到原始 S 阶段解析 CSV,UAGMC_SOURCE passenger-only + LQ,64.31,67.17,exp11 同包曲线；训练种子 1；评估种子 123-125,需核对同物理/guard/轨迹；解析值为交接参考，非本次独立复算；本矩阵 guard=10000，后期参考 guard=2500
exp07,S2__M2,S2,M2,1,500000,87.59333333333332,57.821111111111115,7.409999999999999,21.46666666666667,1.0,True,3,3,0.6133546698912115,0.3866453301087886,,,serial_runs/uam_7x12_600k_seed1_20260922_012649/S2__M2/analysis/checkpoint_curve.csv,STTF,66.19,项目交接参考；当前归档未找到原始 S 阶段解析 CSV,UAGMC_SOURCE passenger-only + LQ,64.31,67.17,exp11 同包曲线；训练种子 1；评估种子 123-125,需核对同物理/guard/轨迹；解析值为交接参考，非本次独立复算；本矩阵 guard=10000，后期参考 guard=2500
exp07,S2__M2,S2,M2,1,550000,77.73666666666668,47.70111111111112,7.476666666666667,21.608888888888888,1.0,True,3,3,0.6457747912675,0.35422520873249996,,,serial_runs/uam_7x12_600k_seed1_20260922_012649/S2__M2/analysis/checkpoint_curve.csv,STTF,66.19,项目交接参考；当前归档未找到原始 S 阶段解析 CSV,UAGMC_SOURCE passenger-only + LQ,64.31,67.17,exp11 同包曲线；训练种子 1；评估种子 123-125,需核对同物理/guard/轨迹；解析值为交接参考，非本次独立复算；本矩阵 guard=10000，后期参考 guard=2500
exp07,S2__M2,S2,M2,1,600000,100.17222222222222,69.63222222222223,7.748888888888889,21.826666666666668,1.0,True,3,3,0.6621154254503705,0.3378845745496295,,,serial_runs/uam_7x12_600k_seed1_20260922_012649/S2__M2/analysis/checkpoint_curve.csv,STTF,66.19,项目交接参考；当前归档未找到原始 S 阶段解析 CSV,UAGMC_SOURCE passenger-only + LQ,64.31,67.17,exp11 同包曲线；训练种子 1；评估种子 123-125,需核对同物理/guard/轨迹；解析值为交接参考，非本次独立复算；本矩阵 guard=10000，后期参考 guard=2500
exp07,S2__M3,S2,M3,1,50000,77.4811111111111,48.07444444444445,7.38,21.06222222222222,1.0,True,3,3,0.4587085906511681,0.5412914093488319,,,serial_runs/uam_7x12_600k_seed1_20260922_012649/S2__M3/analysis/checkpoint_curve.csv,STTF,66.19,项目交接参考；当前归档未找到原始 S 阶段解析 CSV,UAGMC_SOURCE passenger-only + LQ,64.31,67.17,exp11 同包曲线；训练种子 1；评估种子 123-125,需核对同物理/guard/轨迹；解析值为交接参考，非本次独立复算；本矩阵 guard=10000，后期参考 guard=2500
exp07,S2__M3,S2,M3,1,100000,72.13444444444444,42.89222222222222,7.251111111111111,21.031111111111112,1.0,True,3,3,0.5874447463232509,0.412555253676749,,,serial_runs/uam_7x12_600k_seed1_20260922_012649/S2__M3/analysis/checkpoint_curve.csv,STTF,66.19,项目交接参考；当前归档未找到原始 S 阶段解析 CSV,UAGMC_SOURCE passenger-only + LQ,64.31,67.17,exp11 同包曲线；训练种子 1；评估种子 123-125,需核对同物理/guard/轨迹；解析值为交接参考，非本次独立复算；本矩阵 guard=10000，后期参考 guard=2500
exp07,S2__M3,S2,M3,1,150000,76.03777777777778,45.894444444444446,7.763333333333333,21.426666666666666,1.0,True,3,3,0.6855833031951404,0.31441669680485945,,,serial_runs/uam_7x12_600k_seed1_20260922_012649/S2__M3/analysis/checkpoint_curve.csv,STTF,66.19,项目交接参考；当前归档未找到原始 S 阶段解析 CSV,UAGMC_SOURCE passenger-only + LQ,64.31,67.17,exp11 同包曲线；训练种子 1；评估种子 123-125,需核对同物理/guard/轨迹；解析值为交接参考，非本次独立复算；本矩阵 guard=10000，后期参考 guard=2500
exp07,S2__M3,S2,M3,1,200000,75.29777777777777,45.347777777777786,7.612222222222222,21.377777777777776,1.0,True,3,3,0.6408169803364432,0.35918301966355676,,,serial_runs/uam_7x12_600k_seed1_20260922_012649/S2__M3/analysis/checkpoint_curve.csv,STTF,66.19,项目交接参考；当前归档未找到原始 S 阶段解析 CSV,UAGMC_SOURCE passenger-only + LQ,64.31,67.17,exp11 同包曲线；训练种子 1；评估种子 123-125,需核对同物理/guard/轨迹；解析值为交接参考，非本次独立复算；本矩阵 guard=10000，后期参考 guard=2500
exp07,S2__M3,S2,M3,1,250000,71.38555555555557,41.776666666666664,7.492222222222222,21.173333333333336,1.0,True,3,3,0.6014254064856998,0.3985745935143002,,,serial_runs/uam_7x12_600k_seed1_20260922_012649/S2__M3/analysis/checkpoint_curve.csv,STTF,66.19,项目交接参考；当前归档未找到原始 S 阶段解析 CSV,UAGMC_SOURCE passenger-only + LQ,64.31,67.17,exp11 同包曲线；训练种子 1；评估种子 123-125,需核对同物理/guard/轨迹；解析值为交接参考，非本次独立复算；本矩阵 guard=10000，后期参考 guard=2500
exp07,S2__M3,S2,M3,1,300000,71.95777777777778,42.53888888888889,7.395555555555556,21.08888888888889,1.0,True,3,3,0.5970720072679006,0.4029279927320994,,,serial_runs/uam_7x12_600k_seed1_20260922_012649/S2__M3/analysis/checkpoint_curve.csv,STTF,66.19,项目交接参考；当前归档未找到原始 S 阶段解析 CSV,UAGMC_SOURCE passenger-only + LQ,64.31,67.17,exp11 同包曲线；训练种子 1；评估种子 123-125,需核对同物理/guard/轨迹；解析值为交接参考，非本次独立复算；本矩阵 guard=10000，后期参考 guard=2500
exp07,S2__M3,S2,M3,1,350000,68.86555555555555,39.72444444444445,7.234444444444445,21.0,1.0,True,3,3,0.5859663864856973,0.4140336135143026,,,serial_runs/uam_7x12_600k_seed1_20260922_012649/S2__M3/analysis/checkpoint_curve.csv,STTF,66.19,项目交接参考；当前归档未找到原始 S 阶段解析 CSV,UAGMC_SOURCE passenger-only + LQ,64.31,67.17,exp11 同包曲线；训练种子 1；评估种子 123-125,需核对同物理/guard/轨迹；解析值为交接参考，非本次独立复算；本矩阵 guard=10000，后期参考 guard=2500
exp07,S2__M3,S2,M3,1,400000,75.28777777777778,45.28333333333333,7.601111111111112,21.444444444444446,1.0,True,3,3,0.6604996549606872,0.33950034503931276,,,serial_runs/uam_7x12_600k_seed1_20260922_012649/S2__M3/analysis/checkpoint_curve.csv,STTF,66.19,项目交接参考；当前归档未找到原始 S 阶段解析 CSV,UAGMC_SOURCE passenger-only + LQ,64.31,67.17,exp11 同包曲线；训练种子 1；评估种子 123-125,需核对同物理/guard/轨迹；解析值为交接参考，非本次独立复算；本矩阵 guard=10000，后期参考 guard=2500
exp07,S2__M3,S2,M3,1,450000,79.91,50.00555555555556,7.5055555555555555,21.444444444444443,1.0,True,3,3,0.6610590720569959,0.338940927943004,,,serial_runs/uam_7x12_600k_seed1_20260922_012649/S2__M3/analysis/checkpoint_curve.csv,STTF,66.19,项目交接参考；当前归档未找到原始 S 阶段解析 CSV,UAGMC_SOURCE passenger-only + LQ,64.31,67.17,exp11 同包曲线；训练种子 1；评估种子 123-125,需核对同物理/guard/轨迹；解析值为交接参考，非本次独立复算；本矩阵 guard=10000，后期参考 guard=2500
exp07,S2__M3,S2,M3,1,500000,73.7088888888889,44.10999999999999,7.408888888888889,21.262222222222224,1.0,True,3,3,0.6303492626680799,0.36965073733192017,,,serial_runs/uam_7x12_600k_seed1_20260922_012649/S2__M3/analysis/checkpoint_curve.csv,STTF,66.19,项目交接参考；当前归档未找到原始 S 阶段解析 CSV,UAGMC_SOURCE passenger-only + LQ,64.31,67.17,exp11 同包曲线；训练种子 1；评估种子 123-125,需核对同物理/guard/轨迹；解析值为交接参考，非本次独立复算；本矩阵 guard=10000，后期参考 guard=2500
exp07,S2__M3,S2,M3,1,550000,75.79888888888888,46.34777777777777,7.285555555555555,21.222222222222225,1.0,True,3,3,0.6081726928641991,0.39182730713580094,,,serial_runs/uam_7x12_600k_seed1_20260922_012649/S2__M3/analysis/checkpoint_curve.csv,STTF,66.19,项目交接参考；当前归档未找到原始 S 阶段解析 CSV,UAGMC_SOURCE passenger-only + LQ,64.31,67.17,exp11 同包曲线；训练种子 1；评估种子 123-125,需核对同物理/guard/轨迹；解析值为交接参考，非本次独立复算；本矩阵 guard=10000，后期参考 guard=2500
exp07,S2__M3,S2,M3,1,600000,78.22666666666667,48.26888888888889,7.485555555555556,21.51111111111111,1.0,True,3,3,0.6538525894973451,0.3461474105026549,,,serial_runs/uam_7x12_600k_seed1_20260922_012649/S2__M3/analysis/checkpoint_curve.csv,STTF,66.19,项目交接参考；当前归档未找到原始 S 阶段解析 CSV,UAGMC_SOURCE passenger-only + LQ,64.31,67.17,exp11 同包曲线；训练种子 1；评估种子 123-125,需核对同物理/guard/轨迹；解析值为交接参考，非本次独立复算；本矩阵 guard=10000，后期参考 guard=2500
exp07,S2__M4,S2,M4,1,50000,73.69444444444446,45.648888888888884,6.976666666666667,20.12,1.0,True,3,3,0.373294791712029,0.626705208287971,,,serial_runs/uam_7x12_600k_seed1_20260922_012649/S2__M4/analysis/checkpoint_curve.csv,STTF,66.19,项目交接参考；当前归档未找到原始 S 阶段解析 CSV,UAGMC_SOURCE passenger-only + LQ,64.31,67.17,exp11 同包曲线；训练种子 1；评估种子 123-125,需核对同物理/guard/轨迹；解析值为交接参考，非本次独立复算；本矩阵 guard=10000，后期参考 guard=2500
exp07,S2__M4,S2,M4,1,100000,67.93111111111112,39.937777777777775,6.952222222222222,20.09777777777778,1.0,True,3,3,0.37243862380363896,0.6275613761963611,,,serial_runs/uam_7x12_600k_seed1_20260922_012649/S2__M4/analysis/checkpoint_curve.csv,STTF,66.19,项目交接参考；当前归档未找到原始 S 阶段解析 CSV,UAGMC_SOURCE passenger-only + LQ,64.31,67.17,exp11 同包曲线；训练种子 1；评估种子 123-125,需核对同物理/guard/轨迹；解析值为交接参考，非本次独立复算；本矩阵 guard=10000，后期参考 guard=2500
exp07,S2__M4,S2,M4,1,150000,71.09333333333332,42.90888888888889,6.8999999999999995,20.342222222222222,1.0,True,3,3,0.44076448243114913,0.5592355175688509,,,serial_runs/uam_7x12_600k_seed1_20260922_012649/S2__M4/analysis/checkpoint_curve.csv,STTF,66.19,项目交接参考；当前归档未找到原始 S 阶段解析 CSV,UAGMC_SOURCE passenger-only + LQ,64.31,67.17,exp11 同包曲线；训练种子 1；评估种子 123-125,需核对同物理/guard/轨迹；解析值为交接参考，非本次独立复算；本矩阵 guard=10000，后期参考 guard=2500
exp07,S2__M4,S2,M4,1,200000,68.85111111111111,40.59444444444444,6.9944444444444445,20.337777777777777,1.0,True,3,3,0.38216863328085365,0.6178313667191463,,,serial_runs/uam_7x12_600k_seed1_20260922_012649/S2__M4/analysis/checkpoint_curve.csv,STTF,66.19,项目交接参考；当前归档未找到原始 S 阶段解析 CSV,UAGMC_SOURCE passenger-only + LQ,64.31,67.17,exp11 同包曲线；训练种子 1；评估种子 123-125,需核对同物理/guard/轨迹；解析值为交接参考，非本次独立复算；本矩阵 guard=10000，后期参考 guard=2500
exp07,S2__M4,S2,M4,1,250000,71.64555555555556,43.39666666666667,6.993333333333333,20.324444444444442,1.0,True,3,3,0.3744387811336134,0.6255612188663866,,,serial_runs/uam_7x12_600k_seed1_20260922_012649/S2__M4/analysis/checkpoint_curve.csv,STTF,66.19,项目交接参考；当前归档未找到原始 S 阶段解析 CSV,UAGMC_SOURCE passenger-only + LQ,64.31,67.17,exp11 同包曲线；训练种子 1；评估种子 123-125,需核对同物理/guard/轨迹；解析值为交接参考，非本次独立复算；本矩阵 guard=10000，后期参考 guard=2500
exp07,S2__M4,S2,M4,1,300000,72.87,44.705555555555556,6.932222222222222,20.31555555555556,1.0,True,3,3,0.4027560424274039,0.5972439575725961,,,serial_runs/uam_7x12_600k_seed1_20260922_012649/S2__M4/analysis/checkpoint_curve.csv,STTF,66.19,项目交接参考；当前归档未找到原始 S 阶段解析 CSV,UAGMC_SOURCE passenger-only + LQ,64.31,67.17,exp11 同包曲线；训练种子 1；评估种子 123-125,需核对同物理/guard/轨迹；解析值为交接参考，非本次独立复算；本矩阵 guard=10000，后期参考 guard=2500
exp07,S2__M4,S2,M4,1,350000,69.6588888888889,41.25888888888889,7.015555555555555,20.493333333333332,1.0,True,3,3,0.43380251111284834,0.5661974888871516,,,serial_runs/uam_7x12_600k_seed1_20260922_012649/S2__M4/analysis/checkpoint_curve.csv,STTF,66.19,项目交接参考；当前归档未找到原始 S 阶段解析 CSV,UAGMC_SOURCE passenger-only + LQ,64.31,67.17,exp11 同包曲线；训练种子 1；评估种子 123-125,需核对同物理/guard/轨迹；解析值为交接参考，非本次独立复算；本矩阵 guard=10000，后期参考 guard=2500
exp07,S2__M4,S2,M4,1,400000,70.98777777777777,42.45777777777778,7.050000000000001,20.54222222222222,1.0,True,3,3,0.4095136396858344,0.5904863603141656,,,serial_runs/uam_7x12_600k_seed1_20260922_012649/S2__M4/analysis/checkpoint_curve.csv,STTF,66.19,项目交接参考；当前归档未找到原始 S 阶段解析 CSV,UAGMC_SOURCE passenger-only + LQ,64.31,67.17,exp11 同包曲线；训练种子 1；评估种子 123-125,需核对同物理/guard/轨迹；解析值为交接参考，非本次独立复算；本矩阵 guard=10000，后期参考 guard=2500
exp07,S2__M4,S2,M4,1,450000,75.77444444444444,47.41555555555556,6.926666666666667,20.51111111111111,1.0,True,3,3,0.40536521305981976,0.5946347869401801,,,serial_runs/uam_7x12_600k_seed1_20260922_012649/S2__M4/analysis/checkpoint_curve.csv,STTF,66.19,项目交接参考；当前归档未找到原始 S 阶段解析 CSV,UAGMC_SOURCE passenger-only + LQ,64.31,67.17,exp11 同包曲线；训练种子 1；评估种子 123-125,需核对同物理/guard/轨迹；解析值为交接参考，非本次独立复算；本矩阵 guard=10000，后期参考 guard=2500
exp07,S2__M4,S2,M4,1,500000,75.8288888888889,47.26111111111111,6.9688888888888885,20.671111111111113,1.0,True,3,3,0.4139686812940279,0.586031318705972,,,serial_runs/uam_7x12_600k_seed1_20260922_012649/S2__M4/analysis/checkpoint_curve.csv,STTF,66.19,项目交接参考；当前归档未找到原始 S 阶段解析 CSV,UAGMC_SOURCE passenger-only + LQ,64.31,67.17,exp11 同包曲线；训练种子 1；评估种子 123-125,需核对同物理/guard/轨迹；解析值为交接参考，非本次独立复算；本矩阵 guard=10000，后期参考 guard=2500
exp07,S2__M4,S2,M4,1,550000,74.5788888888889,46.26777777777778,6.8055555555555545,20.58666666666667,1.0,True,3,3,0.37013113503694406,0.6298688649630559,,,serial_runs/uam_7x12_600k_seed1_20260922_012649/S2__M4/analysis/checkpoint_curve.csv,STTF,66.19,项目交接参考；当前归档未找到原始 S 阶段解析 CSV,UAGMC_SOURCE passenger-only + LQ,64.31,67.17,exp11 同包曲线；训练种子 1；评估种子 123-125,需核对同物理/guard/轨迹；解析值为交接参考，非本次独立复算；本矩阵 guard=10000，后期参考 guard=2500
exp07,S2__M4,S2,M4,1,600000,74.11333333333333,45.27777777777778,7.128888888888889,20.75111111111111,1.0,True,3,3,0.43700815566623036,0.5629918443337697,,,serial_runs/uam_7x12_600k_seed1_20260922_012649/S2__M4/analysis/checkpoint_curve.csv,STTF,66.19,项目交接参考；当前归档未找到原始 S 阶段解析 CSV,UAGMC_SOURCE passenger-only + LQ,64.31,67.17,exp11 同包曲线；训练种子 1；评估种子 123-125,需核对同物理/guard/轨迹；解析值为交接参考，非本次独立复算；本矩阵 guard=10000，后期参考 guard=2500
exp07,S2__M5,S2,M5,1,50000,65.47666666666667,38.24777777777778,6.635555555555555,19.644444444444442,1.0,True,3,3,0.3764382538516254,0.6235617461483747,,,serial_runs/uam_7x12_600k_seed1_20260922_012649/S2__M5/analysis/checkpoint_curve.csv,STTF,66.19,项目交接参考；当前归档未找到原始 S 阶段解析 CSV,UAGMC_SOURCE passenger-only + LQ,64.31,67.17,exp11 同包曲线；训练种子 1；评估种子 123-125,需核对同物理/guard/轨迹；解析值为交接参考，非本次独立复算；本矩阵 guard=10000，后期参考 guard=2500
exp07,S2__M5,S2,M5,1,100000,72.16444444444444,45.30666666666667,6.487777777777777,19.43111111111111,1.0,True,3,3,0.24815205366796497,0.751847946332035,,,serial_runs/uam_7x12_600k_seed1_20260922_012649/S2__M5/analysis/checkpoint_curve.csv,STTF,66.19,项目交接参考；当前归档未找到原始 S 阶段解析 CSV,UAGMC_SOURCE passenger-only + LQ,64.31,67.17,exp11 同包曲线；训练种子 1；评估种子 123-125,需核对同物理/guard/轨迹；解析值为交接参考，非本次独立复算；本矩阵 guard=10000，后期参考 guard=2500
exp07,S2__M5,S2,M5,1,150000,75.10222222222222,46.31444444444444,7.134444444444445,20.711111111111112,1.0,True,3,3,0.5308671981557613,0.46913280184423867,,,serial_runs/uam_7x12_600k_seed1_20260922_012649/S2__M5/analysis/checkpoint_curve.csv,STTF,66.19,项目交接参考；当前归档未找到原始 S 阶段解析 CSV,UAGMC_SOURCE passenger-only + LQ,64.31,67.17,exp11 同包曲线；训练种子 1；评估种子 123-125,需核对同物理/guard/轨迹；解析值为交接参考，非本次独立复算；本矩阵 guard=10000，后期参考 guard=2500
exp07,S2__M5,S2,M5,1,200000,72.6511111111111,43.46,7.323333333333333,20.93777777777778,1.0,True,3,3,0.5903438409116701,0.4096561590883298,,,serial_runs/uam_7x12_600k_seed1_20260922_012649/S2__M5/analysis/checkpoint_curve.csv,STTF,66.19,项目交接参考；当前归档未找到原始 S 阶段解析 CSV,UAGMC_SOURCE passenger-only + LQ,64.31,67.17,exp11 同包曲线；训练种子 1；评估种子 123-125,需核对同物理/guard/轨迹；解析值为交接参考，非本次独立复算；本矩阵 guard=10000，后期参考 guard=2500
exp07,S2__M5,S2,M5,1,250000,75.48222222222222,45.568888888888885,7.654444444444444,21.333333333333332,1.0,True,3,3,0.6802301432733452,0.31976985672665487,,,serial_runs/uam_7x12_600k_seed1_20260922_012649/S2__M5/analysis/checkpoint_curve.csv,STTF,66.19,项目交接参考；当前归档未找到原始 S 阶段解析 CSV,UAGMC_SOURCE passenger-only + LQ,64.31,67.17,exp11 同包曲线；训练种子 1；评估种子 123-125,需核对同物理/guard/轨迹；解析值为交接参考，非本次独立复算；本矩阵 guard=10000，后期参考 guard=2500
exp07,S2__M5,S2,M5,1,300000,72.19777777777779,42.60666666666666,7.475555555555556,21.177777777777777,1.0,True,3,3,0.6450784601733109,0.354921539826689,,,serial_runs/uam_7x12_600k_seed1_20260922_012649/S2__M5/analysis/checkpoint_curve.csv,STTF,66.19,项目交接参考；当前归档未找到原始 S 阶段解析 CSV,UAGMC_SOURCE passenger-only + LQ,64.31,67.17,exp11 同包曲线；训练种子 1；评估种子 123-125,需核对同物理/guard/轨迹；解析值为交接参考，非本次独立复算；本矩阵 guard=10000，后期参考 guard=2500
exp07,S2__M5,S2,M5,1,350000,86.60000000000001,56.342222222222226,7.702222222222223,21.595555555555553,1.0,True,3,3,0.7277291913433489,0.27227080865665115,,,serial_runs/uam_7x12_600k_seed1_20260922_012649/S2__M5/analysis/checkpoint_curve.csv,STTF,66.19,项目交接参考；当前归档未找到原始 S 阶段解析 CSV,UAGMC_SOURCE passenger-only + LQ,64.31,67.17,exp11 同包曲线；训练种子 1；评估种子 123-125,需核对同物理/guard/轨迹；解析值为交接参考，非本次独立复算；本矩阵 guard=10000，后期参考 guard=2500
exp07,S2__M5,S2,M5,1,400000,74.34444444444443,44.24444444444445,7.7,21.453333333333333,1.0,True,3,3,0.6882126988990785,0.3117873011009214,,,serial_runs/uam_7x12_600k_seed1_20260922_012649/S2__M5/analysis/checkpoint_curve.csv,STTF,66.19,项目交接参考；当前归档未找到原始 S 阶段解析 CSV,UAGMC_SOURCE passenger-only + LQ,64.31,67.17,exp11 同包曲线；训练种子 1；评估种子 123-125,需核对同物理/guard/轨迹；解析值为交接参考，非本次独立复算；本矩阵 guard=10000，后期参考 guard=2500
exp07,S2__M5,S2,M5,1,450000,82.14999999999999,52.00222222222222,7.6944444444444455,21.51111111111111,1.0,True,3,3,0.7155995764618018,0.2844004235381983,,,serial_runs/uam_7x12_600k_seed1_20260922_012649/S2__M5/analysis/checkpoint_curve.csv,STTF,66.19,项目交接参考；当前归档未找到原始 S 阶段解析 CSV,UAGMC_SOURCE passenger-only + LQ,64.31,67.17,exp11 同包曲线；训练种子 1；评估种子 123-125,需核对同物理/guard/轨迹；解析值为交接参考，非本次独立复算；本矩阵 guard=10000，后期参考 guard=2500
exp07,S2__M5,S2,M5,1,500000,76.03222222222223,46.10777777777778,7.594444444444444,21.38222222222222,1.0,True,3,3,0.6869058162861741,0.31309418371382575,,,serial_runs/uam_7x12_600k_seed1_20260922_012649/S2__M5/analysis/checkpoint_curve.csv,STTF,66.19,项目交接参考；当前归档未找到原始 S 阶段解析 CSV,UAGMC_SOURCE passenger-only + LQ,64.31,67.17,exp11 同包曲线；训练种子 1；评估种子 123-125,需核对同物理/guard/轨迹；解析值为交接参考，非本次独立复算；本矩阵 guard=10000，后期参考 guard=2500
exp07,S2__M5,S2,M5,1,550000,79.76777777777778,49.78888888888889,7.652222222222222,21.413333333333338,1.0,True,3,3,0.7095628164957325,0.2904371835042675,,,serial_runs/uam_7x12_600k_seed1_20260922_012649/S2__M5/analysis/checkpoint_curve.csv,STTF,66.19,项目交接参考；当前归档未找到原始 S 阶段解析 CSV,UAGMC_SOURCE passenger-only + LQ,64.31,67.17,exp11 同包曲线；训练种子 1；评估种子 123-125,需核对同物理/guard/轨迹；解析值为交接参考，非本次独立复算；本矩阵 guard=10000，后期参考 guard=2500
exp07,S2__M5,S2,M5,1,600000,106.81666666666666,76.06333333333333,7.922222222222222,21.91111111111111,1.0,True,3,3,0.7635866848443534,0.23641331515564645,,,serial_runs/uam_7x12_600k_seed1_20260922_012649/S2__M5/analysis/checkpoint_curve.csv,STTF,66.19,项目交接参考；当前归档未找到原始 S 阶段解析 CSV,UAGMC_SOURCE passenger-only + LQ,64.31,67.17,exp11 同包曲线；训练种子 1；评估种子 123-125,需核对同物理/guard/轨迹；解析值为交接参考，非本次独立复算；本矩阵 guard=10000，后期参考 guard=2500
exp07,S2__M6,S2,M6,1,50000,73.0188888888889,43.81333333333333,7.23888888888889,21.035555555555558,1.0,True,3,3,0.5174967541707901,0.48250324582921,,,serial_runs/uam_7x12_600k_seed1_20260922_012649/S2__M6/analysis/checkpoint_curve.csv,STTF,66.19,项目交接参考；当前归档未找到原始 S 阶段解析 CSV,UAGMC_SOURCE passenger-only + LQ,64.31,67.17,exp11 同包曲线；训练种子 1；评估种子 123-125,需核对同物理/guard/轨迹；解析值为交接参考，非本次独立复算；本矩阵 guard=10000，后期参考 guard=2500
exp07,S2__M6,S2,M6,1,100000,68.62444444444445,40.23,6.981111111111111,20.475555555555555,1.0,True,3,3,0.4258016338430441,0.5741983661569559,,,serial_runs/uam_7x12_600k_seed1_20260922_012649/S2__M6/analysis/checkpoint_curve.csv,STTF,66.19,项目交接参考；当前归档未找到原始 S 阶段解析 CSV,UAGMC_SOURCE passenger-only + LQ,64.31,67.17,exp11 同包曲线；训练种子 1；评估种子 123-125,需核对同物理/guard/轨迹；解析值为交接参考，非本次独立复算；本矩阵 guard=10000，后期参考 guard=2500
exp07,S2__M6,S2,M6,1,150000,76.97,46.902222222222214,7.64,21.51111111111111,1.0,True,3,3,0.6150626867183583,0.3849373132816418,,,serial_runs/uam_7x12_600k_seed1_20260922_012649/S2__M6/analysis/checkpoint_curve.csv,STTF,66.19,项目交接参考；当前归档未找到原始 S 阶段解析 CSV,UAGMC_SOURCE passenger-only + LQ,64.31,67.17,exp11 同包曲线；训练种子 1；评估种子 123-125,需核对同物理/guard/轨迹；解析值为交接参考，非本次独立复算；本矩阵 guard=10000，后期参考 guard=2500
exp07,S2__M6,S2,M6,1,200000,69.54,40.57333333333333,7.2633333333333345,20.786666666666665,1.0,True,3,3,0.5197889321285346,0.48021106787146545,,,serial_runs/uam_7x12_600k_seed1_20260922_012649/S2__M6/analysis/checkpoint_curve.csv,STTF,66.19,项目交接参考；当前归档未找到原始 S 阶段解析 CSV,UAGMC_SOURCE passenger-only + LQ,64.31,67.17,exp11 同包曲线；训练种子 1；评估种子 123-125,需核对同物理/guard/轨迹；解析值为交接参考，非本次独立复算；本矩阵 guard=10000，后期参考 guard=2500
exp07,S2__M6,S2,M6,1,250000,65.57111111111111,37.824444444444445,6.828888888888888,19.99111111111111,1.0,True,3,3,0.3930617490400099,0.6069382509599901,,,serial_runs/uam_7x12_600k_seed1_20260922_012649/S2__M6/analysis/checkpoint_curve.csv,STTF,66.19,项目交接参考；当前归档未找到原始 S 阶段解析 CSV,UAGMC_SOURCE passenger-only + LQ,64.31,67.17,exp11 同包曲线；训练种子 1；评估种子 123-125,需核对同物理/guard/轨迹；解析值为交接参考，非本次独立复算；本矩阵 guard=10000，后期参考 guard=2500
exp07,S2__M6,S2,M6,1,300000,67.95777777777778,39.76444444444444,6.892222222222222,20.36888888888889,1.0,True,3,3,0.4554041731222309,0.5445958268777691,,,serial_runs/uam_7x12_600k_seed1_20260922_012649/S2__M6/analysis/checkpoint_curve.csv,STTF,66.19,项目交接参考；当前归档未找到原始 S 阶段解析 CSV,UAGMC_SOURCE passenger-only + LQ,64.31,67.17,exp11 同包曲线；训练种子 1；评估种子 123-125,需核对同物理/guard/轨迹；解析值为交接参考，非本次独立复算；本矩阵 guard=10000，后期参考 guard=2500
exp07,S2__M6,S2,M6,1,350000,71.61222222222221,42.87777777777777,7.087777777777777,20.71111111111111,1.0,True,3,3,0.48781139167919124,0.5121886083208088,,,serial_runs/uam_7x12_600k_seed1_20260922_012649/S2__M6/analysis/checkpoint_curve.csv,STTF,66.19,项目交接参考；当前归档未找到原始 S 阶段解析 CSV,UAGMC_SOURCE passenger-only + LQ,64.31,67.17,exp11 同包曲线；训练种子 1；评估种子 123-125,需核对同物理/guard/轨迹；解析值为交接参考，非本次独立复算；本矩阵 guard=10000，后期参考 guard=2500
exp07,S2__M6,S2,M6,1,400000,74.88222222222221,45.782222222222224,7.37,20.808888888888887,1.0,True,3,3,0.5107447899407546,0.4892552100592455,,,serial_runs/uam_7x12_600k_seed1_20260922_012649/S2__M6/analysis/checkpoint_curve.csv,STTF,66.19,项目交接参考；当前归档未找到原始 S 阶段解析 CSV,UAGMC_SOURCE passenger-only + LQ,64.31,67.17,exp11 同包曲线；训练种子 1；评估种子 123-125,需核对同物理/guard/轨迹；解析值为交接参考，非本次独立复算；本矩阵 guard=10000，后期参考 guard=2500
exp07,S2__M6,S2,M6,1,450000,75.55444444444444,46.434444444444445,7.297777777777778,20.90222222222222,1.0,True,3,3,0.5195538338983775,0.48044616610162255,,,serial_runs/uam_7x12_600k_seed1_20260922_012649/S2__M6/analysis/checkpoint_curve.csv,STTF,66.19,项目交接参考；当前归档未找到原始 S 阶段解析 CSV,UAGMC_SOURCE passenger-only + LQ,64.31,67.17,exp11 同包曲线；训练种子 1；评估种子 123-125,需核对同物理/guard/轨迹；解析值为交接参考，非本次独立复算；本矩阵 guard=10000，后期参考 guard=2500
exp07,S2__M6,S2,M6,1,500000,82.78888888888888,54.03555555555556,7.023333333333333,20.804444444444446,1.0,True,3,3,0.49847067076790236,0.5015293292320976,,,serial_runs/uam_7x12_600k_seed1_20260922_012649/S2__M6/analysis/checkpoint_curve.csv,STTF,66.19,项目交接参考；当前归档未找到原始 S 阶段解析 CSV,UAGMC_SOURCE passenger-only + LQ,64.31,67.17,exp11 同包曲线；训练种子 1；评估种子 123-125,需核对同物理/guard/轨迹；解析值为交接参考，非本次独立复算；本矩阵 guard=10000，后期参考 guard=2500
exp07,S2__M6,S2,M6,1,550000,84.81222222222222,55.86333333333334,7.156666666666666,20.88,1.0,True,3,3,0.50730750334127,0.4926924966587301,,,serial_runs/uam_7x12_600k_seed1_20260922_012649/S2__M6/analysis/checkpoint_curve.csv,STTF,66.19,项目交接参考；当前归档未找到原始 S 阶段解析 CSV,UAGMC_SOURCE passenger-only + LQ,64.31,67.17,exp11 同包曲线；训练种子 1；评估种子 123-125,需核对同物理/guard/轨迹；解析值为交接参考，非本次独立复算；本矩阵 guard=10000，后期参考 guard=2500
exp07,S2__M6,S2,M6,1,600000,104.41222222222223,76.31666666666666,6.877777777777777,20.28,1.0,True,3,3,0.3900228501736543,0.6099771498263457,,,serial_runs/uam_7x12_600k_seed1_20260922_012649/S2__M6/analysis/checkpoint_curve.csv,STTF,66.19,项目交接参考；当前归档未找到原始 S 阶段解析 CSV,UAGMC_SOURCE passenger-only + LQ,64.31,67.17,exp11 同包曲线；训练种子 1；评估种子 123-125,需核对同物理/guard/轨迹；解析值为交接参考，非本次独立复算；本矩阵 guard=10000，后期参考 guard=2500
exp07,S2__M7,S2,M7,1,50000,76.10111111111111,46.39333333333334,7.548888888888889,21.20888888888889,1.0,True,3,3,0.6712318895071941,0.3287681104928059,,,serial_runs/uam_7x12_600k_seed1_20260922_012649/S2__M7/analysis/checkpoint_curve.csv,STTF,66.19,项目交接参考；当前归档未找到原始 S 阶段解析 CSV,UAGMC_SOURCE passenger-only + LQ,64.31,67.17,exp11 同包曲线；训练种子 1；评估种子 123-125,需核对同物理/guard/轨迹；解析值为交接参考，非本次独立复算；本矩阵 guard=10000，后期参考 guard=2500
exp07,S2__M7,S2,M7,1,100000,74.95,45.18222222222223,7.63,21.173333333333332,1.0,True,3,3,0.5777730512210882,0.4222269487789118,,,serial_runs/uam_7x12_600k_seed1_20260922_012649/S2__M7/analysis/checkpoint_curve.csv,STTF,66.19,项目交接参考；当前归档未找到原始 S 阶段解析 CSV,UAGMC_SOURCE passenger-only + LQ,64.31,67.17,exp11 同包曲线；训练种子 1；评估种子 123-125,需核对同物理/guard/轨迹；解析值为交接参考，非本次独立复算；本矩阵 guard=10000，后期参考 guard=2500
exp07,S2__M7,S2,M7,1,150000,72.03444444444445,42.43,7.5311111111111115,21.124444444444446,1.0,True,3,3,0.5706693015098916,0.4293306984901084,,,serial_runs/uam_7x12_600k_seed1_20260922_012649/S2__M7/analysis/checkpoint_curve.csv,STTF,66.19,项目交接参考；当前归档未找到原始 S 阶段解析 CSV,UAGMC_SOURCE passenger-only + LQ,64.31,67.17,exp11 同包曲线；训练种子 1；评估种子 123-125,需核对同物理/guard/轨迹；解析值为交接参考，非本次独立复算；本矩阵 guard=10000，后期参考 guard=2500
exp07,S2__M7,S2,M7,1,200000,73.66111111111111,44.602222222222224,7.341111111111111,20.78222222222222,1.0,True,3,3,0.5324470739304081,0.46755292606959187,,,serial_runs/uam_7x12_600k_seed1_20260922_012649/S2__M7/analysis/checkpoint_curve.csv,STTF,66.19,项目交接参考；当前归档未找到原始 S 阶段解析 CSV,UAGMC_SOURCE passenger-only + LQ,64.31,67.17,exp11 同包曲线；训练种子 1；评估种子 123-125,需核对同物理/guard/轨迹；解析值为交接参考，非本次独立复算；本矩阵 guard=10000，后期参考 guard=2500
exp07,S2__M7,S2,M7,1,250000,70.04444444444444,40.94777777777777,7.2377777777777785,20.915555555555557,1.0,True,3,3,0.5634530461841971,0.4365469538158029,,,serial_runs/uam_7x12_600k_seed1_20260922_012649/S2__M7/analysis/checkpoint_curve.csv,STTF,66.19,项目交接参考；当前归档未找到原始 S 阶段解析 CSV,UAGMC_SOURCE passenger-only + LQ,64.31,67.17,exp11 同包曲线；训练种子 1；评估种子 123-125,需核对同物理/guard/轨迹；解析值为交接参考，非本次独立复算；本矩阵 guard=10000，后期参考 guard=2500
exp07,S2__M7,S2,M7,1,300000,68.97888888888889,39.94444444444444,7.260000000000001,20.866666666666667,1.0,True,3,3,0.5677322739278262,0.43226772607217384,,,serial_runs/uam_7x12_600k_seed1_20260922_012649/S2__M7/analysis/checkpoint_curve.csv,STTF,66.19,项目交接参考；当前归档未找到原始 S 阶段解析 CSV,UAGMC_SOURCE passenger-only + LQ,64.31,67.17,exp11 同包曲线；训练种子 1；评估种子 123-125,需核对同物理/guard/轨迹；解析值为交接参考，非本次独立复算；本矩阵 guard=10000，后期参考 guard=2500
exp07,S2__M7,S2,M7,1,350000,70.17555555555556,41.11333333333334,7.210000000000001,20.942222222222224,1.0,True,3,3,0.5878590883849036,0.4121409116150963,,,serial_runs/uam_7x12_600k_seed1_20260922_012649/S2__M7/analysis/checkpoint_curve.csv,STTF,66.19,项目交接参考；当前归档未找到原始 S 阶段解析 CSV,UAGMC_SOURCE passenger-only + LQ,64.31,67.17,exp11 同包曲线；训练种子 1；评估种子 123-125,需核对同物理/guard/轨迹；解析值为交接参考，非本次独立复算；本矩阵 guard=10000，后期参考 guard=2500
exp07,S2__M7,S2,M7,1,400000,71.36777777777779,41.94888888888889,7.422222222222222,21.075555555555553,1.0,True,3,3,0.5999579612012832,0.40004203879871686,,,serial_runs/uam_7x12_600k_seed1_20260922_012649/S2__M7/analysis/checkpoint_curve.csv,STTF,66.19,项目交接参考；当前归档未找到原始 S 阶段解析 CSV,UAGMC_SOURCE passenger-only + LQ,64.31,67.17,exp11 同包曲线；训练种子 1；评估种子 123-125,需核对同物理/guard/轨迹；解析值为交接参考，非本次独立复算；本矩阵 guard=10000，后期参考 guard=2500
exp07,S2__M7,S2,M7,1,450000,73.20555555555556,43.642222222222216,7.405555555555556,21.213333333333335,1.0,True,3,3,0.6280417076880266,0.3719582923119735,,,serial_runs/uam_7x12_600k_seed1_20260922_012649/S2__M7/analysis/checkpoint_curve.csv,STTF,66.19,项目交接参考；当前归档未找到原始 S 阶段解析 CSV,UAGMC_SOURCE passenger-only + LQ,64.31,67.17,exp11 同包曲线；训练种子 1；评估种子 123-125,需核对同物理/guard/轨迹；解析值为交接参考，非本次独立复算；本矩阵 guard=10000，后期参考 guard=2500
exp07,S2__M7,S2,M7,1,500000,73.49555555555555,44.11888888888888,7.327777777777778,21.137777777777778,1.0,True,3,3,0.5894303783500008,0.41056962164999916,,,serial_runs/uam_7x12_600k_seed1_20260922_012649/S2__M7/analysis/checkpoint_curve.csv,STTF,66.19,项目交接参考；当前归档未找到原始 S 阶段解析 CSV,UAGMC_SOURCE passenger-only + LQ,64.31,67.17,exp11 同包曲线；训练种子 1；评估种子 123-125,需核对同物理/guard/轨迹；解析值为交接参考，非本次独立复算；本矩阵 guard=10000，后期参考 guard=2500
exp07,S2__M7,S2,M7,1,550000,77.34,48.074444444444445,7.1944444444444455,21.164444444444445,1.0,True,3,3,0.6230146673080795,0.3769853326919204,,,serial_runs/uam_7x12_600k_seed1_20260922_012649/S2__M7/analysis/checkpoint_curve.csv,STTF,66.19,项目交接参考；当前归档未找到原始 S 阶段解析 CSV,UAGMC_SOURCE passenger-only + LQ,64.31,67.17,exp11 同包曲线；训练种子 1；评估种子 123-125,需核对同物理/guard/轨迹；解析值为交接参考，非本次独立复算；本矩阵 guard=10000，后期参考 guard=2500
exp07,S2__M7,S2,M7,1,600000,78.25555555555556,48.367777777777775,7.546666666666667,21.373333333333335,1.0,True,3,3,0.658824170441231,0.341175829558769,,,serial_runs/uam_7x12_600k_seed1_20260922_012649/S2__M7/analysis/checkpoint_curve.csv,STTF,66.19,项目交接参考；当前归档未找到原始 S 阶段解析 CSV,UAGMC_SOURCE passenger-only + LQ,64.31,67.17,exp11 同包曲线；训练种子 1；评估种子 123-125,需核对同物理/guard/轨迹；解析值为交接参考，非本次独立复算；本矩阵 guard=10000，后期参考 guard=2500
exp07,S2__M8,S2,M8,1,50000,406.2866666666667,380.06333333333333,6.182222222222222,19.053333333333335,1.0,True,3,3,0.02955677203865742,0.9704432279613426,,,serial_runs/uam_7x12_600k_seed1_20260922_012649/S2__M8/analysis/checkpoint_curve.csv,STTF,66.19,项目交接参考；当前归档未找到原始 S 阶段解析 CSV,UAGMC_SOURCE passenger-only + LQ,64.31,67.17,exp11 同包曲线；训练种子 1；评估种子 123-125,需核对同物理/guard/轨迹；解析值为交接参考，非本次独立复算；本矩阵 guard=10000，后期参考 guard=2500
exp07,S2__M8,S2,M8,1,100000,67.73333333333333,40.85,6.412222222222223,19.52888888888889,1.0,True,3,3,0.21056337814147327,0.7894366218585267,,,serial_runs/uam_7x12_600k_seed1_20260922_012649/S2__M8/analysis/checkpoint_curve.csv,STTF,66.19,项目交接参考；当前归档未找到原始 S 阶段解析 CSV,UAGMC_SOURCE passenger-only + LQ,64.31,67.17,exp11 同包曲线；训练种子 1；评估种子 123-125,需核对同物理/guard/轨迹；解析值为交接参考，非本次独立复算；本矩阵 guard=10000，后期参考 guard=2500
exp07,S2__M8,S2,M8,1,150000,68.67222222222222,40.843333333333334,6.885555555555555,19.995555555555555,1.0,True,3,3,0.34312022235139716,0.6568797776486028,,,serial_runs/uam_7x12_600k_seed1_20260922_012649/S2__M8/analysis/checkpoint_curve.csv,STTF,66.19,项目交接参考；当前归档未找到原始 S 阶段解析 CSV,UAGMC_SOURCE passenger-only + LQ,64.31,67.17,exp11 同包曲线；训练种子 1；评估种子 123-125,需核对同物理/guard/轨迹；解析值为交接参考，非本次独立复算；本矩阵 guard=10000，后期参考 guard=2500
exp07,S2__M8,S2,M8,1,200000,67.69777777777777,39.16777777777778,7.123333333333334,20.47111111111111,1.0,True,3,3,0.41099530453718763,0.5890046954628124,,,serial_runs/uam_7x12_600k_seed1_20260922_012649/S2__M8/analysis/checkpoint_curve.csv,STTF,66.19,项目交接参考；当前归档未找到原始 S 阶段解析 CSV,UAGMC_SOURCE passenger-only + LQ,64.31,67.17,exp11 同包曲线；训练种子 1；评估种子 123-125,需核对同物理/guard/轨迹；解析值为交接参考，非本次独立复算；本矩阵 guard=10000，后期参考 guard=2500
exp07,S2__M8,S2,M8,1,250000,66.10333333333332,37.638888888888886,7.035555555555555,20.497777777777777,1.0,True,3,3,0.4079150296630681,0.592084970336932,,,serial_runs/uam_7x12_600k_seed1_20260922_012649/S2__M8/analysis/checkpoint_curve.csv,STTF,66.19,项目交接参考；当前归档未找到原始 S 阶段解析 CSV,UAGMC_SOURCE passenger-only + LQ,64.31,67.17,exp11 同包曲线；训练种子 1；评估种子 123-125,需核对同物理/guard/轨迹；解析值为交接参考，非本次独立复算；本矩阵 guard=10000，后期参考 guard=2500
exp07,S2__M8,S2,M8,1,300000,68.49,40.18222222222222,7.021111111111111,20.37777777777778,1.0,True,3,3,0.48631753119718196,0.5136824688028181,,,serial_runs/uam_7x12_600k_seed1_20260922_012649/S2__M8/analysis/checkpoint_curve.csv,STTF,66.19,项目交接参考；当前归档未找到原始 S 阶段解析 CSV,UAGMC_SOURCE passenger-only + LQ,64.31,67.17,exp11 同包曲线；训练种子 1；评估种子 123-125,需核对同物理/guard/轨迹；解析值为交接参考，非本次独立复算；本矩阵 guard=10000，后期参考 guard=2500
exp07,S2__M8,S2,M8,1,350000,67.99555555555555,39.78,6.853333333333333,20.44,1.0,True,3,3,0.4568993109954347,0.5431006890045653,,,serial_runs/uam_7x12_600k_seed1_20260922_012649/S2__M8/analysis/checkpoint_curve.csv,STTF,66.19,项目交接参考；当前归档未找到原始 S 阶段解析 CSV,UAGMC_SOURCE passenger-only + LQ,64.31,67.17,exp11 同包曲线；训练种子 1；评估种子 123-125,需核对同物理/guard/轨迹；解析值为交接参考，非本次独立复算；本矩阵 guard=10000，后期参考 guard=2500
exp07,S2__M8,S2,M8,1,400000,67.13111111111111,38.678888888888885,6.966666666666666,20.56,1.0,True,3,3,0.5061542612064506,0.49384573879354937,,,serial_runs/uam_7x12_600k_seed1_20260922_012649/S2__M8/analysis/checkpoint_curve.csv,STTF,66.19,项目交接参考；当前归档未找到原始 S 阶段解析 CSV,UAGMC_SOURCE passenger-only + LQ,64.31,67.17,exp11 同包曲线；训练种子 1；评估种子 123-125,需核对同物理/guard/轨迹；解析值为交接参考，非本次独立复算；本矩阵 guard=10000，后期参考 guard=2500
exp07,S2__M8,S2,M8,1,450000,66.49555555555555,38.09222222222222,6.915555555555556,20.56888888888889,1.0,True,3,3,0.4547136084372421,0.5452863915627577,,,serial_runs/uam_7x12_600k_seed1_20260922_012649/S2__M8/analysis/checkpoint_curve.csv,STTF,66.19,项目交接参考；当前归档未找到原始 S 阶段解析 CSV,UAGMC_SOURCE passenger-only + LQ,64.31,67.17,exp11 同包曲线；训练种子 1；评估种子 123-125,需核对同物理/guard/轨迹；解析值为交接参考，非本次独立复算；本矩阵 guard=10000，后期参考 guard=2500
exp07,S2__M8,S2,M8,1,500000,71.83888888888889,43.21111111111111,7.013333333333333,20.702222222222222,1.0,True,3,3,0.5624662930204751,0.43753370697952493,,,serial_runs/uam_7x12_600k_seed1_20260922_012649/S2__M8/analysis/checkpoint_curve.csv,STTF,66.19,项目交接参考；当前归档未找到原始 S 阶段解析 CSV,UAGMC_SOURCE passenger-only + LQ,64.31,67.17,exp11 同包曲线；训练种子 1；评估种子 123-125,需核对同物理/guard/轨迹；解析值为交接参考，非本次独立复算；本矩阵 guard=10000，后期参考 guard=2500
exp07,S2__M8,S2,M8,1,550000,73.94888888888889,45.178888888888885,7.044444444444444,20.826666666666664,1.0,True,3,3,0.5689514351179247,0.43104856488207527,,,serial_runs/uam_7x12_600k_seed1_20260922_012649/S2__M8/analysis/checkpoint_curve.csv,STTF,66.19,项目交接参考；当前归档未找到原始 S 阶段解析 CSV,UAGMC_SOURCE passenger-only + LQ,64.31,67.17,exp11 同包曲线；训练种子 1；评估种子 123-125,需核对同物理/guard/轨迹；解析值为交接参考，非本次独立复算；本矩阵 guard=10000，后期参考 guard=2500
exp07,S2__M8,S2,M8,1,600000,77.03555555555556,48.351111111111116,7.091111111111111,20.702222222222222,1.0,True,3,3,0.5563101423504024,0.44368985764959756,,,serial_runs/uam_7x12_600k_seed1_20260922_012649/S2__M8/analysis/checkpoint_curve.csv,STTF,66.19,项目交接参考；当前归档未找到原始 S 阶段解析 CSV,UAGMC_SOURCE passenger-only + LQ,64.31,67.17,exp11 同包曲线；训练种子 1；评估种子 123-125,需核对同物理/guard/轨迹；解析值为交接参考，非本次独立复算；本矩阵 guard=10000，后期参考 guard=2500
exp07,S2__M9,S2,M9,1,50000,75.00555555555556,48.26,6.396666666666667,19.395555555555557,1.0,True,3,3,0.20272773542896108,0.797272264571039,,,serial_runs/uam_7x12_600k_seed1_20260922_012649/S2__M9/analysis/checkpoint_curve.csv,STTF,66.19,项目交接参考；当前归档未找到原始 S 阶段解析 CSV,UAGMC_SOURCE passenger-only + LQ,64.31,67.17,exp11 同包曲线；训练种子 1；评估种子 123-125,需核对同物理/guard/轨迹；解析值为交接参考，非本次独立复算；本矩阵 guard=10000，后期参考 guard=2500
exp07,S2__M9,S2,M9,1,100000,75.19777777777777,46.57333333333333,7.196666666666666,20.47111111111111,1.0,True,3,3,0.4412416413029033,0.5587583586970967,,,serial_runs/uam_7x12_600k_seed1_20260922_012649/S2__M9/analysis/checkpoint_curve.csv,STTF,66.19,项目交接参考；当前归档未找到原始 S 阶段解析 CSV,UAGMC_SOURCE passenger-only + LQ,64.31,67.17,exp11 同包曲线；训练种子 1；评估种子 123-125,需核对同物理/guard/轨迹；解析值为交接参考，非本次独立复算；本矩阵 guard=10000，后期参考 guard=2500
exp07,S2__M9,S2,M9,1,150000,79.27,49.705555555555556,7.526666666666666,21.08888888888889,1.0,True,3,3,0.6339516308262803,0.3660483691737198,,,serial_runs/uam_7x12_600k_seed1_20260922_012649/S2__M9/analysis/checkpoint_curve.csv,STTF,66.19,项目交接参考；当前归档未找到原始 S 阶段解析 CSV,UAGMC_SOURCE passenger-only + LQ,64.31,67.17,exp11 同包曲线；训练种子 1；评估种子 123-125,需核对同物理/guard/轨迹；解析值为交接参考，非本次独立复算；本矩阵 guard=10000，后期参考 guard=2500
exp07,S2__M9,S2,M9,1,200000,70.06444444444445,40.68888888888889,7.48888888888889,20.95111111111111,1.0,True,3,3,0.5939371306556467,0.4060628693443533,,,serial_runs/uam_7x12_600k_seed1_20260922_012649/S2__M9/analysis/checkpoint_curve.csv,STTF,66.19,项目交接参考；当前归档未找到原始 S 阶段解析 CSV,UAGMC_SOURCE passenger-only + LQ,64.31,67.17,exp11 同包曲线；训练种子 1；评估种子 123-125,需核对同物理/guard/轨迹；解析值为交接参考，非本次独立复算；本矩阵 guard=10000，后期参考 guard=2500
exp07,S2__M9,S2,M9,1,250000,80.36777777777779,51.61333333333334,7.141111111111111,20.671111111111113,1.0,True,3,3,0.5517474522758171,0.4482525477241828,,,serial_runs/uam_7x12_600k_seed1_20260922_012649/S2__M9/analysis/checkpoint_curve.csv,STTF,66.19,项目交接参考；当前归档未找到原始 S 阶段解析 CSV,UAGMC_SOURCE passenger-only + LQ,64.31,67.17,exp11 同包曲线；训练种子 1；评估种子 123-125,需核对同物理/guard/轨迹；解析值为交接参考，非本次独立复算；本矩阵 guard=10000，后期参考 guard=2500
exp07,S2__M9,S2,M9,1,300000,75.43555555555555,47.75,6.7444444444444445,20.022222222222222,1.0,True,3,3,0.4589992877492877,0.5410007122507122,,,serial_runs/uam_7x12_600k_seed1_20260922_012649/S2__M9/analysis/checkpoint_curve.csv,STTF,66.19,项目交接参考；当前归档未找到原始 S 阶段解析 CSV,UAGMC_SOURCE passenger-only + LQ,64.31,67.17,exp11 同包曲线；训练种子 1；评估种子 123-125,需核对同物理/guard/轨迹；解析值为交接参考，非本次独立复算；本矩阵 guard=10000，后期参考 guard=2500
exp07,S2__M9,S2,M9,1,350000,80.83999999999999,52.49777777777778,6.861111111111111,20.54222222222222,1.0,True,3,3,0.517299061607507,0.4827009383924928,,,serial_runs/uam_7x12_600k_seed1_20260922_012649/S2__M9/analysis/checkpoint_curve.csv,STTF,66.19,项目交接参考；当前归档未找到原始 S 阶段解析 CSV,UAGMC_SOURCE passenger-only + LQ,64.31,67.17,exp11 同包曲线；训练种子 1；评估种子 123-125,需核对同物理/guard/轨迹；解析值为交接参考，非本次独立复算；本矩阵 guard=10000，后期参考 guard=2500
exp07,S2__M9,S2,M9,1,400000,75.4511111111111,46.156666666666666,7.2811111111111115,21.080000000000002,1.0,True,3,3,0.6431563393645282,0.35684366063547174,,,serial_runs/uam_7x12_600k_seed1_20260922_012649/S2__M9/analysis/checkpoint_curve.csv,STTF,66.19,项目交接参考；当前归档未找到原始 S 阶段解析 CSV,UAGMC_SOURCE passenger-only + LQ,64.31,67.17,exp11 同包曲线；训练种子 1；评估种子 123-125,需核对同物理/guard/轨迹；解析值为交接参考，非本次独立复算；本矩阵 guard=10000，后期参考 guard=2500
exp07,S2__M9,S2,M9,1,450000,78.05444444444446,49.93888888888889,6.758888888888889,20.42222222222222,1.0,True,3,3,0.5210569204051779,0.47894307959482213,,,serial_runs/uam_7x12_600k_seed1_20260922_012649/S2__M9/analysis/checkpoint_curve.csv,STTF,66.19,项目交接参考；当前归档未找到原始 S 阶段解析 CSV,UAGMC_SOURCE passenger-only + LQ,64.31,67.17,exp11 同包曲线；训练种子 1；评估种子 123-125,需核对同物理/guard/轨迹；解析值为交接参考，非本次独立复算；本矩阵 guard=10000，后期参考 guard=2500
exp07,S2__M9,S2,M9,1,500000,86.62111111111112,58.68888888888889,6.54111111111111,20.44888888888889,1.0,True,3,3,0.5618541092812909,0.4381458907187091,,,serial_runs/uam_7x12_600k_seed1_20260922_012649/S2__M9/analysis/checkpoint_curve.csv,STTF,66.19,项目交接参考；当前归档未找到原始 S 阶段解析 CSV,UAGMC_SOURCE passenger-only + LQ,64.31,67.17,exp11 同包曲线；训练种子 1；评估种子 123-125,需核对同物理/guard/轨迹；解析值为交接参考，非本次独立复算；本矩阵 guard=10000，后期参考 guard=2500
exp07,S2__M9,S2,M9,1,550000,90.60333333333334,62.691111111111105,6.566666666666666,20.395555555555557,1.0,True,3,3,0.5462848297213622,0.4537151702786377,,,serial_runs/uam_7x12_600k_seed1_20260922_012649/S2__M9/analysis/checkpoint_curve.csv,STTF,66.19,项目交接参考；当前归档未找到原始 S 阶段解析 CSV,UAGMC_SOURCE passenger-only + LQ,64.31,67.17,exp11 同包曲线；训练种子 1；评估种子 123-125,需核对同物理/guard/轨迹；解析值为交接参考，非本次独立复算；本矩阵 guard=10000，后期参考 guard=2500
exp07,S2__M9,S2,M9,1,600000,93.69111111111111,65.65333333333332,6.69,20.377777777777776,1.0,True,3,3,0.5518001842810026,0.4481998157189973,,,serial_runs/uam_7x12_600k_seed1_20260922_012649/S2__M9/analysis/checkpoint_curve.csv,STTF,66.19,项目交接参考；当前归档未找到原始 S 阶段解析 CSV,UAGMC_SOURCE passenger-only + LQ,64.31,67.17,exp11 同包曲线；训练种子 1；评估种子 123-125,需核对同物理/guard/轨迹；解析值为交接参考，非本次独立复算；本矩阵 guard=10000，后期参考 guard=2500
exp07,S3__M0,S3,M0,1,50000,235.45777777777778,209.15,6.161111111111111,19.182222222222222,1.0,True,3,3,0.21790665972888448,0.7820933402711155,,,serial_runs/uam_7x12_600k_seed1_20260922_012649/S3__M0/analysis/checkpoint_curve.csv,MPTC,85.33,项目交接参考；当前归档未找到原始 S 阶段解析 CSV,UAGMC_SOURCE passenger-only + LQ,84.19,128.76,exp11 同包曲线；训练种子 1；评估种子 123-125,需核对同物理/guard/轨迹；解析值为交接参考，非本次独立复算；本矩阵 guard=10000，后期参考 guard=2500
exp07,S3__M0,S3,M0,1,100000,208.70666666666668,182.02777777777774,6.37,19.391111111111112,1.0,True,3,3,0.4049392475479432,0.5950607524520568,,,serial_runs/uam_7x12_600k_seed1_20260922_012649/S3__M0/analysis/checkpoint_curve.csv,MPTC,85.33,项目交接参考；当前归档未找到原始 S 阶段解析 CSV,UAGMC_SOURCE passenger-only + LQ,84.19,128.76,exp11 同包曲线；训练种子 1；评估种子 123-125,需核对同物理/guard/轨迹；解析值为交接参考，非本次独立复算；本矩阵 guard=10000，后期参考 guard=2500
exp07,S3__M0,S3,M0,1,150000,121.75444444444445,94.92222222222222,6.473333333333334,19.44,1.0,True,3,3,0.2511105069211326,0.7488894930788673,,,serial_runs/uam_7x12_600k_seed1_20260922_012649/S3__M0/analysis/checkpoint_curve.csv,MPTC,85.33,项目交接参考；当前归档未找到原始 S 阶段解析 CSV,UAGMC_SOURCE passenger-only + LQ,84.19,128.76,exp11 同包曲线；训练种子 1；评估种子 123-125,需核对同物理/guard/轨迹；解析值为交接参考，非本次独立复算；本矩阵 guard=10000，后期参考 guard=2500
exp07,S3__M0,S3,M0,1,200000,108.61888888888889,81.00888888888888,6.888888888888888,19.795555555555556,1.0,True,3,3,0.46888380508871524,0.5311161949112848,,,serial_runs/uam_7x12_600k_seed1_20260922_012649/S3__M0/analysis/checkpoint_curve.csv,MPTC,85.33,项目交接参考；当前归档未找到原始 S 阶段解析 CSV,UAGMC_SOURCE passenger-only + LQ,84.19,128.76,exp11 同包曲线；训练种子 1；评估种子 123-125,需核对同物理/guard/轨迹；解析值为交接参考，非本次独立复算；本矩阵 guard=10000，后期参考 guard=2500
exp07,S3__M0,S3,M0,1,250000,92.3288888888889,64.29555555555555,6.971111111111111,20.102222222222224,1.0,True,3,3,0.5151904623179219,0.4848095376820781,,,serial_runs/uam_7x12_600k_seed1_20260922_012649/S3__M0/analysis/checkpoint_curve.csv,MPTC,85.33,项目交接参考；当前归档未找到原始 S 阶段解析 CSV,UAGMC_SOURCE passenger-only + LQ,84.19,128.76,exp11 同包曲线；训练种子 1；评估种子 123-125,需核对同物理/guard/轨迹；解析值为交接参考，非本次独立复算；本矩阵 guard=10000，后期参考 guard=2500
exp07,S3__M0,S3,M0,1,300000,80.71555555555555,53.03444444444444,6.903333333333333,19.813333333333333,1.0,True,3,3,0.4754430504049261,0.5245569495950738,,,serial_runs/uam_7x12_600k_seed1_20260922_012649/S3__M0/analysis/checkpoint_curve.csv,MPTC,85.33,项目交接参考；当前归档未找到原始 S 阶段解析 CSV,UAGMC_SOURCE passenger-only + LQ,84.19,128.76,exp11 同包曲线；训练种子 1；评估种子 123-125,需核对同物理/guard/轨迹；解析值为交接参考，非本次独立复算；本矩阵 guard=10000，后期参考 guard=2500
exp07,S3__M0,S3,M0,1,350000,83.72000000000001,56.35333333333333,6.703333333333333,19.684444444444445,1.0,True,3,3,0.4240116470132112,0.5759883529867887,,,serial_runs/uam_7x12_600k_seed1_20260922_012649/S3__M0/analysis/checkpoint_curve.csv,MPTC,85.33,项目交接参考；当前归档未找到原始 S 阶段解析 CSV,UAGMC_SOURCE passenger-only + LQ,84.19,128.76,exp11 同包曲线；训练种子 1；评估种子 123-125,需核对同物理/guard/轨迹；解析值为交接参考，非本次独立复算；本矩阵 guard=10000，后期参考 guard=2500
exp07,S3__M0,S3,M0,1,400000,95.32111111111111,67.90444444444445,6.723333333333334,19.76,1.0,True,3,3,0.47680645645860986,0.52319354354139,,,serial_runs/uam_7x12_600k_seed1_20260922_012649/S3__M0/analysis/checkpoint_curve.csv,MPTC,85.33,项目交接参考；当前归档未找到原始 S 阶段解析 CSV,UAGMC_SOURCE passenger-only + LQ,84.19,128.76,exp11 同包曲线；训练种子 1；评估种子 123-125,需核对同物理/guard/轨迹；解析值为交接参考，非本次独立复算；本矩阵 guard=10000，后期参考 guard=2500
exp07,S3__M0,S3,M0,1,450000,110.37888888888888,83.35444444444444,6.581111111111112,19.524444444444445,1.0,True,3,3,0.3859043616580373,0.6140956383419626,,,serial_runs/uam_7x12_600k_seed1_20260922_012649/S3__M0/analysis/checkpoint_curve.csv,MPTC,85.33,项目交接参考；当前归档未找到原始 S 阶段解析 CSV,UAGMC_SOURCE passenger-only + LQ,84.19,128.76,exp11 同包曲线；训练种子 1；评估种子 123-125,需核对同物理/guard/轨迹；解析值为交接参考，非本次独立复算；本矩阵 guard=10000，后期参考 guard=2500
exp07,S3__M0,S3,M0,1,500000,97.37333333333333,70.61777777777779,6.334444444444444,19.506666666666664,1.0,True,3,3,0.364952712985857,0.6350472870141431,,,serial_runs/uam_7x12_600k_seed1_20260922_012649/S3__M0/analysis/checkpoint_curve.csv,MPTC,85.33,项目交接参考；当前归档未找到原始 S 阶段解析 CSV,UAGMC_SOURCE passenger-only + LQ,84.19,128.76,exp11 同包曲线；训练种子 1；评估种子 123-125,需核对同物理/guard/轨迹；解析值为交接参考，非本次独立复算；本矩阵 guard=10000，后期参考 guard=2500
exp07,S3__M0,S3,M0,1,550000,95.3011111111111,68.46666666666667,6.4188888888888895,19.50222222222222,1.0,True,3,3,0.32940146155127903,0.6705985384487211,,,serial_runs/uam_7x12_600k_seed1_20260922_012649/S3__M0/analysis/checkpoint_curve.csv,MPTC,85.33,项目交接参考；当前归档未找到原始 S 阶段解析 CSV,UAGMC_SOURCE passenger-only + LQ,84.19,128.76,exp11 同包曲线；训练种子 1；评估种子 123-125,需核对同物理/guard/轨迹；解析值为交接参考，非本次独立复算；本矩阵 guard=10000，后期参考 guard=2500
exp07,S3__M0,S3,M0,1,600000,98.0411111111111,70.9711111111111,6.449999999999999,19.697777777777777,1.0,True,3,3,0.4828668864319295,0.5171331135680705,,,serial_runs/uam_7x12_600k_seed1_20260922_012649/S3__M0/analysis/checkpoint_curve.csv,MPTC,85.33,项目交接参考；当前归档未找到原始 S 阶段解析 CSV,UAGMC_SOURCE passenger-only + LQ,84.19,128.76,exp11 同包曲线；训练种子 1；评估种子 123-125,需核对同物理/guard/轨迹；解析值为交接参考，非本次独立复算；本矩阵 guard=10000，后期参考 guard=2500
exp07,S3__M1,S3,M1,1,50000,103.52999999999999,76.05,6.358888888888888,20.19111111111111,1.0,True,3,3,0.5296832332760476,0.47031676672395234,,,serial_runs/uam_7x12_600k_seed1_20260922_012649/S3__M1/analysis/checkpoint_curve.csv,MPTC,85.33,项目交接参考；当前归档未找到原始 S 阶段解析 CSV,UAGMC_SOURCE passenger-only + LQ,84.19,128.76,exp11 同包曲线；训练种子 1；评估种子 123-125,需核对同物理/guard/轨迹；解析值为交接参考，非本次独立复算；本矩阵 guard=10000，后期参考 guard=2500
exp07,S3__M1,S3,M1,1,100000,78.88333333333334,51.70444444444445,6.582222222222222,19.675555555555555,1.0,True,3,3,0.33439886292967386,0.6656011370703262,,,serial_runs/uam_7x12_600k_seed1_20260922_012649/S3__M1/analysis/checkpoint_curve.csv,MPTC,85.33,项目交接参考；当前归档未找到原始 S 阶段解析 CSV,UAGMC_SOURCE passenger-only + LQ,84.19,128.76,exp11 同包曲线；训练种子 1；评估种子 123-125,需核对同物理/guard/轨迹；解析值为交接参考，非本次独立复算；本矩阵 guard=10000，后期参考 guard=2500
exp07,S3__M1,S3,M1,1,150000,103.42333333333333,76.57111111111111,6.484444444444445,19.44888888888889,1.0,True,3,3,0.16970922964213112,0.8302907703578688,,,serial_runs/uam_7x12_600k_seed1_20260922_012649/S3__M1/analysis/checkpoint_curve.csv,MPTC,85.33,项目交接参考；当前归档未找到原始 S 阶段解析 CSV,UAGMC_SOURCE passenger-only + LQ,84.19,128.76,exp11 同包曲线；训练种子 1；评估种子 123-125,需核对同物理/guard/轨迹；解析值为交接参考，非本次独立复算；本矩阵 guard=10000，后期参考 guard=2500
exp07,S3__M1,S3,M1,1,200000,92.7622222222222,65.76666666666667,6.514444444444444,19.56888888888889,1.0,True,3,3,0.31180452252441554,0.6881954774755844,,,serial_runs/uam_7x12_600k_seed1_20260922_012649/S3__M1/analysis/checkpoint_curve.csv,MPTC,85.33,项目交接参考；当前归档未找到原始 S 阶段解析 CSV,UAGMC_SOURCE passenger-only + LQ,84.19,128.76,exp11 同包曲线；训练种子 1；评估种子 123-125,需核对同物理/guard/轨迹；解析值为交接参考，非本次独立复算；本矩阵 guard=10000，后期参考 guard=2500
exp07,S3__M1,S3,M1,1,250000,90.86555555555556,63.53111111111111,6.6433333333333335,19.77333333333333,1.0,True,3,3,0.38838001527133753,0.6116199847286623,,,serial_runs/uam_7x12_600k_seed1_20260922_012649/S3__M1/analysis/checkpoint_curve.csv,MPTC,85.33,项目交接参考；当前归档未找到原始 S 阶段解析 CSV,UAGMC_SOURCE passenger-only + LQ,84.19,128.76,exp11 同包曲线；训练种子 1；评估种子 123-125,需核对同物理/guard/轨迹；解析值为交接参考，非本次独立复算；本矩阵 guard=10000，后期参考 guard=2500
exp07,S3__M1,S3,M1,1,300000,87.86666666666666,60.24777777777778,6.746666666666667,19.955555555555552,1.0,True,3,3,0.39887727907354714,0.6011227209264528,,,serial_runs/uam_7x12_600k_seed1_20260922_012649/S3__M1/analysis/checkpoint_curve.csv,MPTC,85.33,项目交接参考；当前归档未找到原始 S 阶段解析 CSV,UAGMC_SOURCE passenger-only + LQ,84.19,128.76,exp11 同包曲线；训练种子 1；评估种子 123-125,需核对同物理/guard/轨迹；解析值为交接参考，非本次独立复算；本矩阵 guard=10000，后期参考 guard=2500
exp07,S3__M1,S3,M1,1,350000,145.96777777777777,117.00444444444445,7.231111111111111,20.80888888888889,1.0,True,3,3,0.5506986698520537,0.4493013301479463,,,serial_runs/uam_7x12_600k_seed1_20260922_012649/S3__M1/analysis/checkpoint_curve.csv,MPTC,85.33,项目交接参考；当前归档未找到原始 S 阶段解析 CSV,UAGMC_SOURCE passenger-only + LQ,84.19,128.76,exp11 同包曲线；训练种子 1；评估种子 123-125,需核对同物理/guard/轨迹；解析值为交接参考，非本次独立复算；本矩阵 guard=10000，后期参考 guard=2500
exp07,S3__M1,S3,M1,1,400000,146.08888888888887,117.35444444444444,7.0566666666666675,20.746666666666666,1.0,True,3,3,0.5759701329717625,0.4240298670282375,,,serial_runs/uam_7x12_600k_seed1_20260922_012649/S3__M1/analysis/checkpoint_curve.csv,MPTC,85.33,项目交接参考；当前归档未找到原始 S 阶段解析 CSV,UAGMC_SOURCE passenger-only + LQ,84.19,128.76,exp11 同包曲线；训练种子 1；评估种子 123-125,需核对同物理/guard/轨迹；解析值为交接参考，非本次独立复算；本矩阵 guard=10000，后期参考 guard=2500
exp07,S3__M1,S3,M1,1,450000,133.9411111111111,105.18888888888888,7.080000000000001,20.74222222222222,1.0,True,3,3,0.58555375870155,0.41444624129845,,,serial_runs/uam_7x12_600k_seed1_20260922_012649/S3__M1/analysis/checkpoint_curve.csv,MPTC,85.33,项目交接参考；当前归档未找到原始 S 阶段解析 CSV,UAGMC_SOURCE passenger-only + LQ,84.19,128.76,exp11 同包曲线；训练种子 1；评估种子 123-125,需核对同物理/guard/轨迹；解析值为交接参考，非本次独立复算；本矩阵 guard=10000，后期参考 guard=2500
exp07,S3__M1,S3,M1,1,500000,150.33555555555554,121.83555555555556,6.973333333333333,20.608888888888888,1.0,True,3,3,0.5988883974876239,0.401111602512376,,,serial_runs/uam_7x12_600k_seed1_20260922_012649/S3__M1/analysis/checkpoint_curve.csv,MPTC,85.33,项目交接参考；当前归档未找到原始 S 阶段解析 CSV,UAGMC_SOURCE passenger-only + LQ,84.19,128.76,exp11 同包曲线；训练种子 1；评估种子 123-125,需核对同物理/guard/轨迹；解析值为交接参考，非本次独立复算；本矩阵 guard=10000，后期参考 guard=2500
exp07,S3__M1,S3,M1,1,550000,134.73999999999998,105.93777777777778,7.202222222222223,20.666666666666668,1.0,True,3,3,0.5748234068536677,0.42517659314633227,,,serial_runs/uam_7x12_600k_seed1_20260922_012649/S3__M1/analysis/checkpoint_curve.csv,MPTC,85.33,项目交接参考；当前归档未找到原始 S 阶段解析 CSV,UAGMC_SOURCE passenger-only + LQ,84.19,128.76,exp11 同包曲线；训练种子 1；评估种子 123-125,需核对同物理/guard/轨迹；解析值为交接参考，非本次独立复算；本矩阵 guard=10000，后期参考 guard=2500
exp07,S3__M1,S3,M1,1,600000,119.28444444444445,90.70444444444445,7.067777777777778,20.555555555555557,1.0,True,3,3,0.5599114391446779,0.4400885608553222,,,serial_runs/uam_7x12_600k_seed1_20260922_012649/S3__M1/analysis/checkpoint_curve.csv,MPTC,85.33,项目交接参考；当前归档未找到原始 S 阶段解析 CSV,UAGMC_SOURCE passenger-only + LQ,84.19,128.76,exp11 同包曲线；训练种子 1；评估种子 123-125,需核对同物理/guard/轨迹；解析值为交接参考，非本次独立复算；本矩阵 guard=10000，后期参考 guard=2500
exp07,S3__M10,S3,M10,1,50000,103.91333333333334,75.62888888888888,7.1933333333333325,20.15111111111111,1.0,True,3,3,0.5100784743293169,0.4899215256706831,,,serial_runs/uam_7x12_600k_seed1_20260922_012649/S3__M10/analysis/checkpoint_curve.csv,MPTC,85.33,项目交接参考；当前归档未找到原始 S 阶段解析 CSV,UAGMC_SOURCE passenger-only + LQ,84.19,128.76,exp11 同包曲线；训练种子 1；评估种子 123-125,需核对同物理/guard/轨迹；解析值为交接参考，非本次独立复算；本矩阵 guard=10000，后期参考 guard=2500
exp07,S3__M10,S3,M10,1,100000,80.64555555555556,53.910000000000004,6.335555555555556,19.475555555555555,1.0,True,3,3,0.36721451063556326,0.6327854893644368,,,serial_runs/uam_7x12_600k_seed1_20260922_012649/S3__M10/analysis/checkpoint_curve.csv,MPTC,85.33,项目交接参考；当前归档未找到原始 S 阶段解析 CSV,UAGMC_SOURCE passenger-only + LQ,84.19,128.76,exp11 同包曲线；训练种子 1；评估种子 123-125,需核对同物理/guard/轨迹；解析值为交接参考，非本次独立复算；本矩阵 guard=10000，后期参考 guard=2500
exp07,S3__M10,S3,M10,1,150000,78.13333333333333,51.28333333333333,6.386666666666667,19.511111111111113,1.0,True,3,3,0.3619043160255773,0.6380956839744226,,,serial_runs/uam_7x12_600k_seed1_20260922_012649/S3__M10/analysis/checkpoint_curve.csv,MPTC,85.33,项目交接参考；当前归档未找到原始 S 阶段解析 CSV,UAGMC_SOURCE passenger-only + LQ,84.19,128.76,exp11 同包曲线；训练种子 1；评估种子 123-125,需核对同物理/guard/轨迹；解析值为交接参考，非本次独立复算；本矩阵 guard=10000，后期参考 guard=2500
exp07,S3__M10,S3,M10,1,200000,79.7911111111111,52.74222222222223,6.372222222222223,19.724444444444444,1.0,True,3,3,0.3451414734817025,0.6548585265182975,,,serial_runs/uam_7x12_600k_seed1_20260922_012649/S3__M10/analysis/checkpoint_curve.csv,MPTC,85.33,项目交接参考；当前归档未找到原始 S 阶段解析 CSV,UAGMC_SOURCE passenger-only + LQ,84.19,128.76,exp11 同包曲线；训练种子 1；评估种子 123-125,需核对同物理/guard/轨迹；解析值为交接参考，非本次独立复算；本矩阵 guard=10000，后期参考 guard=2500
exp07,S3__M10,S3,M10,1,250000,77.49777777777778,50.49444444444444,6.47,19.604444444444443,1.0,True,3,3,0.37892826590643774,0.6210717340935622,,,serial_runs/uam_7x12_600k_seed1_20260922_012649/S3__M10/analysis/checkpoint_curve.csv,MPTC,85.33,项目交接参考；当前归档未找到原始 S 阶段解析 CSV,UAGMC_SOURCE passenger-only + LQ,84.19,128.76,exp11 同包曲线；训练种子 1；评估种子 123-125,需核对同物理/guard/轨迹；解析值为交接参考，非本次独立复算；本矩阵 guard=10000，后期参考 guard=2500
exp07,S3__M10,S3,M10,1,300000,88.20666666666666,60.98777777777777,6.427777777777777,19.866666666666667,1.0,True,3,3,0.3630103772669964,0.6369896227330035,,,serial_runs/uam_7x12_600k_seed1_20260922_012649/S3__M10/analysis/checkpoint_curve.csv,MPTC,85.33,项目交接参考；当前归档未找到原始 S 阶段解析 CSV,UAGMC_SOURCE passenger-only + LQ,84.19,128.76,exp11 同包曲线；训练种子 1；评估种子 123-125,需核对同物理/guard/轨迹；解析值为交接参考，非本次独立复算；本矩阵 guard=10000，后期参考 guard=2500
exp07,S3__M10,S3,M10,1,350000,90.36888888888889,62.843333333333334,6.622222222222223,19.986666666666665,1.0,True,3,3,0.3954953339683962,0.6045046660316038,,,serial_runs/uam_7x12_600k_seed1_20260922_012649/S3__M10/analysis/checkpoint_curve.csv,MPTC,85.33,项目交接参考；当前归档未找到原始 S 阶段解析 CSV,UAGMC_SOURCE passenger-only + LQ,84.19,128.76,exp11 同包曲线；训练种子 1；评估种子 123-125,需核对同物理/guard/轨迹；解析值为交接参考，非本次独立复算；本矩阵 guard=10000，后期参考 guard=2500
exp07,S3__M10,S3,M10,1,400000,81.78555555555555,54.791111111111114,6.46,19.61777777777778,1.0,True,3,3,0.4048100387531502,0.5951899612468498,,,serial_runs/uam_7x12_600k_seed1_20260922_012649/S3__M10/analysis/checkpoint_curve.csv,MPTC,85.33,项目交接参考；当前归档未找到原始 S 阶段解析 CSV,UAGMC_SOURCE passenger-only + LQ,84.19,128.76,exp11 同包曲线；训练种子 1；评估种子 123-125,需核对同物理/guard/轨迹；解析值为交接参考，非本次独立复算；本矩阵 guard=10000，后期参考 guard=2500
exp07,S3__M10,S3,M10,1,450000,81.88222222222221,54.95333333333334,6.426666666666667,19.58222222222222,1.0,True,3,3,0.41071126219408954,0.5892887378059105,,,serial_runs/uam_7x12_600k_seed1_20260922_012649/S3__M10/analysis/checkpoint_curve.csv,MPTC,85.33,项目交接参考；当前归档未找到原始 S 阶段解析 CSV,UAGMC_SOURCE passenger-only + LQ,84.19,128.76,exp11 同包曲线；训练种子 1；评估种子 123-125,需核对同物理/guard/轨迹；解析值为交接参考，非本次独立复算；本矩阵 guard=10000，后期参考 guard=2500
exp07,S3__M10,S3,M10,1,500000,82.32777777777777,55.22111111111111,6.474444444444444,19.702222222222222,1.0,True,3,3,0.365841405407801,0.6341585945921989,,,serial_runs/uam_7x12_600k_seed1_20260922_012649/S3__M10/analysis/checkpoint_curve.csv,MPTC,85.33,项目交接参考；当前归档未找到原始 S 阶段解析 CSV,UAGMC_SOURCE passenger-only + LQ,84.19,128.76,exp11 同包曲线；训练种子 1；评估种子 123-125,需核对同物理/guard/轨迹；解析值为交接参考，非本次独立复算；本矩阵 guard=10000，后期参考 guard=2500
exp07,S3__M10,S3,M10,1,550000,87.54666666666667,60.47666666666667,6.538888888888889,19.595555555555553,1.0,True,3,3,0.3841503599779413,0.6158496400220587,,,serial_runs/uam_7x12_600k_seed1_20260922_012649/S3__M10/analysis/checkpoint_curve.csv,MPTC,85.33,项目交接参考；当前归档未找到原始 S 阶段解析 CSV,UAGMC_SOURCE passenger-only + LQ,84.19,128.76,exp11 同包曲线；训练种子 1；评估种子 123-125,需核对同物理/guard/轨迹；解析值为交接参考，非本次独立复算；本矩阵 guard=10000，后期参考 guard=2500
exp07,S3__M10,S3,M10,1,600000,137.29666666666665,109.36444444444446,6.866666666666667,20.133333333333333,1.0,True,3,3,0.5356684190360647,0.4643315809639353,,,serial_runs/uam_7x12_600k_seed1_20260922_012649/S3__M10/analysis/checkpoint_curve.csv,MPTC,85.33,项目交接参考；当前归档未找到原始 S 阶段解析 CSV,UAGMC_SOURCE passenger-only + LQ,84.19,128.76,exp11 同包曲线；训练种子 1；评估种子 123-125,需核对同物理/guard/轨迹；解析值为交接参考，非本次独立复算；本矩阵 guard=10000，后期参考 guard=2500
exp07,S3__M11,S3,M11,1,50000,103.5288888888889,76.71,6.466666666666666,19.42222222222222,1.0,True,3,3,0.19254903559369244,0.8074509644063075,,,serial_runs/uam_7x12_600k_seed1_20260922_012649/S3__M11/analysis/checkpoint_curve.csv,MPTC,85.33,项目交接参考；当前归档未找到原始 S 阶段解析 CSV,UAGMC_SOURCE passenger-only + LQ,84.19,128.76,exp11 同包曲线；训练种子 1；评估种子 123-125,需核对同物理/guard/轨迹；解析值为交接参考，非本次独立复算；本矩阵 guard=10000，后期参考 guard=2500
exp07,S3__M11,S3,M11,1,100000,84.60000000000001,57.651111111111106,6.545555555555556,19.488888888888887,1.0,True,3,3,0.31547360809833697,0.6845263919016631,,,serial_runs/uam_7x12_600k_seed1_20260922_012649/S3__M11/analysis/checkpoint_curve.csv,MPTC,85.33,项目交接参考；当前归档未找到原始 S 阶段解析 CSV,UAGMC_SOURCE passenger-only + LQ,84.19,128.76,exp11 同包曲线；训练种子 1；评估种子 123-125,需核对同物理/guard/轨迹；解析值为交接参考，非本次独立复算；本矩阵 guard=10000，后期参考 guard=2500
exp07,S3__M11,S3,M11,1,150000,94.67222222222222,67.09888888888888,6.786666666666666,19.862222222222226,1.0,True,3,3,0.42866747010376133,0.5713325298962387,,,serial_runs/uam_7x12_600k_seed1_20260922_012649/S3__M11/analysis/checkpoint_curve.csv,MPTC,85.33,项目交接参考；当前归档未找到原始 S 阶段解析 CSV,UAGMC_SOURCE passenger-only + LQ,84.19,128.76,exp11 同包曲线；训练种子 1；评估种子 123-125,需核对同物理/guard/轨迹；解析值为交接参考，非本次独立复算；本矩阵 guard=10000，后期参考 guard=2500
exp07,S3__M11,S3,M11,1,200000,96.37555555555555,68.86888888888889,6.8311111111111105,19.76,1.0,True,3,3,0.4229632002378847,0.5770367997621153,,,serial_runs/uam_7x12_600k_seed1_20260922_012649/S3__M11/analysis/checkpoint_curve.csv,MPTC,85.33,项目交接参考；当前归档未找到原始 S 阶段解析 CSV,UAGMC_SOURCE passenger-only + LQ,84.19,128.76,exp11 同包曲线；训练种子 1；评估种子 123-125,需核对同物理/guard/轨迹；解析值为交接参考，非本次独立复算；本矩阵 guard=10000，后期参考 guard=2500
exp07,S3__M11,S3,M11,1,250000,129.9477777777778,101.78888888888889,6.871111111111111,20.36888888888889,1.0,True,3,3,0.4880395550587167,0.5119604449412832,,,serial_runs/uam_7x12_600k_seed1_20260922_012649/S3__M11/analysis/checkpoint_curve.csv,MPTC,85.33,项目交接参考；当前归档未找到原始 S 阶段解析 CSV,UAGMC_SOURCE passenger-only + LQ,84.19,128.76,exp11 同包曲线；训练种子 1；评估种子 123-125,需核对同物理/guard/轨迹；解析值为交接参考，非本次独立复算；本矩阵 guard=10000，后期参考 guard=2500
exp07,S3__M11,S3,M11,1,300000,122.62888888888888,94.29222222222222,7.0811111111111105,20.333333333333332,1.0,True,3,3,0.5171797684293957,0.4828202315706043,,,serial_runs/uam_7x12_600k_seed1_20260922_012649/S3__M11/analysis/checkpoint_curve.csv,MPTC,85.33,项目交接参考；当前归档未找到原始 S 阶段解析 CSV,UAGMC_SOURCE passenger-only + LQ,84.19,128.76,exp11 同包曲线；训练种子 1；评估种子 123-125,需核对同物理/guard/轨迹；解析值为交接参考，非本次独立复算；本矩阵 guard=10000，后期参考 guard=2500
exp07,S3__M11,S3,M11,1,350000,100.55333333333333,72.75777777777779,6.8133333333333335,20.06222222222222,1.0,True,3,3,0.4368107817192712,0.5631892182807289,,,serial_runs/uam_7x12_600k_seed1_20260922_012649/S3__M11/analysis/checkpoint_curve.csv,MPTC,85.33,项目交接参考；当前归档未找到原始 S 阶段解析 CSV,UAGMC_SOURCE passenger-only + LQ,84.19,128.76,exp11 同包曲线；训练种子 1；评估种子 123-125,需核对同物理/guard/轨迹；解析值为交接参考，非本次独立复算；本矩阵 guard=10000，后期参考 guard=2500
exp07,S3__M11,S3,M11,1,400000,89.3888888888889,61.92111111111111,6.725555555555555,19.826666666666668,1.0,True,3,3,0.40993043349546726,0.5900695665045327,,,serial_runs/uam_7x12_600k_seed1_20260922_012649/S3__M11/analysis/checkpoint_curve.csv,MPTC,85.33,项目交接参考；当前归档未找到原始 S 阶段解析 CSV,UAGMC_SOURCE passenger-only + LQ,84.19,128.76,exp11 同包曲线；训练种子 1；评估种子 123-125,需核对同物理/guard/轨迹；解析值为交接参考，非本次独立复算；本矩阵 guard=10000，后期参考 guard=2500
exp07,S3__M11,S3,M11,1,450000,97.32777777777778,70.23,6.601111111111112,19.57777777777778,1.0,True,3,3,0.3645999132628391,0.6354000867371608,,,serial_runs/uam_7x12_600k_seed1_20260922_012649/S3__M11/analysis/checkpoint_curve.csv,MPTC,85.33,项目交接参考；当前归档未找到原始 S 阶段解析 CSV,UAGMC_SOURCE passenger-only + LQ,84.19,128.76,exp11 同包曲线；训练种子 1；评估种子 123-125,需核对同物理/guard/轨迹；解析值为交接参考，非本次独立复算；本矩阵 guard=10000，后期参考 guard=2500
exp07,S3__M11,S3,M11,1,500000,85.30444444444446,58.24111111111112,6.575555555555556,19.573333333333334,1.0,True,3,3,0.3546032267704753,0.6453967732295247,,,serial_runs/uam_7x12_600k_seed1_20260922_012649/S3__M11/analysis/checkpoint_curve.csv,MPTC,85.33,项目交接参考；当前归档未找到原始 S 阶段解析 CSV,UAGMC_SOURCE passenger-only + LQ,84.19,128.76,exp11 同包曲线；训练种子 1；评估种子 123-125,需核对同物理/guard/轨迹；解析值为交接参考，非本次独立复算；本矩阵 guard=10000，后期参考 guard=2500
exp07,S3__M11,S3,M11,1,550000,88.08111111111111,60.815555555555555,6.633333333333333,19.702222222222222,1.0,True,3,3,0.41289751313021883,0.5871024868697812,,,serial_runs/uam_7x12_600k_seed1_20260922_012649/S3__M11/analysis/checkpoint_curve.csv,MPTC,85.33,项目交接参考；当前归档未找到原始 S 阶段解析 CSV,UAGMC_SOURCE passenger-only + LQ,84.19,128.76,exp11 同包曲线；训练种子 1；评估种子 123-125,需核对同物理/guard/轨迹；解析值为交接参考，非本次独立复算；本矩阵 guard=10000，后期参考 guard=2500
exp07,S3__M11,S3,M11,1,600000,86.34666666666665,59.342222222222226,6.523333333333333,19.56888888888889,1.0,True,3,3,0.3524187911840509,0.6475812088159492,,,serial_runs/uam_7x12_600k_seed1_20260922_012649/S3__M11/analysis/checkpoint_curve.csv,MPTC,85.33,项目交接参考；当前归档未找到原始 S 阶段解析 CSV,UAGMC_SOURCE passenger-only + LQ,84.19,128.76,exp11 同包曲线；训练种子 1；评估种子 123-125,需核对同物理/guard/轨迹；解析值为交接参考，非本次独立复算；本矩阵 guard=10000，后期参考 guard=2500
exp07,S3__M2,S3,M2,1,50000,142.70222222222222,113.93222222222222,7.204444444444444,20.62666666666667,1.0,True,3,3,0.626108999576636,0.373891000423364,,,serial_runs/uam_7x12_600k_seed1_20260922_012649/S3__M2/analysis/checkpoint_curve.csv,MPTC,85.33,项目交接参考；当前归档未找到原始 S 阶段解析 CSV,UAGMC_SOURCE passenger-only + LQ,84.19,128.76,exp11 同包曲线；训练种子 1；评估种子 123-125,需核对同物理/guard/轨迹；解析值为交接参考，非本次独立复算；本矩阵 guard=10000，后期参考 guard=2500
exp07,S3__M2,S3,M2,1,100000,151.6,123.3988888888889,7.115555555555555,20.164444444444445,1.0,True,3,3,0.44120425388044465,0.5587957461195553,,,serial_runs/uam_7x12_600k_seed1_20260922_012649/S3__M2/analysis/checkpoint_curve.csv,MPTC,85.33,项目交接参考；当前归档未找到原始 S 阶段解析 CSV,UAGMC_SOURCE passenger-only + LQ,84.19,128.76,exp11 同包曲线；训练种子 1；评估种子 123-125,需核对同物理/guard/轨迹；解析值为交接参考，非本次独立复算；本矩阵 guard=10000，后期参考 guard=2500
exp07,S3__M2,S3,M2,1,150000,143.59888888888887,115.15666666666668,7.127777777777777,20.391111111111112,1.0,True,3,3,0.4420968387354942,0.5579031612645059,,,serial_runs/uam_7x12_600k_seed1_20260922_012649/S3__M2/analysis/checkpoint_curve.csv,MPTC,85.33,项目交接参考；当前归档未找到原始 S 阶段解析 CSV,UAGMC_SOURCE passenger-only + LQ,84.19,128.76,exp11 同包曲线；训练种子 1；评估种子 123-125,需核对同物理/guard/轨迹；解析值为交接参考，非本次独立复算；本矩阵 guard=10000，后期参考 guard=2500
exp07,S3__M2,S3,M2,1,200000,128.65777777777777,100.31666666666666,7.078888888888888,20.342222222222222,1.0,True,3,3,0.494045428347376,0.5059545716526239,,,serial_runs/uam_7x12_600k_seed1_20260922_012649/S3__M2/analysis/checkpoint_curve.csv,MPTC,85.33,项目交接参考；当前归档未找到原始 S 阶段解析 CSV,UAGMC_SOURCE passenger-only + LQ,84.19,128.76,exp11 同包曲线；训练种子 1；评估种子 123-125,需核对同物理/guard/轨迹；解析值为交接参考，非本次独立复算；本矩阵 guard=10000，后期参考 guard=2500
exp07,S3__M2,S3,M2,1,250000,102.79888888888888,74.75222222222222,6.96,20.168888888888887,1.0,True,3,3,0.4663849934858089,0.533615006514191,,,serial_runs/uam_7x12_600k_seed1_20260922_012649/S3__M2/analysis/checkpoint_curve.csv,MPTC,85.33,项目交接参考；当前归档未找到原始 S 阶段解析 CSV,UAGMC_SOURCE passenger-only + LQ,84.19,128.76,exp11 同包曲线；训练种子 1；评估种子 123-125,需核对同物理/guard/轨迹；解析值为交接参考，非本次独立复算；本矩阵 guard=10000，后期参考 guard=2500
exp07,S3__M2,S3,M2,1,300000,117.03666666666668,88.79222222222222,7.177777777777777,20.16,1.0,True,3,3,0.4567540545897606,0.5432459454102394,,,serial_runs/uam_7x12_600k_seed1_20260922_012649/S3__M2/analysis/checkpoint_curve.csv,MPTC,85.33,项目交接参考；当前归档未找到原始 S 阶段解析 CSV,UAGMC_SOURCE passenger-only + LQ,84.19,128.76,exp11 同包曲线；训练种子 1；评估种子 123-125,需核对同物理/guard/轨迹；解析值为交接参考，非本次独立复算；本矩阵 guard=10000，后期参考 guard=2500
exp07,S3__M2,S3,M2,1,350000,109.2022222222222,81.11333333333333,7.1755555555555555,20.008888888888887,1.0,True,3,3,0.4198752697954327,0.5801247302045672,,,serial_runs/uam_7x12_600k_seed1_20260922_012649/S3__M2/analysis/checkpoint_curve.csv,MPTC,85.33,项目交接参考；当前归档未找到原始 S 阶段解析 CSV,UAGMC_SOURCE passenger-only + LQ,84.19,128.76,exp11 同包曲线；训练种子 1；评估种子 123-125,需核对同物理/guard/轨迹；解析值为交接参考，非本次独立复算；本矩阵 guard=10000，后期参考 guard=2500
exp07,S3__M2,S3,M2,1,400000,100.54222222222222,72.93333333333334,6.912222222222222,19.78666666666667,1.0,True,3,3,0.431818310763268,0.5681816892367321,,,serial_runs/uam_7x12_600k_seed1_20260922_012649/S3__M2/analysis/checkpoint_curve.csv,MPTC,85.33,项目交接参考；当前归档未找到原始 S 阶段解析 CSV,UAGMC_SOURCE passenger-only + LQ,84.19,128.76,exp11 同包曲线；训练种子 1；评估种子 123-125,需核对同物理/guard/轨迹；解析值为交接参考，非本次独立复算；本矩阵 guard=10000，后期参考 guard=2500
exp07,S3__M2,S3,M2,1,450000,108.1588888888889,79.92444444444445,7.086666666666667,20.23111111111111,1.0,True,3,3,0.4956668791804891,0.5043331208195109,,,serial_runs/uam_7x12_600k_seed1_20260922_012649/S3__M2/analysis/checkpoint_curve.csv,MPTC,85.33,项目交接参考；当前归档未找到原始 S 阶段解析 CSV,UAGMC_SOURCE passenger-only + LQ,84.19,128.76,exp11 同包曲线；训练种子 1；评估种子 123-125,需核对同物理/guard/轨迹；解析值为交接参考，非本次独立复算；本矩阵 guard=10000，后期参考 guard=2500
exp07,S3__M2,S3,M2,1,500000,97.77444444444444,69.83333333333333,7.146666666666666,19.88,1.0,True,3,3,0.41183491176506165,0.5881650882349384,,,serial_runs/uam_7x12_600k_seed1_20260922_012649/S3__M2/analysis/checkpoint_curve.csv,MPTC,85.33,项目交接参考；当前归档未找到原始 S 阶段解析 CSV,UAGMC_SOURCE passenger-only + LQ,84.19,128.76,exp11 同包曲线；训练种子 1；评估种子 123-125,需核对同物理/guard/轨迹；解析值为交接参考，非本次独立复算；本矩阵 guard=10000，后期参考 guard=2500
exp07,S3__M2,S3,M2,1,550000,107.56111111111112,79.62222222222222,7.007777777777778,20.004444444444445,1.0,True,3,3,0.4312515559080445,0.5687484440919555,,,serial_runs/uam_7x12_600k_seed1_20260922_012649/S3__M2/analysis/checkpoint_curve.csv,MPTC,85.33,项目交接参考；当前归档未找到原始 S 阶段解析 CSV,UAGMC_SOURCE passenger-only + LQ,84.19,128.76,exp11 同包曲线；训练种子 1；评估种子 123-125,需核对同物理/guard/轨迹；解析值为交接参考，非本次独立复算；本矩阵 guard=10000，后期参考 guard=2500
exp07,S3__M2,S3,M2,1,600000,111.61777777777779,83.38222222222221,7.05,20.266666666666666,1.0,True,3,3,0.5029233857038234,0.4970766142961765,,,serial_runs/uam_7x12_600k_seed1_20260922_012649/S3__M2/analysis/checkpoint_curve.csv,MPTC,85.33,项目交接参考；当前归档未找到原始 S 阶段解析 CSV,UAGMC_SOURCE passenger-only + LQ,84.19,128.76,exp11 同包曲线；训练种子 1；评估种子 123-125,需核对同物理/guard/轨迹；解析值为交接参考，非本次独立复算；本矩阵 guard=10000，后期参考 guard=2500
exp07,S3__M3,S3,M3,1,50000,141.56222222222223,112.56666666666666,7.267777777777778,20.78666666666667,1.0,True,3,3,0.6370795729914015,0.36292042700859845,,,serial_runs/uam_7x12_600k_seed1_20260922_012649/S3__M3/analysis/checkpoint_curve.csv,MPTC,85.33,项目交接参考；当前归档未找到原始 S 阶段解析 CSV,UAGMC_SOURCE passenger-only + LQ,84.19,128.76,exp11 同包曲线；训练种子 1；评估种子 123-125,需核对同物理/guard/轨迹；解析值为交接参考，非本次独立复算；本矩阵 guard=10000，后期参考 guard=2500
exp07,S3__M3,S3,M3,1,100000,104.8411111111111,77.96333333333332,6.387777777777778,19.564444444444444,1.0,True,3,3,0.3015166648201802,0.6984833351798199,,,serial_runs/uam_7x12_600k_seed1_20260922_012649/S3__M3/analysis/checkpoint_curve.csv,MPTC,85.33,项目交接参考；当前归档未找到原始 S 阶段解析 CSV,UAGMC_SOURCE passenger-only + LQ,84.19,128.76,exp11 同包曲线；训练种子 1；评估种子 123-125,需核对同物理/guard/轨迹；解析值为交接参考，非本次独立复算；本矩阵 guard=10000，后期参考 guard=2500
exp07,S3__M3,S3,M3,1,150000,149.4311111111111,120.8011111111111,7.138888888888888,20.573333333333334,1.0,True,3,3,0.48080967625618265,0.5191903237438172,,,serial_runs/uam_7x12_600k_seed1_20260922_012649/S3__M3/analysis/checkpoint_curve.csv,MPTC,85.33,项目交接参考；当前归档未找到原始 S 阶段解析 CSV,UAGMC_SOURCE passenger-only + LQ,84.19,128.76,exp11 同包曲线；训练种子 1；评估种子 123-125,需核对同物理/guard/轨迹；解析值为交接参考，非本次独立复算；本矩阵 guard=10000，后期参考 guard=2500
exp07,S3__M3,S3,M3,1,200000,127.08222222222223,98.89999999999999,6.818888888888889,20.444444444444443,1.0,True,3,3,0.5027376081341711,0.497262391865829,,,serial_runs/uam_7x12_600k_seed1_20260922_012649/S3__M3/analysis/checkpoint_curve.csv,MPTC,85.33,项目交接参考；当前归档未找到原始 S 阶段解析 CSV,UAGMC_SOURCE passenger-only + LQ,84.19,128.76,exp11 同包曲线；训练种子 1；评估种子 123-125,需核对同物理/guard/轨迹；解析值为交接参考，非本次独立复算；本矩阵 guard=10000，后期参考 guard=2500
exp07,S3__M3,S3,M3,1,250000,112.25888888888888,84.19111111111111,6.914444444444444,20.24,1.0,True,3,3,0.39593757405463964,0.6040624259453603,,,serial_runs/uam_7x12_600k_seed1_20260922_012649/S3__M3/analysis/checkpoint_curve.csv,MPTC,85.33,项目交接参考；当前归档未找到原始 S 阶段解析 CSV,UAGMC_SOURCE passenger-only + LQ,84.19,128.76,exp11 同包曲线；训练种子 1；评估种子 123-125,需核对同物理/guard/轨迹；解析值为交接参考，非本次独立复算；本矩阵 guard=10000，后期参考 guard=2500
exp07,S3__M3,S3,M3,1,300000,121.46555555555555,92.55888888888887,7.26111111111111,20.733333333333334,1.0,True,3,3,0.5357847989880659,0.4642152010119342,,,serial_runs/uam_7x12_600k_seed1_20260922_012649/S3__M3/analysis/checkpoint_curve.csv,MPTC,85.33,项目交接参考；当前归档未找到原始 S 阶段解析 CSV,UAGMC_SOURCE passenger-only + LQ,84.19,128.76,exp11 同包曲线；训练种子 1；评估种子 123-125,需核对同物理/guard/轨迹；解析值为交接参考，非本次独立复算；本矩阵 guard=10000，后期参考 guard=2500
exp07,S3__M3,S3,M3,1,350000,114.75,85.79777777777777,7.38,20.657777777777778,1.0,True,3,3,0.4985669389527075,0.5014330610472925,,,serial_runs/uam_7x12_600k_seed1_20260922_012649/S3__M3/analysis/checkpoint_curve.csv,MPTC,85.33,项目交接参考；当前归档未找到原始 S 阶段解析 CSV,UAGMC_SOURCE passenger-only + LQ,84.19,128.76,exp11 同包曲线；训练种子 1；评估种子 123-125,需核对同物理/guard/轨迹；解析值为交接参考，非本次独立复算；本矩阵 guard=10000，后期参考 guard=2500
exp07,S3__M3,S3,M3,1,400000,110.39444444444445,81.91333333333334,7.118888888888889,20.448888888888888,1.0,True,3,3,0.44330923207137124,0.5566907679286287,,,serial_runs/uam_7x12_600k_seed1_20260922_012649/S3__M3/analysis/checkpoint_curve.csv,MPTC,85.33,项目交接参考；当前归档未找到原始 S 阶段解析 CSV,UAGMC_SOURCE passenger-only + LQ,84.19,128.76,exp11 同包曲线；训练种子 1；评估种子 123-125,需核对同物理/guard/轨迹；解析值为交接参考，非本次独立复算；本矩阵 guard=10000，后期参考 guard=2500
exp07,S3__M3,S3,M3,1,450000,95.21111111111111,67.80333333333333,6.663333333333333,19.817777777777778,1.0,True,3,3,0.2731505743502149,0.7268494256497852,,,serial_runs/uam_7x12_600k_seed1_20260922_012649/S3__M3/analysis/checkpoint_curve.csv,MPTC,85.33,项目交接参考；当前归档未找到原始 S 阶段解析 CSV,UAGMC_SOURCE passenger-only + LQ,84.19,128.76,exp11 同包曲线；训练种子 1；评估种子 123-125,需核对同物理/guard/轨迹；解析值为交接参考，非本次独立复算；本矩阵 guard=10000，后期参考 guard=2500
exp07,S3__M3,S3,M3,1,500000,110.41444444444444,82.18222222222222,7.0377777777777775,20.275555555555556,1.0,True,3,3,0.42120141409132233,0.5787985859086776,,,serial_runs/uam_7x12_600k_seed1_20260922_012649/S3__M3/analysis/checkpoint_curve.csv,MPTC,85.33,项目交接参考；当前归档未找到原始 S 阶段解析 CSV,UAGMC_SOURCE passenger-only + LQ,84.19,128.76,exp11 同包曲线；训练种子 1；评估种子 123-125,需核对同物理/guard/轨迹；解析值为交接参考，非本次独立复算；本矩阵 guard=10000，后期参考 guard=2500
exp07,S3__M3,S3,M3,1,550000,138.76888888888888,110.28444444444445,6.976666666666667,20.582222222222224,1.0,True,3,3,0.4783940479817101,0.52160595201829,,,serial_runs/uam_7x12_600k_seed1_20260922_012649/S3__M3/analysis/checkpoint_curve.csv,MPTC,85.33,项目交接参考；当前归档未找到原始 S 阶段解析 CSV,UAGMC_SOURCE passenger-only + LQ,84.19,128.76,exp11 同包曲线；训练种子 1；评估种子 123-125,需核对同物理/guard/轨迹；解析值为交接参考，非本次独立复算；本矩阵 guard=10000，后期参考 guard=2500
exp07,S3__M3,S3,M3,1,600000,137.62333333333333,109.16777777777777,6.8822222222222225,20.648888888888887,1.0,True,3,3,0.5196401082601355,0.48035989173986443,,,serial_runs/uam_7x12_600k_seed1_20260922_012649/S3__M3/analysis/checkpoint_curve.csv,MPTC,85.33,项目交接参考；当前归档未找到原始 S 阶段解析 CSV,UAGMC_SOURCE passenger-only + LQ,84.19,128.76,exp11 同包曲线；训练种子 1；评估种子 123-125,需核对同物理/guard/轨迹；解析值为交接参考，非本次独立复算；本矩阵 guard=10000，后期参考 guard=2500
exp07,S3__M4,S3,M4,1,50000,88.42,61.70666666666667,6.385555555555555,19.4,1.0,True,3,3,0.10225091815948162,0.8977490818405184,,,serial_runs/uam_7x12_600k_seed1_20260922_012649/S3__M4/analysis/checkpoint_curve.csv,MPTC,85.33,项目交接参考；当前归档未找到原始 S 阶段解析 CSV,UAGMC_SOURCE passenger-only + LQ,84.19,128.76,exp11 同包曲线；训练种子 1；评估种子 123-125,需核对同物理/guard/轨迹；解析值为交接参考，非本次独立复算；本矩阵 guard=10000，后期参考 guard=2500
exp07,S3__M4,S3,M4,1,100000,85.56,58.458888888888886,6.536666666666666,19.635555555555555,1.0,True,3,3,0.39080530561818855,0.6091946943818115,,,serial_runs/uam_7x12_600k_seed1_20260922_012649/S3__M4/analysis/checkpoint_curve.csv,MPTC,85.33,项目交接参考；当前归档未找到原始 S 阶段解析 CSV,UAGMC_SOURCE passenger-only + LQ,84.19,128.76,exp11 同包曲线；训练种子 1；评估种子 123-125,需核对同物理/guard/轨迹；解析值为交接参考，非本次独立复算；本矩阵 guard=10000，后期参考 guard=2500
exp07,S3__M4,S3,M4,1,150000,115.39222222222223,87.23222222222222,6.921111111111112,20.302222222222223,1.0,True,3,3,0.5238462669018225,0.47615373309817755,,,serial_runs/uam_7x12_600k_seed1_20260922_012649/S3__M4/analysis/checkpoint_curve.csv,MPTC,85.33,项目交接参考；当前归档未找到原始 S 阶段解析 CSV,UAGMC_SOURCE passenger-only + LQ,84.19,128.76,exp11 同包曲线；训练种子 1；评估种子 123-125,需核对同物理/guard/轨迹；解析值为交接参考，非本次独立复算；本矩阵 guard=10000，后期参考 guard=2500
exp07,S3__M4,S3,M4,1,200000,87.29333333333334,59.89666666666667,6.69,19.777777777777782,1.0,True,3,3,0.4208807397727829,0.5791192602272172,,,serial_runs/uam_7x12_600k_seed1_20260922_012649/S3__M4/analysis/checkpoint_curve.csv,MPTC,85.33,项目交接参考；当前归档未找到原始 S 阶段解析 CSV,UAGMC_SOURCE passenger-only + LQ,84.19,128.76,exp11 同包曲线；训练种子 1；评估种子 123-125,需核对同物理/guard/轨迹；解析值为交接参考，非本次独立复算；本矩阵 guard=10000，后期参考 guard=2500
exp07,S3__M4,S3,M4,1,250000,93.8988888888889,66.31666666666666,6.704444444444444,19.93777777777778,1.0,True,3,3,0.4389338454560657,0.5610661545439344,,,serial_runs/uam_7x12_600k_seed1_20260922_012649/S3__M4/analysis/checkpoint_curve.csv,MPTC,85.33,项目交接参考；当前归档未找到原始 S 阶段解析 CSV,UAGMC_SOURCE passenger-only + LQ,84.19,128.76,exp11 同包曲线；训练种子 1；评估种子 123-125,需核对同物理/guard/轨迹；解析值为交接参考，非本次独立复算；本矩阵 guard=10000，后期参考 guard=2500
exp07,S3__M4,S3,M4,1,300000,134.58,105.7911111111111,7.258888888888889,20.591111111111108,1.0,True,3,3,0.5322918528843971,0.467708147115603,,,serial_runs/uam_7x12_600k_seed1_20260922_012649/S3__M4/analysis/checkpoint_curve.csv,MPTC,85.33,项目交接参考；当前归档未找到原始 S 阶段解析 CSV,UAGMC_SOURCE passenger-only + LQ,84.19,128.76,exp11 同包曲线；训练种子 1；评估种子 123-125,需核对同物理/guard/轨迹；解析值为交接参考，非本次独立复算；本矩阵 guard=10000，后期参考 guard=2500
exp07,S3__M4,S3,M4,1,350000,125.45777777777778,97.0188888888889,7.072222222222223,20.435555555555556,1.0,True,3,3,0.5016370986989213,0.4983629013010787,,,serial_runs/uam_7x12_600k_seed1_20260922_012649/S3__M4/analysis/checkpoint_curve.csv,MPTC,85.33,项目交接参考；当前归档未找到原始 S 阶段解析 CSV,UAGMC_SOURCE passenger-only + LQ,84.19,128.76,exp11 同包曲线；训练种子 1；评估种子 123-125,需核对同物理/guard/轨迹；解析值为交接参考，非本次独立复算；本矩阵 guard=10000，后期参考 guard=2500
exp07,S3__M4,S3,M4,1,400000,121.7611111111111,93.18333333333332,7.25,20.417777777777776,1.0,True,3,3,0.5299213783930078,0.47007862160699215,,,serial_runs/uam_7x12_600k_seed1_20260922_012649/S3__M4/analysis/checkpoint_curve.csv,MPTC,85.33,项目交接参考；当前归档未找到原始 S 阶段解析 CSV,UAGMC_SOURCE passenger-only + LQ,84.19,128.76,exp11 同包曲线；训练种子 1；评估种子 123-125,需核对同物理/guard/轨迹；解析值为交接参考，非本次独立复算；本矩阵 guard=10000，后期参考 guard=2500
exp07,S3__M4,S3,M4,1,450000,113.53222222222222,85.41666666666667,7.080000000000001,20.124444444444443,1.0,True,3,3,0.5077734881086465,0.4922265118913534,,,serial_runs/uam_7x12_600k_seed1_20260922_012649/S3__M4/analysis/checkpoint_curve.csv,MPTC,85.33,项目交接参考；当前归档未找到原始 S 阶段解析 CSV,UAGMC_SOURCE passenger-only + LQ,84.19,128.76,exp11 同包曲线；训练种子 1；评估种子 123-125,需核对同物理/guard/轨迹；解析值为交接参考，非本次独立复算；本矩阵 guard=10000，后期参考 guard=2500
exp07,S3__M4,S3,M4,1,500000,143.17888888888888,114.53111111111112,7.187777777777778,20.537777777777777,1.0,True,3,3,0.5371131000366197,0.4628868999633804,,,serial_runs/uam_7x12_600k_seed1_20260922_012649/S3__M4/analysis/checkpoint_curve.csv,MPTC,85.33,项目交接参考；当前归档未找到原始 S 阶段解析 CSV,UAGMC_SOURCE passenger-only + LQ,84.19,128.76,exp11 同包曲线；训练种子 1；评估种子 123-125,需核对同物理/guard/轨迹；解析值为交接参考，非本次独立复算；本矩阵 guard=10000，后期参考 guard=2500
exp07,S3__M4,S3,M4,1,550000,128.7511111111111,100.01777777777778,7.204444444444444,20.58222222222222,1.0,True,3,3,0.5613166203126876,0.4386833796873124,,,serial_runs/uam_7x12_600k_seed1_20260922_012649/S3__M4/analysis/checkpoint_curve.csv,MPTC,85.33,项目交接参考；当前归档未找到原始 S 阶段解析 CSV,UAGMC_SOURCE passenger-only + LQ,84.19,128.76,exp11 同包曲线；训练种子 1；评估种子 123-125,需核对同物理/guard/轨迹；解析值为交接参考，非本次独立复算；本矩阵 guard=10000，后期参考 guard=2500
exp07,S3__M4,S3,M4,1,600000,96.3488888888889,68.23888888888888,7.174444444444444,20.022222222222222,1.0,True,3,3,0.4965683103920637,0.5034316896079363,,,serial_runs/uam_7x12_600k_seed1_20260922_012649/S3__M4/analysis/checkpoint_curve.csv,MPTC,85.33,项目交接参考；当前归档未找到原始 S 阶段解析 CSV,UAGMC_SOURCE passenger-only + LQ,84.19,128.76,exp11 同包曲线；训练种子 1；评估种子 123-125,需核对同物理/guard/轨迹；解析值为交接参考，非本次独立复算；本矩阵 guard=10000，后期参考 guard=2500
exp07,S3__M5,S3,M5,1,50000,85.68888888888888,58.592222222222226,6.598888888888889,19.54222222222222,1.0,True,3,3,0.20472042419310252,0.7952795758068975,,,serial_runs/uam_7x12_600k_seed1_20260922_012649/S3__M5/analysis/checkpoint_curve.csv,MPTC,85.33,项目交接参考；当前归档未找到原始 S 阶段解析 CSV,UAGMC_SOURCE passenger-only + LQ,84.19,128.76,exp11 同包曲线；训练种子 1；评估种子 123-125,需核对同物理/guard/轨迹；解析值为交接参考，非本次独立复算；本矩阵 guard=10000，后期参考 guard=2500
exp07,S3__M5,S3,M5,1,100000,83.00333333333333,55.67444444444445,6.7444444444444445,19.653333333333332,1.0,True,3,3,0.32172049202616887,0.6782795079738312,,,serial_runs/uam_7x12_600k_seed1_20260922_012649/S3__M5/analysis/checkpoint_curve.csv,MPTC,85.33,项目交接参考；当前归档未找到原始 S 阶段解析 CSV,UAGMC_SOURCE passenger-only + LQ,84.19,128.76,exp11 同包曲线；训练种子 1；评估种子 123-125,需核对同物理/guard/轨迹；解析值为交接参考，非本次独立复算；本矩阵 guard=10000，后期参考 guard=2500
exp07,S3__M5,S3,M5,1,150000,86.07777777777778,58.70444444444445,6.687777777777778,19.75111111111111,1.0,True,3,3,0.2929114044023755,0.7070885955976246,,,serial_runs/uam_7x12_600k_seed1_20260922_012649/S3__M5/analysis/checkpoint_curve.csv,MPTC,85.33,项目交接参考；当前归档未找到原始 S 阶段解析 CSV,UAGMC_SOURCE passenger-only + LQ,84.19,128.76,exp11 同包曲线；训练种子 1；评估种子 123-125,需核对同物理/guard/轨迹；解析值为交接参考，非本次独立复算；本矩阵 guard=10000，后期参考 guard=2500
exp07,S3__M5,S3,M5,1,200000,86.55333333333333,59.15555555555556,6.736666666666667,19.72888888888889,1.0,True,3,3,0.364186176947332,0.635813823052668,,,serial_runs/uam_7x12_600k_seed1_20260922_012649/S3__M5/analysis/checkpoint_curve.csv,MPTC,85.33,项目交接参考；当前归档未找到原始 S 阶段解析 CSV,UAGMC_SOURCE passenger-only + LQ,84.19,128.76,exp11 同包曲线；训练种子 1；评估种子 123-125,需核对同物理/guard/轨迹；解析值为交接参考，非本次独立复算；本矩阵 guard=10000，后期参考 guard=2500
exp07,S3__M5,S3,M5,1,250000,106.92666666666666,78.85222222222222,6.885555555555555,20.26666666666667,1.0,True,3,3,0.4659957679882322,0.5340042320117677,,,serial_runs/uam_7x12_600k_seed1_20260922_012649/S3__M5/analysis/checkpoint_curve.csv,MPTC,85.33,项目交接参考；当前归档未找到原始 S 阶段解析 CSV,UAGMC_SOURCE passenger-only + LQ,84.19,128.76,exp11 同包曲线；训练种子 1；评估种子 123-125,需核对同物理/guard/轨迹；解析值为交接参考，非本次独立复算；本矩阵 guard=10000，后期参考 guard=2500
exp07,S3__M5,S3,M5,1,300000,126.88333333333333,98.49111111111112,6.907777777777778,20.555555555555557,1.0,True,3,3,0.47112817778844174,0.5288718222115584,,,serial_runs/uam_7x12_600k_seed1_20260922_012649/S3__M5/analysis/checkpoint_curve.csv,MPTC,85.33,项目交接参考；当前归档未找到原始 S 阶段解析 CSV,UAGMC_SOURCE passenger-only + LQ,84.19,128.76,exp11 同包曲线；训练种子 1；评估种子 123-125,需核对同物理/guard/轨迹；解析值为交接参考，非本次独立复算；本矩阵 guard=10000，后期参考 guard=2500
exp07,S3__M5,S3,M5,1,350000,134.36555555555557,105.25888888888888,7.355555555555555,20.826666666666668,1.0,True,3,3,0.5091968557591874,0.49080314424081256,,,serial_runs/uam_7x12_600k_seed1_20260922_012649/S3__M5/analysis/checkpoint_curve.csv,MPTC,85.33,项目交接参考；当前归档未找到原始 S 阶段解析 CSV,UAGMC_SOURCE passenger-only + LQ,84.19,128.76,exp11 同包曲线；训练种子 1；评估种子 123-125,需核对同物理/guard/轨迹；解析值为交接参考，非本次独立复算；本矩阵 guard=10000，后期参考 guard=2500
exp07,S3__M5,S3,M5,1,400000,133.3711111111111,104.69,7.044444444444444,20.706666666666667,1.0,True,3,3,0.5293945752641405,0.4706054247358595,,,serial_runs/uam_7x12_600k_seed1_20260922_012649/S3__M5/analysis/checkpoint_curve.csv,MPTC,85.33,项目交接参考；当前归档未找到原始 S 阶段解析 CSV,UAGMC_SOURCE passenger-only + LQ,84.19,128.76,exp11 同包曲线；训练种子 1；评估种子 123-125,需核对同物理/guard/轨迹；解析值为交接参考，非本次独立复算；本矩阵 guard=10000，后期参考 guard=2500
exp07,S3__M5,S3,M5,1,450000,132.84444444444443,104.44555555555554,7.05888888888889,20.413333333333334,1.0,True,3,3,0.4831074571950318,0.5168925428049683,,,serial_runs/uam_7x12_600k_seed1_20260922_012649/S3__M5/analysis/checkpoint_curve.csv,MPTC,85.33,项目交接参考；当前归档未找到原始 S 阶段解析 CSV,UAGMC_SOURCE passenger-only + LQ,84.19,128.76,exp11 同包曲线；训练种子 1；评估种子 123-125,需核对同物理/guard/轨迹；解析值为交接参考，非本次独立复算；本矩阵 guard=10000，后期参考 guard=2500
exp07,S3__M5,S3,M5,1,500000,150.80222222222224,121.82222222222224,7.227777777777778,20.817777777777778,1.0,True,3,3,0.5640117792083276,0.4359882207916724,,,serial_runs/uam_7x12_600k_seed1_20260922_012649/S3__M5/analysis/checkpoint_curve.csv,MPTC,85.33,项目交接参考；当前归档未找到原始 S 阶段解析 CSV,UAGMC_SOURCE passenger-only + LQ,84.19,128.76,exp11 同包曲线；训练种子 1；评估种子 123-125,需核对同物理/guard/轨迹；解析值为交接参考，非本次独立复算；本矩阵 guard=10000，后期参考 guard=2500
exp07,S3__M5,S3,M5,1,550000,150.86111111111111,121.82666666666667,7.260000000000001,20.817777777777778,1.0,True,3,3,0.5354131070861635,0.46458689291383654,,,serial_runs/uam_7x12_600k_seed1_20260922_012649/S3__M5/analysis/checkpoint_curve.csv,MPTC,85.33,项目交接参考；当前归档未找到原始 S 阶段解析 CSV,UAGMC_SOURCE passenger-only + LQ,84.19,128.76,exp11 同包曲线；训练种子 1；评估种子 123-125,需核对同物理/guard/轨迹；解析值为交接参考，非本次独立复算；本矩阵 guard=10000，后期参考 guard=2500
exp07,S3__M5,S3,M5,1,600000,132.54333333333332,103.68,7.2555555555555555,20.626666666666665,1.0,True,3,3,0.49180489804977423,0.5081951019502257,,,serial_runs/uam_7x12_600k_seed1_20260922_012649/S3__M5/analysis/checkpoint_curve.csv,MPTC,85.33,项目交接参考；当前归档未找到原始 S 阶段解析 CSV,UAGMC_SOURCE passenger-only + LQ,84.19,128.76,exp11 同包曲线；训练种子 1；评估种子 123-125,需核对同物理/guard/轨迹；解析值为交接参考，非本次独立复算；本矩阵 guard=10000，后期参考 guard=2500
exp07,S3__M6,S3,M6,1,50000,96.86555555555556,69.38111111111111,6.8566666666666665,19.680000000000003,1.0,True,3,3,0.3057324840764331,0.694267515923567,,,serial_runs/uam_7x12_600k_seed1_20260922_012649/S3__M6/analysis/checkpoint_curve.csv,MPTC,85.33,项目交接参考；当前归档未找到原始 S 阶段解析 CSV,UAGMC_SOURCE passenger-only + LQ,84.19,128.76,exp11 同包曲线；训练种子 1；评估种子 123-125,需核对同物理/guard/轨迹；解析值为交接参考，非本次独立复算；本矩阵 guard=10000，后期参考 guard=2500
exp07,S3__M6,S3,M6,1,100000,104.6711111111111,76.38333333333334,7.194444444444444,20.137777777777774,1.0,True,3,3,0.46248960401493155,0.5375103959850684,,,serial_runs/uam_7x12_600k_seed1_20260922_012649/S3__M6/analysis/checkpoint_curve.csv,MPTC,85.33,项目交接参考；当前归档未找到原始 S 阶段解析 CSV,UAGMC_SOURCE passenger-only + LQ,84.19,128.76,exp11 同包曲线；训练种子 1；评估种子 123-125,需核对同物理/guard/轨迹；解析值为交接参考，非本次独立复算；本矩阵 guard=10000，后期参考 guard=2500
exp07,S3__M6,S3,M6,1,150000,156.3788888888889,127.03555555555556,7.38,21.026666666666667,1.0,True,3,3,0.5120161189379621,0.48798388106203805,,,serial_runs/uam_7x12_600k_seed1_20260922_012649/S3__M6/analysis/checkpoint_curve.csv,MPTC,85.33,项目交接参考；当前归档未找到原始 S 阶段解析 CSV,UAGMC_SOURCE passenger-only + LQ,84.19,128.76,exp11 同包曲线；训练种子 1；评估种子 123-125,需核对同物理/guard/轨迹；解析值为交接参考，非本次独立复算；本矩阵 guard=10000，后期参考 guard=2500
exp07,S3__M6,S3,M6,1,200000,170.07222222222222,139.70333333333335,7.854444444444444,21.573333333333334,1.0,True,3,3,0.5734852654039453,0.42651473459605466,,,serial_runs/uam_7x12_600k_seed1_20260922_012649/S3__M6/analysis/checkpoint_curve.csv,MPTC,85.33,项目交接参考；当前归档未找到原始 S 阶段解析 CSV,UAGMC_SOURCE passenger-only + LQ,84.19,128.76,exp11 同包曲线；训练种子 1；评估种子 123-125,需核对同物理/guard/轨迹；解析值为交接参考，非本次独立复算；本矩阵 guard=10000，后期参考 guard=2500
exp07,S3__M6,S3,M6,1,250000,166.17444444444445,135.9177777777778,7.739999999999999,21.586666666666662,1.0,True,3,3,0.6376905426271601,0.36230945737284004,,,serial_runs/uam_7x12_600k_seed1_20260922_012649/S3__M6/analysis/checkpoint_curve.csv,MPTC,85.33,项目交接参考；当前归档未找到原始 S 阶段解析 CSV,UAGMC_SOURCE passenger-only + LQ,84.19,128.76,exp11 同包曲线；训练种子 1；评估种子 123-125,需核对同物理/guard/轨迹；解析值为交接参考，非本次独立复算；本矩阵 guard=10000，后期参考 guard=2500
exp07,S3__M6,S3,M6,1,300000,135.67999999999998,107.01666666666667,7.035555555555555,20.702222222222222,1.0,True,3,3,0.5043553088641008,0.49564469113589915,,,serial_runs/uam_7x12_600k_seed1_20260922_012649/S3__M6/analysis/checkpoint_curve.csv,MPTC,85.33,项目交接参考；当前归档未找到原始 S 阶段解析 CSV,UAGMC_SOURCE passenger-only + LQ,84.19,128.76,exp11 同包曲线；训练种子 1；评估种子 123-125,需核对同物理/guard/轨迹；解析值为交接参考，非本次独立复算；本矩阵 guard=10000，后期参考 guard=2500
exp07,S3__M6,S3,M6,1,350000,134.53666666666666,105.61888888888889,7.247777777777777,20.746666666666666,1.0,True,3,3,0.5121503895389862,0.48784961046101394,,,serial_runs/uam_7x12_600k_seed1_20260922_012649/S3__M6/analysis/checkpoint_curve.csv,MPTC,85.33,项目交接参考；当前归档未找到原始 S 阶段解析 CSV,UAGMC_SOURCE passenger-only + LQ,84.19,128.76,exp11 同包曲线；训练种子 1；评估种子 123-125,需核对同物理/guard/轨迹；解析值为交接参考，非本次独立复算；本矩阵 guard=10000，后期参考 guard=2500
exp07,S3__M6,S3,M6,1,400000,145.67111111111112,116.53555555555556,7.195555555555555,20.999999999999996,1.0,True,3,3,0.5712937609947577,0.4287062390052423,,,serial_runs/uam_7x12_600k_seed1_20260922_012649/S3__M6/analysis/checkpoint_curve.csv,MPTC,85.33,项目交接参考；当前归档未找到原始 S 阶段解析 CSV,UAGMC_SOURCE passenger-only + LQ,84.19,128.76,exp11 同包曲线；训练种子 1；评估种子 123-125,需核对同物理/guard/轨迹；解析值为交接参考，非本次独立复算；本矩阵 guard=10000，后期参考 guard=2500
exp07,S3__M6,S3,M6,1,450000,170.10444444444445,140.25,7.552222222222222,21.364444444444445,1.0,True,3,3,0.6081740082339783,0.3918259917660218,,,serial_runs/uam_7x12_600k_seed1_20260922_012649/S3__M6/analysis/checkpoint_curve.csv,MPTC,85.33,项目交接参考；当前归档未找到原始 S 阶段解析 CSV,UAGMC_SOURCE passenger-only + LQ,84.19,128.76,exp11 同包曲线；训练种子 1；评估种子 123-125,需核对同物理/guard/轨迹；解析值为交接参考，非本次独立复算；本矩阵 guard=10000，后期参考 guard=2500
exp07,S3__M6,S3,M6,1,500000,81.9888888888889,55.27222222222222,6.333333333333333,19.444444444444446,1.0,True,3,3,0.3718734631719098,0.6281265368280902,,,serial_runs/uam_7x12_600k_seed1_20260922_012649/S3__M6/analysis/checkpoint_curve.csv,MPTC,85.33,项目交接参考；当前归档未找到原始 S 阶段解析 CSV,UAGMC_SOURCE passenger-only + LQ,84.19,128.76,exp11 同包曲线；训练种子 1；评估种子 123-125,需核对同物理/guard/轨迹；解析值为交接参考，非本次独立复算；本矩阵 guard=10000，后期参考 guard=2500
exp07,S3__M6,S3,M6,1,550000,90.74222222222222,63.77222222222222,6.513333333333333,19.54222222222222,1.0,True,3,3,0.39146002783860984,0.6085399721613901,,,serial_runs/uam_7x12_600k_seed1_20260922_012649/S3__M6/analysis/checkpoint_curve.csv,MPTC,85.33,项目交接参考；当前归档未找到原始 S 阶段解析 CSV,UAGMC_SOURCE passenger-only + LQ,84.19,128.76,exp11 同包曲线；训练种子 1；评估种子 123-125,需核对同物理/guard/轨迹；解析值为交接参考，非本次独立复算；本矩阵 guard=10000，后期参考 guard=2500
exp07,S3__M6,S3,M6,1,600000,101.82111111111112,74.80555555555556,6.495555555555555,19.59111111111111,1.0,True,3,3,0.41075096858913956,0.5892490314108604,,,serial_runs/uam_7x12_600k_seed1_20260922_012649/S3__M6/analysis/checkpoint_curve.csv,MPTC,85.33,项目交接参考；当前归档未找到原始 S 阶段解析 CSV,UAGMC_SOURCE passenger-only + LQ,84.19,128.76,exp11 同包曲线；训练种子 1；评估种子 123-125,需核对同物理/guard/轨迹；解析值为交接参考，非本次独立复算；本矩阵 guard=10000，后期参考 guard=2500
exp07,S3__M7,S3,M7,1,50000,117.79,90.94888888888887,6.544444444444444,19.364444444444445,1.0,True,3,3,0.10128996660581562,0.8987100333941843,,,serial_runs/uam_7x12_600k_seed1_20260922_012649/S3__M7/analysis/checkpoint_curve.csv,MPTC,85.33,项目交接参考；当前归档未找到原始 S 阶段解析 CSV,UAGMC_SOURCE passenger-only + LQ,84.19,128.76,exp11 同包曲线；训练种子 1；评估种子 123-125,需核对同物理/guard/轨迹；解析值为交接参考，非本次独立复算；本矩阵 guard=10000，后期参考 guard=2500
exp07,S3__M7,S3,M7,1,100000,83.52888888888889,56.452222222222225,6.68,19.48888888888889,1.0,True,3,3,0.21706822973230266,0.7829317702676973,,,serial_runs/uam_7x12_600k_seed1_20260922_012649/S3__M7/analysis/checkpoint_curve.csv,MPTC,85.33,项目交接参考；当前归档未找到原始 S 阶段解析 CSV,UAGMC_SOURCE passenger-only + LQ,84.19,128.76,exp11 同包曲线；训练种子 1；评估种子 123-125,需核对同物理/guard/轨迹；解析值为交接参考，非本次独立复算；本矩阵 guard=10000，后期参考 guard=2500
exp07,S3__M7,S3,M7,1,150000,89.92999999999999,63.01111111111111,6.564444444444445,19.43111111111111,1.0,True,3,3,0.15595898362151214,0.8440410163784877,,,serial_runs/uam_7x12_600k_seed1_20260922_012649/S3__M7/analysis/checkpoint_curve.csv,MPTC,85.33,项目交接参考；当前归档未找到原始 S 阶段解析 CSV,UAGMC_SOURCE passenger-only + LQ,84.19,128.76,exp11 同包曲线；训练种子 1；评估种子 123-125,需核对同物理/guard/轨迹；解析值为交接参考，非本次独立复算；本矩阵 guard=10000，后期参考 guard=2500
exp07,S3__M7,S3,M7,1,200000,88.39666666666666,61.12444444444444,6.663333333333334,19.688888888888886,1.0,True,3,3,0.3629364272085596,0.6370635727914404,,,serial_runs/uam_7x12_600k_seed1_20260922_012649/S3__M7/analysis/checkpoint_curve.csv,MPTC,85.33,项目交接参考；当前归档未找到原始 S 阶段解析 CSV,UAGMC_SOURCE passenger-only + LQ,84.19,128.76,exp11 同包曲线；训练种子 1；评估种子 123-125,需核对同物理/guard/轨迹；解析值为交接参考，非本次独立复算；本矩阵 guard=10000，后期参考 guard=2500
exp07,S3__M7,S3,M7,1,250000,98.03666666666668,70.71333333333332,6.692222222222223,19.706666666666667,1.0,True,3,3,0.3459979294059748,0.6540020705940252,,,serial_runs/uam_7x12_600k_seed1_20260922_012649/S3__M7/analysis/checkpoint_curve.csv,MPTC,85.33,项目交接参考；当前归档未找到原始 S 阶段解析 CSV,UAGMC_SOURCE passenger-only + LQ,84.19,128.76,exp11 同包曲线；训练种子 1；评估种子 123-125,需核对同物理/guard/轨迹；解析值为交接参考，非本次独立复算；本矩阵 guard=10000，后期参考 guard=2500
exp07,S3__M7,S3,M7,1,300000,95.58888888888889,68.87111111111112,6.431111111111111,19.364444444444445,1.0,True,3,3,0.15405724606856264,0.8459427539314373,,,serial_runs/uam_7x12_600k_seed1_20260922_012649/S3__M7/analysis/checkpoint_curve.csv,MPTC,85.33,项目交接参考；当前归档未找到原始 S 阶段解析 CSV,UAGMC_SOURCE passenger-only + LQ,84.19,128.76,exp11 同包曲线；训练种子 1；评估种子 123-125,需核对同物理/guard/轨迹；解析值为交接参考，非本次独立复算；本矩阵 guard=10000，后期参考 guard=2500
exp07,S3__M7,S3,M7,1,350000,94.04333333333334,67.13444444444445,6.394444444444445,19.599999999999998,1.0,True,3,3,0.30003509617243523,0.6999649038275648,,,serial_runs/uam_7x12_600k_seed1_20260922_012649/S3__M7/analysis/checkpoint_curve.csv,MPTC,85.33,项目交接参考；当前归档未找到原始 S 阶段解析 CSV,UAGMC_SOURCE passenger-only + LQ,84.19,128.76,exp11 同包曲线；训练种子 1；评估种子 123-125,需核对同物理/guard/轨迹；解析值为交接参考，非本次独立复算；本矩阵 guard=10000，后期参考 guard=2500
exp07,S3__M7,S3,M7,1,400000,97.86444444444443,70.91888888888889,6.378888888888889,19.653333333333332,1.0,True,3,3,0.29060925353819794,0.709390746461802,,,serial_runs/uam_7x12_600k_seed1_20260922_012649/S3__M7/analysis/checkpoint_curve.csv,MPTC,85.33,项目交接参考；当前归档未找到原始 S 阶段解析 CSV,UAGMC_SOURCE passenger-only + LQ,84.19,128.76,exp11 同包曲线；训练种子 1；评估种子 123-125,需核对同物理/guard/轨迹；解析值为交接参考，非本次独立复算；本矩阵 guard=10000，后期参考 guard=2500
exp07,S3__M7,S3,M7,1,450000,97.07777777777778,70.32555555555557,6.297777777777778,19.54222222222222,1.0,True,3,3,0.2456859099388128,0.7543140900611872,,,serial_runs/uam_7x12_600k_seed1_20260922_012649/S3__M7/analysis/checkpoint_curve.csv,MPTC,85.33,项目交接参考；当前归档未找到原始 S 阶段解析 CSV,UAGMC_SOURCE passenger-only + LQ,84.19,128.76,exp11 同包曲线；训练种子 1；评估种子 123-125,需核对同物理/guard/轨迹；解析值为交接参考，非本次独立复算；本矩阵 guard=10000，后期参考 guard=2500
exp07,S3__M7,S3,M7,1,500000,94.28888888888889,67.08222222222223,6.5055555555555555,19.786666666666665,1.0,True,3,3,0.4026963021129317,0.5973036978870683,,,serial_runs/uam_7x12_600k_seed1_20260922_012649/S3__M7/analysis/checkpoint_curve.csv,MPTC,85.33,项目交接参考；当前归档未找到原始 S 阶段解析 CSV,UAGMC_SOURCE passenger-only + LQ,84.19,128.76,exp11 同包曲线；训练种子 1；评估种子 123-125,需核对同物理/guard/轨迹；解析值为交接参考，非本次独立复算；本矩阵 guard=10000，后期参考 guard=2500
exp07,S3__M7,S3,M7,1,550000,96.24000000000001,68.91111111111111,6.616666666666666,19.79111111111111,1.0,True,3,3,0.37306567969291177,0.6269343203070883,,,serial_runs/uam_7x12_600k_seed1_20260922_012649/S3__M7/analysis/checkpoint_curve.csv,MPTC,85.33,项目交接参考；当前归档未找到原始 S 阶段解析 CSV,UAGMC_SOURCE passenger-only + LQ,84.19,128.76,exp11 同包曲线；训练种子 1；评估种子 123-125,需核对同物理/guard/轨迹；解析值为交接参考，非本次独立复算；本矩阵 guard=10000，后期参考 guard=2500
exp07,S3__M7,S3,M7,1,600000,111.90111111111112,84.03888888888889,6.797777777777778,20.137777777777778,1.0,True,3,3,0.46929241630551743,0.5307075836944826,,,serial_runs/uam_7x12_600k_seed1_20260922_012649/S3__M7/analysis/checkpoint_curve.csv,MPTC,85.33,项目交接参考；当前归档未找到原始 S 阶段解析 CSV,UAGMC_SOURCE passenger-only + LQ,84.19,128.76,exp11 同包曲线；训练种子 1；评估种子 123-125,需核对同物理/guard/轨迹；解析值为交接参考，非本次独立复算；本矩阵 guard=10000，后期参考 guard=2500
exp07,S3__M8,S3,M8,1,50000,484.7977777777778,458.57444444444445,6.196666666666666,19.035555555555554,1.0,True,3,3,0.7413891512855715,0.2586108487144286,,,serial_runs/uam_7x12_600k_seed1_20260922_012649/S3__M8/analysis/checkpoint_curve.csv,MPTC,85.33,项目交接参考；当前归档未找到原始 S 阶段解析 CSV,UAGMC_SOURCE passenger-only + LQ,84.19,128.76,exp11 同包曲线；训练种子 1；评估种子 123-125,需核对同物理/guard/轨迹；解析值为交接参考，非本次独立复算；本矩阵 guard=10000，后期参考 guard=2500
exp07,S3__M8,S3,M8,1,100000,265.24333333333334,239.02555555555557,6.108888888888889,19.14222222222222,1.0,True,3,3,0.3323131698011191,0.667686830198881,,,serial_runs/uam_7x12_600k_seed1_20260922_012649/S3__M8/analysis/checkpoint_curve.csv,MPTC,85.33,项目交接参考；当前归档未找到原始 S 阶段解析 CSV,UAGMC_SOURCE passenger-only + LQ,84.19,128.76,exp11 同包曲线；训练种子 1；评估种子 123-125,需核对同物理/guard/轨迹；解析值为交接参考，非本次独立复算；本矩阵 guard=10000，后期参考 guard=2500
exp07,S3__M8,S3,M8,1,150000,207.89222222222222,181.46666666666667,6.266666666666667,19.191111111111113,1.0,True,3,3,0.22446781867726176,0.7755321813227383,,,serial_runs/uam_7x12_600k_seed1_20260922_012649/S3__M8/analysis/checkpoint_curve.csv,MPTC,85.33,项目交接参考；当前归档未找到原始 S 阶段解析 CSV,UAGMC_SOURCE passenger-only + LQ,84.19,128.76,exp11 同包曲线；训练种子 1；评估种子 123-125,需核对同物理/guard/轨迹；解析值为交接参考，非本次独立复算；本矩阵 guard=10000，后期参考 guard=2500
exp07,S3__M8,S3,M8,1,200000,114.8411111111111,88.26555555555557,6.2877777777777775,19.36,1.0,True,3,3,0.11983957393892693,0.880160426061073,,,serial_runs/uam_7x12_600k_seed1_20260922_012649/S3__M8/analysis/checkpoint_curve.csv,MPTC,85.33,项目交接参考；当前归档未找到原始 S 阶段解析 CSV,UAGMC_SOURCE passenger-only + LQ,84.19,128.76,exp11 同包曲线；训练种子 1；评估种子 123-125,需核对同物理/guard/轨迹；解析值为交接参考，非本次独立复算；本矩阵 guard=10000，后期参考 guard=2500
exp07,S3__M8,S3,M8,1,250000,92.4811111111111,65.30444444444444,6.583333333333333,19.67111111111111,1.0,True,3,3,0.25875,0.74125,,,serial_runs/uam_7x12_600k_seed1_20260922_012649/S3__M8/analysis/checkpoint_curve.csv,MPTC,85.33,项目交接参考；当前归档未找到原始 S 阶段解析 CSV,UAGMC_SOURCE passenger-only + LQ,84.19,128.76,exp11 同包曲线；训练种子 1；评估种子 123-125,需核对同物理/guard/轨迹；解析值为交接参考，非本次独立复算；本矩阵 guard=10000，后期参考 guard=2500
exp07,S3__M8,S3,M8,1,300000,93.2411111111111,66.37333333333333,6.477777777777778,19.48,1.0,True,3,3,0.21835461397103897,0.7816453860289609,,,serial_runs/uam_7x12_600k_seed1_20260922_012649/S3__M8/analysis/checkpoint_curve.csv,MPTC,85.33,项目交接参考；当前归档未找到原始 S 阶段解析 CSV,UAGMC_SOURCE passenger-only + LQ,84.19,128.76,exp11 同包曲线；训练种子 1；评估种子 123-125,需核对同物理/guard/轨迹；解析值为交接参考，非本次独立复算；本矩阵 guard=10000，后期参考 guard=2500
exp07,S3__M8,S3,M8,1,350000,132.92999999999998,104.69999999999999,7.001111111111111,20.311111111111114,1.0,True,3,3,0.4227439387357897,0.5772560612642103,,,serial_runs/uam_7x12_600k_seed1_20260922_012649/S3__M8/analysis/checkpoint_curve.csv,MPTC,85.33,项目交接参考；当前归档未找到原始 S 阶段解析 CSV,UAGMC_SOURCE passenger-only + LQ,84.19,128.76,exp11 同包曲线；训练种子 1；评估种子 123-125,需核对同物理/guard/轨迹；解析值为交接参考，非本次独立复算；本矩阵 guard=10000，后期参考 guard=2500
exp07,S3__M8,S3,M8,1,400000,136.04444444444445,107.61111111111113,7.146666666666666,20.355555555555554,1.0,True,3,3,0.4260190914616527,0.5739809085383474,,,serial_runs/uam_7x12_600k_seed1_20260922_012649/S3__M8/analysis/checkpoint_curve.csv,MPTC,85.33,项目交接参考；当前归档未找到原始 S 阶段解析 CSV,UAGMC_SOURCE passenger-only + LQ,84.19,128.76,exp11 同包曲线；训练种子 1；评估种子 123-125,需核对同物理/guard/轨迹；解析值为交接参考，非本次独立复算；本矩阵 guard=10000，后期参考 guard=2500
exp07,S3__M8,S3,M8,1,450000,119.58777777777777,91.4311111111111,6.964444444444445,20.24888888888889,1.0,True,3,3,0.40232103016443865,0.5976789698355615,,,serial_runs/uam_7x12_600k_seed1_20260922_012649/S3__M8/analysis/checkpoint_curve.csv,MPTC,85.33,项目交接参考；当前归档未找到原始 S 阶段解析 CSV,UAGMC_SOURCE passenger-only + LQ,84.19,128.76,exp11 同包曲线；训练种子 1；评估种子 123-125,需核对同物理/guard/轨迹；解析值为交接参考，非本次独立复算；本矩阵 guard=10000，后期参考 guard=2500
exp07,S3__M8,S3,M8,1,500000,116.2088888888889,87.80888888888889,7.092222222222222,20.360000000000003,1.0,True,3,3,0.4101337344538613,0.5898662655461387,,,serial_runs/uam_7x12_600k_seed1_20260922_012649/S3__M8/analysis/checkpoint_curve.csv,MPTC,85.33,项目交接参考；当前归档未找到原始 S 阶段解析 CSV,UAGMC_SOURCE passenger-only + LQ,84.19,128.76,exp11 同包曲线；训练种子 1；评估种子 123-125,需核对同物理/guard/轨迹；解析值为交接参考，非本次独立复算；本矩阵 guard=10000，后期参考 guard=2500
exp07,S3__M8,S3,M8,1,550000,112.84777777777776,84.65,7.003333333333334,20.231111111111108,1.0,True,3,3,0.3416028387928712,0.6583971612071288,,,serial_runs/uam_7x12_600k_seed1_20260922_012649/S3__M8/analysis/checkpoint_curve.csv,MPTC,85.33,项目交接参考；当前归档未找到原始 S 阶段解析 CSV,UAGMC_SOURCE passenger-only + LQ,84.19,128.76,exp11 同包曲线；训练种子 1；评估种子 123-125,需核对同物理/guard/轨迹；解析值为交接参考，非本次独立复算；本矩阵 guard=10000，后期参考 guard=2500
exp07,S3__M8,S3,M8,1,600000,86.12555555555555,58.87444444444444,6.535555555555557,19.804444444444446,1.0,True,3,3,0.28960317192161567,0.7103968280783844,,,serial_runs/uam_7x12_600k_seed1_20260922_012649/S3__M8/analysis/checkpoint_curve.csv,MPTC,85.33,项目交接参考；当前归档未找到原始 S 阶段解析 CSV,UAGMC_SOURCE passenger-only + LQ,84.19,128.76,exp11 同包曲线；训练种子 1；评估种子 123-125,需核对同物理/guard/轨迹；解析值为交接参考，非本次独立复算；本矩阵 guard=10000，后期参考 guard=2500
exp07,S3__M9,S3,M9,1,50000,107.66000000000001,80.81888888888888,6.504444444444445,19.40888888888889,1.0,True,3,3,0.29601774139668363,0.7039822586033164,,,serial_runs/uam_7x12_600k_seed1_20260922_012649/S3__M9/analysis/checkpoint_curve.csv,MPTC,85.33,项目交接参考；当前归档未找到原始 S 阶段解析 CSV,UAGMC_SOURCE passenger-only + LQ,84.19,128.76,exp11 同包曲线；训练种子 1；评估种子 123-125,需核对同物理/guard/轨迹；解析值为交接参考，非本次独立复算；本矩阵 guard=10000，后期参考 guard=2500
exp07,S3__M9,S3,M9,1,100000,84.5188888888889,56.77333333333333,7.0488888888888885,19.768888888888885,1.0,True,3,3,0.3873997189595639,0.6126002810404362,,,serial_runs/uam_7x12_600k_seed1_20260922_012649/S3__M9/analysis/checkpoint_curve.csv,MPTC,85.33,项目交接参考；当前归档未找到原始 S 阶段解析 CSV,UAGMC_SOURCE passenger-only + LQ,84.19,128.76,exp11 同包曲线；训练种子 1；评估种子 123-125,需核对同物理/guard/轨迹；解析值为交接参考，非本次独立复算；本矩阵 guard=10000，后期参考 guard=2500
exp07,S3__M9,S3,M9,1,150000,156.88333333333333,126.85777777777777,7.791111111111111,21.27111111111111,1.0,True,3,3,0.7176874820549722,0.2823125179450278,,,serial_runs/uam_7x12_600k_seed1_20260922_012649/S3__M9/analysis/checkpoint_curve.csv,MPTC,85.33,项目交接参考；当前归档未找到原始 S 阶段解析 CSV,UAGMC_SOURCE passenger-only + LQ,84.19,128.76,exp11 同包曲线；训练种子 1；评估种子 123-125,需核对同物理/guard/轨迹；解析值为交接参考，非本次独立复算；本矩阵 guard=10000，后期参考 guard=2500
exp07,S3__M9,S3,M9,1,200000,102.49777777777778,74.22888888888889,7.145555555555556,20.177777777777777,1.0,True,3,3,0.5672307116164633,0.43276928838353673,,,serial_runs/uam_7x12_600k_seed1_20260922_012649/S3__M9/analysis/checkpoint_curve.csv,MPTC,85.33,项目交接参考；当前归档未找到原始 S 阶段解析 CSV,UAGMC_SOURCE passenger-only + LQ,84.19,128.76,exp11 同包曲线；训练种子 1；评估种子 123-125,需核对同物理/guard/轨迹；解析值为交接参考，非本次独立复算；本矩阵 guard=10000，后期参考 guard=2500
exp07,S3__M9,S3,M9,1,250000,152.90333333333334,123.41222222222223,7.554444444444445,20.977777777777778,1.0,True,3,3,0.687122028703099,0.3128779712969009,,,serial_runs/uam_7x12_600k_seed1_20260922_012649/S3__M9/analysis/checkpoint_curve.csv,MPTC,85.33,项目交接参考；当前归档未找到原始 S 阶段解析 CSV,UAGMC_SOURCE passenger-only + LQ,84.19,128.76,exp11 同包曲线；训练种子 1；评估种子 123-125,需核对同物理/guard/轨迹；解析值为交接参考，非本次独立复算；本矩阵 guard=10000，后期参考 guard=2500
exp07,S3__M9,S3,M9,1,300000,89.26666666666665,61.844444444444456,6.703333333333333,19.786666666666665,1.0,True,3,3,0.4851214381334863,0.5148785618665137,,,serial_runs/uam_7x12_600k_seed1_20260922_012649/S3__M9/analysis/checkpoint_curve.csv,MPTC,85.33,项目交接参考；当前归档未找到原始 S 阶段解析 CSV,UAGMC_SOURCE passenger-only + LQ,84.19,128.76,exp11 同包曲线；训练种子 1；评估种子 123-125,需核对同物理/guard/轨迹；解析值为交接参考，非本次独立复算；本矩阵 guard=10000，后期参考 guard=2500
exp07,S3__M9,S3,M9,1,350000,83.05111111111111,55.46333333333334,6.871111111111111,19.786666666666665,1.0,True,3,3,0.46060381828498015,0.5393961817150198,,,serial_runs/uam_7x12_600k_seed1_20260922_012649/S3__M9/analysis/checkpoint_curve.csv,MPTC,85.33,项目交接参考；当前归档未找到原始 S 阶段解析 CSV,UAGMC_SOURCE passenger-only + LQ,84.19,128.76,exp11 同包曲线；训练种子 1；评估种子 123-125,需核对同物理/guard/轨迹；解析值为交接参考，非本次独立复算；本矩阵 guard=10000，后期参考 guard=2500
exp07,S3__M9,S3,M9,1,400000,93.60333333333334,65.78333333333333,6.874444444444445,20.026666666666667,1.0,True,3,3,0.474328567323367,0.5256714326766331,,,serial_runs/uam_7x12_600k_seed1_20260922_012649/S3__M9/analysis/checkpoint_curve.csv,MPTC,85.33,项目交接参考；当前归档未找到原始 S 阶段解析 CSV,UAGMC_SOURCE passenger-only + LQ,84.19,128.76,exp11 同包曲线；训练种子 1；评估种子 123-125,需核对同物理/guard/轨迹；解析值为交接参考，非本次独立复算；本矩阵 guard=10000，后期参考 guard=2500
exp07,S3__M9,S3,M9,1,450000,106.37777777777778,78.50222222222222,6.801111111111111,20.133333333333336,1.0,True,3,3,0.5474204663457,0.4525795336543,,,serial_runs/uam_7x12_600k_seed1_20260922_012649/S3__M9/analysis/checkpoint_curve.csv,MPTC,85.33,项目交接参考；当前归档未找到原始 S 阶段解析 CSV,UAGMC_SOURCE passenger-only + LQ,84.19,128.76,exp11 同包曲线；训练种子 1；评估种子 123-125,需核对同物理/guard/轨迹；解析值为交接参考，非本次独立复算；本矩阵 guard=10000，后期参考 guard=2500
exp07,S3__M9,S3,M9,1,500000,101.42666666666666,73.75666666666666,6.632222222222222,20.115555555555556,1.0,True,3,3,0.5438327567952197,0.45616724320478036,,,serial_runs/uam_7x12_600k_seed1_20260922_012649/S3__M9/analysis/checkpoint_curve.csv,MPTC,85.33,项目交接参考；当前归档未找到原始 S 阶段解析 CSV,UAGMC_SOURCE passenger-only + LQ,84.19,128.76,exp11 同包曲线；训练种子 1；评估种子 123-125,需核对同物理/guard/轨迹；解析值为交接参考，非本次独立复算；本矩阵 guard=10000，后期参考 guard=2500
exp07,S3__M9,S3,M9,1,550000,96.94333333333333,69.79222222222222,6.463333333333334,19.768888888888892,1.0,True,3,3,0.490513245245708,0.509486754754292,,,serial_runs/uam_7x12_600k_seed1_20260922_012649/S3__M9/analysis/checkpoint_curve.csv,MPTC,85.33,项目交接参考；当前归档未找到原始 S 阶段解析 CSV,UAGMC_SOURCE passenger-only + LQ,84.19,128.76,exp11 同包曲线；训练种子 1；评估种子 123-125,需核对同物理/guard/轨迹；解析值为交接参考，非本次独立复算；本矩阵 guard=10000，后期参考 guard=2500
exp07,S3__M9,S3,M9,1,600000,106.32666666666667,79.38444444444444,6.322222222222222,19.702222222222222,1.0,True,3,3,0.5054424065664475,0.4945575934335526,,,serial_runs/uam_7x12_600k_seed1_20260922_012649/S3__M9/analysis/checkpoint_curve.csv,MPTC,85.33,项目交接参考；当前归档未找到原始 S 阶段解析 CSV,UAGMC_SOURCE passenger-only + LQ,84.19,128.76,exp11 同包曲线；训练种子 1；评估种子 123-125,需核对同物理/guard/轨迹；解析值为交接参考，非本次独立复算；本矩阵 guard=10000，后期参考 guard=2500
