experiment,cell,env,method,train_seed,step,att_min,awt_min,agt_min,aft_min,completion_rate,full_completion,n_eval_seeds,n_valid,passenger_v0_share,passenger_v1_share,aircraft_v0_share,aircraft_v1_share,source,analytic_baseline,analytic_att_min,analytic_evidence,uagmc_baseline,uagmc_best_att_min,uagmc_final_att_min,uagmc_evidence,baseline_comparability_note
exp09,J0__CURRENT,J0,CURRENT,1,50000,245.12,212.67,8.52,22.94666666666667,1.0,True,3,3,0.9934807387015135,0.006519261298486473,0.9969531211283876,0.0030468788716124192,serial_runs/uam_jointfirst60m_v4_seed1_20260924_010334/J0__CURRENT/analysis/checkpoint_curve.csv,MPTC,85.33,项目交接参考；当前归档未找到原始 S 阶段解析 CSV,UAGMC_SOURCE passenger-only + LQ,84.19,128.76,exp11 同包曲线；训练种子 1；评估种子 123-125,Joint 与 passenger-only 控制权不同；跨矩阵训练实现/guard 未必完全锁定；V4 wrapper 有已知混杂
exp09,J0__CURRENT,J0,CURRENT,1,100000,nan,nan,7.614566503455393,22.423325645547866,0.24777777777777776,False,3,0,0.9037718246034919,0.09622817539650808,0.9997334399573504,0.0002665600426496068,serial_runs/uam_jointfirst60m_v4_seed1_20260924_010334/J0__CURRENT/analysis/checkpoint_curve.csv,MPTC,85.33,项目交接参考；当前归档未找到原始 S 阶段解析 CSV,UAGMC_SOURCE passenger-only + LQ,84.19,128.76,exp11 同包曲线；训练种子 1；评估种子 123-125,Joint 与 passenger-only 控制权不同；跨矩阵训练实现/guard 未必完全锁定；V4 wrapper 有已知混杂
exp09,J0__CURRENT,J0,CURRENT,1,150000,nan,nan,7.160963798299977,20.701415557587456,0.6633333333333332,False,3,0,0.05371184859389577,0.9462881514061042,0.9232307077169133,0.07676929228308677,serial_runs/uam_jointfirst60m_v4_seed1_20260924_010334/J0__CURRENT/analysis/checkpoint_curve.csv,MPTC,85.33,项目交接参考；当前归档未找到原始 S 阶段解析 CSV,UAGMC_SOURCE passenger-only + LQ,84.19,128.76,exp11 同包曲线；训练种子 1；评估种子 123-125,Joint 与 passenger-only 控制权不同；跨矩阵训练实现/guard 未必完全锁定；V4 wrapper 有已知混杂
exp09,J0__CURRENT,J0,CURRENT,1,200000,105.71,77.34333333333333,7.026666666666667,20.41333333333333,1.0,True,3,3,0.43809929025314487,0.5619007097468551,0.38193072531551114,0.6180692746844888,serial_runs/uam_jointfirst60m_v4_seed1_20260924_010334/J0__CURRENT/analysis/checkpoint_curve.csv,MPTC,85.33,项目交接参考；当前归档未找到原始 S 阶段解析 CSV,UAGMC_SOURCE passenger-only + LQ,84.19,128.76,exp11 同包曲线；训练种子 1；评估种子 123-125,Joint 与 passenger-only 控制权不同；跨矩阵训练实现/guard 未必完全锁定；V4 wrapper 有已知混杂
exp09,J0__CURRENT,J0,CURRENT,1,250000,nan,nan,7.4347962396834575,20.973406042578976,0.9322222222222223,False,3,0,0.9229641476742637,0.07703585232573637,0.0939624150339864,0.9060375849660135,serial_runs/uam_jointfirst60m_v4_seed1_20260924_010334/J0__CURRENT/analysis/checkpoint_curve.csv,MPTC,85.33,项目交接参考；当前归档未找到原始 S 阶段解析 CSV,UAGMC_SOURCE passenger-only + LQ,84.19,128.76,exp11 同包曲线；训练种子 1；评估种子 123-125,Joint 与 passenger-only 控制权不同；跨矩阵训练实现/guard 未必完全锁定；V4 wrapper 有已知混杂
exp09,J0__CURRENT,J0,CURRENT,1,300000,289.38,259.63666666666666,7.224047516042973,20.80817362463047,0.7611111111111111,False,3,1,0.914121711402799,0.08587828859720104,0.30793361061253904,0.6920663893874609,serial_runs/uam_jointfirst60m_v4_seed1_20260924_010334/J0__CURRENT/analysis/checkpoint_curve.csv,MPTC,85.33,项目交接参考；当前归档未找到原始 S 阶段解析 CSV,UAGMC_SOURCE passenger-only + LQ,84.19,128.76,exp11 同包曲线；训练种子 1；评估种子 123-125,Joint 与 passenger-only 控制权不同；跨矩阵训练实现/guard 未必完全锁定；V4 wrapper 有已知混杂
exp09,J0__CURRENT,J0,CURRENT,1,350000,nan,nan,7.230486425339367,21.253242835595774,0.8222222222222223,False,3,0,0.7333066773290685,0.26669332267093165,0.7034519525523124,0.2965480474476876,serial_runs/uam_jointfirst60m_v4_seed1_20260924_010334/J0__CURRENT/analysis/checkpoint_curve.csv,MPTC,85.33,项目交接参考；当前归档未找到原始 S 阶段解析 CSV,UAGMC_SOURCE passenger-only + LQ,84.19,128.76,exp11 同包曲线；训练种子 1；评估种子 123-125,Joint 与 passenger-only 控制权不同；跨矩阵训练实现/guard 未必完全锁定；V4 wrapper 有已知混杂
exp09,J0__CURRENT,J0,CURRENT,1,400000,488.7633333333333,458.72333333333336,7.129549625399615,21.281711691924738,0.7655555555555557,False,3,1,0.6316310090816868,0.36836899091831316,0.8265839087508348,0.17341609124916527,serial_runs/uam_jointfirst60m_v4_seed1_20260924_010334/J0__CURRENT/analysis/checkpoint_curve.csv,MPTC,85.33,项目交接参考；当前归档未找到原始 S 阶段解析 CSV,UAGMC_SOURCE passenger-only + LQ,84.19,128.76,exp11 同包曲线；训练种子 1；评估种子 123-125,Joint 与 passenger-only 控制权不同；跨矩阵训练实现/guard 未必完全锁定；V4 wrapper 有已知混杂
exp09,J0__CURRENT,J0,CURRENT,1,450000,758.29,727.5866666666667,7.727955365933705,22.092341465193453,0.8855555555555555,False,3,1,0.4456812570997554,0.5543187429002446,0.8326063464854664,0.16739365351453364,serial_runs/uam_jointfirst60m_v4_seed1_20260924_010334/J0__CURRENT/analysis/checkpoint_curve.csv,MPTC,85.33,项目交接参考；当前归档未找到原始 S 阶段解析 CSV,UAGMC_SOURCE passenger-only + LQ,84.19,128.76,exp11 同包曲线；训练种子 1；评估种子 123-125,Joint 与 passenger-only 控制权不同；跨矩阵训练实现/guard 未必完全锁定；V4 wrapper 有已知混杂
exp09,J0__CURRENT,J0,CURRENT,1,500000,nan,nan,7.3583528338263635,21.614029109415217,0.6066666666666667,False,3,0,0.6903905104624816,0.3096094895375183,0.8030121284819406,0.19698787151805944,serial_runs/uam_jointfirst60m_v4_seed1_20260924_010334/J0__CURRENT/analysis/checkpoint_curve.csv,MPTC,85.33,项目交接参考；当前归档未找到原始 S 阶段解析 CSV,UAGMC_SOURCE passenger-only + LQ,84.19,128.76,exp11 同包曲线；训练种子 1；评估种子 123-125,Joint 与 passenger-only 控制权不同；跨矩阵训练实现/guard 未必完全锁定；V4 wrapper 有已知混杂
exp09,J0__CURRENT,J0,CURRENT,1,550000,nan,nan,7.617559677532058,21.972791353214202,0.5666666666666667,False,3,0,0.6873250699720113,0.3126749300279888,0.7410369185659068,0.258963081434093,serial_runs/uam_jointfirst60m_v4_seed1_20260924_010334/J0__CURRENT/analysis/checkpoint_curve.csv,MPTC,85.33,项目交接参考；当前归档未找到原始 S 阶段解析 CSV,UAGMC_SOURCE passenger-only + LQ,84.19,128.76,exp11 同包曲线；训练种子 1；评估种子 123-125,Joint 与 passenger-only 控制权不同；跨矩阵训练实现/guard 未必完全锁定；V4 wrapper 有已知混杂
exp09,J0__CURRENT,J0,CURRENT,1,600000,nan,nan,7.262349401130741,21.575328232072124,0.48,False,3,0,0.8844462215113955,0.11555377848860456,0.7879514860722378,0.21204851392776222,serial_runs/uam_jointfirst60m_v4_seed1_20260924_010334/J0__CURRENT/analysis/checkpoint_curve.csv,MPTC,85.33,项目交接参考；当前归档未找到原始 S 阶段解析 CSV,UAGMC_SOURCE passenger-only + LQ,84.19,128.76,exp11 同包曲线；训练种子 1；评估种子 123-125,Joint 与 passenger-only 控制权不同；跨矩阵训练实现/guard 未必完全锁定；V4 wrapper 有已知混杂
exp09,J0__R_EVENTQ,J0,R_EVENTQ,1,50000,nan,nan,8.103572997294414,22.572102568645473,0.3222222222222222,False,3,0,0.0353192056510729,0.9646807943489271,0.9994668799147007,0.0005331200852992136,serial_runs/uam_jointfirst60m_v4_seed1_20260924_010334/J0__R_EVENTQ/analysis/checkpoint_curve.csv,MPTC,85.33,项目交接参考；当前归档未找到原始 S 阶段解析 CSV,UAGMC_SOURCE passenger-only + LQ,84.19,128.76,exp11 同包曲线；训练种子 1；评估种子 123-125,Joint 与 passenger-only 控制权不同；跨矩阵训练实现/guard 未必完全锁定；V4 wrapper 有已知混杂
exp09,J0__R_EVENTQ,J0,R_EVENTQ,1,100000,nan,nan,8.270429159318049,22.517930629041743,0.27666666666666667,False,3,0,0.030387844862055178,0.9696121551379449,0.9985339197654272,0.0014660802345728375,serial_runs/uam_jointfirst60m_v4_seed1_20260924_010334/J0__R_EVENTQ/analysis/checkpoint_curve.csv,MPTC,85.33,项目交接参考；当前归档未找到原始 S 阶段解析 CSV,UAGMC_SOURCE passenger-only + LQ,84.19,128.76,exp11 同包曲线；训练种子 1；评估种子 123-125,Joint 与 passenger-only 控制权不同；跨矩阵训练实现/guard 未必完全锁定；V4 wrapper 有已知混杂
exp09,J0__R_EVENTQ,J0,R_EVENTQ,1,150000,nan,nan,7.6565114658335,21.547985403917608,0.36999999999999994,False,3,0,0.8919099027055845,0.10809009729441559,0.9692123150739703,0.030787684926029592,serial_runs/uam_jointfirst60m_v4_seed1_20260924_010334/J0__R_EVENTQ/analysis/checkpoint_curve.csv,MPTC,85.33,项目交接参考；当前归档未找到原始 S 阶段解析 CSV,UAGMC_SOURCE passenger-only + LQ,84.19,128.76,exp11 同包曲线；训练种子 1；评估种子 123-125,Joint 与 passenger-only 控制权不同；跨矩阵训练实现/guard 未必完全锁定；V4 wrapper 有已知混杂
exp09,J0__R_EVENTQ,J0,R_EVENTQ,1,200000,nan,nan,7.45585988085988,21.194509194509195,0.5166666666666667,False,3,0,0.3253365320538451,0.6746634679461548,0.9550846328135413,0.04491536718645875,serial_runs/uam_jointfirst60m_v4_seed1_20260924_010334/J0__R_EVENTQ/analysis/checkpoint_curve.csv,MPTC,85.33,项目交接参考；当前归档未找到原始 S 阶段解析 CSV,UAGMC_SOURCE passenger-only + LQ,84.19,128.76,exp11 同包曲线；训练种子 1；评估种子 123-125,Joint 与 passenger-only 控制权不同；跨矩阵训练实现/guard 未必完全锁定；V4 wrapper 有已知混杂
exp09,J0__R_EVENTQ,J0,R_EVENTQ,1,250000,170.98666666666668,142.63,7.177571059431525,20.27111111111111,0.9533333333333333,False,3,2,0.6361017437185527,0.3638982562814473,0.2267200077837721,0.7732799922162279,serial_runs/uam_jointfirst60m_v4_seed1_20260924_010334/J0__R_EVENTQ/analysis/checkpoint_curve.csv,MPTC,85.33,项目交接参考；当前归档未找到原始 S 阶段解析 CSV,UAGMC_SOURCE passenger-only + LQ,84.19,128.76,exp11 同包曲线；训练种子 1；评估种子 123-125,Joint 与 passenger-only 控制权不同；跨矩阵训练实现/guard 未必完全锁定；V4 wrapper 有已知混杂
exp09,J0__R_EVENTQ,J0,R_EVENTQ,1,300000,116.18833333333333,87.72,7.338831061544816,20.256009913258982,0.9655555555555555,False,3,2,0.5848598990479842,0.41514010095201587,0.4779849916191625,0.5220150083808375,serial_runs/uam_jointfirst60m_v4_seed1_20260924_010334/J0__R_EVENTQ/analysis/checkpoint_curve.csv,MPTC,85.33,项目交接参考；当前归档未找到原始 S 阶段解析 CSV,UAGMC_SOURCE passenger-only + LQ,84.19,128.76,exp11 同包曲线；训练种子 1；评估种子 123-125,Joint 与 passenger-only 控制权不同；跨矩阵训练实现/guard 未必完全锁定；V4 wrapper 有已知混杂
exp09,J0__R_EVENTQ,J0,R_EVENTQ,1,350000,100.86222222222221,72.13777777777777,7.441111111111112,20.30666666666667,1.0,True,3,3,0.3167439857573479,0.6832560142426521,0.3219220296207744,0.6780779703792256,serial_runs/uam_jointfirst60m_v4_seed1_20260924_010334/J0__R_EVENTQ/analysis/checkpoint_curve.csv,MPTC,85.33,项目交接参考；当前归档未找到原始 S 阶段解析 CSV,UAGMC_SOURCE passenger-only + LQ,84.19,128.76,exp11 同包曲线；训练种子 1；评估种子 123-125,Joint 与 passenger-only 控制权不同；跨矩阵训练实现/guard 未必完全锁定；V4 wrapper 有已知混杂
exp09,J0__R_EVENTQ,J0,R_EVENTQ,1,400000,122.76333333333332,93.46666666666667,7.681294964028776,20.650039968025578,0.9755555555555556,False,3,2,0.5453051345873952,0.45469486541260484,0.29285683091309156,0.7071431690869084,serial_runs/uam_jointfirst60m_v4_seed1_20260924_010334/J0__R_EVENTQ/analysis/checkpoint_curve.csv,MPTC,85.33,项目交接参考；当前归档未找到原始 S 阶段解析 CSV,UAGMC_SOURCE passenger-only + LQ,84.19,128.76,exp11 同包曲线；训练种子 1；评估种子 123-125,Joint 与 passenger-only 控制权不同；跨矩阵训练实现/guard 未必完全锁定；V4 wrapper 有已知混杂
exp09,J0__R_EVENTQ,J0,R_EVENTQ,1,450000,127.44,98.20333333333333,7.627777777777777,20.657777777777778,1.0,True,3,3,0.3629722492438847,0.6370277507561153,0.40129533399757494,0.598704666002425,serial_runs/uam_jointfirst60m_v4_seed1_20260924_010334/J0__R_EVENTQ/analysis/checkpoint_curve.csv,MPTC,85.33,项目交接参考；当前归档未找到原始 S 阶段解析 CSV,UAGMC_SOURCE passenger-only + LQ,84.19,128.76,exp11 同包曲线；训练种子 1；评估种子 123-125,Joint 与 passenger-only 控制权不同；跨矩阵训练实现/guard 未必完全锁定；V4 wrapper 有已知混杂
exp09,J0__R_EVENTQ,J0,R_EVENTQ,1,500000,133.53444444444443,104.75999999999999,7.456666666666666,20.400000000000002,1.0,True,3,3,0.36054237474254247,0.6394576252574575,0.3137727033995589,0.6862272966004411,serial_runs/uam_jointfirst60m_v4_seed1_20260924_010334/J0__R_EVENTQ/analysis/checkpoint_curve.csv,MPTC,85.33,项目交接参考；当前归档未找到原始 S 阶段解析 CSV,UAGMC_SOURCE passenger-only + LQ,84.19,128.76,exp11 同包曲线；训练种子 1；评估种子 123-125,Joint 与 passenger-only 控制权不同；跨矩阵训练实现/guard 未必完全锁定；V4 wrapper 有已知混杂
exp09,J0__R_EVENTQ,J0,R_EVENTQ,1,550000,146.63666666666666,117.45333333333333,7.602222222222223,20.635555555555555,1.0,True,3,3,0.4047310456535172,0.5952689543464827,0.368586028541435,0.631413971458565,serial_runs/uam_jointfirst60m_v4_seed1_20260924_010334/J0__R_EVENTQ/analysis/checkpoint_curve.csv,MPTC,85.33,项目交接参考；当前归档未找到原始 S 阶段解析 CSV,UAGMC_SOURCE passenger-only + LQ,84.19,128.76,exp11 同包曲线；训练种子 1；评估种子 123-125,Joint 与 passenger-only 控制权不同；跨矩阵训练实现/guard 未必完全锁定；V4 wrapper 有已知混杂
exp09,J0__R_EVENTQ,J0,R_EVENTQ,1,600000,112.92333333333333,83.64222222222223,7.688888888888889,20.62222222222222,1.0,True,3,3,0.3245683609305979,0.6754316390694021,0.37257006116774455,0.6274299388322554,serial_runs/uam_jointfirst60m_v4_seed1_20260924_010334/J0__R_EVENTQ/analysis/checkpoint_curve.csv,MPTC,85.33,项目交接参考；当前归档未找到原始 S 阶段解析 CSV,UAGMC_SOURCE passenger-only + LQ,84.19,128.76,exp11 同包曲线；训练种子 1；评估种子 123-125,Joint 与 passenger-only 控制权不同；跨矩阵训练实现/guard 未必完全锁定；V4 wrapper 有已知混杂
exp09,J0__R_TDM,J0,R_TDM,1,50000,nan,nan,8.73872678188535,23.0,0.3133333333333333,False,3,0,1.0,0.0,0.07663601226176196,0.923363987738238,serial_runs/uam_jointfirst60m_v4_seed1_20260924_010334/J0__R_TDM/analysis/checkpoint_curve.csv,MPTC,85.33,项目交接参考；当前归档未找到原始 S 阶段解析 CSV,UAGMC_SOURCE passenger-only + LQ,84.19,128.76,exp11 同包曲线；训练种子 1；评估种子 123-125,Joint 与 passenger-only 控制权不同；跨矩阵训练实现/guard 未必完全锁定；V4 wrapper 有已知混杂
exp09,J0__R_TDM,J0,R_TDM,1,100000,135.2111111111111,104.35000000000001,8.083333333333334,21.79111111111111,1.0,True,3,3,0.6473144430647507,0.3526855569352492,0.7626527526024844,0.23734724739751545,serial_runs/uam_jointfirst60m_v4_seed1_20260924_010334/J0__R_TDM/analysis/checkpoint_curve.csv,MPTC,85.33,项目交接参考；当前归档未找到原始 S 阶段解析 CSV,UAGMC_SOURCE passenger-only + LQ,84.19,128.76,exp11 同包曲线；训练种子 1；评估种子 123-125,Joint 与 passenger-only 控制权不同；跨矩阵训练实现/guard 未必完全锁定；V4 wrapper 有已知混杂
exp09,J0__R_TDM,J0,R_TDM,1,150000,nan,nan,8.242153228894809,21.666201386050535,0.9155555555555556,False,3,0,0.09756097560975609,0.9024390243902439,0.9434892709582834,0.05651072904171665,serial_runs/uam_jointfirst60m_v4_seed1_20260924_010334/J0__R_TDM/analysis/checkpoint_curve.csv,MPTC,85.33,项目交接参考；当前归档未找到原始 S 阶段解析 CSV,UAGMC_SOURCE passenger-only + LQ,84.19,128.76,exp11 同包曲线；训练种子 1；评估种子 123-125,Joint 与 passenger-only 控制权不同；跨矩阵训练实现/guard 未必完全锁定；V4 wrapper 有已知混杂
exp09,J0__R_TDM,J0,R_TDM,1,200000,133.19555555555556,102.75888888888888,7.996666666666667,21.453333333333333,1.0,True,3,3,0.4017853896973449,0.5982146103026551,0.5835445628613112,0.4164554371386888,serial_runs/uam_jointfirst60m_v4_seed1_20260924_010334/J0__R_TDM/analysis/checkpoint_curve.csv,MPTC,85.33,项目交接参考；当前归档未找到原始 S 阶段解析 CSV,UAGMC_SOURCE passenger-only + LQ,84.19,128.76,exp11 同包曲线；训练种子 1；评估种子 123-125,Joint 与 passenger-only 控制权不同；跨矩阵训练实现/guard 未必完全锁定；V4 wrapper 有已知混杂
exp09,J0__R_TDM,J0,R_TDM,1,250000,139.32,108.88666666666667,8.114288395457761,21.54445881298069,0.9611111111111111,False,3,1,0.4495311374586608,0.5504688625413392,0.8122828934056775,0.18771710659432253,serial_runs/uam_jointfirst60m_v4_seed1_20260924_010334/J0__R_TDM/analysis/checkpoint_curve.csv,MPTC,85.33,项目交接参考；当前归档未找到原始 S 阶段解析 CSV,UAGMC_SOURCE passenger-only + LQ,84.19,128.76,exp11 同包曲线；训练种子 1；评估种子 123-125,Joint 与 passenger-only 控制权不同；跨矩阵训练实现/guard 未必完全锁定；V4 wrapper 有已知混杂
exp09,J0__R_TDM,J0,R_TDM,1,300000,151.63166666666666,121.15333333333334,8.100532081377152,21.471737089201877,0.9822222222222222,False,3,2,0.2216607970539085,0.7783392029460915,0.7070890326540975,0.2929109673459025,serial_runs/uam_jointfirst60m_v4_seed1_20260924_010334/J0__R_TDM/analysis/checkpoint_curve.csv,MPTC,85.33,项目交接参考；当前归档未找到原始 S 阶段解析 CSV,UAGMC_SOURCE passenger-only + LQ,84.19,128.76,exp11 同包曲线；训练种子 1；评估种子 123-125,Joint 与 passenger-only 控制权不同；跨矩阵训练实现/guard 未必完全锁定；V4 wrapper 有已知混杂
exp09,J0__R_TDM,J0,R_TDM,1,350000,128.8788888888889,98.57555555555557,7.9444444444444455,21.408888888888892,1.0,True,3,3,0.4420440027318882,0.5579559972681118,0.6295368781653683,0.3704631218346317,serial_runs/uam_jointfirst60m_v4_seed1_20260924_010334/J0__R_TDM/analysis/checkpoint_curve.csv,MPTC,85.33,项目交接参考；当前归档未找到原始 S 阶段解析 CSV,UAGMC_SOURCE passenger-only + LQ,84.19,128.76,exp11 同包曲线；训练种子 1；评估种子 123-125,Joint 与 passenger-only 控制权不同；跨矩阵训练实现/guard 未必完全锁定；V4 wrapper 有已知混杂
exp09,J0__R_TDM,J0,R_TDM,1,400000,128.44444444444443,98.5911111111111,7.705555555555556,21.235555555555557,1.0,True,3,3,0.4370149887122949,0.5629850112877052,0.5758503448983973,0.4241496551016027,serial_runs/uam_jointfirst60m_v4_seed1_20260924_010334/J0__R_TDM/analysis/checkpoint_curve.csv,MPTC,85.33,项目交接参考；当前归档未找到原始 S 阶段解析 CSV,UAGMC_SOURCE passenger-only + LQ,84.19,128.76,exp11 同包曲线；训练种子 1；评估种子 123-125,Joint 与 passenger-only 控制权不同；跨矩阵训练实现/guard 未必完全锁定；V4 wrapper 有已知混杂
exp09,J0__R_TDM,J0,R_TDM,1,450000,144.25555555555556,114.06222222222222,7.895555555555556,21.355555555555554,1.0,True,3,3,0.4202558653325988,0.5797441346674012,0.5997929149043746,0.40020708509562547,serial_runs/uam_jointfirst60m_v4_seed1_20260924_010334/J0__R_TDM/analysis/checkpoint_curve.csv,MPTC,85.33,项目交接参考；当前归档未找到原始 S 阶段解析 CSV,UAGMC_SOURCE passenger-only + LQ,84.19,128.76,exp11 同包曲线；训练种子 1；评估种子 123-125,Joint 与 passenger-only 控制权不同；跨矩阵训练实现/guard 未必完全锁定；V4 wrapper 有已知混杂
exp09,J0__R_TDM,J0,R_TDM,1,500000,151.36333333333334,121.11777777777779,7.848888888888889,21.45777777777778,1.0,True,3,3,0.43110787247733756,0.5688921275226625,0.6263707212665338,0.3736292787334663,serial_runs/uam_jointfirst60m_v4_seed1_20260924_010334/J0__R_TDM/analysis/checkpoint_curve.csv,MPTC,85.33,项目交接参考；当前归档未找到原始 S 阶段解析 CSV,UAGMC_SOURCE passenger-only + LQ,84.19,128.76,exp11 同包曲线；训练种子 1；评估种子 123-125,Joint 与 passenger-only 控制权不同；跨矩阵训练实现/guard 未必完全锁定；V4 wrapper 有已知混杂
exp09,J0__R_TDM,J0,R_TDM,1,550000,147.85111111111112,117.51444444444444,7.915555555555556,21.48,1.0,True,3,3,0.44550089796690107,0.5544991020330989,0.6404911150808509,0.3595088849191492,serial_runs/uam_jointfirst60m_v4_seed1_20260924_010334/J0__R_TDM/analysis/checkpoint_curve.csv,MPTC,85.33,项目交接参考；当前归档未找到原始 S 阶段解析 CSV,UAGMC_SOURCE passenger-only + LQ,84.19,128.76,exp11 同包曲线；训练种子 1；评估种子 123-125,Joint 与 passenger-only 控制权不同；跨矩阵训练实现/guard 未必完全锁定；V4 wrapper 有已知混杂
exp09,J0__R_TDM,J0,R_TDM,1,600000,144.40555555555557,114.2,7.765555555555555,21.48,1.0,True,3,3,0.44766497260652,0.5523350273934801,0.6361673874264079,0.3638326125735922,serial_runs/uam_jointfirst60m_v4_seed1_20260924_010334/J0__R_TDM/analysis/checkpoint_curve.csv,MPTC,85.33,项目交接参考；当前归档未找到原始 S 阶段解析 CSV,UAGMC_SOURCE passenger-only + LQ,84.19,128.76,exp11 同包曲线；训练种子 1；评估种子 123-125,Joint 与 passenger-only 控制权不同；跨矩阵训练实现/guard 未必完全锁定；V4 wrapper 有已知混杂
exp09,J1__CURRENT,J1,CURRENT,1,50000,nan,nan,8.336039502372707,22.659869180454024,0.7577777777777778,False,3,0,0.16446754631480742,0.8355324536851926,0.9954684792749567,0.004531520725043316,serial_runs/uam_jointfirst60m_v4_seed1_20260924_010334/J1__CURRENT/analysis/checkpoint_curve.csv,MPTC,85.33,项目交接参考；当前归档未找到原始 S 阶段解析 CSV,UAGMC_SOURCE passenger-only + LQ,84.19,128.76,exp11 同包曲线；训练种子 1；评估种子 123-125,Joint 与 passenger-only 控制权不同；跨矩阵训练实现/guard 未必完全锁定；V4 wrapper 有已知混杂
exp09,J1__CURRENT,J1,CURRENT,1,100000,nan,nan,8.558729868021743,22.756232684695334,0.6211111111111112,False,3,0,0.9425563108090097,0.05744368919099027,0.9990670398507264,0.0009329601492736239,serial_runs/uam_jointfirst60m_v4_seed1_20260924_010334/J1__CURRENT/analysis/checkpoint_curve.csv,MPTC,85.33,项目交接参考；当前归档未找到原始 S 阶段解析 CSV,UAGMC_SOURCE passenger-only + LQ,84.19,128.76,exp11 同包曲线；训练种子 1；评估种子 123-125,Joint 与 passenger-only 控制权不同；跨矩阵训练实现/guard 未必完全锁定；V4 wrapper 有已知混杂
exp09,J1__CURRENT,J1,CURRENT,1,150000,nan,nan,8.300360248212904,22.641265709777,0.44555555555555554,False,3,0,0.055977608956417436,0.9440223910435827,0.9949353591896575,0.0050646408103425305,serial_runs/uam_jointfirst60m_v4_seed1_20260924_010334/J1__CURRENT/analysis/checkpoint_curve.csv,MPTC,85.33,项目交接参考；当前归档未找到原始 S 阶段解析 CSV,UAGMC_SOURCE passenger-only + LQ,84.19,128.76,exp11 同包曲线；训练种子 1；评估种子 123-125,Joint 与 passenger-only 控制权不同；跨矩阵训练实现/guard 未必完全锁定；V4 wrapper 有已知混杂
exp09,J1__CURRENT,J1,CURRENT,1,200000,nan,nan,8.281572647014814,22.75510000498778,0.5444444444444444,False,3,0,0.08276689324270292,0.9172331067572971,0.9990670398507264,0.0009329601492736239,serial_runs/uam_jointfirst60m_v4_seed1_20260924_010334/J1__CURRENT/analysis/checkpoint_curve.csv,MPTC,85.33,项目交接参考；当前归档未找到原始 S 阶段解析 CSV,UAGMC_SOURCE passenger-only + LQ,84.19,128.76,exp11 同包曲线；训练种子 1；评估种子 123-125,Joint 与 passenger-only 控制权不同；跨矩阵训练实现/guard 未必完全锁定；V4 wrapper 有已知混杂
exp09,J1__CURRENT,J1,CURRENT,1,250000,365.5733333333333,336.5466666666667,7.753838937797663,21.920677987844968,0.7033333333333335,False,3,1,0.34963896120940935,0.6503610387905906,0.7859953346905512,0.21400466530944873,serial_runs/uam_jointfirst60m_v4_seed1_20260924_010334/J1__CURRENT/analysis/checkpoint_curve.csv,MPTC,85.33,项目交接参考；当前归档未找到原始 S 阶段解析 CSV,UAGMC_SOURCE passenger-only + LQ,84.19,128.76,exp11 同包曲线；训练种子 1；评估种子 123-125,Joint 与 passenger-only 控制权不同；跨矩阵训练实现/guard 未必完全锁定；V4 wrapper 有已知混杂
exp09,J1__CURRENT,J1,CURRENT,1,300000,nan,nan,7.894738278948805,22.296596117648747,0.37222222222222223,False,3,0,0.041849926695988277,0.9581500733040117,0.9812075169932027,0.01879248300679728,serial_runs/uam_jointfirst60m_v4_seed1_20260924_010334/J1__CURRENT/analysis/checkpoint_curve.csv,MPTC,85.33,项目交接参考；当前归档未找到原始 S 阶段解析 CSV,UAGMC_SOURCE passenger-only + LQ,84.19,128.76,exp11 同包曲线；训练种子 1；评估种子 123-125,Joint 与 passenger-only 控制权不同；跨矩阵训练实现/guard 未必完全锁定；V4 wrapper 有已知混杂
exp09,J1__CURRENT,J1,CURRENT,1,350000,nan,nan,7.9539013766580835,22.136374982813464,0.5066666666666667,False,3,0,0.06970545115287217,0.9302945488471278,0.9717446354791418,0.028255364520858323,serial_runs/uam_jointfirst60m_v4_seed1_20260924_010334/J1__CURRENT/analysis/checkpoint_curve.csv,MPTC,85.33,项目交接参考；当前归档未找到原始 S 阶段解析 CSV,UAGMC_SOURCE passenger-only + LQ,84.19,128.76,exp11 同包曲线；训练种子 1；评估种子 123-125,Joint 与 passenger-only 控制权不同；跨矩阵训练实现/guard 未必完全锁定；V4 wrapper 有已知混杂
exp09,J1__CURRENT,J1,CURRENT,1,400000,nan,nan,7.94246796653253,22.226637616072683,0.5011111111111112,False,3,0,0.35385845661735305,0.646141543382647,0.9658803145408502,0.03411968545914967,serial_runs/uam_jointfirst60m_v4_seed1_20260924_010334/J1__CURRENT/analysis/checkpoint_curve.csv,MPTC,85.33,项目交接参考；当前归档未找到原始 S 阶段解析 CSV,UAGMC_SOURCE passenger-only + LQ,84.19,128.76,exp11 同包曲线；训练种子 1；评估种子 123-125,Joint 与 passenger-only 控制权不同；跨矩阵训练实现/guard 未必完全锁定；V4 wrapper 有已知混杂
exp09,J1__CURRENT,J1,CURRENT,1,450000,nan,nan,7.917599512655339,22.245437703892904,0.45222222222222225,False,3,0,0.9124350259896041,0.08756497401039585,0.964147674263628,0.03585232573637211,serial_runs/uam_jointfirst60m_v4_seed1_20260924_010334/J1__CURRENT/analysis/checkpoint_curve.csv,MPTC,85.33,项目交接参考；当前归档未找到原始 S 阶段解析 CSV,UAGMC_SOURCE passenger-only + LQ,84.19,128.76,exp11 同包曲线；训练种子 1；评估种子 123-125,Joint 与 passenger-only 控制权不同；跨矩阵训练实现/guard 未必完全锁定；V4 wrapper 有已知混杂
exp09,J1__CURRENT,J1,CURRENT,1,500000,nan,nan,7.714721954355514,22.215043394406944,0.43777777777777777,False,3,0,0.070505131280821,0.929494868719179,0.9617486338797813,0.03825136612021857,serial_runs/uam_jointfirst60m_v4_seed1_20260924_010334/J1__CURRENT/analysis/checkpoint_curve.csv,MPTC,85.33,项目交接参考；当前归档未找到原始 S 阶段解析 CSV,UAGMC_SOURCE passenger-only + LQ,84.19,128.76,exp11 同包曲线；训练种子 1；评估种子 123-125,Joint 与 passenger-only 控制权不同；跨矩阵训练实现/guard 未必完全锁定；V4 wrapper 有已知混杂
exp09,J1__CURRENT,J1,CURRENT,1,550000,nan,nan,7.822843157078825,22.22747615677552,0.5111111111111112,False,3,0,0.631214180994269,0.368785819005731,0.9537518326002932,0.04624816739970678,serial_runs/uam_jointfirst60m_v4_seed1_20260924_010334/J1__CURRENT/analysis/checkpoint_curve.csv,MPTC,85.33,项目交接参考；当前归档未找到原始 S 阶段解析 CSV,UAGMC_SOURCE passenger-only + LQ,84.19,128.76,exp11 同包曲线；训练种子 1；评估种子 123-125,Joint 与 passenger-only 控制权不同；跨矩阵训练实现/guard 未必完全锁定；V4 wrapper 有已知混杂
exp09,J1__CURRENT,J1,CURRENT,1,600000,nan,nan,7.747870195894358,22.30750992623633,0.4777777777777778,False,3,0,0.6384113021458083,0.3615886978541916,0.9574836731973878,0.04251632680261228,serial_runs/uam_jointfirst60m_v4_seed1_20260924_010334/J1__CURRENT/analysis/checkpoint_curve.csv,MPTC,85.33,项目交接参考；当前归档未找到原始 S 阶段解析 CSV,UAGMC_SOURCE passenger-only + LQ,84.19,128.76,exp11 同包曲线；训练种子 1；评估种子 123-125,Joint 与 passenger-only 控制权不同；跨矩阵训练实现/guard 未必完全锁定；V4 wrapper 有已知混杂
exp09,J1__R_EVENTQ,J1,R_EVENTQ,1,50000,199.4633333333333,167.555,8.426349206349206,22.53746031746032,0.9777777777777779,False,3,2,0.6457659122941353,0.35423408770586473,0.9299406880890545,0.07005931191094546,serial_runs/uam_jointfirst60m_v4_seed1_20260924_010334/J1__R_EVENTQ/analysis/checkpoint_curve.csv,MPTC,85.33,项目交接参考；当前归档未找到原始 S 阶段解析 CSV,UAGMC_SOURCE passenger-only + LQ,84.19,128.76,exp11 同包曲线；训练种子 1；评估种子 123-125,Joint 与 passenger-only 控制权不同；跨矩阵训练实现/guard 未必完全锁定；V4 wrapper 有已知混杂
exp09,J1__R_EVENTQ,J1,R_EVENTQ,1,100000,162.96,131.33666666666667,8.413689793079463,22.318588071639713,0.9788888888888888,False,3,1,0.921942556310809,0.078057443689191,0.38281820605091305,0.617181793949087,serial_runs/uam_jointfirst60m_v4_seed1_20260924_010334/J1__R_EVENTQ/analysis/checkpoint_curve.csv,MPTC,85.33,项目交接参考；当前归档未找到原始 S 阶段解析 CSV,UAGMC_SOURCE passenger-only + LQ,84.19,128.76,exp11 同包曲线；训练种子 1；评估种子 123-125,Joint 与 passenger-only 控制权不同；跨矩阵训练实现/guard 未必完全锁定；V4 wrapper 有已知混杂
exp09,J1__R_EVENTQ,J1,R_EVENTQ,1,150000,nan,nan,7.999098936307949,21.076392980786014,0.918888888888889,False,3,0,0.09756097560975611,0.9024390243902438,0.09329601492736239,0.9067039850726376,serial_runs/uam_jointfirst60m_v4_seed1_20260924_010334/J1__R_EVENTQ/analysis/checkpoint_curve.csv,MPTC,85.33,项目交接参考；当前归档未找到原始 S 阶段解析 CSV,UAGMC_SOURCE passenger-only + LQ,84.19,128.76,exp11 同包曲线；训练种子 1；评估种子 123-125,Joint 与 passenger-only 控制权不同；跨矩阵训练实现/guard 未必完全锁定；V4 wrapper 有已知混杂
exp09,J1__R_EVENTQ,J1,R_EVENTQ,1,200000,132.175,102.25,7.838702460850112,21.1648322147651,0.9977777777777778,False,3,2,0.29168556238157545,0.7083144376184247,0.37723211316859656,0.6227678868314034,serial_runs/uam_jointfirst60m_v4_seed1_20260924_010334/J1__R_EVENTQ/analysis/checkpoint_curve.csv,MPTC,85.33,项目交接参考；当前归档未找到原始 S 阶段解析 CSV,UAGMC_SOURCE passenger-only + LQ,84.19,128.76,exp11 同包曲线；训练种子 1；评估种子 123-125,Joint 与 passenger-only 控制权不同；跨矩阵训练实现/guard 未必完全锁定；V4 wrapper 有已知混杂
exp09,J1__R_EVENTQ,J1,R_EVENTQ,1,250000,149.83444444444444,119.24777777777778,7.97,21.680000000000003,1.0,True,3,3,0.5631870261740591,0.4368129738259408,0.6665589516654661,0.333441048334534,serial_runs/uam_jointfirst60m_v4_seed1_20260924_010334/J1__R_EVENTQ/analysis/checkpoint_curve.csv,MPTC,85.33,项目交接参考；当前归档未找到原始 S 阶段解析 CSV,UAGMC_SOURCE passenger-only + LQ,84.19,128.76,exp11 同包曲线；训练种子 1；评估种子 123-125,Joint 与 passenger-only 控制权不同；跨矩阵训练实现/guard 未必完全锁定；V4 wrapper 有已知混杂
exp09,J1__R_EVENTQ,J1,R_EVENTQ,1,300000,168.68333333333334,137.93444444444444,8.049999999999999,21.78222222222222,1.0,True,3,3,0.5365951291216468,0.4634048708783532,0.6889390135706793,0.3110609864293206,serial_runs/uam_jointfirst60m_v4_seed1_20260924_010334/J1__R_EVENTQ/analysis/checkpoint_curve.csv,MPTC,85.33,项目交接参考；当前归档未找到原始 S 阶段解析 CSV,UAGMC_SOURCE passenger-only + LQ,84.19,128.76,exp11 同包曲线；训练种子 1；评估种子 123-125,Joint 与 passenger-only 控制权不同；跨矩阵训练实现/guard 未必完全锁定；V4 wrapper 有已知混杂
exp09,J1__R_EVENTQ,J1,R_EVENTQ,1,350000,146.84333333333333,116.87555555555555,7.785555555555555,21.262222222222224,1.0,True,3,3,0.4553823007580308,0.5446176992419692,0.5972804907559944,0.4027195092440056,serial_runs/uam_jointfirst60m_v4_seed1_20260924_010334/J1__R_EVENTQ/analysis/checkpoint_curve.csv,MPTC,85.33,项目交接参考；当前归档未找到原始 S 阶段解析 CSV,UAGMC_SOURCE passenger-only + LQ,84.19,128.76,exp11 同包曲线；训练种子 1；评估种子 123-125,Joint 与 passenger-only 控制权不同；跨矩阵训练实现/guard 未必完全锁定；V4 wrapper 有已知混杂
exp09,J1__R_EVENTQ,J1,R_EVENTQ,1,400000,144.6588888888889,114.76555555555557,7.642222222222222,21.31555555555556,1.0,True,3,3,0.43451857845409364,0.5654814215459064,0.5688616709094662,0.4311383290905339,serial_runs/uam_jointfirst60m_v4_seed1_20260924_010334/J1__R_EVENTQ/analysis/checkpoint_curve.csv,MPTC,85.33,项目交接参考；当前归档未找到原始 S 阶段解析 CSV,UAGMC_SOURCE passenger-only + LQ,84.19,128.76,exp11 同包曲线；训练种子 1；评估种子 123-125,Joint 与 passenger-only 控制权不同；跨矩阵训练实现/guard 未必完全锁定；V4 wrapper 有已知混杂
exp09,J1__R_EVENTQ,J1,R_EVENTQ,1,450000,160.38777777777776,130.70222222222222,7.63,21.155555555555555,1.0,True,3,3,0.38374413878159414,0.6162558612184058,0.5551159654780028,0.44488403452199715,serial_runs/uam_jointfirst60m_v4_seed1_20260924_010334/J1__R_EVENTQ/analysis/checkpoint_curve.csv,MPTC,85.33,项目交接参考；当前归档未找到原始 S 阶段解析 CSV,UAGMC_SOURCE passenger-only + LQ,84.19,128.76,exp11 同包曲线；训练种子 1；评估种子 123-125,Joint 与 passenger-only 控制权不同；跨矩阵训练实现/guard 未必完全锁定；V4 wrapper 有已知混杂
exp09,J1__R_EVENTQ,J1,R_EVENTQ,1,500000,162.50666666666666,132.61777777777777,7.663333333333333,21.302222222222223,1.0,True,3,3,0.3392287835151071,0.6607712164848929,0.5460694203291686,0.45393057967083134,serial_runs/uam_jointfirst60m_v4_seed1_20260924_010334/J1__R_EVENTQ/analysis/checkpoint_curve.csv,MPTC,85.33,项目交接参考；当前归档未找到原始 S 阶段解析 CSV,UAGMC_SOURCE passenger-only + LQ,84.19,128.76,exp11 同包曲线；训练种子 1；评估种子 123-125,Joint 与 passenger-only 控制权不同；跨矩阵训练实现/guard 未必完全锁定；V4 wrapper 有已知混杂
exp09,J1__R_EVENTQ,J1,R_EVENTQ,1,550000,153.12222222222223,123.43888888888888,7.612222222222222,21.14222222222222,1.0,True,3,3,0.30912740387212817,0.6908725961278718,0.5031229080276051,0.4968770919723949,serial_runs/uam_jointfirst60m_v4_seed1_20260924_010334/J1__R_EVENTQ/analysis/checkpoint_curve.csv,MPTC,85.33,项目交接参考；当前归档未找到原始 S 阶段解析 CSV,UAGMC_SOURCE passenger-only + LQ,84.19,128.76,exp11 同包曲线；训练种子 1；评估种子 123-125,Joint 与 passenger-only 控制权不同；跨矩阵训练实现/guard 未必完全锁定；V4 wrapper 有已知混杂
exp09,J1__R_EVENTQ,J1,R_EVENTQ,1,600000,124.04777777777777,94.94,7.390000000000001,20.73777777777778,1.0,True,3,3,0.27655632385447504,0.723443676145525,0.4102002004499892,0.5897997995500108,serial_runs/uam_jointfirst60m_v4_seed1_20260924_010334/J1__R_EVENTQ/analysis/checkpoint_curve.csv,MPTC,85.33,项目交接参考；当前归档未找到原始 S 阶段解析 CSV,UAGMC_SOURCE passenger-only + LQ,84.19,128.76,exp11 同包曲线；训练种子 1；评估种子 123-125,Joint 与 passenger-only 控制权不同；跨矩阵训练实现/guard 未必完全锁定；V4 wrapper 有已知混杂
exp09,J1__R_TDM,J1,R_TDM,1,50000,nan,nan,8.444013087977845,21.932587212763426,0.7488888888888888,False,3,0,0.9330934292949488,0.06690657070505132,0.9644142343062775,0.035585765693722515,serial_runs/uam_jointfirst60m_v4_seed1_20260924_010334/J1__R_TDM/analysis/checkpoint_curve.csv,MPTC,85.33,项目交接参考；当前归档未找到原始 S 阶段解析 CSV,UAGMC_SOURCE passenger-only + LQ,84.19,128.76,exp11 同包曲线；训练种子 1；评估种子 123-125,Joint 与 passenger-only 控制权不同；跨矩阵训练实现/guard 未必完全锁定；V4 wrapper 有已知混杂
exp09,J1__R_TDM,J1,R_TDM,1,100000,nan,nan,8.839210077285957,22.579684833885377,0.5622222222222222,False,3,0,0.9198987071837932,0.08010129281620686,0.16140210582433692,0.838597894175663,serial_runs/uam_jointfirst60m_v4_seed1_20260924_010334/J1__R_TDM/analysis/checkpoint_curve.csv,MPTC,85.33,项目交接参考；当前归档未找到原始 S 阶段解析 CSV,UAGMC_SOURCE passenger-only + LQ,84.19,128.76,exp11 同包曲线；训练种子 1；评估种子 123-125,Joint 与 passenger-only 控制权不同；跨矩阵训练实现/guard 未必完全锁定；V4 wrapper 有已知混杂
exp09,J1__R_TDM,J1,R_TDM,1,150000,nan,nan,8.432152028762198,21.580790960451974,0.3755555555555556,False,3,0,0.9053711848593896,0.09462881514061043,0.974943355990937,0.025056644009063045,serial_runs/uam_jointfirst60m_v4_seed1_20260924_010334/J1__R_TDM/analysis/checkpoint_curve.csv,MPTC,85.33,项目交接参考；当前归档未找到原始 S 阶段解析 CSV,UAGMC_SOURCE passenger-only + LQ,84.19,128.76,exp11 同包曲线；训练种子 1；评估种子 123-125,Joint 与 passenger-only 控制权不同；跨矩阵训练实现/guard 未必完全锁定；V4 wrapper 有已知混杂
exp09,J1__R_TDM,J1,R_TDM,1,200000,nan,nan,8.235425539507032,21.592107381790317,0.34888888888888886,False,3,0,0.9012395041983207,0.09876049580167932,0.9677462348393976,0.03225376516060243,serial_runs/uam_jointfirst60m_v4_seed1_20260924_010334/J1__R_TDM/analysis/checkpoint_curve.csv,MPTC,85.33,项目交接参考；当前归档未找到原始 S 阶段解析 CSV,UAGMC_SOURCE passenger-only + LQ,84.19,128.76,exp11 同包曲线；训练种子 1；评估种子 123-125,Joint 与 passenger-only 控制权不同；跨矩阵训练实现/guard 未必完全锁定；V4 wrapper 有已知混杂
exp09,J1__R_TDM,J1,R_TDM,1,250000,nan,nan,7.593668371614231,20.847828604516504,0.4988888888888889,False,3,0,0.39024390243902446,0.6097560975609756,0.4168999067039851,0.5831000932960149,serial_runs/uam_jointfirst60m_v4_seed1_20260924_010334/J1__R_TDM/analysis/checkpoint_curve.csv,MPTC,85.33,项目交接参考；当前归档未找到原始 S 阶段解析 CSV,UAGMC_SOURCE passenger-only + LQ,84.19,128.76,exp11 同包曲线；训练种子 1；评估种子 123-125,Joint 与 passenger-only 控制权不同；跨矩阵训练实现/guard 未必完全锁定；V4 wrapper 有已知混杂
exp09,J1__R_TDM,J1,R_TDM,1,300000,nan,nan,8.028878406708595,21.43003144654088,0.3133333333333333,False,3,0,0.602025856324137,0.397974143675863,0.9536185525789684,0.04638144742103159,serial_runs/uam_jointfirst60m_v4_seed1_20260924_010334/J1__R_TDM/analysis/checkpoint_curve.csv,MPTC,85.33,项目交接参考；当前归档未找到原始 S 阶段解析 CSV,UAGMC_SOURCE passenger-only + LQ,84.19,128.76,exp11 同包曲线；训练种子 1；评估种子 123-125,Joint 与 passenger-only 控制权不同；跨矩阵训练实现/guard 未必完全锁定；V4 wrapper 有已知混杂
exp09,J1__R_TDM,J1,R_TDM,1,350000,nan,nan,7.637144304400941,21.27326162311413,0.3977777777777778,False,3,0,0.8943089430894308,0.10569105691056911,0.9453551912568305,0.0546448087431694,serial_runs/uam_jointfirst60m_v4_seed1_20260924_010334/J1__R_TDM/analysis/checkpoint_curve.csv,MPTC,85.33,项目交接参考；当前归档未找到原始 S 阶段解析 CSV,UAGMC_SOURCE passenger-only + LQ,84.19,128.76,exp11 同包曲线；训练种子 1；评估种子 123-125,Joint 与 passenger-only 控制权不同；跨矩阵训练实现/guard 未必完全锁定；V4 wrapper 有已知混杂
exp09,J1__R_TDM,J1,R_TDM,1,400000,nan,nan,7.517957371438146,21.0871320464183,0.5577777777777778,False,3,0,0.877249100359856,0.12275089964014395,0.9240303878448621,0.07596961215513794,serial_runs/uam_jointfirst60m_v4_seed1_20260924_010334/J1__R_TDM/analysis/checkpoint_curve.csv,MPTC,85.33,项目交接参考；当前归档未找到原始 S 阶段解析 CSV,UAGMC_SOURCE passenger-only + LQ,84.19,128.76,exp11 同包曲线；训练种子 1；评估种子 123-125,Joint 与 passenger-only 控制权不同；跨矩阵训练实现/guard 未必完全锁定；V4 wrapper 有已知混杂
exp09,J1__R_TDM,J1,R_TDM,1,450000,nan,nan,7.437989013548932,21.010583690107136,0.591111111111111,False,3,0,0.8751166200186592,0.12488337998134079,0.6424097027855525,0.35759029721444757,serial_runs/uam_jointfirst60m_v4_seed1_20260924_010334/J1__R_TDM/analysis/checkpoint_curve.csv,MPTC,85.33,项目交接参考；当前归档未找到原始 S 阶段解析 CSV,UAGMC_SOURCE passenger-only + LQ,84.19,128.76,exp11 同包曲线；训练种子 1；评估种子 123-125,Joint 与 passenger-only 控制权不同；跨矩阵训练实现/guard 未必完全锁定；V4 wrapper 有已知混杂
exp09,J1__R_TDM,J1,R_TDM,1,500000,nan,nan,7.3662408417995,20.993019755589586,0.55,False,3,0,0.89151006264161,0.10848993735838997,0.927495668399307,0.07250433160069304,serial_runs/uam_jointfirst60m_v4_seed1_20260924_010334/J1__R_TDM/analysis/checkpoint_curve.csv,MPTC,85.33,项目交接参考；当前归档未找到原始 S 阶段解析 CSV,UAGMC_SOURCE passenger-only + LQ,84.19,128.76,exp11 同包曲线；训练种子 1；评估种子 123-125,Joint 与 passenger-only 控制权不同；跨矩阵训练实现/guard 未必完全锁定；V4 wrapper 有已知混杂
exp09,J1__R_TDM,J1,R_TDM,1,550000,nan,nan,6.954773887527396,20.606917524026056,0.6911111111111111,False,3,0,0.6004264960682394,0.39957350393176067,0.9080367852858856,0.09196321471411435,serial_runs/uam_jointfirst60m_v4_seed1_20260924_010334/J1__R_TDM/analysis/checkpoint_curve.csv,MPTC,85.33,项目交接参考；当前归档未找到原始 S 阶段解析 CSV,UAGMC_SOURCE passenger-only + LQ,84.19,128.76,exp11 同包曲线；训练种子 1；评估种子 123-125,Joint 与 passenger-only 控制权不同；跨矩阵训练实现/guard 未必完全锁定；V4 wrapper 有已知混杂
exp09,J1__R_TDM,J1,R_TDM,1,600000,nan,nan,7.032000787653033,20.632655189096308,0.6922222222222222,False,3,0,0.8848460615753698,0.11515393842463013,0.912568306010929,0.08743169398907102,serial_runs/uam_jointfirst60m_v4_seed1_20260924_010334/J1__R_TDM/analysis/checkpoint_curve.csv,MPTC,85.33,项目交接参考；当前归档未找到原始 S 阶段解析 CSV,UAGMC_SOURCE passenger-only + LQ,84.19,128.76,exp11 同包曲线；训练种子 1；评估种子 123-125,Joint 与 passenger-only 控制权不同；跨矩阵训练实现/guard 未必完全锁定；V4 wrapper 有已知混杂
exp09,J2__CURRENT,J2,CURRENT,1,50000,169.67111111111112,140.55222222222224,7.241111111111111,20.977777777777778,1.0,True,3,3,0.4908984248694878,0.5091015751305122,0.48385099642886403,0.516149003571136,serial_runs/uam_jointfirst60m_v4_seed1_20260924_010334/J2__CURRENT/analysis/checkpoint_curve.csv,MPTC,85.33,项目交接参考；当前归档未找到原始 S 阶段解析 CSV,UAGMC_SOURCE passenger-only + LQ,84.19,128.76,exp11 同包曲线；训练种子 1；评估种子 123-125,Joint 与 passenger-only 控制权不同；跨矩阵训练实现/guard 未必完全锁定；V4 wrapper 有已知混杂
exp09,J2__CURRENT,J2,CURRENT,1,100000,nan,nan,7.676657430871585,21.669258291208376,0.8155555555555556,False,3,0,0.9269625483140077,0.07303745168599228,0.13074770091963214,0.8692522990803678,serial_runs/uam_jointfirst60m_v4_seed1_20260924_010334/J2__CURRENT/analysis/checkpoint_curve.csv,MPTC,85.33,项目交接参考；当前归档未找到原始 S 阶段解析 CSV,UAGMC_SOURCE passenger-only + LQ,84.19,128.76,exp11 同包曲线；训练种子 1；评估种子 123-125,Joint 与 passenger-only 控制权不同；跨矩阵训练实现/guard 未必完全锁定；V4 wrapper 有已知混杂
exp09,J2__CURRENT,J2,CURRENT,1,150000,187.52666666666667,158.72666666666666,7.093923736281343,20.82953777136906,0.9744444444444444,False,3,1,0.15719321466815572,0.8428067853318443,0.18596285623681563,0.8140371437631844,serial_runs/uam_jointfirst60m_v4_seed1_20260924_010334/J2__CURRENT/analysis/checkpoint_curve.csv,MPTC,85.33,项目交接参考；当前归档未找到原始 S 阶段解析 CSV,UAGMC_SOURCE passenger-only + LQ,84.19,128.76,exp11 同包曲线；训练种子 1；评估种子 123-125,Joint 与 passenger-only 控制权不同；跨矩阵训练实现/guard 未必完全锁定；V4 wrapper 有已知混杂
exp09,J2__CURRENT,J2,CURRENT,1,200000,nan,nan,6.831555523823123,20.577780679028717,0.5688888888888889,False,3,0,0.8744502199120352,0.12554978008796483,0.494202319072371,0.5057976809276289,serial_runs/uam_jointfirst60m_v4_seed1_20260924_010334/J2__CURRENT/analysis/checkpoint_curve.csv,MPTC,85.33,项目交接参考；当前归档未找到原始 S 阶段解析 CSV,UAGMC_SOURCE passenger-only + LQ,84.19,128.76,exp11 同包曲线；训练种子 1；评估种子 123-125,Joint 与 passenger-only 控制权不同；跨矩阵训练实现/guard 未必完全锁定；V4 wrapper 有已知混杂
exp09,J2__CURRENT,J2,CURRENT,1,250000,nan,nan,6.736524822695036,20.672750197005517,0.31555555555555553,False,3,0,0.890177262428362,0.10982273757163802,0.9448220711715315,0.055177928828468614,serial_runs/uam_jointfirst60m_v4_seed1_20260924_010334/J2__CURRENT/analysis/checkpoint_curve.csv,MPTC,85.33,项目交接参考；当前归档未找到原始 S 阶段解析 CSV,UAGMC_SOURCE passenger-only + LQ,84.19,128.76,exp11 同包曲线；训练种子 1；评估种子 123-125,Joint 与 passenger-only 控制权不同；跨矩阵训练实现/guard 未必完全锁定；V4 wrapper 有已知混杂
exp09,J2__CURRENT,J2,CURRENT,1,300000,nan,nan,6.471524800979792,20.893719806763286,0.23444444444444446,False,3,0,0.8897774223643875,0.11022257763561243,0.9481540717046514,0.05184592829534853,serial_runs/uam_jointfirst60m_v4_seed1_20260924_010334/J2__CURRENT/analysis/checkpoint_curve.csv,MPTC,85.33,项目交接参考；当前归档未找到原始 S 阶段解析 CSV,UAGMC_SOURCE passenger-only + LQ,84.19,128.76,exp11 同包曲线；训练种子 1；评估种子 123-125,Joint 与 passenger-only 控制权不同；跨矩阵训练实现/guard 未必完全锁定；V4 wrapper 有已知混杂
exp09,J2__CURRENT,J2,CURRENT,1,350000,nan,nan,6.492676174169511,20.26566770533122,0.3055555555555556,False,3,0,0.8403305344528856,0.1596694655471145,0.1448753831800613,0.8551246168199387,serial_runs/uam_jointfirst60m_v4_seed1_20260924_010334/J2__CURRENT/analysis/checkpoint_curve.csv,MPTC,85.33,项目交接参考；当前归档未找到原始 S 阶段解析 CSV,UAGMC_SOURCE passenger-only + LQ,84.19,128.76,exp11 同包曲线；训练种子 1；评估种子 123-125,Joint 与 passenger-only 控制权不同；跨矩阵训练实现/guard 未必完全锁定；V4 wrapper 有已知混杂
exp09,J2__CURRENT,J2,CURRENT,1,400000,nan,nan,6.653167033504523,20.486766120485854,0.3122222222222222,False,3,0,0.8863121418099427,0.11368785819005732,0.6549380247900839,0.34506197520991605,serial_runs/uam_jointfirst60m_v4_seed1_20260924_010334/J2__CURRENT/analysis/checkpoint_curve.csv,MPTC,85.33,项目交接参考；当前归档未找到原始 S 阶段解析 CSV,UAGMC_SOURCE passenger-only + LQ,84.19,128.76,exp11 同包曲线；训练种子 1；评估种子 123-125,Joint 与 passenger-only 控制权不同；跨矩阵训练实现/guard 未必完全锁定；V4 wrapper 有已知混杂
exp09,J2__CURRENT,J2,CURRENT,1,450000,nan,nan,6.761656122842972,20.642151534052093,0.2922222222222222,False,3,0,0.03478608556577369,0.9652139144342263,0.9413567906170864,0.05864320938291351,serial_runs/uam_jointfirst60m_v4_seed1_20260924_010334/J2__CURRENT/analysis/checkpoint_curve.csv,MPTC,85.33,项目交接参考；当前归档未找到原始 S 阶段解析 CSV,UAGMC_SOURCE passenger-only + LQ,84.19,128.76,exp11 同包曲线；训练种子 1；评估种子 123-125,Joint 与 passenger-only 控制权不同；跨矩阵训练实现/guard 未必完全锁定；V4 wrapper 有已知混杂
exp09,J2__CURRENT,J2,CURRENT,1,500000,nan,nan,6.32850859502545,20.462648612311536,0.2544444444444445,False,3,0,0.8880447820871651,0.11195521791283486,0.3627882180461149,0.6372117819538851,serial_runs/uam_jointfirst60m_v4_seed1_20260924_010334/J2__CURRENT/analysis/checkpoint_curve.csv,MPTC,85.33,项目交接参考；当前归档未找到原始 S 阶段解析 CSV,UAGMC_SOURCE passenger-only + LQ,84.19,128.76,exp11 同包曲线；训练种子 1；评估种子 123-125,Joint 与 passenger-only 控制权不同；跨矩阵训练实现/guard 未必完全锁定；V4 wrapper 有已知混杂
exp09,J2__CURRENT,J2,CURRENT,1,550000,nan,nan,6.490098124144137,20.34711570996069,0.2788888888888889,False,3,0,0.02665600426496068,0.9733439957350393,0.9357590297214448,0.06424097027855524,serial_runs/uam_jointfirst60m_v4_seed1_20260924_010334/J2__CURRENT/analysis/checkpoint_curve.csv,MPTC,85.33,项目交接参考；当前归档未找到原始 S 阶段解析 CSV,UAGMC_SOURCE passenger-only + LQ,84.19,128.76,exp11 同包曲线；训练种子 1；评估种子 123-125,Joint 与 passenger-only 控制权不同；跨矩阵训练实现/guard 未必完全锁定；V4 wrapper 有已知混杂
exp09,J2__CURRENT,J2,CURRENT,1,600000,nan,nan,6.437637241985068,20.231078904991946,0.25555555555555554,False,3,0,0.8877782220445155,0.11222177795548448,0.9346927895508464,0.06530721044915368,serial_runs/uam_jointfirst60m_v4_seed1_20260924_010334/J2__CURRENT/analysis/checkpoint_curve.csv,MPTC,85.33,项目交接参考；当前归档未找到原始 S 阶段解析 CSV,UAGMC_SOURCE passenger-only + LQ,84.19,128.76,exp11 同包曲线；训练种子 1；评估种子 123-125,Joint 与 passenger-only 控制权不同；跨矩阵训练实现/guard 未必完全锁定；V4 wrapper 有已知混杂
exp09,J2__R_EVENTQ,J2,R_EVENTQ,1,50000,154.21,123.47333333333333,8.00657256323923,21.724023137356472,0.9511111111111111,False,3,1,0.7927730868436939,0.20722691315630612,0.8071186750213409,0.19288132497865906,serial_runs/uam_jointfirst60m_v4_seed1_20260924_010334/J2__R_EVENTQ/analysis/checkpoint_curve.csv,MPTC,85.33,项目交接参考；当前归档未找到原始 S 阶段解析 CSV,UAGMC_SOURCE passenger-only + LQ,84.19,128.76,exp11 同包曲线；训练种子 1；评估种子 123-125,Joint 与 passenger-only 控制权不同；跨矩阵训练实现/guard 未必完全锁定；V4 wrapper 有已知混杂
exp09,J2__R_EVENTQ,J2,R_EVENTQ,1,100000,163.12222222222223,132.32333333333335,8.049999999999999,21.77333333333333,1.0,True,3,3,0.6615029236490014,0.3384970763509985,0.5830402295523077,0.4169597704476922,serial_runs/uam_jointfirst60m_v4_seed1_20260924_010334/J2__R_EVENTQ/analysis/checkpoint_curve.csv,MPTC,85.33,项目交接参考；当前归档未找到原始 S 阶段解析 CSV,UAGMC_SOURCE passenger-only + LQ,84.19,128.76,exp11 同包曲线；训练种子 1；评估种子 123-125,Joint 与 passenger-only 控制权不同；跨矩阵训练实现/guard 未必完全锁定；V4 wrapper 有已知混杂
exp09,J2__R_EVENTQ,J2,R_EVENTQ,1,150000,179.58666666666667,149.7222222222222,7.534444444444445,21.355555555555554,1.0,True,3,3,0.7154949652304055,0.2845050347695946,0.3924461753445952,0.6075538246554048,serial_runs/uam_jointfirst60m_v4_seed1_20260924_010334/J2__R_EVENTQ/analysis/checkpoint_curve.csv,MPTC,85.33,项目交接参考；当前归档未找到原始 S 阶段解析 CSV,UAGMC_SOURCE passenger-only + LQ,84.19,128.76,exp11 同包曲线；训练种子 1；评估种子 123-125,Joint 与 passenger-only 控制权不同；跨矩阵训练实现/guard 未必完全锁定；V4 wrapper 有已知混杂
exp09,J2__R_EVENTQ,J2,R_EVENTQ,1,200000,394.2022222222222,365.2577777777778,7.297777777777778,20.693333333333335,1.0,True,3,3,0.8028652951779393,0.19713470482206072,0.16510662984330157,0.8348933701566984,serial_runs/uam_jointfirst60m_v4_seed1_20260924_010334/J2__R_EVENTQ/analysis/checkpoint_curve.csv,MPTC,85.33,项目交接参考；当前归档未找到原始 S 阶段解析 CSV,UAGMC_SOURCE passenger-only + LQ,84.19,128.76,exp11 同包曲线；训练种子 1；评估种子 123-125,Joint 与 passenger-only 控制权不同；跨矩阵训练实现/guard 未必完全锁定；V4 wrapper 有已知混杂
exp09,J2__R_EVENTQ,J2,R_EVENTQ,1,250000,nan,nan,7.526309142203182,21.393605439963057,0.5033333333333333,False,3,0,0.9097694255631081,0.0902305744368919,0.9033719845395175,0.09662801546048248,serial_runs/uam_jointfirst60m_v4_seed1_20260924_010334/J2__R_EVENTQ/analysis/checkpoint_curve.csv,MPTC,85.33,项目交接参考；当前归档未找到原始 S 阶段解析 CSV,UAGMC_SOURCE passenger-only + LQ,84.19,128.76,exp11 同包曲线；训练种子 1；评估种子 123-125,Joint 与 passenger-only 控制权不同；跨矩阵训练实现/guard 未必完全锁定；V4 wrapper 有已知混杂
exp09,J2__R_EVENTQ,J2,R_EVENTQ,1,300000,nan,nan,7.902698710363971,21.673751106943794,0.5422222222222223,False,3,0,0.9081700653072105,0.09182993469278955,0.9041716646674662,0.09582833533253365,serial_runs/uam_jointfirst60m_v4_seed1_20260924_010334/J2__R_EVENTQ/analysis/checkpoint_curve.csv,MPTC,85.33,项目交接参考；当前归档未找到原始 S 阶段解析 CSV,UAGMC_SOURCE passenger-only + LQ,84.19,128.76,exp11 同包曲线；训练种子 1；评估种子 123-125,Joint 与 passenger-only 控制权不同；跨矩阵训练实现/guard 未必完全锁定；V4 wrapper 有已知混杂
exp09,J2__R_EVENTQ,J2,R_EVENTQ,1,350000,549.0633333333334,520.8266666666667,7.181056621653636,20.572120350627813,0.8644444444444445,False,3,1,0.8507975597639733,0.1492024402360268,0.4388047089966322,0.5611952910033677,serial_runs/uam_jointfirst60m_v4_seed1_20260924_010334/J2__R_EVENTQ/analysis/checkpoint_curve.csv,MPTC,85.33,项目交接参考；当前归档未找到原始 S 阶段解析 CSV,UAGMC_SOURCE passenger-only + LQ,84.19,128.76,exp11 同包曲线；训练种子 1；评估种子 123-125,Joint 与 passenger-only 控制权不同；跨矩阵训练实现/guard 未必完全锁定；V4 wrapper 有已知混杂
exp09,J2__R_EVENTQ,J2,R_EVENTQ,1,400000,nan,nan,7.931369418776451,21.59350161520547,0.4944444444444444,False,3,0,0.7586298813807811,0.24137011861921898,0.2770891643342663,0.7229108356657337,serial_runs/uam_jointfirst60m_v4_seed1_20260924_010334/J2__R_EVENTQ/analysis/checkpoint_curve.csv,MPTC,85.33,项目交接参考；当前归档未找到原始 S 阶段解析 CSV,UAGMC_SOURCE passenger-only + LQ,84.19,128.76,exp11 同包曲线；训练种子 1；评估种子 123-125,Joint 与 passenger-only 控制权不同；跨矩阵训练实现/guard 未必完全锁定；V4 wrapper 有已知混杂
exp09,J2__R_EVENTQ,J2,R_EVENTQ,1,450000,nan,nan,7.754705190642691,21.458909840159837,0.4566666666666667,False,3,0,0.3811808609889378,0.6188191390110622,0.6246834599493536,0.3753165400506464,serial_runs/uam_jointfirst60m_v4_seed1_20260924_010334/J2__R_EVENTQ/analysis/checkpoint_curve.csv,MPTC,85.33,项目交接参考；当前归档未找到原始 S 阶段解析 CSV,UAGMC_SOURCE passenger-only + LQ,84.19,128.76,exp11 同包曲线；训练种子 1；评估种子 123-125,Joint 与 passenger-only 控制权不同；跨矩阵训练实现/guard 未必完全锁定；V4 wrapper 有已知混杂
exp09,J2__R_EVENTQ,J2,R_EVENTQ,1,500000,nan,nan,7.913377316413194,21.61543895075017,0.39999999999999997,False,3,0,0.8899107023857123,0.11008929761428761,0.9194988671198189,0.08050113288018126,serial_runs/uam_jointfirst60m_v4_seed1_20260924_010334/J2__R_EVENTQ/analysis/checkpoint_curve.csv,MPTC,85.33,项目交接参考；当前归档未找到原始 S 阶段解析 CSV,UAGMC_SOURCE passenger-only + LQ,84.19,128.76,exp11 同包曲线；训练种子 1；评估种子 123-125,Joint 与 passenger-only 控制权不同；跨矩阵训练实现/guard 未必完全锁定；V4 wrapper 有已知混杂
exp09,J2__R_EVENTQ,J2,R_EVENTQ,1,550000,nan,nan,7.370958167469795,20.844036284346362,0.5055555555555556,False,3,0,0.8799147007863523,0.12008529921364787,0.6356124216979875,0.3643875783020125,serial_runs/uam_jointfirst60m_v4_seed1_20260924_010334/J2__R_EVENTQ/analysis/checkpoint_curve.csv,MPTC,85.33,项目交接参考；当前归档未找到原始 S 阶段解析 CSV,UAGMC_SOURCE passenger-only + LQ,84.19,128.76,exp11 同包曲线；训练种子 1；评估种子 123-125,Joint 与 passenger-only 控制权不同；跨矩阵训练实现/guard 未必完全锁定；V4 wrapper 有已知混杂
exp09,J2__R_EVENTQ,J2,R_EVENTQ,1,600000,nan,nan,7.2103513877426915,20.73987635552853,0.4811111111111111,False,3,0,0.25536452085832334,0.7446354791416766,0.7519658803145409,0.24803411968545916,serial_runs/uam_jointfirst60m_v4_seed1_20260924_010334/J2__R_EVENTQ/analysis/checkpoint_curve.csv,MPTC,85.33,项目交接参考；当前归档未找到原始 S 阶段解析 CSV,UAGMC_SOURCE passenger-only + LQ,84.19,128.76,exp11 同包曲线；训练种子 1；评估种子 123-125,Joint 与 passenger-only 控制权不同；跨矩阵训练实现/guard 未必完全锁定；V4 wrapper 有已知混杂
exp09,J2__R_TDM,J2,R_TDM,1,50000,160.67777777777778,130.00555555555556,7.956666666666666,21.74222222222222,1.0,True,3,3,0.5963390496395852,0.4036609503604149,0.7163957201100072,0.28360427988999287,serial_runs/uam_jointfirst60m_v4_seed1_20260924_010334/J2__R_TDM/analysis/checkpoint_curve.csv,MPTC,85.33,项目交接参考；当前归档未找到原始 S 阶段解析 CSV,UAGMC_SOURCE passenger-only + LQ,84.19,128.76,exp11 同包曲线；训练种子 1；评估种子 123-125,Joint 与 passenger-only 控制权不同；跨矩阵训练实现/guard 未必完全锁定；V4 wrapper 有已知混杂
exp09,J2__R_TDM,J2,R_TDM,1,100000,nan,nan,7.764847404340158,21.92164136185875,0.7188888888888889,False,3,0,0.9166999866719978,0.08330001332800213,0.9578835132613621,0.042116486738637875,serial_runs/uam_jointfirst60m_v4_seed1_20260924_010334/J2__R_TDM/analysis/checkpoint_curve.csv,MPTC,85.33,项目交接参考；当前归档未找到原始 S 阶段解析 CSV,UAGMC_SOURCE passenger-only + LQ,84.19,128.76,exp11 同包曲线；训练种子 1；评估种子 123-125,Joint 与 passenger-only 控制权不同；跨矩阵训练实现/guard 未必完全锁定；V4 wrapper 有已知混杂
exp09,J2__R_TDM,J2,R_TDM,1,150000,nan,nan,7.501993719735656,21.251521316037444,0.7322222222222221,False,3,0,0.6181527389044382,0.38184726109556183,0.4254298280687725,0.5745701719312275,serial_runs/uam_jointfirst60m_v4_seed1_20260924_010334/J2__R_TDM/analysis/checkpoint_curve.csv,MPTC,85.33,项目交接参考；当前归档未找到原始 S 阶段解析 CSV,UAGMC_SOURCE passenger-only + LQ,84.19,128.76,exp11 同包曲线；训练种子 1；评估种子 123-125,Joint 与 passenger-only 控制权不同；跨矩阵训练实现/guard 未必完全锁定；V4 wrapper 有已知混杂
exp09,J2__R_TDM,J2,R_TDM,1,200000,nan,nan,7.6834625322997425,21.11812476928756,0.5166666666666667,False,3,0,0.39984006397441024,0.6001599360255897,0.32653605224576837,0.6734639477542316,serial_runs/uam_jointfirst60m_v4_seed1_20260924_010334/J2__R_TDM/analysis/checkpoint_curve.csv,MPTC,85.33,项目交接参考；当前归档未找到原始 S 阶段解析 CSV,UAGMC_SOURCE passenger-only + LQ,84.19,128.76,exp11 同包曲线；训练种子 1；评估种子 123-125,Joint 与 passenger-only 控制权不同；跨矩阵训练实现/guard 未必完全锁定；V4 wrapper 有已知混杂
exp09,J2__R_TDM,J2,R_TDM,1,250000,nan,nan,7.711176977036316,21.41946996749046,0.34111111111111114,False,3,0,0.8960415833666534,0.10395841663334666,0.9354924696787951,0.06450753032120486,serial_runs/uam_jointfirst60m_v4_seed1_20260924_010334/J2__R_TDM/analysis/checkpoint_curve.csv,MPTC,85.33,项目交接参考；当前归档未找到原始 S 阶段解析 CSV,UAGMC_SOURCE passenger-only + LQ,84.19,128.76,exp11 同包曲线；训练种子 1；评估种子 123-125,Joint 与 passenger-only 控制权不同；跨矩阵训练实现/guard 未必完全锁定；V4 wrapper 有已知混杂
exp09,J2__R_TDM,J2,R_TDM,1,300000,nan,nan,7.234517998779744,20.77872686597519,0.3611111111111111,False,3,0,0.8555244568839132,0.1444755431160869,0.8879115020658404,0.11208849793415969,serial_runs/uam_jointfirst60m_v4_seed1_20260924_010334/J2__R_TDM/analysis/checkpoint_curve.csv,MPTC,85.33,项目交接参考；当前归档未找到原始 S 阶段解析 CSV,UAGMC_SOURCE passenger-only + LQ,84.19,128.76,exp11 同包曲线；训练种子 1；评估种子 123-125,Joint 与 passenger-only 控制权不同；跨矩阵训练实现/guard 未必完全锁定；V4 wrapper 有已知混杂
exp09,J2__R_TDM,J2,R_TDM,1,350000,nan,nan,7.580215753600164,21.232927336191825,0.2588888888888889,False,3,0,0.8869785419165668,0.1130214580834333,0.1208849793415967,0.8791150206584032,serial_runs/uam_jointfirst60m_v4_seed1_20260924_010334/J2__R_TDM/analysis/checkpoint_curve.csv,MPTC,85.33,项目交接参考；当前归档未找到原始 S 阶段解析 CSV,UAGMC_SOURCE passenger-only + LQ,84.19,128.76,exp11 同包曲线；训练种子 1；评估种子 123-125,Joint 与 passenger-only 控制权不同；跨矩阵训练实现/guard 未必完全锁定；V4 wrapper 有已知混杂
exp09,J2__R_TDM,J2,R_TDM,1,400000,nan,nan,7.48968008255934,21.16202270381837,0.24444444444444446,False,3,0,0.8849793415966946,0.11502065840330535,0.942423030787685,0.05757696921231508,serial_runs/uam_jointfirst60m_v4_seed1_20260924_010334/J2__R_TDM/analysis/checkpoint_curve.csv,MPTC,85.33,项目交接参考；当前归档未找到原始 S 阶段解析 CSV,UAGMC_SOURCE passenger-only + LQ,84.19,128.76,exp11 同包曲线；训练种子 1；评估种子 123-125,Joint 与 passenger-only 控制权不同；跨矩阵训练实现/guard 未必完全锁定；V4 wrapper 有已知混杂
exp09,J2__R_TDM,J2,R_TDM,1,450000,nan,nan,7.217880559985822,20.955798587377533,0.25,False,3,0,0.8781820605091296,0.12181793949087032,0.9350926296148208,0.06490737038517926,serial_runs/uam_jointfirst60m_v4_seed1_20260924_010334/J2__R_TDM/analysis/checkpoint_curve.csv,MPTC,85.33,项目交接参考；当前归档未找到原始 S 阶段解析 CSV,UAGMC_SOURCE passenger-only + LQ,84.19,128.76,exp11 同包曲线；训练种子 1；评估种子 123-125,Joint 与 passenger-only 控制权不同；跨矩阵训练实现/guard 未必完全锁定；V4 wrapper 有已知混杂
exp09,J2__R_TDM,J2,R_TDM,1,500000,nan,nan,6.691312213853197,20.351261097162737,0.27111111111111114,False,3,0,0.8585898973743836,0.14141010262561643,0.37918166066906567,0.6208183393309343,serial_runs/uam_jointfirst60m_v4_seed1_20260924_010334/J2__R_TDM/analysis/checkpoint_curve.csv,MPTC,85.33,项目交接参考；当前归档未找到原始 S 阶段解析 CSV,UAGMC_SOURCE passenger-only + LQ,84.19,128.76,exp11 同包曲线；训练种子 1；评估种子 123-125,Joint 与 passenger-only 控制权不同；跨矩阵训练实现/guard 未必完全锁定；V4 wrapper 有已知混杂
exp09,J2__R_TDM,J2,R_TDM,1,550000,nan,nan,6.639695210449928,20.847605224963715,0.17555555555555555,False,3,0,0.881380781020925,0.11861921897907503,0.9304278288684525,0.06957217113154739,serial_runs/uam_jointfirst60m_v4_seed1_20260924_010334/J2__R_TDM/analysis/checkpoint_curve.csv,MPTC,85.33,项目交接参考；当前归档未找到原始 S 阶段解析 CSV,UAGMC_SOURCE passenger-only + LQ,84.19,128.76,exp11 同包曲线；训练种子 1；评估种子 123-125,Joint 与 passenger-only 控制权不同；跨矩阵训练实现/guard 未必完全锁定；V4 wrapper 有已知混杂
exp09,J2__R_TDM,J2,R_TDM,1,600000,nan,nan,6.588077830494413,20.923180627932904,0.15666666666666665,False,3,0,0.8787151805944289,0.1212848194055711,0.9320271891243502,0.06797281087564974,serial_runs/uam_jointfirst60m_v4_seed1_20260924_010334/J2__R_TDM/analysis/checkpoint_curve.csv,MPTC,85.33,项目交接参考；当前归档未找到原始 S 阶段解析 CSV,UAGMC_SOURCE passenger-only + LQ,84.19,128.76,exp11 同包曲线；训练种子 1；评估种子 123-125,Joint 与 passenger-only 控制权不同；跨矩阵训练实现/guard 未必完全锁定；V4 wrapper 有已知混杂
exp09,J4__CURRENT,J4,CURRENT,1,50000,nan,nan,6.9345383037650805,20.027188345299397,0.2966666666666667,False,3,0,0.8751166200186592,0.1248833799813408,0.9452219112355058,0.0547780887644942,serial_runs/uam_jointfirst60m_v4_seed1_20260924_010334/J4__CURRENT/analysis/checkpoint_curve.csv,MPTC,85.33,项目交接参考；当前归档未找到原始 S 阶段解析 CSV,UAGMC_SOURCE passenger-only + LQ,84.19,128.76,exp11 同包曲线；训练种子 1；评估种子 123-125,Joint 与 passenger-only 控制权不同；跨矩阵训练实现/guard 未必完全锁定；V4 wrapper 有已知混杂
exp09,J4__CURRENT,J4,CURRENT,1,100000,nan,nan,6.182156133828996,19.0,0.8966666666666666,False,3,0,0.0038651206184192994,0.9961348793815809,0.4514194322271092,0.5485805677728908,serial_runs/uam_jointfirst60m_v4_seed1_20260924_010334/J4__CURRENT/analysis/checkpoint_curve.csv,MPTC,85.33,项目交接参考；当前归档未找到原始 S 阶段解析 CSV,UAGMC_SOURCE passenger-only + LQ,84.19,128.76,exp11 同包曲线；训练种子 1；评估种子 123-125,Joint 与 passenger-only 控制权不同；跨矩阵训练实现/guard 未必完全锁定；V4 wrapper 有已知混杂
exp09,J4__CURRENT,J4,CURRENT,1,150000,nan,nan,6.830555555555556,20.477777777777778,0.10444444444444445,False,3,0,0.004531520725043317,0.9954684792749567,0.9670798347327736,0.032920165267226444,serial_runs/uam_jointfirst60m_v4_seed1_20260924_010334/J4__CURRENT/analysis/checkpoint_curve.csv,MPTC,85.33,项目交接参考；当前归档未找到原始 S 阶段解析 CSV,UAGMC_SOURCE passenger-only + LQ,84.19,128.76,exp11 同包曲线；训练种子 1；评估种子 123-125,Joint 与 passenger-only 控制权不同；跨矩阵训练实现/guard 未必完全锁定；V4 wrapper 有已知混杂
exp09,J4__CURRENT,J4,CURRENT,1,200000,nan,nan,7.2310047461649285,20.439062632426477,0.24111111111111114,False,3,0,0.01092896174863388,0.9890710382513661,0.9288284686125549,0.07117153138744502,serial_runs/uam_jointfirst60m_v4_seed1_20260924_010334/J4__CURRENT/analysis/checkpoint_curve.csv,MPTC,85.33,项目交接参考；当前归档未找到原始 S 阶段解析 CSV,UAGMC_SOURCE passenger-only + LQ,84.19,128.76,exp11 同包曲线；训练种子 1；评估种子 123-125,Joint 与 passenger-only 控制权不同；跨矩阵训练实现/guard 未必完全锁定；V4 wrapper 有已知混杂
exp09,J4__CURRENT,J4,CURRENT,1,250000,nan,nan,7.1268115942028984,21.195652173913043,0.0788888888888889,False,3,0,0.005197920831667333,0.9948020791683326,0.11395441823270691,0.8860455817672931,serial_runs/uam_jointfirst60m_v4_seed1_20260924_010334/J4__CURRENT/analysis/checkpoint_curve.csv,MPTC,85.33,项目交接参考；当前归档未找到原始 S 阶段解析 CSV,UAGMC_SOURCE passenger-only + LQ,84.19,128.76,exp11 同包曲线；训练种子 1；评估种子 123-125,Joint 与 passenger-only 控制权不同；跨矩阵训练实现/guard 未必完全锁定；V4 wrapper 有已知混杂
exp09,J4__CURRENT,J4,CURRENT,1,300000,nan,nan,7.348901574122125,21.356685694516518,0.15,False,3,0,0.8887111821937892,0.11128881780621085,0.11235505797680928,0.8876449420231908,serial_runs/uam_jointfirst60m_v4_seed1_20260924_010334/J4__CURRENT/analysis/checkpoint_curve.csv,MPTC,85.33,项目交接参考；当前归档未找到原始 S 阶段解析 CSV,UAGMC_SOURCE passenger-only + LQ,84.19,128.76,exp11 同包曲线；训练种子 1；评估种子 123-125,Joint 与 passenger-only 控制权不同；跨矩阵训练实现/guard 未必完全锁定；V4 wrapper 有已知混杂
exp09,J4__CURRENT,J4,CURRENT,1,350000,nan,nan,7.4316666666666675,21.491111111111113,0.16222222222222224,False,3,0,0.01212848194055711,0.987871518059443,0.10569105691056911,0.8943089430894308,serial_runs/uam_jointfirst60m_v4_seed1_20260924_010334/J4__CURRENT/analysis/checkpoint_curve.csv,MPTC,85.33,项目交接参考；当前归档未找到原始 S 阶段解析 CSV,UAGMC_SOURCE passenger-only + LQ,84.19,128.76,exp11 同包曲线；训练种子 1；评估种子 123-125,Joint 与 passenger-only 控制权不同；跨矩阵训练实现/guard 未必完全锁定；V4 wrapper 有已知混杂
exp09,J4__CURRENT,J4,CURRENT,1,400000,nan,nan,7.781822400311029,21.644794351324066,0.2877777777777778,False,3,0,0.026389444222311074,0.973610555777689,0.9689457550313207,0.03105424496867919,serial_runs/uam_jointfirst60m_v4_seed1_20260924_010334/J4__CURRENT/analysis/checkpoint_curve.csv,MPTC,85.33,项目交接参考；当前归档未找到原始 S 阶段解析 CSV,UAGMC_SOURCE passenger-only + LQ,84.19,128.76,exp11 同包曲线；训练种子 1；评估种子 123-125,Joint 与 passenger-only 控制权不同；跨矩阵训练实现/guard 未必完全锁定；V4 wrapper 有已知混杂
exp09,J4__CURRENT,J4,CURRENT,1,450000,nan,nan,7.76890058298509,21.66845112909736,0.27444444444444444,False,3,0,0.8869785419165667,0.1130214580834333,0.6698653871784619,0.33013461282153805,serial_runs/uam_jointfirst60m_v4_seed1_20260924_010334/J4__CURRENT/analysis/checkpoint_curve.csv,MPTC,85.33,项目交接参考；当前归档未找到原始 S 阶段解析 CSV,UAGMC_SOURCE passenger-only + LQ,84.19,128.76,exp11 同包曲线；训练种子 1；评估种子 123-125,Joint 与 passenger-only 控制权不同；跨矩阵训练实现/guard 未必完全锁定；V4 wrapper 有已知混杂
exp09,J4__CURRENT,J4,CURRENT,1,500000,nan,nan,7.735721893162363,21.615674517933172,0.4644444444444444,False,3,0,0.3346661335465814,0.6653338664534186,0.9516193522590962,0.04838064774090364,serial_runs/uam_jointfirst60m_v4_seed1_20260924_010334/J4__CURRENT/analysis/checkpoint_curve.csv,MPTC,85.33,项目交接参考；当前归档未找到原始 S 阶段解析 CSV,UAGMC_SOURCE passenger-only + LQ,84.19,128.76,exp11 同包曲线；训练种子 1；评估种子 123-125,Joint 与 passenger-only 控制权不同；跨矩阵训练实现/guard 未必完全锁定；V4 wrapper 有已知混杂
exp09,J4__CURRENT,J4,CURRENT,1,550000,nan,nan,7.617511520737327,21.40231146221929,0.3055555555555556,False,3,0,0.8940423830467813,0.1059576169532187,0.956017592962815,0.043982407037185124,serial_runs/uam_jointfirst60m_v4_seed1_20260924_010334/J4__CURRENT/analysis/checkpoint_curve.csv,MPTC,85.33,项目交接参考；当前归档未找到原始 S 阶段解析 CSV,UAGMC_SOURCE passenger-only + LQ,84.19,128.76,exp11 同包曲线；训练种子 1；评估种子 123-125,Joint 与 passenger-only 控制权不同；跨矩阵训练实现/guard 未必完全锁定；V4 wrapper 有已知混杂
exp09,J4__CURRENT,J4,CURRENT,1,600000,nan,nan,7.622399745004682,21.432108160514243,0.2688888888888889,False,3,0,0.8984406237504997,0.10155937624950022,0.3706517393042783,0.6293482606957217,serial_runs/uam_jointfirst60m_v4_seed1_20260924_010334/J4__CURRENT/analysis/checkpoint_curve.csv,MPTC,85.33,项目交接参考；当前归档未找到原始 S 阶段解析 CSV,UAGMC_SOURCE passenger-only + LQ,84.19,128.76,exp11 同包曲线；训练种子 1；评估种子 123-125,Joint 与 passenger-only 控制权不同；跨矩阵训练实现/guard 未必完全锁定；V4 wrapper 有已知混杂
exp09,S1__A_COMA_AC,S1,A_COMA_AC,1,50000,76.54444444444444,47.39000000000001,7.497777777777777,20.706666666666667,1.0,True,3,3,0.0,0.0,0.0,0.0,serial_runs/uam_jointfirst60m_v4_seed1_20260924_010334/S1__A_COMA_AC/analysis/checkpoint_curve.csv,QTTI2,58.24,项目交接参考；当前归档未找到原始 S 阶段解析 CSV,UAGMC_SOURCE passenger-only + LQ,63.61,65.21,exp11 同包曲线；训练种子 1；评估种子 123-125,需核对同物理/guard/轨迹；解析值为交接参考，非本次独立复算
exp09,S1__A_COMA_AC,S1,A_COMA_AC,1,100000,74.39666666666666,45.41,7.48,20.56,1.0,True,3,3,0.0,0.0,0.0,0.0,serial_runs/uam_jointfirst60m_v4_seed1_20260924_010334/S1__A_COMA_AC/analysis/checkpoint_curve.csv,QTTI2,58.24,项目交接参考；当前归档未找到原始 S 阶段解析 CSV,UAGMC_SOURCE passenger-only + LQ,63.61,65.21,exp11 同包曲线；训练种子 1；评估种子 123-125,需核对同物理/guard/轨迹；解析值为交接参考，非本次独立复算
exp09,S1__A_COMA_AC,S1,A_COMA_AC,1,150000,79.24333333333333,50.062222222222225,7.366666666666666,20.90222222222222,1.0,True,3,3,0.0,0.0,0.0,0.0,serial_runs/uam_jointfirst60m_v4_seed1_20260924_010334/S1__A_COMA_AC/analysis/checkpoint_curve.csv,QTTI2,58.24,项目交接参考；当前归档未找到原始 S 阶段解析 CSV,UAGMC_SOURCE passenger-only + LQ,63.61,65.21,exp11 同包曲线；训练种子 1；评估种子 123-125,需核对同物理/guard/轨迹；解析值为交接参考，非本次独立复算
exp09,S1__A_COMA_AC,S1,A_COMA_AC,1,200000,67.88000000000001,39.943333333333335,6.8677777777777775,20.146666666666665,1.0,True,3,3,0.0,0.0,0.0,0.0,serial_runs/uam_jointfirst60m_v4_seed1_20260924_010334/S1__A_COMA_AC/analysis/checkpoint_curve.csv,QTTI2,58.24,项目交接参考；当前归档未找到原始 S 阶段解析 CSV,UAGMC_SOURCE passenger-only + LQ,63.61,65.21,exp11 同包曲线；训练种子 1；评估种子 123-125,需核对同物理/guard/轨迹；解析值为交接参考，非本次独立复算
exp09,S1__A_COMA_AC,S1,A_COMA_AC,1,250000,94.65000000000002,68.04666666666667,6.323333333333333,19.346666666666668,1.0,True,3,3,0.0,0.0,0.0,0.0,serial_runs/uam_jointfirst60m_v4_seed1_20260924_010334/S1__A_COMA_AC/analysis/checkpoint_curve.csv,QTTI2,58.24,项目交接参考；当前归档未找到原始 S 阶段解析 CSV,UAGMC_SOURCE passenger-only + LQ,63.61,65.21,exp11 同包曲线；训练种子 1；评估种子 123-125,需核对同物理/guard/轨迹；解析值为交接参考，非本次独立复算
exp09,S1__A_COMA_AC,S1,A_COMA_AC,1,300000,87.70666666666666,60.42444444444444,6.587777777777778,19.795555555555552,1.0,True,3,3,0.0,0.0,0.0,0.0,serial_runs/uam_jointfirst60m_v4_seed1_20260924_010334/S1__A_COMA_AC/analysis/checkpoint_curve.csv,QTTI2,58.24,项目交接参考；当前归档未找到原始 S 阶段解析 CSV,UAGMC_SOURCE passenger-only + LQ,63.61,65.21,exp11 同包曲线；训练种子 1；评估种子 123-125,需核对同物理/guard/轨迹；解析值为交接参考，非本次独立复算
exp09,S1__A_COMA_AC,S1,A_COMA_AC,1,350000,69.46333333333332,41.67444444444445,6.887777777777778,19.986666666666665,1.0,True,3,3,0.0,0.0,0.0,0.0,serial_runs/uam_jointfirst60m_v4_seed1_20260924_010334/S1__A_COMA_AC/analysis/checkpoint_curve.csv,QTTI2,58.24,项目交接参考；当前归档未找到原始 S 阶段解析 CSV,UAGMC_SOURCE passenger-only + LQ,63.61,65.21,exp11 同包曲线；训练种子 1；评估种子 123-125,需核对同物理/guard/轨迹；解析值为交接参考，非本次独立复算
exp09,S1__A_COMA_AC,S1,A_COMA_AC,1,400000,79.13222222222221,51.71555555555556,6.6688888888888895,19.83111111111111,1.0,True,3,3,0.0,0.0,0.0,0.0,serial_runs/uam_jointfirst60m_v4_seed1_20260924_010334/S1__A_COMA_AC/analysis/checkpoint_curve.csv,QTTI2,58.24,项目交接参考；当前归档未找到原始 S 阶段解析 CSV,UAGMC_SOURCE passenger-only + LQ,63.61,65.21,exp11 同包曲线；训练种子 1；评估种子 123-125,需核对同物理/guard/轨迹；解析值为交接参考，非本次独立复算
exp09,S1__A_COMA_AC,S1,A_COMA_AC,1,450000,69.25888888888888,41.23555555555556,6.832222222222222,20.28,1.0,True,3,3,0.0,0.0,0.0,0.0,serial_runs/uam_jointfirst60m_v4_seed1_20260924_010334/S1__A_COMA_AC/analysis/checkpoint_curve.csv,QTTI2,58.24,项目交接参考；当前归档未找到原始 S 阶段解析 CSV,UAGMC_SOURCE passenger-only + LQ,63.61,65.21,exp11 同包曲线；训练种子 1；评估种子 123-125,需核对同物理/guard/轨迹；解析值为交接参考，非本次独立复算
exp09,S1__A_COMA_AC,S1,A_COMA_AC,1,500000,69.07111111111112,41.52777777777778,6.613333333333333,20.035555555555558,1.0,True,3,3,0.0,0.0,0.0,0.0,serial_runs/uam_jointfirst60m_v4_seed1_20260924_010334/S1__A_COMA_AC/analysis/checkpoint_curve.csv,QTTI2,58.24,项目交接参考；当前归档未找到原始 S 阶段解析 CSV,UAGMC_SOURCE passenger-only + LQ,63.61,65.21,exp11 同包曲线；训练种子 1；评估种子 123-125,需核对同物理/guard/轨迹；解析值为交接参考，非本次独立复算
exp09,S1__A_COMA_AC,S1,A_COMA_AC,1,550000,78.32222222222221,50.77555555555556,6.634444444444445,20.0,1.0,True,3,3,0.0,0.0,0.0,0.0,serial_runs/uam_jointfirst60m_v4_seed1_20260924_010334/S1__A_COMA_AC/analysis/checkpoint_curve.csv,QTTI2,58.24,项目交接参考；当前归档未找到原始 S 阶段解析 CSV,UAGMC_SOURCE passenger-only + LQ,63.61,65.21,exp11 同包曲线；训练种子 1；评估种子 123-125,需核对同物理/guard/轨迹；解析值为交接参考，非本次独立复算
exp09,S1__A_COMA_AC,S1,A_COMA_AC,1,600000,65.70333333333333,37.64444444444444,6.837777777777777,20.328888888888887,1.0,True,3,3,0.0,0.0,0.0,0.0,serial_runs/uam_jointfirst60m_v4_seed1_20260924_010334/S1__A_COMA_AC/analysis/checkpoint_curve.csv,QTTI2,58.24,项目交接参考；当前归档未找到原始 S 阶段解析 CSV,UAGMC_SOURCE passenger-only + LQ,63.61,65.21,exp11 同包曲线；训练种子 1；评估种子 123-125,需核对同物理/guard/轨迹；解析值为交接参考，非本次独立复算
exp09,S1__A_ICM_AC,S1,A_ICM_AC,1,50000,67.7188888888889,40.09444444444444,6.837777777777778,19.844444444444445,1.0,True,3,3,0.0,0.0,0.0,0.0,serial_runs/uam_jointfirst60m_v4_seed1_20260924_010334/S1__A_ICM_AC/analysis/checkpoint_curve.csv,QTTI2,58.24,项目交接参考；当前归档未找到原始 S 阶段解析 CSV,UAGMC_SOURCE passenger-only + LQ,63.61,65.21,exp11 同包曲线；训练种子 1；评估种子 123-125,需核对同物理/guard/轨迹；解析值为交接参考，非本次独立复算
exp09,S1__A_ICM_AC,S1,A_ICM_AC,1,100000,71.14111111111112,42.04888888888889,7.577777777777778,20.59111111111111,1.0,True,3,3,0.0,0.0,0.0,0.0,serial_runs/uam_jointfirst60m_v4_seed1_20260924_010334/S1__A_ICM_AC/analysis/checkpoint_curve.csv,QTTI2,58.24,项目交接参考；当前归档未找到原始 S 阶段解析 CSV,UAGMC_SOURCE passenger-only + LQ,63.61,65.21,exp11 同包曲线；训练种子 1；评估种子 123-125,需核对同物理/guard/轨迹；解析值为交接参考，非本次独立复算
exp09,S1__A_ICM_AC,S1,A_ICM_AC,1,150000,70.83333333333333,40.97,7.646666666666667,21.32,1.0,True,3,3,0.0,0.0,0.0,0.0,serial_runs/uam_jointfirst60m_v4_seed1_20260924_010334/S1__A_ICM_AC/analysis/checkpoint_curve.csv,QTTI2,58.24,项目交接参考；当前归档未找到原始 S 阶段解析 CSV,UAGMC_SOURCE passenger-only + LQ,63.61,65.21,exp11 同包曲线；训练种子 1；评估种子 123-125,需核对同物理/guard/轨迹；解析值为交接参考，非本次独立复算
exp09,S1__A_ICM_AC,S1,A_ICM_AC,1,200000,78.54666666666667,47.73333333333333,8.03,21.826666666666668,1.0,True,3,3,0.0,0.0,0.0,0.0,serial_runs/uam_jointfirst60m_v4_seed1_20260924_010334/S1__A_ICM_AC/analysis/checkpoint_curve.csv,QTTI2,58.24,项目交接参考；当前归档未找到原始 S 阶段解析 CSV,UAGMC_SOURCE passenger-only + LQ,63.61,65.21,exp11 同包曲线；训练种子 1；评估种子 123-125,需核对同物理/guard/轨迹；解析值为交接参考，非本次独立复算
exp09,S1__A_ICM_AC,S1,A_ICM_AC,1,250000,85.48666666666666,54.44888888888889,7.992222222222222,22.097777777777775,1.0,True,3,3,0.0,0.0,0.0,0.0,serial_runs/uam_jointfirst60m_v4_seed1_20260924_010334/S1__A_ICM_AC/analysis/checkpoint_curve.csv,QTTI2,58.24,项目交接参考；当前归档未找到原始 S 阶段解析 CSV,UAGMC_SOURCE passenger-only + LQ,63.61,65.21,exp11 同包曲线；训练种子 1；评估种子 123-125,需核对同物理/guard/轨迹；解析值为交接参考，非本次独立复算
exp09,S1__A_ICM_AC,S1,A_ICM_AC,1,300000,73.4211111111111,42.894444444444446,7.822222222222223,21.795555555555556,1.0,True,3,3,0.0,0.0,0.0,0.0,serial_runs/uam_jointfirst60m_v4_seed1_20260924_010334/S1__A_ICM_AC/analysis/checkpoint_curve.csv,QTTI2,58.24,项目交接参考；当前归档未找到原始 S 阶段解析 CSV,UAGMC_SOURCE passenger-only + LQ,63.61,65.21,exp11 同包曲线；训练种子 1；评估种子 123-125,需核对同物理/guard/轨迹；解析值为交接参考，非本次独立复算
exp09,S1__A_ICM_AC,S1,A_ICM_AC,1,350000,74.12333333333333,43.98,7.773333333333333,21.453333333333333,1.0,True,3,3,0.0,0.0,0.0,0.0,serial_runs/uam_jointfirst60m_v4_seed1_20260924_010334/S1__A_ICM_AC/analysis/checkpoint_curve.csv,QTTI2,58.24,项目交接参考；当前归档未找到原始 S 阶段解析 CSV,UAGMC_SOURCE passenger-only + LQ,63.61,65.21,exp11 同包曲线；训练种子 1；评估种子 123-125,需核对同物理/guard/轨迹；解析值为交接参考，非本次独立复算
exp09,S1__A_ICM_AC,S1,A_ICM_AC,1,400000,76.87111111111112,46.96333333333333,7.625555555555555,21.373333333333335,1.0,True,3,3,0.0,0.0,0.0,0.0,serial_runs/uam_jointfirst60m_v4_seed1_20260924_010334/S1__A_ICM_AC/analysis/checkpoint_curve.csv,QTTI2,58.24,项目交接参考；当前归档未找到原始 S 阶段解析 CSV,UAGMC_SOURCE passenger-only + LQ,63.61,65.21,exp11 同包曲线；训练种子 1；评估种子 123-125,需核对同物理/guard/轨迹；解析值为交接参考，非本次独立复算
exp09,S1__A_ICM_AC,S1,A_ICM_AC,1,450000,68.90555555555555,39.351111111111116,7.4622222222222225,21.20888888888889,1.0,True,3,3,0.0,0.0,0.0,0.0,serial_runs/uam_jointfirst60m_v4_seed1_20260924_010334/S1__A_ICM_AC/analysis/checkpoint_curve.csv,QTTI2,58.24,项目交接参考；当前归档未找到原始 S 阶段解析 CSV,UAGMC_SOURCE passenger-only + LQ,63.61,65.21,exp11 同包曲线；训练种子 1；评估种子 123-125,需核对同物理/guard/轨迹；解析值为交接参考，非本次独立复算
exp09,S1__A_ICM_AC,S1,A_ICM_AC,1,500000,76.84,46.161111111111104,7.872222222222223,21.884444444444444,1.0,True,3,3,0.0,0.0,0.0,0.0,serial_runs/uam_jointfirst60m_v4_seed1_20260924_010334/S1__A_ICM_AC/analysis/checkpoint_curve.csv,QTTI2,58.24,项目交接参考；当前归档未找到原始 S 阶段解析 CSV,UAGMC_SOURCE passenger-only + LQ,63.61,65.21,exp11 同包曲线；训练种子 1；评估种子 123-125,需核对同物理/guard/轨迹；解析值为交接参考，非本次独立复算
exp09,S1__A_ICM_AC,S1,A_ICM_AC,1,550000,75.75666666666666,45.45666666666667,7.618888888888889,21.755555555555556,1.0,True,3,3,0.0,0.0,0.0,0.0,serial_runs/uam_jointfirst60m_v4_seed1_20260924_010334/S1__A_ICM_AC/analysis/checkpoint_curve.csv,QTTI2,58.24,项目交接参考；当前归档未找到原始 S 阶段解析 CSV,UAGMC_SOURCE passenger-only + LQ,63.61,65.21,exp11 同包曲线；训练种子 1；评估种子 123-125,需核对同物理/guard/轨迹；解析值为交接参考，非本次独立复算
exp09,S1__A_ICM_AC,S1,A_ICM_AC,1,600000,83.93,52.883333333333326,7.982222222222222,22.14222222222222,1.0,True,3,3,0.0,0.0,0.0,0.0,serial_runs/uam_jointfirst60m_v4_seed1_20260924_010334/S1__A_ICM_AC/analysis/checkpoint_curve.csv,QTTI2,58.24,项目交接参考；当前归档未找到原始 S 阶段解析 CSV,UAGMC_SOURCE passenger-only + LQ,63.61,65.21,exp11 同包曲线；训练种子 1；评估种子 123-125,需核对同物理/guard/轨迹；解析值为交接参考，非本次独立复算
exp09,S1__CURRENT,S1,CURRENT,1,50000,61.776666666666664,34.553333333333335,6.71,19.586666666666666,1.0,True,3,3,0.0,0.0,0.0,0.0,serial_runs/uam_jointfirst60m_v4_seed1_20260924_010334/S1__CURRENT/analysis/checkpoint_curve.csv,QTTI2,58.24,项目交接参考；当前归档未找到原始 S 阶段解析 CSV,UAGMC_SOURCE passenger-only + LQ,63.61,65.21,exp11 同包曲线；训练种子 1；评估种子 123-125,需核对同物理/guard/轨迹；解析值为交接参考，非本次独立复算
exp09,S1__CURRENT,S1,CURRENT,1,100000,64.75666666666666,37.36333333333334,6.673333333333333,19.786666666666665,1.0,True,3,3,0.0,0.0,0.0,0.0,serial_runs/uam_jointfirst60m_v4_seed1_20260924_010334/S1__CURRENT/analysis/checkpoint_curve.csv,QTTI2,58.24,项目交接参考；当前归档未找到原始 S 阶段解析 CSV,UAGMC_SOURCE passenger-only + LQ,63.61,65.21,exp11 同包曲线；训练种子 1；评估种子 123-125,需核对同物理/guard/轨迹；解析值为交接参考，非本次独立复算
exp09,S1__CURRENT,S1,CURRENT,1,150000,68.33333333333333,40.946666666666665,6.696666666666666,19.746666666666666,1.0,True,3,3,0.0,0.0,0.0,0.0,serial_runs/uam_jointfirst60m_v4_seed1_20260924_010334/S1__CURRENT/analysis/checkpoint_curve.csv,QTTI2,58.24,项目交接参考；当前归档未找到原始 S 阶段解析 CSV,UAGMC_SOURCE passenger-only + LQ,63.61,65.21,exp11 同包曲线；训练种子 1；评估种子 123-125,需核对同物理/guard/轨迹；解析值为交接参考，非本次独立复算
exp09,S1__CURRENT,S1,CURRENT,1,200000,58.913333333333334,31.663333333333338,6.696666666666666,19.613333333333333,1.0,True,3,3,0.0,0.0,0.0,0.0,serial_runs/uam_jointfirst60m_v4_seed1_20260924_010334/S1__CURRENT/analysis/checkpoint_curve.csv,QTTI2,58.24,项目交接参考；当前归档未找到原始 S 阶段解析 CSV,UAGMC_SOURCE passenger-only + LQ,63.61,65.21,exp11 同包曲线；训练种子 1；评估种子 123-125,需核对同物理/guard/轨迹；解析值为交接参考，非本次独立复算
exp09,S1__CURRENT,S1,CURRENT,1,250000,64.05666666666667,35.81666666666667,7.116666666666666,20.173333333333332,1.0,True,3,3,0.0,0.0,0.0,0.0,serial_runs/uam_jointfirst60m_v4_seed1_20260924_010334/S1__CURRENT/analysis/checkpoint_curve.csv,QTTI2,58.24,项目交接参考；当前归档未找到原始 S 阶段解析 CSV,UAGMC_SOURCE passenger-only + LQ,63.61,65.21,exp11 同包曲线；训练种子 1；评估种子 123-125,需核对同物理/guard/轨迹；解析值为交接参考，非本次独立复算
exp09,S1__CURRENT,S1,CURRENT,1,300000,64.95444444444445,36.81888888888889,7.003333333333333,20.25777777777778,1.0,True,3,3,0.0,0.0,0.0,0.0,serial_runs/uam_jointfirst60m_v4_seed1_20260924_010334/S1__CURRENT/analysis/checkpoint_curve.csv,QTTI2,58.24,项目交接参考；当前归档未找到原始 S 阶段解析 CSV,UAGMC_SOURCE passenger-only + LQ,63.61,65.21,exp11 同包曲线；训练种子 1；评估种子 123-125,需核对同物理/guard/轨迹；解析值为交接参考，非本次独立复算
exp09,S1__CURRENT,S1,CURRENT,1,350000,67.20222222222223,38.68888888888889,7.153333333333333,20.47111111111111,1.0,True,3,3,0.0,0.0,0.0,0.0,serial_runs/uam_jointfirst60m_v4_seed1_20260924_010334/S1__CURRENT/analysis/checkpoint_curve.csv,QTTI2,58.24,项目交接参考；当前归档未找到原始 S 阶段解析 CSV,UAGMC_SOURCE passenger-only + LQ,63.61,65.21,exp11 同包曲线；训练种子 1；评估种子 123-125,需核对同物理/guard/轨迹；解析值为交接参考，非本次独立复算
exp09,S1__CURRENT,S1,CURRENT,1,400000,91.27666666666669,63.5,7.016666666666667,19.85333333333333,1.0,True,3,3,0.0,0.0,0.0,0.0,serial_runs/uam_jointfirst60m_v4_seed1_20260924_010334/S1__CURRENT/analysis/checkpoint_curve.csv,QTTI2,58.24,项目交接参考；当前归档未找到原始 S 阶段解析 CSV,UAGMC_SOURCE passenger-only + LQ,63.61,65.21,exp11 同包曲线；训练种子 1；评估种子 123-125,需核对同物理/guard/轨迹；解析值为交接参考，非本次独立复算
exp09,S1__CURRENT,S1,CURRENT,1,450000,115.31666666666666,88.01333333333334,6.6866666666666665,19.69333333333333,1.0,True,3,3,0.0,0.0,0.0,0.0,serial_runs/uam_jointfirst60m_v4_seed1_20260924_010334/S1__CURRENT/analysis/checkpoint_curve.csv,QTTI2,58.24,项目交接参考；当前归档未找到原始 S 阶段解析 CSV,UAGMC_SOURCE passenger-only + LQ,63.61,65.21,exp11 同包曲线；训练种子 1；评估种子 123-125,需核对同物理/guard/轨迹；解析值为交接参考，非本次独立复算
exp09,S1__CURRENT,S1,CURRENT,1,500000,82.57666666666667,54.330000000000005,7.043333333333333,20.275555555555556,1.0,True,3,3,0.0,0.0,0.0,0.0,serial_runs/uam_jointfirst60m_v4_seed1_20260924_010334/S1__CURRENT/analysis/checkpoint_curve.csv,QTTI2,58.24,项目交接参考；当前归档未找到原始 S 阶段解析 CSV,UAGMC_SOURCE passenger-only + LQ,63.61,65.21,exp11 同包曲线；训练种子 1；评估种子 123-125,需核对同物理/guard/轨迹；解析值为交接参考，非本次独立复算
exp09,S1__CURRENT,S1,CURRENT,1,550000,98.37333333333333,69.88999999999999,7.101111111111112,20.435555555555556,1.0,True,3,3,0.0,0.0,0.0,0.0,serial_runs/uam_jointfirst60m_v4_seed1_20260924_010334/S1__CURRENT/analysis/checkpoint_curve.csv,QTTI2,58.24,项目交接参考；当前归档未找到原始 S 阶段解析 CSV,UAGMC_SOURCE passenger-only + LQ,63.61,65.21,exp11 同包曲线；训练种子 1；评估种子 123-125,需核对同物理/guard/轨迹；解析值为交接参考，非本次独立复算
exp09,S1__CURRENT,S1,CURRENT,1,600000,97.92333333333333,68.38,7.506666666666667,21.066666666666666,1.0,True,3,3,0.0,0.0,0.0,0.0,serial_runs/uam_jointfirst60m_v4_seed1_20260924_010334/S1__CURRENT/analysis/checkpoint_curve.csv,QTTI2,58.24,项目交接参考；当前归档未找到原始 S 阶段解析 CSV,UAGMC_SOURCE passenger-only + LQ,63.61,65.21,exp11 同包曲线；训练种子 1；评估种子 123-125,需核对同物理/guard/轨迹；解析值为交接参考，非本次独立复算
exp09,S1__C_SA,S1,C_SA,1,50000,79.27666666666667,50.36666666666667,7.486666666666667,20.466666666666665,1.0,True,3,3,0.0,0.0,0.0,0.0,serial_runs/uam_jointfirst60m_v4_seed1_20260924_010334/S1__C_SA/analysis/checkpoint_curve.csv,QTTI2,58.24,项目交接参考；当前归档未找到原始 S 阶段解析 CSV,UAGMC_SOURCE passenger-only + LQ,63.61,65.21,exp11 同包曲线；训练种子 1；评估种子 123-125,需核对同物理/guard/轨迹；解析值为交接参考，非本次独立复算
exp09,S1__C_SA,S1,C_SA,1,100000,77.98555555555555,48.15888888888889,7.753333333333333,21.106666666666666,1.0,True,3,3,0.0,0.0,0.0,0.0,serial_runs/uam_jointfirst60m_v4_seed1_20260924_010334/S1__C_SA/analysis/checkpoint_curve.csv,QTTI2,58.24,项目交接参考；当前归档未找到原始 S 阶段解析 CSV,UAGMC_SOURCE passenger-only + LQ,63.61,65.21,exp11 同包曲线；训练种子 1；评估种子 123-125,需核对同物理/guard/轨迹；解析值为交接参考，非本次独立复算
exp09,S1__C_SA,S1,C_SA,1,150000,63.94555555555556,35.437777777777775,7.333333333333333,20.24888888888889,1.0,True,3,3,0.0,0.0,0.0,0.0,serial_runs/uam_jointfirst60m_v4_seed1_20260924_010334/S1__C_SA/analysis/checkpoint_curve.csv,QTTI2,58.24,项目交接参考；当前归档未找到原始 S 阶段解析 CSV,UAGMC_SOURCE passenger-only + LQ,63.61,65.21,exp11 同包曲线；训练种子 1；评估种子 123-125,需核对同物理/guard/轨迹；解析值为交接参考，非本次独立复算
exp09,S1__C_SA,S1,C_SA,1,200000,67.58777777777779,38.291111111111114,7.532222222222221,20.85777777777778,1.0,True,3,3,0.0,0.0,0.0,0.0,serial_runs/uam_jointfirst60m_v4_seed1_20260924_010334/S1__C_SA/analysis/checkpoint_curve.csv,QTTI2,58.24,项目交接参考；当前归档未找到原始 S 阶段解析 CSV,UAGMC_SOURCE passenger-only + LQ,63.61,65.21,exp11 同包曲线；训练种子 1；评估种子 123-125,需核对同物理/guard/轨迹；解析值为交接参考，非本次独立复算
exp09,S1__C_SA,S1,C_SA,1,250000,75.5511111111111,48.06111111111111,6.648888888888888,19.92,1.0,True,3,3,0.0,0.0,0.0,0.0,serial_runs/uam_jointfirst60m_v4_seed1_20260924_010334/S1__C_SA/analysis/checkpoint_curve.csv,QTTI2,58.24,项目交接参考；当前归档未找到原始 S 阶段解析 CSV,UAGMC_SOURCE passenger-only + LQ,63.61,65.21,exp11 同包曲线；训练种子 1；评估种子 123-125,需核对同物理/guard/轨迹；解析值为交接参考，非本次独立复算
exp09,S1__C_SA,S1,C_SA,1,300000,67.62555555555555,39.053333333333335,7.211111111111111,20.439999999999998,1.0,True,3,3,0.0,0.0,0.0,0.0,serial_runs/uam_jointfirst60m_v4_seed1_20260924_010334/S1__C_SA/analysis/checkpoint_curve.csv,QTTI2,58.24,项目交接参考；当前归档未找到原始 S 阶段解析 CSV,UAGMC_SOURCE passenger-only + LQ,63.61,65.21,exp11 同包曲线；训练种子 1；评估种子 123-125,需核对同物理/guard/轨迹；解析值为交接参考，非本次独立复算
exp09,S1__C_SA,S1,C_SA,1,350000,63.86777777777778,36.056666666666665,6.815555555555555,20.08888888888889,1.0,True,3,3,0.0,0.0,0.0,0.0,serial_runs/uam_jointfirst60m_v4_seed1_20260924_010334/S1__C_SA/analysis/checkpoint_curve.csv,QTTI2,58.24,项目交接参考；当前归档未找到原始 S 阶段解析 CSV,UAGMC_SOURCE passenger-only + LQ,63.61,65.21,exp11 同包曲线；训练种子 1；评估种子 123-125,需核对同物理/guard/轨迹；解析值为交接参考，非本次独立复算
exp09,S1__C_SA,S1,C_SA,1,400000,67.19888888888887,38.943333333333335,7.047777777777778,20.297777777777778,1.0,True,3,3,0.0,0.0,0.0,0.0,serial_runs/uam_jointfirst60m_v4_seed1_20260924_010334/S1__C_SA/analysis/checkpoint_curve.csv,QTTI2,58.24,项目交接参考；当前归档未找到原始 S 阶段解析 CSV,UAGMC_SOURCE passenger-only + LQ,63.61,65.21,exp11 同包曲线；训练种子 1；评估种子 123-125,需核对同物理/guard/轨迹；解析值为交接参考，非本次独立复算
exp09,S1__C_SA,S1,C_SA,1,450000,66.95222222222223,38.53666666666667,7.061111111111111,20.444444444444443,1.0,True,3,3,0.0,0.0,0.0,0.0,serial_runs/uam_jointfirst60m_v4_seed1_20260924_010334/S1__C_SA/analysis/checkpoint_curve.csv,QTTI2,58.24,项目交接参考；当前归档未找到原始 S 阶段解析 CSV,UAGMC_SOURCE passenger-only + LQ,63.61,65.21,exp11 同包曲线；训练种子 1；评估种子 123-125,需核对同物理/guard/轨迹；解析值为交接参考，非本次独立复算
exp09,S1__C_SA,S1,C_SA,1,500000,68.85000000000001,40.93666666666667,6.815555555555555,20.19111111111111,1.0,True,3,3,0.0,0.0,0.0,0.0,serial_runs/uam_jointfirst60m_v4_seed1_20260924_010334/S1__C_SA/analysis/checkpoint_curve.csv,QTTI2,58.24,项目交接参考；当前归档未找到原始 S 阶段解析 CSV,UAGMC_SOURCE passenger-only + LQ,63.61,65.21,exp11 同包曲线；训练种子 1；评估种子 123-125,需核对同物理/guard/轨迹；解析值为交接参考，非本次独立复算
exp09,S1__C_SA,S1,C_SA,1,550000,71.72666666666667,43.91444444444445,6.792222222222222,20.12,1.0,True,3,3,0.0,0.0,0.0,0.0,serial_runs/uam_jointfirst60m_v4_seed1_20260924_010334/S1__C_SA/analysis/checkpoint_curve.csv,QTTI2,58.24,项目交接参考；当前归档未找到原始 S 阶段解析 CSV,UAGMC_SOURCE passenger-only + LQ,63.61,65.21,exp11 同包曲线；训练种子 1；评估种子 123-125,需核对同物理/guard/轨迹；解析值为交接参考，非本次独立复算
exp09,S1__C_SA,S1,C_SA,1,600000,68.82111111111111,40.58222222222222,6.91,20.417777777777776,1.0,True,3,3,0.0,0.0,0.0,0.0,serial_runs/uam_jointfirst60m_v4_seed1_20260924_010334/S1__C_SA/analysis/checkpoint_curve.csv,QTTI2,58.24,项目交接参考；当前归档未找到原始 S 阶段解析 CSV,UAGMC_SOURCE passenger-only + LQ,63.61,65.21,exp11 同包曲线；训练种子 1；评估种子 123-125,需核对同物理/guard/轨迹；解析值为交接参考，非本次独立复算
exp09,S1__C_SAW,S1,C_SAW,1,50000,141.33,108.78666666666668,8.556666666666667,23.0,1.0,True,3,3,0.0,0.0,0.0,0.0,serial_runs/uam_jointfirst60m_v4_seed1_20260924_010334/S1__C_SAW/analysis/checkpoint_curve.csv,QTTI2,58.24,项目交接参考；当前归档未找到原始 S 阶段解析 CSV,UAGMC_SOURCE passenger-only + LQ,63.61,65.21,exp11 同包曲线；训练种子 1；评估种子 123-125,需核对同物理/guard/轨迹；解析值为交接参考，非本次独立复算
exp09,S1__C_SAW,S1,C_SAW,1,100000,121.30666666666667,88.85333333333334,8.526666666666667,22.94666666666667,1.0,True,3,3,0.0,0.0,0.0,0.0,serial_runs/uam_jointfirst60m_v4_seed1_20260924_010334/S1__C_SAW/analysis/checkpoint_curve.csv,QTTI2,58.24,项目交接参考；当前归档未找到原始 S 阶段解析 CSV,UAGMC_SOURCE passenger-only + LQ,63.61,65.21,exp11 同包曲线；训练种子 1；评估种子 123-125,需核对同物理/guard/轨迹；解析值为交接参考，非本次独立复算
exp09,S1__C_SAW,S1,C_SAW,1,150000,72.77111111111111,44.03111111111111,6.996666666666666,20.804444444444446,1.0,True,3,3,0.0,0.0,0.0,0.0,serial_runs/uam_jointfirst60m_v4_seed1_20260924_010334/S1__C_SAW/analysis/checkpoint_curve.csv,QTTI2,58.24,项目交接参考；当前归档未找到原始 S 阶段解析 CSV,UAGMC_SOURCE passenger-only + LQ,63.61,65.21,exp11 同包曲线；训练种子 1；评估种子 123-125,需核对同物理/guard/轨迹；解析值为交接参考，非本次独立复算
exp09,S1__C_SAW,S1,C_SAW,1,200000,73.32666666666667,43.80444444444445,7.491111111111111,21.093333333333334,1.0,True,3,3,0.0,0.0,0.0,0.0,serial_runs/uam_jointfirst60m_v4_seed1_20260924_010334/S1__C_SAW/analysis/checkpoint_curve.csv,QTTI2,58.24,项目交接参考；当前归档未找到原始 S 阶段解析 CSV,UAGMC_SOURCE passenger-only + LQ,63.61,65.21,exp11 同包曲线；训练种子 1；评估种子 123-125,需核对同物理/guard/轨迹；解析值为交接参考，非本次独立复算
exp09,S1__C_SAW,S1,C_SAW,1,250000,72.57444444444445,43.0711111111111,7.374444444444445,21.24,1.0,True,3,3,0.0,0.0,0.0,0.0,serial_runs/uam_jointfirst60m_v4_seed1_20260924_010334/S1__C_SAW/analysis/checkpoint_curve.csv,QTTI2,58.24,项目交接参考；当前归档未找到原始 S 阶段解析 CSV,UAGMC_SOURCE passenger-only + LQ,63.61,65.21,exp11 同包曲线；训练种子 1；评估种子 123-125,需核对同物理/guard/轨迹；解析值为交接参考，非本次独立复算
exp09,S1__C_SAW,S1,C_SAW,1,300000,72.41555555555556,43.19444444444445,7.277777777777779,21.0,1.0,True,3,3,0.0,0.0,0.0,0.0,serial_runs/uam_jointfirst60m_v4_seed1_20260924_010334/S1__C_SAW/analysis/checkpoint_curve.csv,QTTI2,58.24,项目交接参考；当前归档未找到原始 S 阶段解析 CSV,UAGMC_SOURCE passenger-only + LQ,63.61,65.21,exp11 同包曲线；训练种子 1；评估种子 123-125,需核对同物理/guard/轨迹；解析值为交接参考，非本次独立复算
exp09,S1__C_SAW,S1,C_SAW,1,350000,81.64,51.24333333333333,7.616666666666666,21.813333333333333,1.0,True,3,3,0.0,0.0,0.0,0.0,serial_runs/uam_jointfirst60m_v4_seed1_20260924_010334/S1__C_SAW/analysis/checkpoint_curve.csv,QTTI2,58.24,项目交接参考；当前归档未找到原始 S 阶段解析 CSV,UAGMC_SOURCE passenger-only + LQ,63.61,65.21,exp11 同包曲线；训练种子 1；评估种子 123-125,需核对同物理/guard/轨迹；解析值为交接参考，非本次独立复算
exp09,S1__C_SAW,S1,C_SAW,1,400000,72.56333333333333,42.91,7.392222222222222,21.351111111111113,1.0,True,3,3,0.0,0.0,0.0,0.0,serial_runs/uam_jointfirst60m_v4_seed1_20260924_010334/S1__C_SAW/analysis/checkpoint_curve.csv,QTTI2,58.24,项目交接参考；当前归档未找到原始 S 阶段解析 CSV,UAGMC_SOURCE passenger-only + LQ,63.61,65.21,exp11 同包曲线；训练种子 1；评估种子 123-125,需核对同物理/guard/轨迹；解析值为交接参考，非本次独立复算
exp09,S1__C_SAW,S1,C_SAW,1,450000,71.98555555555555,42.74555555555556,7.178888888888888,21.142222222222223,1.0,True,3,3,0.0,0.0,0.0,0.0,serial_runs/uam_jointfirst60m_v4_seed1_20260924_010334/S1__C_SAW/analysis/checkpoint_curve.csv,QTTI2,58.24,项目交接参考；当前归档未找到原始 S 阶段解析 CSV,UAGMC_SOURCE passenger-only + LQ,63.61,65.21,exp11 同包曲线；训练种子 1；评估种子 123-125,需核对同物理/guard/轨迹；解析值为交接参考，非本次独立复算
exp09,S1__C_SAW,S1,C_SAW,1,500000,70.47444444444444,41.711111111111116,7.0811111111111105,20.77777777777778,1.0,True,3,3,0.0,0.0,0.0,0.0,serial_runs/uam_jointfirst60m_v4_seed1_20260924_010334/S1__C_SAW/analysis/checkpoint_curve.csv,QTTI2,58.24,项目交接参考；当前归档未找到原始 S 阶段解析 CSV,UAGMC_SOURCE passenger-only + LQ,63.61,65.21,exp11 同包曲线；训练种子 1；评估种子 123-125,需核对同物理/guard/轨迹；解析值为交接参考，非本次独立复算
exp09,S1__C_SAW,S1,C_SAW,1,550000,70.12666666666667,40.97555555555556,7.2811111111111115,20.951111111111114,1.0,True,3,3,0.0,0.0,0.0,0.0,serial_runs/uam_jointfirst60m_v4_seed1_20260924_010334/S1__C_SAW/analysis/checkpoint_curve.csv,QTTI2,58.24,项目交接参考；当前归档未找到原始 S 阶段解析 CSV,UAGMC_SOURCE passenger-only + LQ,63.61,65.21,exp11 同包曲线；训练种子 1；评估种子 123-125,需核对同物理/guard/轨迹；解析值为交接参考，非本次独立复算
exp09,S1__C_SAW,S1,C_SAW,1,600000,84.31,54.388888888888886,7.412222222222222,21.551111111111112,1.0,True,3,3,0.0,0.0,0.0,0.0,serial_runs/uam_jointfirst60m_v4_seed1_20260924_010334/S1__C_SAW/analysis/checkpoint_curve.csv,QTTI2,58.24,项目交接参考；当前归档未找到原始 S 阶段解析 CSV,UAGMC_SOURCE passenger-only + LQ,63.61,65.21,exp11 同包曲线；训练种子 1；评估种子 123-125,需核对同物理/guard/轨迹；解析值为交接参考，非本次独立复算
exp09,S1__R_EVENTQ,S1,R_EVENTQ,1,50000,75.21333333333332,46.20444444444445,7.3677777777777775,20.671111111111113,1.0,True,3,3,0.0,0.0,0.0,0.0,serial_runs/uam_jointfirst60m_v4_seed1_20260924_010334/S1__R_EVENTQ/analysis/checkpoint_curve.csv,QTTI2,58.24,项目交接参考；当前归档未找到原始 S 阶段解析 CSV,UAGMC_SOURCE passenger-only + LQ,63.61,65.21,exp11 同包曲线；训练种子 1；评估种子 123-125,需核对同物理/guard/轨迹；解析值为交接参考，非本次独立复算
exp09,S1__R_EVENTQ,S1,R_EVENTQ,1,100000,78.32666666666667,49.806666666666665,7.036666666666666,20.52,1.0,True,3,3,0.0,0.0,0.0,0.0,serial_runs/uam_jointfirst60m_v4_seed1_20260924_010334/S1__R_EVENTQ/analysis/checkpoint_curve.csv,QTTI2,58.24,项目交接参考；当前归档未找到原始 S 阶段解析 CSV,UAGMC_SOURCE passenger-only + LQ,63.61,65.21,exp11 同包曲线；训练种子 1；评估种子 123-125,需核对同物理/guard/轨迹；解析值为交接参考，非本次独立复算
exp09,S1__R_EVENTQ,S1,R_EVENTQ,1,150000,65.69666666666667,37.73,6.986666666666667,20.04,1.0,True,3,3,0.0,0.0,0.0,0.0,serial_runs/uam_jointfirst60m_v4_seed1_20260924_010334/S1__R_EVENTQ/analysis/checkpoint_curve.csv,QTTI2,58.24,项目交接参考；当前归档未找到原始 S 阶段解析 CSV,UAGMC_SOURCE passenger-only + LQ,63.61,65.21,exp11 同包曲线；训练种子 1；评估种子 123-125,需核对同物理/guard/轨迹；解析值为交接参考，非本次独立复算
exp09,S1__R_EVENTQ,S1,R_EVENTQ,1,200000,62.61666666666667,34.29666666666667,6.98,20.386666666666667,1.0,True,3,3,0.0,0.0,0.0,0.0,serial_runs/uam_jointfirst60m_v4_seed1_20260924_010334/S1__R_EVENTQ/analysis/checkpoint_curve.csv,QTTI2,58.24,项目交接参考；当前归档未找到原始 S 阶段解析 CSV,UAGMC_SOURCE passenger-only + LQ,63.61,65.21,exp11 同包曲线；训练种子 1；评估种子 123-125,需核对同物理/guard/轨迹；解析值为交接参考，非本次独立复算
exp09,S1__R_EVENTQ,S1,R_EVENTQ,1,250000,60.800000000000004,32.75666666666667,6.934444444444445,20.21777777777778,1.0,True,3,3,0.0,0.0,0.0,0.0,serial_runs/uam_jointfirst60m_v4_seed1_20260924_010334/S1__R_EVENTQ/analysis/checkpoint_curve.csv,QTTI2,58.24,项目交接参考；当前归档未找到原始 S 阶段解析 CSV,UAGMC_SOURCE passenger-only + LQ,63.61,65.21,exp11 同包曲线；训练种子 1；评估种子 123-125,需核对同物理/guard/轨迹；解析值为交接参考，非本次独立复算
exp09,S1__R_EVENTQ,S1,R_EVENTQ,1,300000,70.64666666666666,43.02333333333333,6.68,20.04,1.0,True,3,3,0.0,0.0,0.0,0.0,serial_runs/uam_jointfirst60m_v4_seed1_20260924_010334/S1__R_EVENTQ/analysis/checkpoint_curve.csv,QTTI2,58.24,项目交接参考；当前归档未找到原始 S 阶段解析 CSV,UAGMC_SOURCE passenger-only + LQ,63.61,65.21,exp11 同包曲线；训练种子 1；评估种子 123-125,需核对同物理/guard/轨迹；解析值为交接参考，非本次独立复算
exp09,S1__R_EVENTQ,S1,R_EVENTQ,1,350000,66.02333333333334,37.73333333333333,6.924444444444444,20.47111111111111,1.0,True,3,3,0.0,0.0,0.0,0.0,serial_runs/uam_jointfirst60m_v4_seed1_20260924_010334/S1__R_EVENTQ/analysis/checkpoint_curve.csv,QTTI2,58.24,项目交接参考；当前归档未找到原始 S 阶段解析 CSV,UAGMC_SOURCE passenger-only + LQ,63.61,65.21,exp11 同包曲线；训练种子 1；评估种子 123-125,需核对同物理/guard/轨迹；解析值为交接参考，非本次独立复算
exp09,S1__R_EVENTQ,S1,R_EVENTQ,1,400000,67.17777777777778,38.833333333333336,6.987777777777777,20.46222222222222,1.0,True,3,3,0.0,0.0,0.0,0.0,serial_runs/uam_jointfirst60m_v4_seed1_20260924_010334/S1__R_EVENTQ/analysis/checkpoint_curve.csv,QTTI2,58.24,项目交接参考；当前归档未找到原始 S 阶段解析 CSV,UAGMC_SOURCE passenger-only + LQ,63.61,65.21,exp11 同包曲线；训练种子 1；评估种子 123-125,需核对同物理/guard/轨迹；解析值为交接参考，非本次独立复算
exp09,S1__R_EVENTQ,S1,R_EVENTQ,1,450000,65.91000000000001,37.56666666666666,6.955555555555556,20.466666666666665,1.0,True,3,3,0.0,0.0,0.0,0.0,serial_runs/uam_jointfirst60m_v4_seed1_20260924_010334/S1__R_EVENTQ/analysis/checkpoint_curve.csv,QTTI2,58.24,项目交接参考；当前归档未找到原始 S 阶段解析 CSV,UAGMC_SOURCE passenger-only + LQ,63.61,65.21,exp11 同包曲线；训练种子 1；评估种子 123-125,需核对同物理/guard/轨迹；解析值为交接参考，非本次独立复算
exp09,S1__R_EVENTQ,S1,R_EVENTQ,1,500000,72.09777777777778,43.74,6.9255555555555555,20.555555555555557,1.0,True,3,3,0.0,0.0,0.0,0.0,serial_runs/uam_jointfirst60m_v4_seed1_20260924_010334/S1__R_EVENTQ/analysis/checkpoint_curve.csv,QTTI2,58.24,项目交接参考；当前归档未找到原始 S 阶段解析 CSV,UAGMC_SOURCE passenger-only + LQ,63.61,65.21,exp11 同包曲线；训练种子 1；评估种子 123-125,需核对同物理/guard/轨迹；解析值为交接参考，非本次独立复算
exp09,S1__R_EVENTQ,S1,R_EVENTQ,1,550000,75.98333333333333,48.09,6.82,20.14666666666667,1.0,True,3,3,0.0,0.0,0.0,0.0,serial_runs/uam_jointfirst60m_v4_seed1_20260924_010334/S1__R_EVENTQ/analysis/checkpoint_curve.csv,QTTI2,58.24,项目交接参考；当前归档未找到原始 S 阶段解析 CSV,UAGMC_SOURCE passenger-only + LQ,63.61,65.21,exp11 同包曲线；训练种子 1；评估种子 123-125,需核对同物理/guard/轨迹；解析值为交接参考，非本次独立复算
exp09,S1__R_EVENTQ,S1,R_EVENTQ,1,600000,72.00666666666666,44.06666666666667,6.87,20.186666666666667,1.0,True,3,3,0.0,0.0,0.0,0.0,serial_runs/uam_jointfirst60m_v4_seed1_20260924_010334/S1__R_EVENTQ/analysis/checkpoint_curve.csv,QTTI2,58.24,项目交接参考；当前归档未找到原始 S 阶段解析 CSV,UAGMC_SOURCE passenger-only + LQ,63.61,65.21,exp11 同包曲线；训练种子 1；评估种子 123-125,需核对同物理/guard/轨迹；解析值为交接参考，非本次独立复算
exp09,S1__R_TDM,S1,R_TDM,1,50000,73.63333333333334,44.86333333333334,7.413333333333333,20.413333333333334,1.0,True,3,3,0.0,0.0,0.0,0.0,serial_runs/uam_jointfirst60m_v4_seed1_20260924_010334/S1__R_TDM/analysis/checkpoint_curve.csv,QTTI2,58.24,项目交接参考；当前归档未找到原始 S 阶段解析 CSV,UAGMC_SOURCE passenger-only + LQ,63.61,65.21,exp11 同包曲线；训练种子 1；评估种子 123-125,需核对同物理/guard/轨迹；解析值为交接参考，非本次独立复算
exp09,S1__R_TDM,S1,R_TDM,1,100000,59.93666666666667,32.91,6.546666666666667,19.56,1.0,True,3,3,0.0,0.0,0.0,0.0,serial_runs/uam_jointfirst60m_v4_seed1_20260924_010334/S1__R_TDM/analysis/checkpoint_curve.csv,QTTI2,58.24,项目交接参考；当前归档未找到原始 S 阶段解析 CSV,UAGMC_SOURCE passenger-only + LQ,63.61,65.21,exp11 同包曲线；训练种子 1；评估种子 123-125,需核对同物理/guard/轨迹；解析值为交接参考，非本次独立复算
exp09,S1__R_TDM,S1,R_TDM,1,150000,66.22666666666667,37.16,7.426666666666667,20.69333333333333,1.0,True,3,3,0.0,0.0,0.0,0.0,serial_runs/uam_jointfirst60m_v4_seed1_20260924_010334/S1__R_TDM/analysis/checkpoint_curve.csv,QTTI2,58.24,项目交接参考；当前归档未找到原始 S 阶段解析 CSV,UAGMC_SOURCE passenger-only + LQ,63.61,65.21,exp11 同包曲线；训练种子 1；评估种子 123-125,需核对同物理/guard/轨迹；解析值为交接参考，非本次独立复算
exp09,S1__R_TDM,S1,R_TDM,1,200000,63.303333333333335,34.544444444444444,7.357777777777778,20.471111111111114,1.0,True,3,3,0.0,0.0,0.0,0.0,serial_runs/uam_jointfirst60m_v4_seed1_20260924_010334/S1__R_TDM/analysis/checkpoint_curve.csv,QTTI2,58.24,项目交接参考；当前归档未找到原始 S 阶段解析 CSV,UAGMC_SOURCE passenger-only + LQ,63.61,65.21,exp11 同包曲线；训练种子 1；评估种子 123-125,需核对同物理/guard/轨迹；解析值为交接参考，非本次独立复算
exp09,S1__R_TDM,S1,R_TDM,1,250000,68.64333333333333,39.24777777777778,7.475555555555556,21.00888888888889,1.0,True,3,3,0.0,0.0,0.0,0.0,serial_runs/uam_jointfirst60m_v4_seed1_20260924_010334/S1__R_TDM/analysis/checkpoint_curve.csv,QTTI2,58.24,项目交接参考；当前归档未找到原始 S 阶段解析 CSV,UAGMC_SOURCE passenger-only + LQ,63.61,65.21,exp11 同包曲线；训练种子 1；评估种子 123-125,需核对同物理/guard/轨迹；解析值为交接参考，非本次独立复算
exp09,S1__R_TDM,S1,R_TDM,1,300000,67.80222222222223,38.035555555555554,7.683333333333334,21.195555555555554,1.0,True,3,3,0.0,0.0,0.0,0.0,serial_runs/uam_jointfirst60m_v4_seed1_20260924_010334/S1__R_TDM/analysis/checkpoint_curve.csv,QTTI2,58.24,项目交接参考；当前归档未找到原始 S 阶段解析 CSV,UAGMC_SOURCE passenger-only + LQ,63.61,65.21,exp11 同包曲线；训练种子 1；评估种子 123-125,需核对同物理/guard/轨迹；解析值为交接参考，非本次独立复算
exp09,S1__R_TDM,S1,R_TDM,1,350000,76.66111111111111,46.428888888888885,7.607777777777778,21.697777777777777,1.0,True,3,3,0.0,0.0,0.0,0.0,serial_runs/uam_jointfirst60m_v4_seed1_20260924_010334/S1__R_TDM/analysis/checkpoint_curve.csv,QTTI2,58.24,项目交接参考；当前归档未找到原始 S 阶段解析 CSV,UAGMC_SOURCE passenger-only + LQ,63.61,65.21,exp11 同包曲线；训练种子 1；评估种子 123-125,需核对同物理/guard/轨迹；解析值为交接参考，非本次独立复算
exp09,S1__R_TDM,S1,R_TDM,1,400000,76.23222222222222,45.95222222222222,7.622222222222223,21.733333333333334,1.0,True,3,3,0.0,0.0,0.0,0.0,serial_runs/uam_jointfirst60m_v4_seed1_20260924_010334/S1__R_TDM/analysis/checkpoint_curve.csv,QTTI2,58.24,项目交接参考；当前归档未找到原始 S 阶段解析 CSV,UAGMC_SOURCE passenger-only + LQ,63.61,65.21,exp11 同包曲线；训练种子 1；评估种子 123-125,需核对同物理/guard/轨迹；解析值为交接参考，非本次独立复算
exp09,S1__R_TDM,S1,R_TDM,1,450000,75.41333333333333,44.88,7.763333333333333,21.853333333333335,1.0,True,3,3,0.0,0.0,0.0,0.0,serial_runs/uam_jointfirst60m_v4_seed1_20260924_010334/S1__R_TDM/analysis/checkpoint_curve.csv,QTTI2,58.24,项目交接参考；当前归档未找到原始 S 阶段解析 CSV,UAGMC_SOURCE passenger-only + LQ,63.61,65.21,exp11 同包曲线；训练种子 1；评估种子 123-125,需核对同物理/guard/轨迹；解析值为交接参考，非本次独立复算
exp09,S1__R_TDM,S1,R_TDM,1,500000,85.96555555555555,55.02777777777777,7.677777777777777,22.342222222222222,1.0,True,3,3,0.0,0.0,0.0,0.0,serial_runs/uam_jointfirst60m_v4_seed1_20260924_010334/S1__R_TDM/analysis/checkpoint_curve.csv,QTTI2,58.24,项目交接参考；当前归档未找到原始 S 阶段解析 CSV,UAGMC_SOURCE passenger-only + LQ,63.61,65.21,exp11 同包曲线；训练种子 1；评估种子 123-125,需核对同物理/guard/轨迹；解析值为交接参考，非本次独立复算
exp09,S1__R_TDM,S1,R_TDM,1,550000,92.44333333333333,61.44444444444445,7.72,22.355555555555554,1.0,True,3,3,0.0,0.0,0.0,0.0,serial_runs/uam_jointfirst60m_v4_seed1_20260924_010334/S1__R_TDM/analysis/checkpoint_curve.csv,QTTI2,58.24,项目交接参考；当前归档未找到原始 S 阶段解析 CSV,UAGMC_SOURCE passenger-only + LQ,63.61,65.21,exp11 同包曲线；训练种子 1；评估种子 123-125,需核对同物理/guard/轨迹；解析值为交接参考，非本次独立复算
exp09,S1__R_TDM,S1,R_TDM,1,600000,100.81,69.91666666666667,7.676666666666667,22.266666666666666,1.0,True,3,3,0.0,0.0,0.0,0.0,serial_runs/uam_jointfirst60m_v4_seed1_20260924_010334/S1__R_TDM/analysis/checkpoint_curve.csv,QTTI2,58.24,项目交接参考；当前归档未找到原始 S 阶段解析 CSV,UAGMC_SOURCE passenger-only + LQ,63.61,65.21,exp11 同包曲线；训练种子 1；评估种子 123-125,需核对同物理/guard/轨迹；解析值为交接参考，非本次独立复算
exp09,S1__S_EVENTGRAPH_GAT,S1,S_EVENTGRAPH_GAT,1,50000,260.92,234.4433333333333,6.386666666666667,19.12,1.0,True,3,3,0.0,0.0,0.0,0.0,serial_runs/uam_jointfirst60m_v4_seed1_20260924_010334/S1__S_EVENTGRAPH_GAT/analysis/checkpoint_curve.csv,QTTI2,58.24,项目交接参考；当前归档未找到原始 S 阶段解析 CSV,UAGMC_SOURCE passenger-only + LQ,63.61,65.21,exp11 同包曲线；训练种子 1；评估种子 123-125,需核对同物理/guard/轨迹；解析值为交接参考，非本次独立复算
exp09,S1__S_EVENTGRAPH_GAT,S1,S_EVENTGRAPH_GAT,1,100000,60.556666666666665,33.02,6.898888888888888,19.75111111111111,1.0,True,3,3,0.0,0.0,0.0,0.0,serial_runs/uam_jointfirst60m_v4_seed1_20260924_010334/S1__S_EVENTGRAPH_GAT/analysis/checkpoint_curve.csv,QTTI2,58.24,项目交接参考；当前归档未找到原始 S 阶段解析 CSV,UAGMC_SOURCE passenger-only + LQ,63.61,65.21,exp11 同包曲线；训练种子 1；评估种子 123-125,需核对同物理/guard/轨迹；解析值为交接参考，非本次独立复算
exp09,S1__S_EVENTGRAPH_GAT,S1,S_EVENTGRAPH_GAT,1,150000,58.01555555555555,30.81555555555555,6.586666666666666,19.724444444444444,1.0,True,3,3,0.0,0.0,0.0,0.0,serial_runs/uam_jointfirst60m_v4_seed1_20260924_010334/S1__S_EVENTGRAPH_GAT/analysis/checkpoint_curve.csv,QTTI2,58.24,项目交接参考；当前归档未找到原始 S 阶段解析 CSV,UAGMC_SOURCE passenger-only + LQ,63.61,65.21,exp11 同包曲线；训练种子 1；评估种子 123-125,需核对同物理/guard/轨迹；解析值为交接参考，非本次独立复算
exp09,S1__S_EVENTGRAPH_GAT,S1,S_EVENTGRAPH_GAT,1,200000,58.830000000000005,31.78222222222222,6.476666666666667,19.675555555555558,1.0,True,3,3,0.0,0.0,0.0,0.0,serial_runs/uam_jointfirst60m_v4_seed1_20260924_010334/S1__S_EVENTGRAPH_GAT/analysis/checkpoint_curve.csv,QTTI2,58.24,项目交接参考；当前归档未找到原始 S 阶段解析 CSV,UAGMC_SOURCE passenger-only + LQ,63.61,65.21,exp11 同包曲线；训练种子 1；评估种子 123-125,需核对同物理/guard/轨迹；解析值为交接参考，非本次独立复算
exp09,S1__S_EVENTGRAPH_GAT,S1,S_EVENTGRAPH_GAT,1,250000,58.49555555555556,31.514444444444447,6.491111111111112,19.604444444444447,1.0,True,3,3,0.0,0.0,0.0,0.0,serial_runs/uam_jointfirst60m_v4_seed1_20260924_010334/S1__S_EVENTGRAPH_GAT/analysis/checkpoint_curve.csv,QTTI2,58.24,项目交接参考；当前归档未找到原始 S 阶段解析 CSV,UAGMC_SOURCE passenger-only + LQ,63.61,65.21,exp11 同包曲线；训练种子 1；评估种子 123-125,需核对同物理/guard/轨迹；解析值为交接参考，非本次独立复算
exp09,S1__S_EVENTGRAPH_GAT,S1,S_EVENTGRAPH_GAT,1,300000,70.54555555555555,43.093333333333334,6.751111111111111,19.79111111111111,1.0,True,3,3,0.0,0.0,0.0,0.0,serial_runs/uam_jointfirst60m_v4_seed1_20260924_010334/S1__S_EVENTGRAPH_GAT/analysis/checkpoint_curve.csv,QTTI2,58.24,项目交接参考；当前归档未找到原始 S 阶段解析 CSV,UAGMC_SOURCE passenger-only + LQ,63.61,65.21,exp11 同包曲线；训练种子 1；评估种子 123-125,需核对同物理/guard/轨迹；解析值为交接参考，非本次独立复算
exp09,S1__S_EVENTGRAPH_GAT,S1,S_EVENTGRAPH_GAT,1,350000,70.62777777777778,42.02888888888889,7.083333333333333,20.546666666666667,1.0,True,3,3,0.0,0.0,0.0,0.0,serial_runs/uam_jointfirst60m_v4_seed1_20260924_010334/S1__S_EVENTGRAPH_GAT/analysis/checkpoint_curve.csv,QTTI2,58.24,项目交接参考；当前归档未找到原始 S 阶段解析 CSV,UAGMC_SOURCE passenger-only + LQ,63.61,65.21,exp11 同包曲线；训练种子 1；评估种子 123-125,需核对同物理/guard/轨迹；解析值为交接参考，非本次独立复算
exp09,S1__S_EVENTGRAPH_GAT,S1,S_EVENTGRAPH_GAT,1,400000,74.87,46.16,7.16,20.68,1.0,True,3,3,0.0,0.0,0.0,0.0,serial_runs/uam_jointfirst60m_v4_seed1_20260924_010334/S1__S_EVENTGRAPH_GAT/analysis/checkpoint_curve.csv,QTTI2,58.24,项目交接参考；当前归档未找到原始 S 阶段解析 CSV,UAGMC_SOURCE passenger-only + LQ,63.61,65.21,exp11 同包曲线；训练种子 1；评估种子 123-125,需核对同物理/guard/轨迹；解析值为交接参考，非本次独立复算
exp09,S1__S_EVENTGRAPH_GAT,S1,S_EVENTGRAPH_GAT,1,450000,76.52,48.126666666666665,6.989999999999999,20.48,1.0,True,3,3,0.0,0.0,0.0,0.0,serial_runs/uam_jointfirst60m_v4_seed1_20260924_010334/S1__S_EVENTGRAPH_GAT/analysis/checkpoint_curve.csv,QTTI2,58.24,项目交接参考；当前归档未找到原始 S 阶段解析 CSV,UAGMC_SOURCE passenger-only + LQ,63.61,65.21,exp11 同包曲线；训练种子 1；评估种子 123-125,需核对同物理/guard/轨迹；解析值为交接参考，非本次独立复算
exp09,S1__S_EVENTGRAPH_GAT,S1,S_EVENTGRAPH_GAT,1,500000,71.62333333333333,42.553333333333335,7.27,20.84,1.0,True,3,3,0.0,0.0,0.0,0.0,serial_runs/uam_jointfirst60m_v4_seed1_20260924_010334/S1__S_EVENTGRAPH_GAT/analysis/checkpoint_curve.csv,QTTI2,58.24,项目交接参考；当前归档未找到原始 S 阶段解析 CSV,UAGMC_SOURCE passenger-only + LQ,63.61,65.21,exp11 同包曲线；训练种子 1；评估种子 123-125,需核对同物理/guard/轨迹；解析值为交接参考，非本次独立复算
exp09,S1__S_EVENTGRAPH_GAT,S1,S_EVENTGRAPH_GAT,1,550000,72.39,43.153333333333336,7.3566666666666665,20.933333333333334,1.0,True,3,3,0.0,0.0,0.0,0.0,serial_runs/uam_jointfirst60m_v4_seed1_20260924_010334/S1__S_EVENTGRAPH_GAT/analysis/checkpoint_curve.csv,QTTI2,58.24,项目交接参考；当前归档未找到原始 S 阶段解析 CSV,UAGMC_SOURCE passenger-only + LQ,63.61,65.21,exp11 同包曲线；训练种子 1；评估种子 123-125,需核对同物理/guard/轨迹；解析值为交接参考，非本次独立复算
exp09,S1__S_EVENTGRAPH_GAT,S1,S_EVENTGRAPH_GAT,1,600000,88.01,59.76333333333334,7.026666666666666,20.28,1.0,True,3,3,0.0,0.0,0.0,0.0,serial_runs/uam_jointfirst60m_v4_seed1_20260924_010334/S1__S_EVENTGRAPH_GAT/analysis/checkpoint_curve.csv,QTTI2,58.24,项目交接参考；当前归档未找到原始 S 阶段解析 CSV,UAGMC_SOURCE passenger-only + LQ,63.61,65.21,exp11 同包曲线；训练种子 1；评估种子 123-125,需核对同物理/guard/轨迹；解析值为交接参考，非本次独立复算
exp09,S1__S_SETTRANS_EVENT,S1,S_SETTRANS_EVENT,1,50000,612.5966666666667,586.4333333333333,6.163333333333333,19.0,1.0,True,3,3,0.0,0.0,0.0,0.0,serial_runs/uam_jointfirst60m_v4_seed1_20260924_010334/S1__S_SETTRANS_EVENT/analysis/checkpoint_curve.csv,QTTI2,58.24,项目交接参考；当前归档未找到原始 S 阶段解析 CSV,UAGMC_SOURCE passenger-only + LQ,63.61,65.21,exp11 同包曲线；训练种子 1；评估种子 123-125,需核对同物理/guard/轨迹；解析值为交接参考，非本次独立复算
exp09,S1__S_SETTRANS_EVENT,S1,S_SETTRANS_EVENT,1,100000,90.28444444444445,61.587777777777774,7.24888888888889,20.53333333333333,1.0,True,3,3,0.0,0.0,0.0,0.0,serial_runs/uam_jointfirst60m_v4_seed1_20260924_010334/S1__S_SETTRANS_EVENT/analysis/checkpoint_curve.csv,QTTI2,58.24,项目交接参考；当前归档未找到原始 S 阶段解析 CSV,UAGMC_SOURCE passenger-only + LQ,63.61,65.21,exp11 同包曲线；训练种子 1；评估种子 123-125,需核对同物理/guard/轨迹；解析值为交接参考，非本次独立复算
exp09,S1__S_SETTRANS_EVENT,S1,S_SETTRANS_EVENT,1,150000,78.95,50.678888888888885,7.007777777777778,20.337777777777777,1.0,True,3,3,0.0,0.0,0.0,0.0,serial_runs/uam_jointfirst60m_v4_seed1_20260924_010334/S1__S_SETTRANS_EVENT/analysis/checkpoint_curve.csv,QTTI2,58.24,项目交接参考；当前归档未找到原始 S 阶段解析 CSV,UAGMC_SOURCE passenger-only + LQ,63.61,65.21,exp11 同包曲线；训练种子 1；评估种子 123-125,需核对同物理/guard/轨迹；解析值为交接参考，非本次独立复算
exp09,S1__S_SETTRANS_EVENT,S1,S_SETTRANS_EVENT,1,200000,74.33444444444444,45.33222222222222,7.275555555555556,20.804444444444446,1.0,True,3,3,0.0,0.0,0.0,0.0,serial_runs/uam_jointfirst60m_v4_seed1_20260924_010334/S1__S_SETTRANS_EVENT/analysis/checkpoint_curve.csv,QTTI2,58.24,项目交接参考；当前归档未找到原始 S 阶段解析 CSV,UAGMC_SOURCE passenger-only + LQ,63.61,65.21,exp11 同包曲线；训练种子 1；评估种子 123-125,需核对同物理/guard/轨迹；解析值为交接参考，非本次独立复算
exp09,S1__S_SETTRANS_EVENT,S1,S_SETTRANS_EVENT,1,250000,73.82666666666667,43.67666666666667,7.849999999999999,21.333333333333332,1.0,True,3,3,0.0,0.0,0.0,0.0,serial_runs/uam_jointfirst60m_v4_seed1_20260924_010334/S1__S_SETTRANS_EVENT/analysis/checkpoint_curve.csv,QTTI2,58.24,项目交接参考；当前归档未找到原始 S 阶段解析 CSV,UAGMC_SOURCE passenger-only + LQ,63.61,65.21,exp11 同包曲线；训练种子 1；评估种子 123-125,需核对同物理/guard/轨迹；解析值为交接参考，非本次独立复算
exp09,S1__S_SETTRANS_EVENT,S1,S_SETTRANS_EVENT,1,300000,72.02666666666667,42.473333333333336,7.566666666666666,21.053333333333335,1.0,True,3,3,0.0,0.0,0.0,0.0,serial_runs/uam_jointfirst60m_v4_seed1_20260924_010334/S1__S_SETTRANS_EVENT/analysis/checkpoint_curve.csv,QTTI2,58.24,项目交接参考；当前归档未找到原始 S 阶段解析 CSV,UAGMC_SOURCE passenger-only + LQ,63.61,65.21,exp11 同包曲线；训练种子 1；评估种子 123-125,需核对同物理/guard/轨迹；解析值为交接参考，非本次独立复算
exp09,S1__S_SETTRANS_EVENT,S1,S_SETTRANS_EVENT,1,350000,82.75333333333333,52.48333333333333,7.803333333333334,21.533333333333335,1.0,True,3,3,0.0,0.0,0.0,0.0,serial_runs/uam_jointfirst60m_v4_seed1_20260924_010334/S1__S_SETTRANS_EVENT/analysis/checkpoint_curve.csv,QTTI2,58.24,项目交接参考；当前归档未找到原始 S 阶段解析 CSV,UAGMC_SOURCE passenger-only + LQ,63.61,65.21,exp11 同包曲线；训练种子 1；评估种子 123-125,需核对同物理/guard/轨迹；解析值为交接参考，非本次独立复算
exp09,S1__S_SETTRANS_EVENT,S1,S_SETTRANS_EVENT,1,400000,72.25888888888888,42.49,7.543333333333333,21.319999999999997,1.0,True,3,3,0.0,0.0,0.0,0.0,serial_runs/uam_jointfirst60m_v4_seed1_20260924_010334/S1__S_SETTRANS_EVENT/analysis/checkpoint_curve.csv,QTTI2,58.24,项目交接参考；当前归档未找到原始 S 阶段解析 CSV,UAGMC_SOURCE passenger-only + LQ,63.61,65.21,exp11 同包曲线；训练种子 1；评估种子 123-125,需核对同物理/guard/轨迹；解析值为交接参考，非本次独立复算
exp09,S1__S_SETTRANS_EVENT,S1,S_SETTRANS_EVENT,1,450000,72.47666666666667,43.24,7.357777777777778,20.973333333333333,1.0,True,3,3,0.0,0.0,0.0,0.0,serial_runs/uam_jointfirst60m_v4_seed1_20260924_010334/S1__S_SETTRANS_EVENT/analysis/checkpoint_curve.csv,QTTI2,58.24,项目交接参考；当前归档未找到原始 S 阶段解析 CSV,UAGMC_SOURCE passenger-only + LQ,63.61,65.21,exp11 同包曲线；训练种子 1；评估种子 123-125,需核对同物理/guard/轨迹；解析值为交接参考，非本次独立复算
exp09,S1__S_SETTRANS_EVENT,S1,S_SETTRANS_EVENT,1,500000,70.82444444444444,41.44444444444445,7.322222222222223,21.155555555555555,1.0,True,3,3,0.0,0.0,0.0,0.0,serial_runs/uam_jointfirst60m_v4_seed1_20260924_010334/S1__S_SETTRANS_EVENT/analysis/checkpoint_curve.csv,QTTI2,58.24,项目交接参考；当前归档未找到原始 S 阶段解析 CSV,UAGMC_SOURCE passenger-only + LQ,63.61,65.21,exp11 同包曲线；训练种子 1；评估种子 123-125,需核对同物理/guard/轨迹；解析值为交接参考，非本次独立复算
exp09,S1__S_SETTRANS_EVENT,S1,S_SETTRANS_EVENT,1,550000,70.66,41.053333333333335,7.3933333333333335,21.32,1.0,True,3,3,0.0,0.0,0.0,0.0,serial_runs/uam_jointfirst60m_v4_seed1_20260924_010334/S1__S_SETTRANS_EVENT/analysis/checkpoint_curve.csv,QTTI2,58.24,项目交接参考；当前归档未找到原始 S 阶段解析 CSV,UAGMC_SOURCE passenger-only + LQ,63.61,65.21,exp11 同包曲线；训练种子 1；评估种子 123-125,需核对同物理/guard/轨迹；解析值为交接参考，非本次独立复算
exp09,S1__S_SETTRANS_EVENT,S1,S_SETTRANS_EVENT,1,600000,72.75,42.78333333333333,7.5,21.546666666666667,1.0,True,3,3,0.0,0.0,0.0,0.0,serial_runs/uam_jointfirst60m_v4_seed1_20260924_010334/S1__S_SETTRANS_EVENT/analysis/checkpoint_curve.csv,QTTI2,58.24,项目交接参考；当前归档未找到原始 S 阶段解析 CSV,UAGMC_SOURCE passenger-only + LQ,63.61,65.21,exp11 同包曲线；训练种子 1；评估种子 123-125,需核对同物理/guard/轨迹；解析值为交接参考，非本次独立复算
exp09,S1__W_EVENTQ_COCO_CF,S1,W_EVENTQ_COCO_CF,1,50000,66.75333333333333,38.37,7.05,20.44,1.0,True,3,3,0.0,0.0,0.0,0.0,serial_runs/uam_jointfirst60m_v4_seed1_20260924_010334/S1__W_EVENTQ_COCO_CF/analysis/checkpoint_curve.csv,QTTI2,58.24,项目交接参考；当前归档未找到原始 S 阶段解析 CSV,UAGMC_SOURCE passenger-only + LQ,63.61,65.21,exp11 同包曲线；训练种子 1；评估种子 123-125,需核对同物理/guard/轨迹；解析值为交接参考，非本次独立复算
exp09,S1__W_EVENTQ_COCO_CF,S1,W_EVENTQ_COCO_CF,1,100000,70.44555555555554,40.95444444444445,7.4511111111111115,21.088888888888892,1.0,True,3,3,0.0,0.0,0.0,0.0,serial_runs/uam_jointfirst60m_v4_seed1_20260924_010334/S1__W_EVENTQ_COCO_CF/analysis/checkpoint_curve.csv,QTTI2,58.24,项目交接参考；当前归档未找到原始 S 阶段解析 CSV,UAGMC_SOURCE passenger-only + LQ,63.61,65.21,exp11 同包曲线；训练种子 1；评估种子 123-125,需核对同物理/guard/轨迹；解析值为交接参考，非本次独立复算
exp09,S1__W_EVENTQ_COCO_CF,S1,W_EVENTQ_COCO_CF,1,150000,69.60888888888888,40.04777777777778,7.635555555555555,20.982222222222223,1.0,True,3,3,0.0,0.0,0.0,0.0,serial_runs/uam_jointfirst60m_v4_seed1_20260924_010334/S1__W_EVENTQ_COCO_CF/analysis/checkpoint_curve.csv,QTTI2,58.24,项目交接参考；当前归档未找到原始 S 阶段解析 CSV,UAGMC_SOURCE passenger-only + LQ,63.61,65.21,exp11 同包曲线；训练种子 1；评估种子 123-125,需核对同物理/guard/轨迹；解析值为交接参考，非本次独立复算
exp09,S1__W_EVENTQ_COCO_CF,S1,W_EVENTQ_COCO_CF,1,200000,76.41222222222221,46.138888888888886,7.775555555555555,21.586666666666662,1.0,True,3,3,0.0,0.0,0.0,0.0,serial_runs/uam_jointfirst60m_v4_seed1_20260924_010334/S1__W_EVENTQ_COCO_CF/analysis/checkpoint_curve.csv,QTTI2,58.24,项目交接参考；当前归档未找到原始 S 阶段解析 CSV,UAGMC_SOURCE passenger-only + LQ,63.61,65.21,exp11 同包曲线；训练种子 1；评估种子 123-125,需核对同物理/guard/轨迹；解析值为交接参考，非本次独立复算
exp09,S1__W_EVENTQ_COCO_CF,S1,W_EVENTQ_COCO_CF,1,250000,70.94666666666667,40.97,7.673333333333333,21.36,1.0,True,3,3,0.0,0.0,0.0,0.0,serial_runs/uam_jointfirst60m_v4_seed1_20260924_010334/S1__W_EVENTQ_COCO_CF/analysis/checkpoint_curve.csv,QTTI2,58.24,项目交接参考；当前归档未找到原始 S 阶段解析 CSV,UAGMC_SOURCE passenger-only + LQ,63.61,65.21,exp11 同包曲线；训练种子 1；评估种子 123-125,需核对同物理/guard/轨迹；解析值为交接参考，非本次独立复算
exp09,S1__W_EVENTQ_COCO_CF,S1,W_EVENTQ_COCO_CF,1,300000,71.33777777777777,41.91777777777778,7.4433333333333325,21.06222222222222,1.0,True,3,3,0.0,0.0,0.0,0.0,serial_runs/uam_jointfirst60m_v4_seed1_20260924_010334/S1__W_EVENTQ_COCO_CF/analysis/checkpoint_curve.csv,QTTI2,58.24,项目交接参考；当前归档未找到原始 S 阶段解析 CSV,UAGMC_SOURCE passenger-only + LQ,63.61,65.21,exp11 同包曲线；训练种子 1；评估种子 123-125,需核对同物理/guard/轨迹；解析值为交接参考，非本次独立复算
exp09,S1__W_EVENTQ_COCO_CF,S1,W_EVENTQ_COCO_CF,1,350000,77.70333333333333,47.25111111111111,7.75,21.764444444444447,1.0,True,3,3,0.0,0.0,0.0,0.0,serial_runs/uam_jointfirst60m_v4_seed1_20260924_010334/S1__W_EVENTQ_COCO_CF/analysis/checkpoint_curve.csv,QTTI2,58.24,项目交接参考；当前归档未找到原始 S 阶段解析 CSV,UAGMC_SOURCE passenger-only + LQ,63.61,65.21,exp11 同包曲线；训练种子 1；评估种子 123-125,需核对同物理/guard/轨迹；解析值为交接参考，非本次独立复算
exp09,S1__W_EVENTQ_COCO_CF,S1,W_EVENTQ_COCO_CF,1,400000,74.87888888888888,44.89333333333334,7.576666666666667,21.50222222222222,1.0,True,3,3,0.0,0.0,0.0,0.0,serial_runs/uam_jointfirst60m_v4_seed1_20260924_010334/S1__W_EVENTQ_COCO_CF/analysis/checkpoint_curve.csv,QTTI2,58.24,项目交接参考；当前归档未找到原始 S 阶段解析 CSV,UAGMC_SOURCE passenger-only + LQ,63.61,65.21,exp11 同包曲线；训练种子 1；评估种子 123-125,需核对同物理/guard/轨迹；解析值为交接参考，非本次独立复算
exp09,S1__W_EVENTQ_COCO_CF,S1,W_EVENTQ_COCO_CF,1,450000,78.50444444444445,47.85333333333333,7.8244444444444445,21.89777777777778,1.0,True,3,3,0.0,0.0,0.0,0.0,serial_runs/uam_jointfirst60m_v4_seed1_20260924_010334/S1__W_EVENTQ_COCO_CF/analysis/checkpoint_curve.csv,QTTI2,58.24,项目交接参考；当前归档未找到原始 S 阶段解析 CSV,UAGMC_SOURCE passenger-only + LQ,63.61,65.21,exp11 同包曲线；训练种子 1；评估种子 123-125,需核对同物理/guard/轨迹；解析值为交接参考，非本次独立复算
exp09,S1__W_EVENTQ_COCO_CF,S1,W_EVENTQ_COCO_CF,1,500000,77.26333333333334,46.56333333333333,7.81,21.933333333333334,1.0,True,3,3,0.0,0.0,0.0,0.0,serial_runs/uam_jointfirst60m_v4_seed1_20260924_010334/S1__W_EVENTQ_COCO_CF/analysis/checkpoint_curve.csv,QTTI2,58.24,项目交接参考；当前归档未找到原始 S 阶段解析 CSV,UAGMC_SOURCE passenger-only + LQ,63.61,65.21,exp11 同包曲线；训练种子 1；评估种子 123-125,需核对同物理/guard/轨迹；解析值为交接参考，非本次独立复算
exp09,S1__W_EVENTQ_COCO_CF,S1,W_EVENTQ_COCO_CF,1,550000,78.54,47.830000000000005,7.886666666666667,21.906666666666666,1.0,True,3,3,0.0,0.0,0.0,0.0,serial_runs/uam_jointfirst60m_v4_seed1_20260924_010334/S1__W_EVENTQ_COCO_CF/analysis/checkpoint_curve.csv,QTTI2,58.24,项目交接参考；当前归档未找到原始 S 阶段解析 CSV,UAGMC_SOURCE passenger-only + LQ,63.61,65.21,exp11 同包曲线；训练种子 1；评估种子 123-125,需核对同物理/guard/轨迹；解析值为交接参考，非本次独立复算
exp09,S1__W_EVENTQ_COCO_CF,S1,W_EVENTQ_COCO_CF,1,600000,79.21666666666667,48.48888888888889,7.797777777777777,22.004444444444445,1.0,True,3,3,0.0,0.0,0.0,0.0,serial_runs/uam_jointfirst60m_v4_seed1_20260924_010334/S1__W_EVENTQ_COCO_CF/analysis/checkpoint_curve.csv,QTTI2,58.24,项目交接参考；当前归档未找到原始 S 阶段解析 CSV,UAGMC_SOURCE passenger-only + LQ,63.61,65.21,exp11 同包曲线；训练种子 1；评估种子 123-125,需核对同物理/guard/轨迹；解析值为交接参考，非本次独立复算
exp09,S1__W_TDM_CVAML,S1,W_TDM_CVAML,1,50000,61.946666666666665,35.11,6.47,19.426666666666666,1.0,True,3,3,0.0,0.0,0.0,0.0,serial_runs/uam_jointfirst60m_v4_seed1_20260924_010334/S1__W_TDM_CVAML/analysis/checkpoint_curve.csv,QTTI2,58.24,项目交接参考；当前归档未找到原始 S 阶段解析 CSV,UAGMC_SOURCE passenger-only + LQ,63.61,65.21,exp11 同包曲线；训练种子 1；评估种子 123-125,需核对同物理/guard/轨迹；解析值为交接参考，非本次独立复算
exp09,S1__W_TDM_CVAML,S1,W_TDM_CVAML,1,100000,75.91,46.31666666666667,7.666666666666667,20.973333333333333,1.0,True,3,3,0.0,0.0,0.0,0.0,serial_runs/uam_jointfirst60m_v4_seed1_20260924_010334/S1__W_TDM_CVAML/analysis/checkpoint_curve.csv,QTTI2,58.24,项目交接参考；当前归档未找到原始 S 阶段解析 CSV,UAGMC_SOURCE passenger-only + LQ,63.61,65.21,exp11 同包曲线；训练种子 1；评估种子 123-125,需核对同物理/guard/轨迹；解析值为交接参考，非本次独立复算
exp09,S1__W_TDM_CVAML,S1,W_TDM_CVAML,1,150000,69.55333333333333,39.88,7.66,21.066666666666666,1.0,True,3,3,0.0,0.0,0.0,0.0,serial_runs/uam_jointfirst60m_v4_seed1_20260924_010334/S1__W_TDM_CVAML/analysis/checkpoint_curve.csv,QTTI2,58.24,项目交接参考；当前归档未找到原始 S 阶段解析 CSV,UAGMC_SOURCE passenger-only + LQ,63.61,65.21,exp11 同包曲线；训练种子 1；评估种子 123-125,需核对同物理/guard/轨迹；解析值为交接参考，非本次独立复算
exp09,S1__W_TDM_CVAML,S1,W_TDM_CVAML,1,200000,70.77,41.45,7.516666666666667,20.85333333333333,1.0,True,3,3,0.0,0.0,0.0,0.0,serial_runs/uam_jointfirst60m_v4_seed1_20260924_010334/S1__W_TDM_CVAML/analysis/checkpoint_curve.csv,QTTI2,58.24,项目交接参考；当前归档未找到原始 S 阶段解析 CSV,UAGMC_SOURCE passenger-only + LQ,63.61,65.21,exp11 同包曲线；训练种子 1；评估种子 123-125,需核对同物理/guard/轨迹；解析值为交接参考，非本次独立复算
exp09,S1__W_TDM_CVAML,S1,W_TDM_CVAML,1,250000,72.98333333333333,43.79,7.408888888888889,20.822222222222223,1.0,True,3,3,0.0,0.0,0.0,0.0,serial_runs/uam_jointfirst60m_v4_seed1_20260924_010334/S1__W_TDM_CVAML/analysis/checkpoint_curve.csv,QTTI2,58.24,项目交接参考；当前归档未找到原始 S 阶段解析 CSV,UAGMC_SOURCE passenger-only + LQ,63.61,65.21,exp11 同包曲线；训练种子 1；评估种子 123-125,需核对同物理/guard/轨迹；解析值为交接参考，非本次独立复算
exp09,S1__W_TDM_CVAML,S1,W_TDM_CVAML,1,300000,65.93111111111111,36.99555555555556,7.34,20.671111111111113,1.0,True,3,3,0.0,0.0,0.0,0.0,serial_runs/uam_jointfirst60m_v4_seed1_20260924_010334/S1__W_TDM_CVAML/analysis/checkpoint_curve.csv,QTTI2,58.24,项目交接参考；当前归档未找到原始 S 阶段解析 CSV,UAGMC_SOURCE passenger-only + LQ,63.61,65.21,exp11 同包曲线；训练种子 1；评估种子 123-125,需核对同物理/guard/轨迹；解析值为交接参考，非本次独立复算
exp09,S1__W_TDM_CVAML,S1,W_TDM_CVAML,1,350000,65.2588888888889,36.65111111111111,7.239999999999999,20.462222222222223,1.0,True,3,3,0.0,0.0,0.0,0.0,serial_runs/uam_jointfirst60m_v4_seed1_20260924_010334/S1__W_TDM_CVAML/analysis/checkpoint_curve.csv,QTTI2,58.24,项目交接参考；当前归档未找到原始 S 阶段解析 CSV,UAGMC_SOURCE passenger-only + LQ,63.61,65.21,exp11 同包曲线；训练种子 1；评估种子 123-125,需核对同物理/guard/轨迹；解析值为交接参考，非本次独立复算
exp09,S1__W_TDM_CVAML,S1,W_TDM_CVAML,1,400000,68.45777777777778,39.68888888888889,7.278888888888889,20.608888888888888,1.0,True,3,3,0.0,0.0,0.0,0.0,serial_runs/uam_jointfirst60m_v4_seed1_20260924_010334/S1__W_TDM_CVAML/analysis/checkpoint_curve.csv,QTTI2,58.24,项目交接参考；当前归档未找到原始 S 阶段解析 CSV,UAGMC_SOURCE passenger-only + LQ,63.61,65.21,exp11 同包曲线；训练种子 1；评估种子 123-125,需核对同物理/guard/轨迹；解析值为交接参考，非本次独立复算
exp09,S1__W_TDM_CVAML,S1,W_TDM_CVAML,1,450000,71.72666666666667,42.88111111111112,7.202222222222223,20.76,1.0,True,3,3,0.0,0.0,0.0,0.0,serial_runs/uam_jointfirst60m_v4_seed1_20260924_010334/S1__W_TDM_CVAML/analysis/checkpoint_curve.csv,QTTI2,58.24,项目交接参考；当前归档未找到原始 S 阶段解析 CSV,UAGMC_SOURCE passenger-only + LQ,63.61,65.21,exp11 同包曲线；训练种子 1；评估种子 123-125,需核对同物理/guard/轨迹；解析值为交接参考，非本次独立复算
exp09,S1__W_TDM_CVAML,S1,W_TDM_CVAML,1,500000,69.10888888888888,40.47222222222222,7.104444444444444,20.657777777777778,1.0,True,3,3,0.0,0.0,0.0,0.0,serial_runs/uam_jointfirst60m_v4_seed1_20260924_010334/S1__W_TDM_CVAML/analysis/checkpoint_curve.csv,QTTI2,58.24,项目交接参考；当前归档未找到原始 S 阶段解析 CSV,UAGMC_SOURCE passenger-only + LQ,63.61,65.21,exp11 同包曲线；训练种子 1；评估种子 123-125,需核对同物理/guard/轨迹；解析值为交接参考，非本次独立复算
exp09,S1__W_TDM_CVAML,S1,W_TDM_CVAML,1,550000,70.51333333333332,42.0,7.006666666666667,20.613333333333333,1.0,True,3,3,0.0,0.0,0.0,0.0,serial_runs/uam_jointfirst60m_v4_seed1_20260924_010334/S1__W_TDM_CVAML/analysis/checkpoint_curve.csv,QTTI2,58.24,项目交接参考；当前归档未找到原始 S 阶段解析 CSV,UAGMC_SOURCE passenger-only + LQ,63.61,65.21,exp11 同包曲线；训练种子 1；评估种子 123-125,需核对同物理/guard/轨迹；解析值为交接参考，非本次独立复算
exp09,S1__W_TDM_CVAML,S1,W_TDM_CVAML,1,600000,78.26555555555557,50.25666666666667,7.003333333333333,20.08888888888889,1.0,True,3,3,0.0,0.0,0.0,0.0,serial_runs/uam_jointfirst60m_v4_seed1_20260924_010334/S1__W_TDM_CVAML/analysis/checkpoint_curve.csv,QTTI2,58.24,项目交接参考；当前归档未找到原始 S 阶段解析 CSV,UAGMC_SOURCE passenger-only + LQ,63.61,65.21,exp11 同包曲线；训练种子 1；评估种子 123-125,需核对同物理/guard/轨迹；解析值为交接参考，非本次独立复算
exp09,S2__A_COMA_AC,S2,A_COMA_AC,1,50000,90.18555555555555,59.38333333333333,7.973333333333334,21.86666666666667,1.0,True,3,3,0.0,0.0,0.0,0.0,serial_runs/uam_jointfirst60m_v4_seed1_20260924_010334/S2__A_COMA_AC/analysis/checkpoint_curve.csv,STTF,66.19,项目交接参考；当前归档未找到原始 S 阶段解析 CSV,UAGMC_SOURCE passenger-only + LQ,64.31,67.17,exp11 同包曲线；训练种子 1；评估种子 123-125,需核对同物理/guard/轨迹；解析值为交接参考，非本次独立复算
exp09,S2__A_COMA_AC,S2,A_COMA_AC,1,100000,76.79888888888888,47.78888888888889,7.397777777777779,20.662222222222223,1.0,True,3,3,0.0,0.0,0.0,0.0,serial_runs/uam_jointfirst60m_v4_seed1_20260924_010334/S2__A_COMA_AC/analysis/checkpoint_curve.csv,STTF,66.19,项目交接参考；当前归档未找到原始 S 阶段解析 CSV,UAGMC_SOURCE passenger-only + LQ,64.31,67.17,exp11 同包曲线；训练种子 1；评估种子 123-125,需核对同物理/guard/轨迹；解析值为交接参考，非本次独立复算
exp09,S2__A_COMA_AC,S2,A_COMA_AC,1,150000,80.52111111111111,50.20444444444445,7.814444444444445,21.546666666666667,1.0,True,3,3,0.0,0.0,0.0,0.0,serial_runs/uam_jointfirst60m_v4_seed1_20260924_010334/S2__A_COMA_AC/analysis/checkpoint_curve.csv,STTF,66.19,项目交接参考；当前归档未找到原始 S 阶段解析 CSV,UAGMC_SOURCE passenger-only + LQ,64.31,67.17,exp11 同包曲线；训练种子 1；评估种子 123-125,需核对同物理/guard/轨迹；解析值为交接参考，非本次独立复算
exp09,S2__A_COMA_AC,S2,A_COMA_AC,1,200000,75.50777777777778,46.056666666666665,7.487777777777777,21.044444444444444,1.0,True,3,3,0.0,0.0,0.0,0.0,serial_runs/uam_jointfirst60m_v4_seed1_20260924_010334/S2__A_COMA_AC/analysis/checkpoint_curve.csv,STTF,66.19,项目交接参考；当前归档未找到原始 S 阶段解析 CSV,UAGMC_SOURCE passenger-only + LQ,64.31,67.17,exp11 同包曲线；训练种子 1；评估种子 123-125,需核对同物理/guard/轨迹；解析值为交接参考，非本次独立复算
exp09,S2__A_COMA_AC,S2,A_COMA_AC,1,250000,69.33555555555556,40.285555555555554,7.349999999999999,20.8,1.0,True,3,3,0.0,0.0,0.0,0.0,serial_runs/uam_jointfirst60m_v4_seed1_20260924_010334/S2__A_COMA_AC/analysis/checkpoint_curve.csv,STTF,66.19,项目交接参考；当前归档未找到原始 S 阶段解析 CSV,UAGMC_SOURCE passenger-only + LQ,64.31,67.17,exp11 同包曲线；训练种子 1；评估种子 123-125,需核对同物理/guard/轨迹；解析值为交接参考，非本次独立复算
exp09,S2__A_COMA_AC,S2,A_COMA_AC,1,300000,74.49888888888889,45.041111111111114,7.523333333333333,21.031111111111112,1.0,True,3,3,0.0,0.0,0.0,0.0,serial_runs/uam_jointfirst60m_v4_seed1_20260924_010334/S2__A_COMA_AC/analysis/checkpoint_curve.csv,STTF,66.19,项目交接参考；当前归档未找到原始 S 阶段解析 CSV,UAGMC_SOURCE passenger-only + LQ,64.31,67.17,exp11 同包曲线；训练种子 1；评估种子 123-125,需核对同物理/guard/轨迹；解析值为交接参考，非本次独立复算
exp09,S2__A_COMA_AC,S2,A_COMA_AC,1,350000,71.69666666666667,42.39,7.383333333333333,21.013333333333332,1.0,True,3,3,0.0,0.0,0.0,0.0,serial_runs/uam_jointfirst60m_v4_seed1_20260924_010334/S2__A_COMA_AC/analysis/checkpoint_curve.csv,STTF,66.19,项目交接参考；当前归档未找到原始 S 阶段解析 CSV,UAGMC_SOURCE passenger-only + LQ,64.31,67.17,exp11 同包曲线；训练种子 1；评估种子 123-125,需核对同物理/guard/轨迹；解析值为交接参考，非本次独立复算
exp09,S2__A_COMA_AC,S2,A_COMA_AC,1,400000,73.10555555555555,43.583333333333336,7.515555555555555,21.12,1.0,True,3,3,0.0,0.0,0.0,0.0,serial_runs/uam_jointfirst60m_v4_seed1_20260924_010334/S2__A_COMA_AC/analysis/checkpoint_curve.csv,STTF,66.19,项目交接参考；当前归档未找到原始 S 阶段解析 CSV,UAGMC_SOURCE passenger-only + LQ,64.31,67.17,exp11 同包曲线；训练种子 1；评估种子 123-125,需核对同物理/guard/轨迹；解析值为交接参考，非本次独立复算
exp09,S2__A_COMA_AC,S2,A_COMA_AC,1,450000,75.85666666666667,46.08555555555555,7.615555555555556,21.20888888888889,1.0,True,3,3,0.0,0.0,0.0,0.0,serial_runs/uam_jointfirst60m_v4_seed1_20260924_010334/S2__A_COMA_AC/analysis/checkpoint_curve.csv,STTF,66.19,项目交接参考；当前归档未找到原始 S 阶段解析 CSV,UAGMC_SOURCE passenger-only + LQ,64.31,67.17,exp11 同包曲线；训练种子 1；评估种子 123-125,需核对同物理/guard/轨迹；解析值为交接参考，非本次独立复算
exp09,S2__A_COMA_AC,S2,A_COMA_AC,1,500000,74.85444444444444,45.31,7.372222222222223,21.253333333333334,1.0,True,3,3,0.0,0.0,0.0,0.0,serial_runs/uam_jointfirst60m_v4_seed1_20260924_010334/S2__A_COMA_AC/analysis/checkpoint_curve.csv,STTF,66.19,项目交接参考；当前归档未找到原始 S 阶段解析 CSV,UAGMC_SOURCE passenger-only + LQ,64.31,67.17,exp11 同包曲线；训练种子 1；评估种子 123-125,需核对同物理/guard/轨迹；解析值为交接参考，非本次独立复算
exp09,S2__A_COMA_AC,S2,A_COMA_AC,1,550000,74.41222222222223,44.68,7.434444444444445,21.34222222222222,1.0,True,3,3,0.0,0.0,0.0,0.0,serial_runs/uam_jointfirst60m_v4_seed1_20260924_010334/S2__A_COMA_AC/analysis/checkpoint_curve.csv,STTF,66.19,项目交接参考；当前归档未找到原始 S 阶段解析 CSV,UAGMC_SOURCE passenger-only + LQ,64.31,67.17,exp11 同包曲线；训练种子 1；评估种子 123-125,需核对同物理/guard/轨迹；解析值为交接参考，非本次独立复算
exp09,S2__A_COMA_AC,S2,A_COMA_AC,1,600000,75.56222222222222,45.657777777777774,7.547777777777777,21.404444444444447,1.0,True,3,3,0.0,0.0,0.0,0.0,serial_runs/uam_jointfirst60m_v4_seed1_20260924_010334/S2__A_COMA_AC/analysis/checkpoint_curve.csv,STTF,66.19,项目交接参考；当前归档未找到原始 S 阶段解析 CSV,UAGMC_SOURCE passenger-only + LQ,64.31,67.17,exp11 同包曲线；训练种子 1；评估种子 123-125,需核对同物理/guard/轨迹；解析值为交接参考，非本次独立复算
exp09,S2__A_ICM_AC,S2,A_ICM_AC,1,50000,77.32777777777777,47.882222222222225,7.446666666666666,21.066666666666666,1.0,True,3,3,0.0,0.0,0.0,0.0,serial_runs/uam_jointfirst60m_v4_seed1_20260924_010334/S2__A_ICM_AC/analysis/checkpoint_curve.csv,STTF,66.19,项目交接参考；当前归档未找到原始 S 阶段解析 CSV,UAGMC_SOURCE passenger-only + LQ,64.31,67.17,exp11 同包曲线；训练种子 1；评估种子 123-125,需核对同物理/guard/轨迹；解析值为交接参考，非本次独立复算
exp09,S2__A_ICM_AC,S2,A_ICM_AC,1,100000,69.33444444444444,41.11888888888888,7.214444444444445,20.066666666666666,1.0,True,3,3,0.0,0.0,0.0,0.0,serial_runs/uam_jointfirst60m_v4_seed1_20260924_010334/S2__A_ICM_AC/analysis/checkpoint_curve.csv,STTF,66.19,项目交接参考；当前归档未找到原始 S 阶段解析 CSV,UAGMC_SOURCE passenger-only + LQ,64.31,67.17,exp11 同包曲线；训练种子 1；评估种子 123-125,需核对同物理/guard/轨迹；解析值为交接参考，非本次独立复算
exp09,S2__A_ICM_AC,S2,A_ICM_AC,1,150000,69.36888888888889,39.99,7.545555555555556,20.915555555555557,1.0,True,3,3,0.0,0.0,0.0,0.0,serial_runs/uam_jointfirst60m_v4_seed1_20260924_010334/S2__A_ICM_AC/analysis/checkpoint_curve.csv,STTF,66.19,项目交接参考；当前归档未找到原始 S 阶段解析 CSV,UAGMC_SOURCE passenger-only + LQ,64.31,67.17,exp11 同包曲线；训练种子 1；评估种子 123-125,需核对同物理/guard/轨迹；解析值为交接参考，非本次独立复算
exp09,S2__A_ICM_AC,S2,A_ICM_AC,1,200000,56.89555555555555,29.578888888888887,6.726666666666667,19.662222222222223,1.0,True,3,3,0.0,0.0,0.0,0.0,serial_runs/uam_jointfirst60m_v4_seed1_20260924_010334/S2__A_ICM_AC/analysis/checkpoint_curve.csv,STTF,66.19,项目交接参考；当前归档未找到原始 S 阶段解析 CSV,UAGMC_SOURCE passenger-only + LQ,64.31,67.17,exp11 同包曲线；训练种子 1；评估种子 123-125,需核对同物理/guard/轨迹；解析值为交接参考，非本次独立复算
exp09,S2__A_ICM_AC,S2,A_ICM_AC,1,250000,77.62666666666667,48.02888888888889,7.485555555555556,21.15111111111111,1.0,True,3,3,0.0,0.0,0.0,0.0,serial_runs/uam_jointfirst60m_v4_seed1_20260924_010334/S2__A_ICM_AC/analysis/checkpoint_curve.csv,STTF,66.19,项目交接参考；当前归档未找到原始 S 阶段解析 CSV,UAGMC_SOURCE passenger-only + LQ,64.31,67.17,exp11 同包曲线；训练种子 1；评估种子 123-125,需核对同物理/guard/轨迹；解析值为交接参考，非本次独立复算
exp09,S2__A_ICM_AC,S2,A_ICM_AC,1,300000,75.61333333333334,46.187777777777775,7.521111111111111,20.951111111111114,1.0,True,3,3,0.0,0.0,0.0,0.0,serial_runs/uam_jointfirst60m_v4_seed1_20260924_010334/S2__A_ICM_AC/analysis/checkpoint_curve.csv,STTF,66.19,项目交接参考；当前归档未找到原始 S 阶段解析 CSV,UAGMC_SOURCE passenger-only + LQ,64.31,67.17,exp11 同包曲线；训练种子 1；评估种子 123-125,需核对同物理/guard/轨迹；解析值为交接参考，非本次独立复算
exp09,S2__A_ICM_AC,S2,A_ICM_AC,1,350000,69.21666666666665,40.26,7.245555555555555,20.773333333333333,1.0,True,3,3,0.0,0.0,0.0,0.0,serial_runs/uam_jointfirst60m_v4_seed1_20260924_010334/S2__A_ICM_AC/analysis/checkpoint_curve.csv,STTF,66.19,项目交接参考；当前归档未找到原始 S 阶段解析 CSV,UAGMC_SOURCE passenger-only + LQ,64.31,67.17,exp11 同包曲线；训练种子 1；评估种子 123-125,需核对同物理/guard/轨迹；解析值为交接参考，非本次独立复算
exp09,S2__A_ICM_AC,S2,A_ICM_AC,1,400000,71.77888888888889,42.98333333333333,7.163333333333334,20.68,1.0,True,3,3,0.0,0.0,0.0,0.0,serial_runs/uam_jointfirst60m_v4_seed1_20260924_010334/S2__A_ICM_AC/analysis/checkpoint_curve.csv,STTF,66.19,项目交接参考；当前归档未找到原始 S 阶段解析 CSV,UAGMC_SOURCE passenger-only + LQ,64.31,67.17,exp11 同包曲线；训练种子 1；评估种子 123-125,需核对同物理/guard/轨迹；解析值为交接参考，非本次独立复算
exp09,S2__A_ICM_AC,S2,A_ICM_AC,1,450000,69.87444444444445,41.30666666666667,7.082222222222222,20.551111111111112,1.0,True,3,3,0.0,0.0,0.0,0.0,serial_runs/uam_jointfirst60m_v4_seed1_20260924_010334/S2__A_ICM_AC/analysis/checkpoint_curve.csv,STTF,66.19,项目交接参考；当前归档未找到原始 S 阶段解析 CSV,UAGMC_SOURCE passenger-only + LQ,64.31,67.17,exp11 同包曲线；训练种子 1；评估种子 123-125,需核对同物理/guard/轨迹；解析值为交接参考，非本次独立复算
exp09,S2__A_ICM_AC,S2,A_ICM_AC,1,500000,82.93777777777778,53.858888888888885,7.301111111111112,20.857777777777777,1.0,True,3,3,0.0,0.0,0.0,0.0,serial_runs/uam_jointfirst60m_v4_seed1_20260924_010334/S2__A_ICM_AC/analysis/checkpoint_curve.csv,STTF,66.19,项目交接参考；当前归档未找到原始 S 阶段解析 CSV,UAGMC_SOURCE passenger-only + LQ,64.31,67.17,exp11 同包曲线；训练种子 1；评估种子 123-125,需核对同物理/guard/轨迹；解析值为交接参考，非本次独立复算
exp09,S2__A_ICM_AC,S2,A_ICM_AC,1,550000,80.12888888888888,51.24777777777778,7.22,20.746666666666666,1.0,True,3,3,0.0,0.0,0.0,0.0,serial_runs/uam_jointfirst60m_v4_seed1_20260924_010334/S2__A_ICM_AC/analysis/checkpoint_curve.csv,STTF,66.19,项目交接参考；当前归档未找到原始 S 阶段解析 CSV,UAGMC_SOURCE passenger-only + LQ,64.31,67.17,exp11 同包曲线；训练种子 1；评估种子 123-125,需核对同物理/guard/轨迹；解析值为交接参考，非本次独立复算
exp09,S2__A_ICM_AC,S2,A_ICM_AC,1,600000,77.84333333333333,48.83111111111111,7.307777777777777,20.77777777777778,1.0,True,3,3,0.0,0.0,0.0,0.0,serial_runs/uam_jointfirst60m_v4_seed1_20260924_010334/S2__A_ICM_AC/analysis/checkpoint_curve.csv,STTF,66.19,项目交接参考；当前归档未找到原始 S 阶段解析 CSV,UAGMC_SOURCE passenger-only + LQ,64.31,67.17,exp11 同包曲线；训练种子 1；评估种子 123-125,需核对同物理/guard/轨迹；解析值为交接参考，非本次独立复算
exp09,S2__CURRENT,S2,CURRENT,1,50000,146.30777777777777,113.76444444444445,8.556666666666667,23.0,1.0,True,3,3,0.0,0.0,0.0,0.0,serial_runs/uam_jointfirst60m_v4_seed1_20260924_010334/S2__CURRENT/analysis/checkpoint_curve.csv,STTF,66.19,项目交接参考；当前归档未找到原始 S 阶段解析 CSV,UAGMC_SOURCE passenger-only + LQ,64.31,67.17,exp11 同包曲线；训练种子 1；评估种子 123-125,需核对同物理/guard/轨迹；解析值为交接参考，非本次独立复算
exp09,S2__CURRENT,S2,CURRENT,1,100000,75.08555555555556,47.85666666666666,6.671111111111112,19.604444444444443,1.0,True,3,3,0.0,0.0,0.0,0.0,serial_runs/uam_jointfirst60m_v4_seed1_20260924_010334/S2__CURRENT/analysis/checkpoint_curve.csv,STTF,66.19,项目交接参考；当前归档未找到原始 S 阶段解析 CSV,UAGMC_SOURCE passenger-only + LQ,64.31,67.17,exp11 同包曲线；训练种子 1；评估种子 123-125,需核对同物理/guard/轨迹；解析值为交接参考，非本次独立复算
exp09,S2__CURRENT,S2,CURRENT,1,150000,79.50222222222222,52.38333333333333,6.595555555555555,19.582222222222224,1.0,True,3,3,0.0,0.0,0.0,0.0,serial_runs/uam_jointfirst60m_v4_seed1_20260924_010334/S2__CURRENT/analysis/checkpoint_curve.csv,STTF,66.19,项目交接参考；当前归档未找到原始 S 阶段解析 CSV,UAGMC_SOURCE passenger-only + LQ,64.31,67.17,exp11 同包曲线；训练种子 1；评估种子 123-125,需核对同物理/guard/轨迹；解析值为交接参考，非本次独立复算
exp09,S2__CURRENT,S2,CURRENT,1,200000,64.23666666666666,36.76111111111111,6.758888888888889,19.77333333333333,1.0,True,3,3,0.0,0.0,0.0,0.0,serial_runs/uam_jointfirst60m_v4_seed1_20260924_010334/S2__CURRENT/analysis/checkpoint_curve.csv,STTF,66.19,项目交接参考；当前归档未找到原始 S 阶段解析 CSV,UAGMC_SOURCE passenger-only + LQ,64.31,67.17,exp11 同包曲线；训练种子 1；评估种子 123-125,需核对同物理/guard/轨迹；解析值为交接参考，非本次独立复算
exp09,S2__CURRENT,S2,CURRENT,1,250000,72.86444444444446,43.81,7.452222222222223,20.662222222222223,1.0,True,3,3,0.0,0.0,0.0,0.0,serial_runs/uam_jointfirst60m_v4_seed1_20260924_010334/S2__CURRENT/analysis/checkpoint_curve.csv,STTF,66.19,项目交接参考；当前归档未找到原始 S 阶段解析 CSV,UAGMC_SOURCE passenger-only + LQ,64.31,67.17,exp11 同包曲线；训练种子 1；评估种子 123-125,需核对同物理/guard/轨迹；解析值为交接参考，非本次独立复算
exp09,S2__CURRENT,S2,CURRENT,1,300000,70.99222222222222,41.96111111111111,7.318888888888889,20.77777777777778,1.0,True,3,3,0.0,0.0,0.0,0.0,serial_runs/uam_jointfirst60m_v4_seed1_20260924_010334/S2__CURRENT/analysis/checkpoint_curve.csv,STTF,66.19,项目交接参考；当前归档未找到原始 S 阶段解析 CSV,UAGMC_SOURCE passenger-only + LQ,64.31,67.17,exp11 同包曲线；训练种子 1；评估种子 123-125,需核对同物理/guard/轨迹；解析值为交接参考，非本次独立复算
exp09,S2__CURRENT,S2,CURRENT,1,350000,74.48666666666666,45.70333333333334,7.277777777777778,20.599999999999998,1.0,True,3,3,0.0,0.0,0.0,0.0,serial_runs/uam_jointfirst60m_v4_seed1_20260924_010334/S2__CURRENT/analysis/checkpoint_curve.csv,STTF,66.19,项目交接参考；当前归档未找到原始 S 阶段解析 CSV,UAGMC_SOURCE passenger-only + LQ,64.31,67.17,exp11 同包曲线；训练种子 1；评估种子 123-125,需核对同物理/guard/轨迹；解析值为交接参考，非本次独立复算
exp09,S2__CURRENT,S2,CURRENT,1,400000,70.73,42.14555555555555,7.11888888888889,20.546666666666667,1.0,True,3,3,0.0,0.0,0.0,0.0,serial_runs/uam_jointfirst60m_v4_seed1_20260924_010334/S2__CURRENT/analysis/checkpoint_curve.csv,STTF,66.19,项目交接参考；当前归档未找到原始 S 阶段解析 CSV,UAGMC_SOURCE passenger-only + LQ,64.31,67.17,exp11 同包曲线；训练种子 1；评估种子 123-125,需核对同物理/guard/轨迹；解析值为交接参考，非本次独立复算
exp09,S2__CURRENT,S2,CURRENT,1,450000,71.70222222222222,43.00444444444444,7.073333333333334,20.69333333333333,1.0,True,3,3,0.0,0.0,0.0,0.0,serial_runs/uam_jointfirst60m_v4_seed1_20260924_010334/S2__CURRENT/analysis/checkpoint_curve.csv,STTF,66.19,项目交接参考；当前归档未找到原始 S 阶段解析 CSV,UAGMC_SOURCE passenger-only + LQ,64.31,67.17,exp11 同包曲线；训练种子 1；评估种子 123-125,需核对同物理/guard/轨迹；解析值为交接参考，非本次独立复算
exp09,S2__CURRENT,S2,CURRENT,1,500000,70.43555555555555,41.94555555555556,6.890000000000001,20.666666666666668,1.0,True,3,3,0.0,0.0,0.0,0.0,serial_runs/uam_jointfirst60m_v4_seed1_20260924_010334/S2__CURRENT/analysis/checkpoint_curve.csv,STTF,66.19,项目交接参考；当前归档未找到原始 S 阶段解析 CSV,UAGMC_SOURCE passenger-only + LQ,64.31,67.17,exp11 同包曲线；训练种子 1；评估种子 123-125,需核对同物理/guard/轨迹；解析值为交接参考，非本次独立复算
exp09,S2__CURRENT,S2,CURRENT,1,550000,73.25555555555555,44.31333333333333,6.985555555555556,21.022222222222226,1.0,True,3,3,0.0,0.0,0.0,0.0,serial_runs/uam_jointfirst60m_v4_seed1_20260924_010334/S2__CURRENT/analysis/checkpoint_curve.csv,STTF,66.19,项目交接参考；当前归档未找到原始 S 阶段解析 CSV,UAGMC_SOURCE passenger-only + LQ,64.31,67.17,exp11 同包曲线；训练种子 1；评估种子 123-125,需核对同物理/guard/轨迹；解析值为交接参考，非本次独立复算
exp09,S2__CURRENT,S2,CURRENT,1,600000,77.18444444444444,47.88999999999999,7.046666666666667,21.293333333333337,1.0,True,3,3,0.0,0.0,0.0,0.0,serial_runs/uam_jointfirst60m_v4_seed1_20260924_010334/S2__CURRENT/analysis/checkpoint_curve.csv,STTF,66.19,项目交接参考；当前归档未找到原始 S 阶段解析 CSV,UAGMC_SOURCE passenger-only + LQ,64.31,67.17,exp11 同包曲线；训练种子 1；评估种子 123-125,需核对同物理/guard/轨迹；解析值为交接参考，非本次独立复算
exp09,S2__C_SA,S2,C_SA,1,50000,124.54444444444444,92.14111111111112,8.504444444444445,22.928888888888892,1.0,True,3,3,0.0,0.0,0.0,0.0,serial_runs/uam_jointfirst60m_v4_seed1_20260924_010334/S2__C_SA/analysis/checkpoint_curve.csv,STTF,66.19,项目交接参考；当前归档未找到原始 S 阶段解析 CSV,UAGMC_SOURCE passenger-only + LQ,64.31,67.17,exp11 同包曲线；训练种子 1；评估种子 123-125,需核对同物理/guard/轨迹；解析值为交接参考，非本次独立复算
exp09,S2__C_SA,S2,C_SA,1,100000,137.62666666666667,105.43555555555555,8.403333333333332,22.808888888888887,1.0,True,3,3,0.0,0.0,0.0,0.0,serial_runs/uam_jointfirst60m_v4_seed1_20260924_010334/S2__C_SA/analysis/checkpoint_curve.csv,STTF,66.19,项目交接参考；当前归档未找到原始 S 阶段解析 CSV,UAGMC_SOURCE passenger-only + LQ,64.31,67.17,exp11 同包曲线；训练种子 1；评估种子 123-125,需核对同物理/guard/轨迹；解析值为交接参考，非本次独立复算
exp09,S2__C_SA,S2,C_SA,1,150000,61.66555555555556,33.303333333333335,7.117777777777778,20.311111111111114,1.0,True,3,3,0.0,0.0,0.0,0.0,serial_runs/uam_jointfirst60m_v4_seed1_20260924_010334/S2__C_SA/analysis/checkpoint_curve.csv,STTF,66.19,项目交接参考；当前归档未找到原始 S 阶段解析 CSV,UAGMC_SOURCE passenger-only + LQ,64.31,67.17,exp11 同包曲线；训练种子 1；评估种子 123-125,需核对同物理/guard/轨迹；解析值为交接参考，非本次独立复算
exp09,S2__C_SA,S2,C_SA,1,200000,68.86555555555556,40.15111111111111,7.285555555555555,20.50222222222222,1.0,True,3,3,0.0,0.0,0.0,0.0,serial_runs/uam_jointfirst60m_v4_seed1_20260924_010334/S2__C_SA/analysis/checkpoint_curve.csv,STTF,66.19,项目交接参考；当前归档未找到原始 S 阶段解析 CSV,UAGMC_SOURCE passenger-only + LQ,64.31,67.17,exp11 同包曲线；训练种子 1；评估种子 123-125,需核对同物理/guard/轨迹；解析值为交接参考，非本次独立复算
exp09,S2__C_SA,S2,C_SA,1,250000,80.93888888888888,49.82,8.177777777777777,21.982222222222223,1.0,True,3,3,0.0,0.0,0.0,0.0,serial_runs/uam_jointfirst60m_v4_seed1_20260924_010334/S2__C_SA/analysis/checkpoint_curve.csv,STTF,66.19,项目交接参考；当前归档未找到原始 S 阶段解析 CSV,UAGMC_SOURCE passenger-only + LQ,64.31,67.17,exp11 同包曲线；训练种子 1；评估种子 123-125,需核对同物理/guard/轨迹；解析值为交接参考，非本次独立复算
exp09,S2__C_SA,S2,C_SA,1,300000,73.23777777777778,43.73444444444444,7.536666666666666,21.008888888888887,1.0,True,3,3,0.0,0.0,0.0,0.0,serial_runs/uam_jointfirst60m_v4_seed1_20260924_010334/S2__C_SA/analysis/checkpoint_curve.csv,STTF,66.19,项目交接参考；当前归档未找到原始 S 阶段解析 CSV,UAGMC_SOURCE passenger-only + LQ,64.31,67.17,exp11 同包曲线；训练种子 1；评估种子 123-125,需核对同物理/guard/轨迹；解析值为交接参考，非本次独立复算
exp09,S2__C_SA,S2,C_SA,1,350000,73.21888888888888,43.99333333333334,7.314444444444444,20.995555555555555,1.0,True,3,3,0.0,0.0,0.0,0.0,serial_runs/uam_jointfirst60m_v4_seed1_20260924_010334/S2__C_SA/analysis/checkpoint_curve.csv,STTF,66.19,项目交接参考；当前归档未找到原始 S 阶段解析 CSV,UAGMC_SOURCE passenger-only + LQ,64.31,67.17,exp11 同包曲线；训练种子 1；评估种子 123-125,需核对同物理/guard/轨迹；解析值为交接参考，非本次独立复算
exp09,S2__C_SA,S2,C_SA,1,400000,75.73555555555555,46.04555555555556,7.4622222222222225,21.302222222222223,1.0,True,3,3,0.0,0.0,0.0,0.0,serial_runs/uam_jointfirst60m_v4_seed1_20260924_010334/S2__C_SA/analysis/checkpoint_curve.csv,STTF,66.19,项目交接参考；当前归档未找到原始 S 阶段解析 CSV,UAGMC_SOURCE passenger-only + LQ,64.31,67.17,exp11 同包曲线；训练种子 1；评估种子 123-125,需核对同物理/guard/轨迹；解析值为交接参考，非本次独立复算
exp09,S2__C_SA,S2,C_SA,1,450000,78.84333333333332,49.60333333333333,7.365555555555556,20.955555555555556,1.0,True,3,3,0.0,0.0,0.0,0.0,serial_runs/uam_jointfirst60m_v4_seed1_20260924_010334/S2__C_SA/analysis/checkpoint_curve.csv,STTF,66.19,项目交接参考；当前归档未找到原始 S 阶段解析 CSV,UAGMC_SOURCE passenger-only + LQ,64.31,67.17,exp11 同包曲线；训练种子 1；评估种子 123-125,需核对同物理/guard/轨迹；解析值为交接参考，非本次独立复算
exp09,S2__C_SA,S2,C_SA,1,500000,75.23,45.70111111111112,7.353333333333334,21.244444444444444,1.0,True,3,3,0.0,0.0,0.0,0.0,serial_runs/uam_jointfirst60m_v4_seed1_20260924_010334/S2__C_SA/analysis/checkpoint_curve.csv,STTF,66.19,项目交接参考；当前归档未找到原始 S 阶段解析 CSV,UAGMC_SOURCE passenger-only + LQ,64.31,67.17,exp11 同包曲线；训练种子 1；评估种子 123-125,需核对同物理/guard/轨迹；解析值为交接参考，非本次独立复算
exp09,S2__C_SA,S2,C_SA,1,550000,77.14222222222223,47.58555555555555,7.411111111111111,21.222222222222225,1.0,True,3,3,0.0,0.0,0.0,0.0,serial_runs/uam_jointfirst60m_v4_seed1_20260924_010334/S2__C_SA/analysis/checkpoint_curve.csv,STTF,66.19,项目交接参考；当前归档未找到原始 S 阶段解析 CSV,UAGMC_SOURCE passenger-only + LQ,64.31,67.17,exp11 同包曲线；训练种子 1；评估种子 123-125,需核对同物理/guard/轨迹；解析值为交接参考，非本次独立复算
exp09,S2__C_SA,S2,C_SA,1,600000,84.14333333333333,54.51888888888889,7.357777777777778,21.342222222222222,1.0,True,3,3,0.0,0.0,0.0,0.0,serial_runs/uam_jointfirst60m_v4_seed1_20260924_010334/S2__C_SA/analysis/checkpoint_curve.csv,STTF,66.19,项目交接参考；当前归档未找到原始 S 阶段解析 CSV,UAGMC_SOURCE passenger-only + LQ,64.31,67.17,exp11 同包曲线；训练种子 1；评估种子 123-125,需核对同物理/guard/轨迹；解析值为交接参考，非本次独立复算
exp09,S2__C_SAW,S2,C_SAW,1,50000,78.08555555555556,48.367777777777775,7.608888888888889,21.15111111111111,1.0,True,3,3,0.0,0.0,0.0,0.0,serial_runs/uam_jointfirst60m_v4_seed1_20260924_010334/S2__C_SAW/analysis/checkpoint_curve.csv,STTF,66.19,项目交接参考；当前归档未找到原始 S 阶段解析 CSV,UAGMC_SOURCE passenger-only + LQ,64.31,67.17,exp11 同包曲线；训练种子 1；评估种子 123-125,需核对同物理/guard/轨迹；解析值为交接参考，非本次独立复算
exp09,S2__C_SAW,S2,C_SAW,1,100000,89.10777777777777,58.285555555555554,8.05111111111111,21.817777777777778,1.0,True,3,3,0.0,0.0,0.0,0.0,serial_runs/uam_jointfirst60m_v4_seed1_20260924_010334/S2__C_SAW/analysis/checkpoint_curve.csv,STTF,66.19,项目交接参考；当前归档未找到原始 S 阶段解析 CSV,UAGMC_SOURCE passenger-only + LQ,64.31,67.17,exp11 同包曲线；训练种子 1；评估种子 123-125,需核对同物理/guard/轨迹；解析值为交接参考，非本次独立复算
exp09,S2__C_SAW,S2,C_SAW,1,150000,77.81888888888888,48.02333333333333,7.624444444444445,21.213333333333335,1.0,True,3,3,0.0,0.0,0.0,0.0,serial_runs/uam_jointfirst60m_v4_seed1_20260924_010334/S2__C_SAW/analysis/checkpoint_curve.csv,STTF,66.19,项目交接参考；当前归档未找到原始 S 阶段解析 CSV,UAGMC_SOURCE passenger-only + LQ,64.31,67.17,exp11 同包曲线；训练种子 1；评估种子 123-125,需核对同物理/guard/轨迹；解析值为交接参考，非本次独立复算
exp09,S2__C_SAW,S2,C_SAW,1,200000,72.12222222222222,42.708888888888886,7.4944444444444445,20.959999999999997,1.0,True,3,3,0.0,0.0,0.0,0.0,serial_runs/uam_jointfirst60m_v4_seed1_20260924_010334/S2__C_SAW/analysis/checkpoint_curve.csv,STTF,66.19,项目交接参考；当前归档未找到原始 S 阶段解析 CSV,UAGMC_SOURCE passenger-only + LQ,64.31,67.17,exp11 同包曲线；训练种子 1；评估种子 123-125,需核对同物理/guard/轨迹；解析值为交接参考，非本次独立复算
exp09,S2__C_SAW,S2,C_SAW,1,250000,79.0188888888889,49.153333333333336,7.57888888888889,21.37333333333333,1.0,True,3,3,0.0,0.0,0.0,0.0,serial_runs/uam_jointfirst60m_v4_seed1_20260924_010334/S2__C_SAW/analysis/checkpoint_curve.csv,STTF,66.19,项目交接参考；当前归档未找到原始 S 阶段解析 CSV,UAGMC_SOURCE passenger-only + LQ,64.31,67.17,exp11 同包曲线；训练种子 1；评估种子 123-125,需核对同物理/guard/轨迹；解析值为交接参考，非本次独立复算
exp09,S2__C_SAW,S2,C_SAW,1,300000,76.23555555555556,46.714444444444446,7.337777777777778,21.226666666666663,1.0,True,3,3,0.0,0.0,0.0,0.0,serial_runs/uam_jointfirst60m_v4_seed1_20260924_010334/S2__C_SAW/analysis/checkpoint_curve.csv,STTF,66.19,项目交接参考；当前归档未找到原始 S 阶段解析 CSV,UAGMC_SOURCE passenger-only + LQ,64.31,67.17,exp11 同包曲线；训练种子 1；评估种子 123-125,需核对同物理/guard/轨迹；解析值为交接参考，非本次独立复算
exp09,S2__C_SAW,S2,C_SAW,1,350000,72.64777777777778,43.26777777777778,7.432222222222222,21.0,1.0,True,3,3,0.0,0.0,0.0,0.0,serial_runs/uam_jointfirst60m_v4_seed1_20260924_010334/S2__C_SAW/analysis/checkpoint_curve.csv,STTF,66.19,项目交接参考；当前归档未找到原始 S 阶段解析 CSV,UAGMC_SOURCE passenger-only + LQ,64.31,67.17,exp11 同包曲线；训练种子 1；评估种子 123-125,需核对同物理/guard/轨迹；解析值为交接参考，非本次独立复算
exp09,S2__C_SAW,S2,C_SAW,1,400000,72.78666666666668,43.620000000000005,7.256666666666667,20.968888888888888,1.0,True,3,3,0.0,0.0,0.0,0.0,serial_runs/uam_jointfirst60m_v4_seed1_20260924_010334/S2__C_SAW/analysis/checkpoint_curve.csv,STTF,66.19,项目交接参考；当前归档未找到原始 S 阶段解析 CSV,UAGMC_SOURCE passenger-only + LQ,64.31,67.17,exp11 同包曲线；训练种子 1；评估种子 123-125,需核对同物理/guard/轨迹；解析值为交接参考，非本次独立复算
exp09,S2__C_SAW,S2,C_SAW,1,450000,72.81555555555555,43.62444444444444,7.32888888888889,20.915555555555557,1.0,True,3,3,0.0,0.0,0.0,0.0,serial_runs/uam_jointfirst60m_v4_seed1_20260924_010334/S2__C_SAW/analysis/checkpoint_curve.csv,STTF,66.19,项目交接参考；当前归档未找到原始 S 阶段解析 CSV,UAGMC_SOURCE passenger-only + LQ,64.31,67.17,exp11 同包曲线；训练种子 1；评估种子 123-125,需核对同物理/guard/轨迹；解析值为交接参考，非本次独立复算
exp09,S2__C_SAW,S2,C_SAW,1,500000,73.22111111111111,43.89000000000001,7.4433333333333325,20.942222222222224,1.0,True,3,3,0.0,0.0,0.0,0.0,serial_runs/uam_jointfirst60m_v4_seed1_20260924_010334/S2__C_SAW/analysis/checkpoint_curve.csv,STTF,66.19,项目交接参考；当前归档未找到原始 S 阶段解析 CSV,UAGMC_SOURCE passenger-only + LQ,64.31,67.17,exp11 同包曲线；训练种子 1；评估种子 123-125,需核对同物理/guard/轨迹；解析值为交接参考，非本次独立复算
exp09,S2__C_SAW,S2,C_SAW,1,550000,74.07,44.73222222222222,7.414444444444444,20.977777777777778,1.0,True,3,3,0.0,0.0,0.0,0.0,serial_runs/uam_jointfirst60m_v4_seed1_20260924_010334/S2__C_SAW/analysis/checkpoint_curve.csv,STTF,66.19,项目交接参考；当前归档未找到原始 S 阶段解析 CSV,UAGMC_SOURCE passenger-only + LQ,64.31,67.17,exp11 同包曲线；训练种子 1；评估种子 123-125,需核对同物理/guard/轨迹；解析值为交接参考，非本次独立复算
exp09,S2__C_SAW,S2,C_SAW,1,600000,77.44888888888887,47.876666666666665,7.405555555555555,21.204444444444448,1.0,True,3,3,0.0,0.0,0.0,0.0,serial_runs/uam_jointfirst60m_v4_seed1_20260924_010334/S2__C_SAW/analysis/checkpoint_curve.csv,STTF,66.19,项目交接参考；当前归档未找到原始 S 阶段解析 CSV,UAGMC_SOURCE passenger-only + LQ,64.31,67.17,exp11 同包曲线；训练种子 1；评估种子 123-125,需核对同物理/guard/轨迹；解析值为交接参考，非本次独立复算
exp09,S2__R_EVENTQ,S2,R_EVENTQ,1,50000,146.30777777777777,113.76444444444445,8.556666666666667,23.0,1.0,True,3,3,0.0,0.0,0.0,0.0,serial_runs/uam_jointfirst60m_v4_seed1_20260924_010334/S2__R_EVENTQ/analysis/checkpoint_curve.csv,STTF,66.19,项目交接参考；当前归档未找到原始 S 阶段解析 CSV,UAGMC_SOURCE passenger-only + LQ,64.31,67.17,exp11 同包曲线；训练种子 1；评估种子 123-125,需核对同物理/guard/轨迹；解析值为交接参考，非本次独立复算
exp09,S2__R_EVENTQ,S2,R_EVENTQ,1,100000,82.92333333333333,52.49555555555556,7.875555555555555,21.595555555555553,1.0,True,3,3,0.0,0.0,0.0,0.0,serial_runs/uam_jointfirst60m_v4_seed1_20260924_010334/S2__R_EVENTQ/analysis/checkpoint_curve.csv,STTF,66.19,项目交接参考；当前归档未找到原始 S 阶段解析 CSV,UAGMC_SOURCE passenger-only + LQ,64.31,67.17,exp11 同包曲线；训练种子 1；评估种子 123-125,需核对同物理/guard/轨迹；解析值为交接参考，非本次独立复算
exp09,S2__R_EVENTQ,S2,R_EVENTQ,1,150000,74.42555555555556,44.9288888888889,7.585555555555556,20.946666666666665,1.0,True,3,3,0.0,0.0,0.0,0.0,serial_runs/uam_jointfirst60m_v4_seed1_20260924_010334/S2__R_EVENTQ/analysis/checkpoint_curve.csv,STTF,66.19,项目交接参考；当前归档未找到原始 S 阶段解析 CSV,UAGMC_SOURCE passenger-only + LQ,64.31,67.17,exp11 同包曲线；训练种子 1；评估种子 123-125,需核对同物理/guard/轨迹；解析值为交接参考，非本次独立复算
exp09,S2__R_EVENTQ,S2,R_EVENTQ,1,200000,71.08333333333333,42.02777777777778,7.395555555555556,20.724444444444444,1.0,True,3,3,0.0,0.0,0.0,0.0,serial_runs/uam_jointfirst60m_v4_seed1_20260924_010334/S2__R_EVENTQ/analysis/checkpoint_curve.csv,STTF,66.19,项目交接参考；当前归档未找到原始 S 阶段解析 CSV,UAGMC_SOURCE passenger-only + LQ,64.31,67.17,exp11 同包曲线；训练种子 1；评估种子 123-125,需核对同物理/guard/轨迹；解析值为交接参考，非本次独立复算
exp09,S2__R_EVENTQ,S2,R_EVENTQ,1,250000,70.06555555555555,41.26333333333333,7.263333333333333,20.635555555555555,1.0,True,3,3,0.0,0.0,0.0,0.0,serial_runs/uam_jointfirst60m_v4_seed1_20260924_010334/S2__R_EVENTQ/analysis/checkpoint_curve.csv,STTF,66.19,项目交接参考；当前归档未找到原始 S 阶段解析 CSV,UAGMC_SOURCE passenger-only + LQ,64.31,67.17,exp11 同包曲线；训练种子 1；评估种子 123-125,需核对同物理/guard/轨迹；解析值为交接参考，非本次独立复算
exp09,S2__R_EVENTQ,S2,R_EVENTQ,1,300000,67.18333333333334,38.53,7.213333333333334,20.48888888888889,1.0,True,3,3,0.0,0.0,0.0,0.0,serial_runs/uam_jointfirst60m_v4_seed1_20260924_010334/S2__R_EVENTQ/analysis/checkpoint_curve.csv,STTF,66.19,项目交接参考；当前归档未找到原始 S 阶段解析 CSV,UAGMC_SOURCE passenger-only + LQ,64.31,67.17,exp11 同包曲线；训练种子 1；评估种子 123-125,需核对同物理/guard/轨迹；解析值为交接参考，非本次独立复算
exp09,S2__R_EVENTQ,S2,R_EVENTQ,1,350000,68.9388888888889,40.214444444444446,7.140000000000001,20.63111111111111,1.0,True,3,3,0.0,0.0,0.0,0.0,serial_runs/uam_jointfirst60m_v4_seed1_20260924_010334/S2__R_EVENTQ/analysis/checkpoint_curve.csv,STTF,66.19,项目交接参考；当前归档未找到原始 S 阶段解析 CSV,UAGMC_SOURCE passenger-only + LQ,64.31,67.17,exp11 同包曲线；训练种子 1；评估种子 123-125,需核对同物理/guard/轨迹；解析值为交接参考，非本次独立复算
exp09,S2__R_EVENTQ,S2,R_EVENTQ,1,400000,70.14,41.205555555555556,7.1866666666666665,20.79111111111111,1.0,True,3,3,0.0,0.0,0.0,0.0,serial_runs/uam_jointfirst60m_v4_seed1_20260924_010334/S2__R_EVENTQ/analysis/checkpoint_curve.csv,STTF,66.19,项目交接参考；当前归档未找到原始 S 阶段解析 CSV,UAGMC_SOURCE passenger-only + LQ,64.31,67.17,exp11 同包曲线；训练种子 1；评估种子 123-125,需核对同物理/guard/轨迹；解析值为交接参考，非本次独立复算
exp09,S2__R_EVENTQ,S2,R_EVENTQ,1,450000,71.20555555555556,42.62444444444444,7.065555555555555,20.61777777777778,1.0,True,3,3,0.0,0.0,0.0,0.0,serial_runs/uam_jointfirst60m_v4_seed1_20260924_010334/S2__R_EVENTQ/analysis/checkpoint_curve.csv,STTF,66.19,项目交接参考；当前归档未找到原始 S 阶段解析 CSV,UAGMC_SOURCE passenger-only + LQ,64.31,67.17,exp11 同包曲线；训练种子 1；评估种子 123-125,需核对同物理/guard/轨迹；解析值为交接参考，非本次独立复算
exp09,S2__R_EVENTQ,S2,R_EVENTQ,1,500000,72.84222222222222,43.87111111111111,7.128888888888889,20.88,1.0,True,3,3,0.0,0.0,0.0,0.0,serial_runs/uam_jointfirst60m_v4_seed1_20260924_010334/S2__R_EVENTQ/analysis/checkpoint_curve.csv,STTF,66.19,项目交接参考；当前归档未找到原始 S 阶段解析 CSV,UAGMC_SOURCE passenger-only + LQ,64.31,67.17,exp11 同包曲线；训练种子 1；评估种子 123-125,需核对同物理/guard/轨迹；解析值为交接参考，非本次独立复算
exp09,S2__R_EVENTQ,S2,R_EVENTQ,1,550000,71.35222222222222,42.425555555555555,7.09,20.875555555555554,1.0,True,3,3,0.0,0.0,0.0,0.0,serial_runs/uam_jointfirst60m_v4_seed1_20260924_010334/S2__R_EVENTQ/analysis/checkpoint_curve.csv,STTF,66.19,项目交接参考；当前归档未找到原始 S 阶段解析 CSV,UAGMC_SOURCE passenger-only + LQ,64.31,67.17,exp11 同包曲线；训练种子 1；评估种子 123-125,需核对同物理/guard/轨迹；解析值为交接参考，非本次独立复算
exp09,S2__R_EVENTQ,S2,R_EVENTQ,1,600000,73.16222222222223,43.967777777777776,7.166666666666667,21.07111111111111,1.0,True,3,3,0.0,0.0,0.0,0.0,serial_runs/uam_jointfirst60m_v4_seed1_20260924_010334/S2__R_EVENTQ/analysis/checkpoint_curve.csv,STTF,66.19,项目交接参考；当前归档未找到原始 S 阶段解析 CSV,UAGMC_SOURCE passenger-only + LQ,64.31,67.17,exp11 同包曲线；训练种子 1；评估种子 123-125,需核对同物理/guard/轨迹；解析值为交接参考，非本次独立复算
exp09,S2__R_TDM,S2,R_TDM,1,50000,146.30777777777777,113.76444444444445,8.556666666666667,23.0,1.0,True,3,3,0.0,0.0,0.0,0.0,serial_runs/uam_jointfirst60m_v4_seed1_20260924_010334/S2__R_TDM/analysis/checkpoint_curve.csv,STTF,66.19,项目交接参考；当前归档未找到原始 S 阶段解析 CSV,UAGMC_SOURCE passenger-only + LQ,64.31,67.17,exp11 同包曲线；训练种子 1；评估种子 123-125,需核对同物理/guard/轨迹；解析值为交接参考，非本次独立复算
exp09,S2__R_TDM,S2,R_TDM,1,100000,71.51777777777778,42.68555555555556,7.492222222222222,20.400000000000002,1.0,True,3,3,0.0,0.0,0.0,0.0,serial_runs/uam_jointfirst60m_v4_seed1_20260924_010334/S2__R_TDM/analysis/checkpoint_curve.csv,STTF,66.19,项目交接参考；当前归档未找到原始 S 阶段解析 CSV,UAGMC_SOURCE passenger-only + LQ,64.31,67.17,exp11 同包曲线；训练种子 1；评估种子 123-125,需核对同物理/guard/轨迹；解析值为交接参考，非本次独立复算
exp09,S2__R_TDM,S2,R_TDM,1,150000,70.80222222222223,41.38666666666666,7.695555555555555,20.764444444444447,1.0,True,3,3,0.0,0.0,0.0,0.0,serial_runs/uam_jointfirst60m_v4_seed1_20260924_010334/S2__R_TDM/analysis/checkpoint_curve.csv,STTF,66.19,项目交接参考；当前归档未找到原始 S 阶段解析 CSV,UAGMC_SOURCE passenger-only + LQ,64.31,67.17,exp11 同包曲线；训练种子 1；评估种子 123-125,需核对同物理/guard/轨迹；解析值为交接参考，非本次独立复算
exp09,S2__R_TDM,S2,R_TDM,1,200000,70.13111111111111,41.29888888888889,7.296666666666667,20.57777777777778,1.0,True,3,3,0.0,0.0,0.0,0.0,serial_runs/uam_jointfirst60m_v4_seed1_20260924_010334/S2__R_TDM/analysis/checkpoint_curve.csv,STTF,66.19,项目交接参考；当前归档未找到原始 S 阶段解析 CSV,UAGMC_SOURCE passenger-only + LQ,64.31,67.17,exp11 同包曲线；训练种子 1；评估种子 123-125,需核对同物理/guard/轨迹；解析值为交接参考，非本次独立复算
exp09,S2__R_TDM,S2,R_TDM,1,250000,67.24444444444445,38.297777777777775,7.472222222222221,20.537777777777777,1.0,True,3,3,0.0,0.0,0.0,0.0,serial_runs/uam_jointfirst60m_v4_seed1_20260924_010334/S2__R_TDM/analysis/checkpoint_curve.csv,STTF,66.19,项目交接参考；当前归档未找到原始 S 阶段解析 CSV,UAGMC_SOURCE passenger-only + LQ,64.31,67.17,exp11 同包曲线；训练种子 1；评估种子 123-125,需核对同物理/guard/轨迹；解析值为交接参考，非本次独立复算
exp09,S2__R_TDM,S2,R_TDM,1,300000,68.12,39.25666666666667,7.357777777777778,20.564444444444444,1.0,True,3,3,0.0,0.0,0.0,0.0,serial_runs/uam_jointfirst60m_v4_seed1_20260924_010334/S2__R_TDM/analysis/checkpoint_curve.csv,STTF,66.19,项目交接参考；当前归档未找到原始 S 阶段解析 CSV,UAGMC_SOURCE passenger-only + LQ,64.31,67.17,exp11 同包曲线；训练种子 1；评估种子 123-125,需核对同物理/guard/轨迹；解析值为交接参考，非本次独立复算
exp09,S2__R_TDM,S2,R_TDM,1,350000,65.67999999999999,37.42333333333333,6.983333333333333,20.351111111111113,1.0,True,3,3,0.0,0.0,0.0,0.0,serial_runs/uam_jointfirst60m_v4_seed1_20260924_010334/S2__R_TDM/analysis/checkpoint_curve.csv,STTF,66.19,项目交接参考；当前归档未找到原始 S 阶段解析 CSV,UAGMC_SOURCE passenger-only + LQ,64.31,67.17,exp11 同包曲线；训练种子 1；评估种子 123-125,需核对同物理/guard/轨迹；解析值为交接参考，非本次独立复算
exp09,S2__R_TDM,S2,R_TDM,1,400000,65.65444444444444,37.641111111111115,6.843333333333334,20.253333333333334,1.0,True,3,3,0.0,0.0,0.0,0.0,serial_runs/uam_jointfirst60m_v4_seed1_20260924_010334/S2__R_TDM/analysis/checkpoint_curve.csv,STTF,66.19,项目交接参考；当前归档未找到原始 S 阶段解析 CSV,UAGMC_SOURCE passenger-only + LQ,64.31,67.17,exp11 同包曲线；训练种子 1；评估种子 123-125,需核对同物理/guard/轨迹；解析值为交接参考，非本次独立复算
exp09,S2__R_TDM,S2,R_TDM,1,450000,68.80444444444444,40.32333333333333,6.9622222222222225,20.56,1.0,True,3,3,0.0,0.0,0.0,0.0,serial_runs/uam_jointfirst60m_v4_seed1_20260924_010334/S2__R_TDM/analysis/checkpoint_curve.csv,STTF,66.19,项目交接参考；当前归档未找到原始 S 阶段解析 CSV,UAGMC_SOURCE passenger-only + LQ,64.31,67.17,exp11 同包曲线；训练种子 1；评估种子 123-125,需核对同物理/guard/轨迹；解析值为交接参考，非本次独立复算
exp09,S2__R_TDM,S2,R_TDM,1,500000,71.81,42.99111111111111,7.045555555555556,20.813333333333333,1.0,True,3,3,0.0,0.0,0.0,0.0,serial_runs/uam_jointfirst60m_v4_seed1_20260924_010334/S2__R_TDM/analysis/checkpoint_curve.csv,STTF,66.19,项目交接参考；当前归档未找到原始 S 阶段解析 CSV,UAGMC_SOURCE passenger-only + LQ,64.31,67.17,exp11 同包曲线；训练种子 1；评估种子 123-125,需核对同物理/guard/轨迹；解析值为交接参考，非本次独立复算
exp09,S2__R_TDM,S2,R_TDM,1,550000,71.77111111111111,42.934444444444445,6.993333333333333,20.884444444444444,1.0,True,3,3,0.0,0.0,0.0,0.0,serial_runs/uam_jointfirst60m_v4_seed1_20260924_010334/S2__R_TDM/analysis/checkpoint_curve.csv,STTF,66.19,项目交接参考；当前归档未找到原始 S 阶段解析 CSV,UAGMC_SOURCE passenger-only + LQ,64.31,67.17,exp11 同包曲线；训练种子 1；评估种子 123-125,需核对同物理/guard/轨迹；解析值为交接参考，非本次独立复算
exp09,S2__R_TDM,S2,R_TDM,1,600000,76.05333333333334,47.35,6.903333333333333,20.844444444444445,1.0,True,3,3,0.0,0.0,0.0,0.0,serial_runs/uam_jointfirst60m_v4_seed1_20260924_010334/S2__R_TDM/analysis/checkpoint_curve.csv,STTF,66.19,项目交接参考；当前归档未找到原始 S 阶段解析 CSV,UAGMC_SOURCE passenger-only + LQ,64.31,67.17,exp11 同包曲线；训练种子 1；评估种子 123-125,需核对同物理/guard/轨迹；解析值为交接参考，非本次独立复算
exp09,S2__S_EVENTGRAPH_GAT,S2,S_EVENTGRAPH_GAT,1,50000,146.30777777777777,113.76444444444445,8.556666666666667,23.0,1.0,True,3,3,0.0,0.0,0.0,0.0,serial_runs/uam_jointfirst60m_v4_seed1_20260924_010334/S2__S_EVENTGRAPH_GAT/analysis/checkpoint_curve.csv,STTF,66.19,项目交接参考；当前归档未找到原始 S 阶段解析 CSV,UAGMC_SOURCE passenger-only + LQ,64.31,67.17,exp11 同包曲线；训练种子 1；评估种子 123-125,需核对同物理/guard/轨迹；解析值为交接参考，非本次独立复算
exp09,S2__S_EVENTGRAPH_GAT,S2,S_EVENTGRAPH_GAT,1,100000,92.25222222222222,62.712222222222216,7.544444444444444,21.035555555555558,1.0,True,3,3,0.0,0.0,0.0,0.0,serial_runs/uam_jointfirst60m_v4_seed1_20260924_010334/S2__S_EVENTGRAPH_GAT/analysis/checkpoint_curve.csv,STTF,66.19,项目交接参考；当前归档未找到原始 S 阶段解析 CSV,UAGMC_SOURCE passenger-only + LQ,64.31,67.17,exp11 同包曲线；训练种子 1；评估种子 123-125,需核对同物理/guard/轨迹；解析值为交接参考，非本次独立复算
exp09,S2__S_EVENTGRAPH_GAT,S2,S_EVENTGRAPH_GAT,1,150000,78.29222222222222,49.562222222222225,7.0744444444444445,20.697777777777777,1.0,True,3,3,0.0,0.0,0.0,0.0,serial_runs/uam_jointfirst60m_v4_seed1_20260924_010334/S2__S_EVENTGRAPH_GAT/analysis/checkpoint_curve.csv,STTF,66.19,项目交接参考；当前归档未找到原始 S 阶段解析 CSV,UAGMC_SOURCE passenger-only + LQ,64.31,67.17,exp11 同包曲线；训练种子 1；评估种子 123-125,需核对同物理/guard/轨迹；解析值为交接参考，非本次独立复算
exp09,S2__S_EVENTGRAPH_GAT,S2,S_EVENTGRAPH_GAT,1,200000,68.35888888888888,40.602222222222224,6.838888888888889,19.977777777777778,1.0,True,3,3,0.0,0.0,0.0,0.0,serial_runs/uam_jointfirst60m_v4_seed1_20260924_010334/S2__S_EVENTGRAPH_GAT/analysis/checkpoint_curve.csv,STTF,66.19,项目交接参考；当前归档未找到原始 S 阶段解析 CSV,UAGMC_SOURCE passenger-only + LQ,64.31,67.17,exp11 同包曲线；训练种子 1；评估种子 123-125,需核对同物理/guard/轨迹；解析值为交接参考，非本次独立复算
exp09,S2__S_EVENTGRAPH_GAT,S2,S_EVENTGRAPH_GAT,1,250000,67.60222222222222,39.440000000000005,6.861111111111112,20.351111111111113,1.0,True,3,3,0.0,0.0,0.0,0.0,serial_runs/uam_jointfirst60m_v4_seed1_20260924_010334/S2__S_EVENTGRAPH_GAT/analysis/checkpoint_curve.csv,STTF,66.19,项目交接参考；当前归档未找到原始 S 阶段解析 CSV,UAGMC_SOURCE passenger-only + LQ,64.31,67.17,exp11 同包曲线；训练种子 1；评估种子 123-125,需核对同物理/guard/轨迹；解析值为交接参考，非本次独立复算
exp09,S2__S_EVENTGRAPH_GAT,S2,S_EVENTGRAPH_GAT,1,300000,67.13,38.98,6.907777777777778,20.31555555555556,1.0,True,3,3,0.0,0.0,0.0,0.0,serial_runs/uam_jointfirst60m_v4_seed1_20260924_010334/S2__S_EVENTGRAPH_GAT/analysis/checkpoint_curve.csv,STTF,66.19,项目交接参考；当前归档未找到原始 S 阶段解析 CSV,UAGMC_SOURCE passenger-only + LQ,64.31,67.17,exp11 同包曲线；训练种子 1；评估种子 123-125,需核对同物理/guard/轨迹；解析值为交接参考，非本次独立复算
exp09,S2__S_EVENTGRAPH_GAT,S2,S_EVENTGRAPH_GAT,1,350000,71.44777777777777,43.097777777777786,6.988888888888888,20.42222222222222,1.0,True,3,3,0.0,0.0,0.0,0.0,serial_runs/uam_jointfirst60m_v4_seed1_20260924_010334/S2__S_EVENTGRAPH_GAT/analysis/checkpoint_curve.csv,STTF,66.19,项目交接参考；当前归档未找到原始 S 阶段解析 CSV,UAGMC_SOURCE passenger-only + LQ,64.31,67.17,exp11 同包曲线；训练种子 1；评估种子 123-125,需核对同物理/guard/轨迹；解析值为交接参考，非本次独立复算
exp09,S2__S_EVENTGRAPH_GAT,S2,S_EVENTGRAPH_GAT,1,400000,70.50666666666666,42.64,6.7811111111111115,20.16,1.0,True,3,3,0.0,0.0,0.0,0.0,serial_runs/uam_jointfirst60m_v4_seed1_20260924_010334/S2__S_EVENTGRAPH_GAT/analysis/checkpoint_curve.csv,STTF,66.19,项目交接参考；当前归档未找到原始 S 阶段解析 CSV,UAGMC_SOURCE passenger-only + LQ,64.31,67.17,exp11 同包曲线；训练种子 1；评估种子 123-125,需核对同物理/guard/轨迹；解析值为交接参考，非本次独立复算
exp09,S2__S_EVENTGRAPH_GAT,S2,S_EVENTGRAPH_GAT,1,450000,99.06444444444445,71.72666666666667,6.573333333333333,19.817777777777778,1.0,True,3,3,0.0,0.0,0.0,0.0,serial_runs/uam_jointfirst60m_v4_seed1_20260924_010334/S2__S_EVENTGRAPH_GAT/analysis/checkpoint_curve.csv,STTF,66.19,项目交接参考；当前归档未找到原始 S 阶段解析 CSV,UAGMC_SOURCE passenger-only + LQ,64.31,67.17,exp11 同包曲线；训练种子 1；评估种子 123-125,需核对同物理/guard/轨迹；解析值为交接参考，非本次独立复算
exp09,S2__S_EVENTGRAPH_GAT,S2,S_EVENTGRAPH_GAT,1,500000,188.99,162.62555555555556,6.2122222222222225,19.191111111111113,1.0,True,3,3,0.0,0.0,0.0,0.0,serial_runs/uam_jointfirst60m_v4_seed1_20260924_010334/S2__S_EVENTGRAPH_GAT/analysis/checkpoint_curve.csv,STTF,66.19,项目交接参考；当前归档未找到原始 S 阶段解析 CSV,UAGMC_SOURCE passenger-only + LQ,64.31,67.17,exp11 同包曲线；训练种子 1；评估种子 123-125,需核对同物理/guard/轨迹；解析值为交接参考，非本次独立复算
exp09,S2__S_EVENTGRAPH_GAT,S2,S_EVENTGRAPH_GAT,1,550000,81.83444444444444,52.48333333333333,7.3244444444444445,21.075555555555557,1.0,True,3,3,0.0,0.0,0.0,0.0,serial_runs/uam_jointfirst60m_v4_seed1_20260924_010334/S2__S_EVENTGRAPH_GAT/analysis/checkpoint_curve.csv,STTF,66.19,项目交接参考；当前归档未找到原始 S 阶段解析 CSV,UAGMC_SOURCE passenger-only + LQ,64.31,67.17,exp11 同包曲线；训练种子 1；评估种子 123-125,需核对同物理/guard/轨迹；解析值为交接参考，非本次独立复算
exp09,S2__S_EVENTGRAPH_GAT,S2,S_EVENTGRAPH_GAT,1,600000,88.14,58.13222222222222,7.538888888888889,21.51111111111111,1.0,True,3,3,0.0,0.0,0.0,0.0,serial_runs/uam_jointfirst60m_v4_seed1_20260924_010334/S2__S_EVENTGRAPH_GAT/analysis/checkpoint_curve.csv,STTF,66.19,项目交接参考；当前归档未找到原始 S 阶段解析 CSV,UAGMC_SOURCE passenger-only + LQ,64.31,67.17,exp11 同包曲线；训练种子 1；评估种子 123-125,需核对同物理/guard/轨迹；解析值为交接参考，非本次独立复算
exp09,S2__S_SETTRANS_EVENT,S2,S_SETTRANS_EVENT,1,50000,77.49444444444445,48.64555555555555,7.391111111111111,20.497777777777777,1.0,True,3,3,0.0,0.0,0.0,0.0,serial_runs/uam_jointfirst60m_v4_seed1_20260924_010334/S2__S_SETTRANS_EVENT/analysis/checkpoint_curve.csv,STTF,66.19,项目交接参考；当前归档未找到原始 S 阶段解析 CSV,UAGMC_SOURCE passenger-only + LQ,64.31,67.17,exp11 同包曲线；训练种子 1；评估种子 123-125,需核对同物理/guard/轨迹；解析值为交接参考，非本次独立复算
exp09,S2__S_SETTRANS_EVENT,S2,S_SETTRANS_EVENT,1,100000,59.75888888888888,32.43555555555556,6.6755555555555555,19.702222222222222,1.0,True,3,3,0.0,0.0,0.0,0.0,serial_runs/uam_jointfirst60m_v4_seed1_20260924_010334/S2__S_SETTRANS_EVENT/analysis/checkpoint_curve.csv,STTF,66.19,项目交接参考；当前归档未找到原始 S 阶段解析 CSV,UAGMC_SOURCE passenger-only + LQ,64.31,67.17,exp11 同包曲线；训练种子 1；评估种子 123-125,需核对同物理/guard/轨迹；解析值为交接参考，非本次独立复算
exp09,S2__S_SETTRANS_EVENT,S2,S_SETTRANS_EVENT,1,150000,69.60222222222222,41.83222222222222,6.853333333333334,19.995555555555555,1.0,True,3,3,0.0,0.0,0.0,0.0,serial_runs/uam_jointfirst60m_v4_seed1_20260924_010334/S2__S_SETTRANS_EVENT/analysis/checkpoint_curve.csv,STTF,66.19,项目交接参考；当前归档未找到原始 S 阶段解析 CSV,UAGMC_SOURCE passenger-only + LQ,64.31,67.17,exp11 同包曲线；训练种子 1；评估种子 123-125,需核对同物理/guard/轨迹；解析值为交接参考，非本次独立复算
exp09,S2__S_SETTRANS_EVENT,S2,S_SETTRANS_EVENT,1,200000,67.11222222222223,39.54888888888889,6.757777777777778,19.88888888888889,1.0,True,3,3,0.0,0.0,0.0,0.0,serial_runs/uam_jointfirst60m_v4_seed1_20260924_010334/S2__S_SETTRANS_EVENT/analysis/checkpoint_curve.csv,STTF,66.19,项目交接参考；当前归档未找到原始 S 阶段解析 CSV,UAGMC_SOURCE passenger-only + LQ,64.31,67.17,exp11 同包曲线；训练种子 1；评估种子 123-125,需核对同物理/guard/轨迹；解析值为交接参考，非本次独立复算
exp09,S2__S_SETTRANS_EVENT,S2,S_SETTRANS_EVENT,1,250000,67.69555555555556,39.821111111111115,6.884444444444444,20.057777777777776,1.0,True,3,3,0.0,0.0,0.0,0.0,serial_runs/uam_jointfirst60m_v4_seed1_20260924_010334/S2__S_SETTRANS_EVENT/analysis/checkpoint_curve.csv,STTF,66.19,项目交接参考；当前归档未找到原始 S 阶段解析 CSV,UAGMC_SOURCE passenger-only + LQ,64.31,67.17,exp11 同包曲线；训练种子 1；评估种子 123-125,需核对同物理/guard/轨迹；解析值为交接参考，非本次独立复算
exp09,S2__S_SETTRANS_EVENT,S2,S_SETTRANS_EVENT,1,300000,67.17777777777778,39.263333333333335,6.841111111111111,20.164444444444445,1.0,True,3,3,0.0,0.0,0.0,0.0,serial_runs/uam_jointfirst60m_v4_seed1_20260924_010334/S2__S_SETTRANS_EVENT/analysis/checkpoint_curve.csv,STTF,66.19,项目交接参考；当前归档未找到原始 S 阶段解析 CSV,UAGMC_SOURCE passenger-only + LQ,64.31,67.17,exp11 同包曲线；训练种子 1；评估种子 123-125,需核对同物理/guard/轨迹；解析值为交接参考，非本次独立复算
exp09,S2__S_SETTRANS_EVENT,S2,S_SETTRANS_EVENT,1,350000,75.24222222222222,46.74333333333334,6.978888888888889,20.564444444444444,1.0,True,3,3,0.0,0.0,0.0,0.0,serial_runs/uam_jointfirst60m_v4_seed1_20260924_010334/S2__S_SETTRANS_EVENT/analysis/checkpoint_curve.csv,STTF,66.19,项目交接参考；当前归档未找到原始 S 阶段解析 CSV,UAGMC_SOURCE passenger-only + LQ,64.31,67.17,exp11 同包曲线；训练种子 1；评估种子 123-125,需核对同物理/guard/轨迹；解析值为交接参考，非本次独立复算
exp09,S2__S_SETTRANS_EVENT,S2,S_SETTRANS_EVENT,1,400000,72.86,44.49777777777778,6.914444444444444,20.51111111111111,1.0,True,3,3,0.0,0.0,0.0,0.0,serial_runs/uam_jointfirst60m_v4_seed1_20260924_010334/S2__S_SETTRANS_EVENT/analysis/checkpoint_curve.csv,STTF,66.19,项目交接参考；当前归档未找到原始 S 阶段解析 CSV,UAGMC_SOURCE passenger-only + LQ,64.31,67.17,exp11 同包曲线；训练种子 1；评估种子 123-125,需核对同物理/guard/轨迹；解析值为交接参考，非本次独立复算
exp09,S2__S_SETTRANS_EVENT,S2,S_SETTRANS_EVENT,1,450000,72.01777777777778,43.66888888888889,6.883333333333333,20.560000000000002,1.0,True,3,3,0.0,0.0,0.0,0.0,serial_runs/uam_jointfirst60m_v4_seed1_20260924_010334/S2__S_SETTRANS_EVENT/analysis/checkpoint_curve.csv,STTF,66.19,项目交接参考；当前归档未找到原始 S 阶段解析 CSV,UAGMC_SOURCE passenger-only + LQ,64.31,67.17,exp11 同包曲线；训练种子 1；评估种子 123-125,需核对同物理/guard/轨迹；解析值为交接参考，非本次独立复算
exp09,S2__S_SETTRANS_EVENT,S2,S_SETTRANS_EVENT,1,500000,76.80222222222223,47.77444444444444,7.124444444444445,21.008888888888887,1.0,True,3,3,0.0,0.0,0.0,0.0,serial_runs/uam_jointfirst60m_v4_seed1_20260924_010334/S2__S_SETTRANS_EVENT/analysis/checkpoint_curve.csv,STTF,66.19,项目交接参考；当前归档未找到原始 S 阶段解析 CSV,UAGMC_SOURCE passenger-only + LQ,64.31,67.17,exp11 同包曲线；训练种子 1；评估种子 123-125,需核对同物理/guard/轨迹；解析值为交接参考，非本次独立复算
exp09,S2__S_SETTRANS_EVENT,S2,S_SETTRANS_EVENT,1,550000,78.47222222222221,50.114444444444445,6.872222222222223,20.56,1.0,True,3,3,0.0,0.0,0.0,0.0,serial_runs/uam_jointfirst60m_v4_seed1_20260924_010334/S2__S_SETTRANS_EVENT/analysis/checkpoint_curve.csv,STTF,66.19,项目交接参考；当前归档未找到原始 S 阶段解析 CSV,UAGMC_SOURCE passenger-only + LQ,64.31,67.17,exp11 同包曲线；训练种子 1；评估种子 123-125,需核对同物理/guard/轨迹；解析值为交接参考，非本次独立复算
exp09,S2__S_SETTRANS_EVENT,S2,S_SETTRANS_EVENT,1,600000,78.36222222222223,49.14111111111111,7.207777777777778,21.05333333333333,1.0,True,3,3,0.0,0.0,0.0,0.0,serial_runs/uam_jointfirst60m_v4_seed1_20260924_010334/S2__S_SETTRANS_EVENT/analysis/checkpoint_curve.csv,STTF,66.19,项目交接参考；当前归档未找到原始 S 阶段解析 CSV,UAGMC_SOURCE passenger-only + LQ,64.31,67.17,exp11 同包曲线；训练种子 1；评估种子 123-125,需核对同物理/guard/轨迹；解析值为交接参考，非本次独立复算
exp09,S2__W_EVENTQ_COCO_CF,S2,W_EVENTQ_COCO_CF,1,50000,111.77444444444444,80.77222222222223,8.076666666666668,21.968888888888888,1.0,True,3,3,0.0,0.0,0.0,0.0,serial_runs/uam_jointfirst60m_v4_seed1_20260924_010334/S2__W_EVENTQ_COCO_CF/analysis/checkpoint_curve.csv,STTF,66.19,项目交接参考；当前归档未找到原始 S 阶段解析 CSV,UAGMC_SOURCE passenger-only + LQ,64.31,67.17,exp11 同包曲线；训练种子 1；评估种子 123-125,需核对同物理/guard/轨迹；解析值为交接参考，非本次独立复算
exp09,S2__W_EVENTQ_COCO_CF,S2,W_EVENTQ_COCO_CF,1,100000,68.92666666666668,41.21888888888889,6.867777777777778,19.897777777777776,1.0,True,3,3,0.0,0.0,0.0,0.0,serial_runs/uam_jointfirst60m_v4_seed1_20260924_010334/S2__W_EVENTQ_COCO_CF/analysis/checkpoint_curve.csv,STTF,66.19,项目交接参考；当前归档未找到原始 S 阶段解析 CSV,UAGMC_SOURCE passenger-only + LQ,64.31,67.17,exp11 同包曲线；训练种子 1；评估种子 123-125,需核对同物理/guard/轨迹；解析值为交接参考，非本次独立复算
exp09,S2__W_EVENTQ_COCO_CF,S2,W_EVENTQ_COCO_CF,1,150000,80.31777777777779,50.87888888888889,7.4877777777777785,20.99111111111111,1.0,True,3,3,0.0,0.0,0.0,0.0,serial_runs/uam_jointfirst60m_v4_seed1_20260924_010334/S2__W_EVENTQ_COCO_CF/analysis/checkpoint_curve.csv,STTF,66.19,项目交接参考；当前归档未找到原始 S 阶段解析 CSV,UAGMC_SOURCE passenger-only + LQ,64.31,67.17,exp11 同包曲线；训练种子 1；评估种子 123-125,需核对同物理/guard/轨迹；解析值为交接参考，非本次独立复算
exp09,S2__W_EVENTQ_COCO_CF,S2,W_EVENTQ_COCO_CF,1,200000,74.91111111111111,45.326666666666675,7.517777777777778,21.115555555555556,1.0,True,3,3,0.0,0.0,0.0,0.0,serial_runs/uam_jointfirst60m_v4_seed1_20260924_010334/S2__W_EVENTQ_COCO_CF/analysis/checkpoint_curve.csv,STTF,66.19,项目交接参考；当前归档未找到原始 S 阶段解析 CSV,UAGMC_SOURCE passenger-only + LQ,64.31,67.17,exp11 同包曲线；训练种子 1；评估种子 123-125,需核对同物理/guard/轨迹；解析值为交接参考，非本次独立复算
exp09,S2__W_EVENTQ_COCO_CF,S2,W_EVENTQ_COCO_CF,1,250000,72.26333333333334,42.91555555555556,7.45,20.955555555555552,1.0,True,3,3,0.0,0.0,0.0,0.0,serial_runs/uam_jointfirst60m_v4_seed1_20260924_010334/S2__W_EVENTQ_COCO_CF/analysis/checkpoint_curve.csv,STTF,66.19,项目交接参考；当前归档未找到原始 S 阶段解析 CSV,UAGMC_SOURCE passenger-only + LQ,64.31,67.17,exp11 同包曲线；训练种子 1；评估种子 123-125,需核对同物理/guard/轨迹；解析值为交接参考，非本次独立复算
exp09,S2__W_EVENTQ_COCO_CF,S2,W_EVENTQ_COCO_CF,1,300000,74.93111111111112,45.44555555555556,7.406666666666666,21.124444444444446,1.0,True,3,3,0.0,0.0,0.0,0.0,serial_runs/uam_jointfirst60m_v4_seed1_20260924_010334/S2__W_EVENTQ_COCO_CF/analysis/checkpoint_curve.csv,STTF,66.19,项目交接参考；当前归档未找到原始 S 阶段解析 CSV,UAGMC_SOURCE passenger-only + LQ,64.31,67.17,exp11 同包曲线；训练种子 1；评估种子 123-125,需核对同物理/guard/轨迹；解析值为交接参考，非本次独立复算
exp09,S2__W_EVENTQ_COCO_CF,S2,W_EVENTQ_COCO_CF,1,350000,73.31111111111112,44.02333333333333,7.354444444444444,20.982222222222223,1.0,True,3,3,0.0,0.0,0.0,0.0,serial_runs/uam_jointfirst60m_v4_seed1_20260924_010334/S2__W_EVENTQ_COCO_CF/analysis/checkpoint_curve.csv,STTF,66.19,项目交接参考；当前归档未找到原始 S 阶段解析 CSV,UAGMC_SOURCE passenger-only + LQ,64.31,67.17,exp11 同包曲线；训练种子 1；评估种子 123-125,需核对同物理/guard/轨迹；解析值为交接参考，非本次独立复算
exp09,S2__W_EVENTQ_COCO_CF,S2,W_EVENTQ_COCO_CF,1,400000,73.84555555555556,44.52888888888889,7.351111111111112,21.00888888888889,1.0,True,3,3,0.0,0.0,0.0,0.0,serial_runs/uam_jointfirst60m_v4_seed1_20260924_010334/S2__W_EVENTQ_COCO_CF/analysis/checkpoint_curve.csv,STTF,66.19,项目交接参考；当前归档未找到原始 S 阶段解析 CSV,UAGMC_SOURCE passenger-only + LQ,64.31,67.17,exp11 同包曲线；训练种子 1；评估种子 123-125,需核对同物理/guard/轨迹；解析值为交接参考，非本次独立复算
exp09,S2__W_EVENTQ_COCO_CF,S2,W_EVENTQ_COCO_CF,1,450000,73.61555555555556,44.333333333333336,7.317777777777778,21.026666666666667,1.0,True,3,3,0.0,0.0,0.0,0.0,serial_runs/uam_jointfirst60m_v4_seed1_20260924_010334/S2__W_EVENTQ_COCO_CF/analysis/checkpoint_curve.csv,STTF,66.19,项目交接参考；当前归档未找到原始 S 阶段解析 CSV,UAGMC_SOURCE passenger-only + LQ,64.31,67.17,exp11 同包曲线；训练种子 1；评估种子 123-125,需核对同物理/guard/轨迹；解析值为交接参考，非本次独立复算
exp09,S2__W_EVENTQ_COCO_CF,S2,W_EVENTQ_COCO_CF,1,500000,73.11,43.803333333333335,7.256666666666667,21.09777777777778,1.0,True,3,3,0.0,0.0,0.0,0.0,serial_runs/uam_jointfirst60m_v4_seed1_20260924_010334/S2__W_EVENTQ_COCO_CF/analysis/checkpoint_curve.csv,STTF,66.19,项目交接参考；当前归档未找到原始 S 阶段解析 CSV,UAGMC_SOURCE passenger-only + LQ,64.31,67.17,exp11 同包曲线；训练种子 1；评估种子 123-125,需核对同物理/guard/轨迹；解析值为交接参考，非本次独立复算
exp09,S2__W_EVENTQ_COCO_CF,S2,W_EVENTQ_COCO_CF,1,550000,74.82555555555557,45.376666666666665,7.343333333333334,21.16888888888889,1.0,True,3,3,0.0,0.0,0.0,0.0,serial_runs/uam_jointfirst60m_v4_seed1_20260924_010334/S2__W_EVENTQ_COCO_CF/analysis/checkpoint_curve.csv,STTF,66.19,项目交接参考；当前归档未找到原始 S 阶段解析 CSV,UAGMC_SOURCE passenger-only + LQ,64.31,67.17,exp11 同包曲线；训练种子 1；评估种子 123-125,需核对同物理/guard/轨迹；解析值为交接参考，非本次独立复算
exp09,S2__W_EVENTQ_COCO_CF,S2,W_EVENTQ_COCO_CF,1,600000,78.12222222222222,48.455555555555556,7.404444444444445,21.30666666666667,1.0,True,3,3,0.0,0.0,0.0,0.0,serial_runs/uam_jointfirst60m_v4_seed1_20260924_010334/S2__W_EVENTQ_COCO_CF/analysis/checkpoint_curve.csv,STTF,66.19,项目交接参考；当前归档未找到原始 S 阶段解析 CSV,UAGMC_SOURCE passenger-only + LQ,64.31,67.17,exp11 同包曲线；训练种子 1；评估种子 123-125,需核对同物理/guard/轨迹；解析值为交接参考，非本次独立复算
exp09,S2__W_TDM_CVAML,S2,W_TDM_CVAML,1,50000,99.35111111111111,67.00333333333333,8.53111111111111,22.857777777777773,1.0,True,3,3,0.0,0.0,0.0,0.0,serial_runs/uam_jointfirst60m_v4_seed1_20260924_010334/S2__W_TDM_CVAML/analysis/checkpoint_curve.csv,STTF,66.19,项目交接参考；当前归档未找到原始 S 阶段解析 CSV,UAGMC_SOURCE passenger-only + LQ,64.31,67.17,exp11 同包曲线；训练种子 1；评估种子 123-125,需核对同物理/guard/轨迹；解析值为交接参考，非本次独立复算
exp09,S2__W_TDM_CVAML,S2,W_TDM_CVAML,1,100000,87.29555555555555,56.38666666666666,8.12,21.826666666666664,1.0,True,3,3,0.0,0.0,0.0,0.0,serial_runs/uam_jointfirst60m_v4_seed1_20260924_010334/S2__W_TDM_CVAML/analysis/checkpoint_curve.csv,STTF,66.19,项目交接参考；当前归档未找到原始 S 阶段解析 CSV,UAGMC_SOURCE passenger-only + LQ,64.31,67.17,exp11 同包曲线；训练种子 1；评估种子 123-125,需核对同物理/guard/轨迹；解析值为交接参考，非本次独立复算
exp09,S2__W_TDM_CVAML,S2,W_TDM_CVAML,1,150000,88.44444444444444,56.94222222222222,8.26,22.28,1.0,True,3,3,0.0,0.0,0.0,0.0,serial_runs/uam_jointfirst60m_v4_seed1_20260924_010334/S2__W_TDM_CVAML/analysis/checkpoint_curve.csv,STTF,66.19,项目交接参考；当前归档未找到原始 S 阶段解析 CSV,UAGMC_SOURCE passenger-only + LQ,64.31,67.17,exp11 同包曲线；训练种子 1；评估种子 123-125,需核对同物理/guard/轨迹；解析值为交接参考，非本次独立复算
exp09,S2__W_TDM_CVAML,S2,W_TDM_CVAML,1,200000,86.91666666666667,55.45777777777778,8.194444444444445,22.302222222222223,1.0,True,3,3,0.0,0.0,0.0,0.0,serial_runs/uam_jointfirst60m_v4_seed1_20260924_010334/S2__W_TDM_CVAML/analysis/checkpoint_curve.csv,STTF,66.19,项目交接参考；当前归档未找到原始 S 阶段解析 CSV,UAGMC_SOURCE passenger-only + LQ,64.31,67.17,exp11 同包曲线；训练种子 1；评估种子 123-125,需核对同物理/guard/轨迹；解析值为交接参考，非本次独立复算
exp09,S2__W_TDM_CVAML,S2,W_TDM_CVAML,1,250000,64.74444444444444,36.45777777777778,7.082222222222222,20.271111111111114,1.0,True,3,3,0.0,0.0,0.0,0.0,serial_runs/uam_jointfirst60m_v4_seed1_20260924_010334/S2__W_TDM_CVAML/analysis/checkpoint_curve.csv,STTF,66.19,项目交接参考；当前归档未找到原始 S 阶段解析 CSV,UAGMC_SOURCE passenger-only + LQ,64.31,67.17,exp11 同包曲线；训练种子 1；评估种子 123-125,需核对同物理/guard/轨迹；解析值为交接参考，非本次独立复算
exp09,S2__W_TDM_CVAML,S2,W_TDM_CVAML,1,300000,69.22222222222221,40.193333333333335,7.3244444444444445,20.76,1.0,True,3,3,0.0,0.0,0.0,0.0,serial_runs/uam_jointfirst60m_v4_seed1_20260924_010334/S2__W_TDM_CVAML/analysis/checkpoint_curve.csv,STTF,66.19,项目交接参考；当前归档未找到原始 S 阶段解析 CSV,UAGMC_SOURCE passenger-only + LQ,64.31,67.17,exp11 同包曲线；训练种子 1；评估种子 123-125,需核对同物理/guard/轨迹；解析值为交接参考，非本次独立复算
exp09,S2__W_TDM_CVAML,S2,W_TDM_CVAML,1,350000,77.57222222222221,47.57888888888889,7.5633333333333335,21.46666666666667,1.0,True,3,3,0.0,0.0,0.0,0.0,serial_runs/uam_jointfirst60m_v4_seed1_20260924_010334/S2__W_TDM_CVAML/analysis/checkpoint_curve.csv,STTF,66.19,项目交接参考；当前归档未找到原始 S 阶段解析 CSV,UAGMC_SOURCE passenger-only + LQ,64.31,67.17,exp11 同包曲线；训练种子 1；评估种子 123-125,需核对同物理/guard/轨迹；解析值为交接参考，非本次独立复算
exp09,S2__W_TDM_CVAML,S2,W_TDM_CVAML,1,400000,85.14777777777779,55.41111111111112,7.478888888888889,21.35111111111111,1.0,True,3,3,0.0,0.0,0.0,0.0,serial_runs/uam_jointfirst60m_v4_seed1_20260924_010334/S2__W_TDM_CVAML/analysis/checkpoint_curve.csv,STTF,66.19,项目交接参考；当前归档未找到原始 S 阶段解析 CSV,UAGMC_SOURCE passenger-only + LQ,64.31,67.17,exp11 同包曲线；训练种子 1；评估种子 123-125,需核对同物理/guard/轨迹；解析值为交接参考，非本次独立复算
exp09,S2__W_TDM_CVAML,S2,W_TDM_CVAML,1,450000,83.34222222222222,53.46555555555556,7.5311111111111115,21.453333333333333,1.0,True,3,3,0.0,0.0,0.0,0.0,serial_runs/uam_jointfirst60m_v4_seed1_20260924_010334/S2__W_TDM_CVAML/analysis/checkpoint_curve.csv,STTF,66.19,项目交接参考；当前归档未找到原始 S 阶段解析 CSV,UAGMC_SOURCE passenger-only + LQ,64.31,67.17,exp11 同包曲线；训练种子 1；评估种子 123-125,需核对同物理/guard/轨迹；解析值为交接参考，非本次独立复算
exp09,S2__W_TDM_CVAML,S2,W_TDM_CVAML,1,500000,83.03222222222223,52.49000000000001,7.80888888888889,21.78222222222222,1.0,True,3,3,0.0,0.0,0.0,0.0,serial_runs/uam_jointfirst60m_v4_seed1_20260924_010334/S2__W_TDM_CVAML/analysis/checkpoint_curve.csv,STTF,66.19,项目交接参考；当前归档未找到原始 S 阶段解析 CSV,UAGMC_SOURCE passenger-only + LQ,64.31,67.17,exp11 同包曲线；训练种子 1；评估种子 123-125,需核对同物理/guard/轨迹；解析值为交接参考，非本次独立复算
exp09,S2__W_TDM_CVAML,S2,W_TDM_CVAML,1,550000,83.40333333333332,52.6311111111111,7.835555555555556,21.968888888888888,1.0,True,3,3,0.0,0.0,0.0,0.0,serial_runs/uam_jointfirst60m_v4_seed1_20260924_010334/S2__W_TDM_CVAML/analysis/checkpoint_curve.csv,STTF,66.19,项目交接参考；当前归档未找到原始 S 阶段解析 CSV,UAGMC_SOURCE passenger-only + LQ,64.31,67.17,exp11 同包曲线；训练种子 1；评估种子 123-125,需核对同物理/guard/轨迹；解析值为交接参考，非本次独立复算
exp09,S2__W_TDM_CVAML,S2,W_TDM_CVAML,1,600000,86.33555555555556,55.57555555555556,7.764444444444444,22.035555555555558,1.0,True,3,3,0.0,0.0,0.0,0.0,serial_runs/uam_jointfirst60m_v4_seed1_20260924_010334/S2__W_TDM_CVAML/analysis/checkpoint_curve.csv,STTF,66.19,项目交接参考；当前归档未找到原始 S 阶段解析 CSV,UAGMC_SOURCE passenger-only + LQ,64.31,67.17,exp11 同包曲线；训练种子 1；评估种子 123-125,需核对同物理/guard/轨迹；解析值为交接参考，非本次独立复算
exp09,S3__A_COMA_AC,S3,A_COMA_AC,1,50000,617.9966666666668,591.8333333333334,6.163333333333333,19.0,1.0,True,3,3,0.0,0.0,0.0,0.0,serial_runs/uam_jointfirst60m_v4_seed1_20260924_010334/S3__A_COMA_AC/analysis/checkpoint_curve.csv,MPTC,85.33,项目交接参考；当前归档未找到原始 S 阶段解析 CSV,UAGMC_SOURCE passenger-only + LQ,84.19,128.76,exp11 同包曲线；训练种子 1；评估种子 123-125,需核对同物理/guard/轨迹；解析值为交接参考，非本次独立复算
exp09,S3__A_COMA_AC,S3,A_COMA_AC,1,100000,135.06444444444446,108.62222222222222,6.237777777777777,19.24,1.0,True,3,3,0.0,0.0,0.0,0.0,serial_runs/uam_jointfirst60m_v4_seed1_20260924_010334/S3__A_COMA_AC/analysis/checkpoint_curve.csv,MPTC,85.33,项目交接参考；当前归档未找到原始 S 阶段解析 CSV,UAGMC_SOURCE passenger-only + LQ,84.19,128.76,exp11 同包曲线；训练种子 1；评估种子 123-125,需核对同物理/guard/轨迹；解析值为交接参考，非本次独立复算
exp09,S3__A_COMA_AC,S3,A_COMA_AC,1,150000,116.28444444444445,89.53555555555556,6.490000000000001,19.302222222222223,1.0,True,3,3,0.0,0.0,0.0,0.0,serial_runs/uam_jointfirst60m_v4_seed1_20260924_010334/S3__A_COMA_AC/analysis/checkpoint_curve.csv,MPTC,85.33,项目交接参考；当前归档未找到原始 S 阶段解析 CSV,UAGMC_SOURCE passenger-only + LQ,84.19,128.76,exp11 同包曲线；训练种子 1；评估种子 123-125,需核对同物理/guard/轨迹；解析值为交接参考，非本次独立复算
exp09,S3__A_COMA_AC,S3,A_COMA_AC,1,200000,176.13666666666666,149.67444444444445,6.317777777777778,19.182222222222222,1.0,True,3,3,0.0,0.0,0.0,0.0,serial_runs/uam_jointfirst60m_v4_seed1_20260924_010334/S3__A_COMA_AC/analysis/checkpoint_curve.csv,MPTC,85.33,项目交接参考；当前归档未找到原始 S 阶段解析 CSV,UAGMC_SOURCE passenger-only + LQ,84.19,128.76,exp11 同包曲线；训练种子 1；评估种子 123-125,需核对同物理/guard/轨迹；解析值为交接参考，非本次独立复算
exp09,S3__A_COMA_AC,S3,A_COMA_AC,1,250000,148.3211111111111,118.83222222222223,7.465555555555556,21.08888888888889,1.0,True,3,3,0.0,0.0,0.0,0.0,serial_runs/uam_jointfirst60m_v4_seed1_20260924_010334/S3__A_COMA_AC/analysis/checkpoint_curve.csv,MPTC,85.33,项目交接参考；当前归档未找到原始 S 阶段解析 CSV,UAGMC_SOURCE passenger-only + LQ,84.19,128.76,exp11 同包曲线；训练种子 1；评估种子 123-125,需核对同物理/guard/轨迹；解析值为交接参考，非本次独立复算
exp09,S3__A_COMA_AC,S3,A_COMA_AC,1,300000,195.03666666666666,163.9922222222222,8.044444444444444,22.017777777777777,1.0,True,3,3,0.0,0.0,0.0,0.0,serial_runs/uam_jointfirst60m_v4_seed1_20260924_010334/S3__A_COMA_AC/analysis/checkpoint_curve.csv,MPTC,85.33,项目交接参考；当前归档未找到原始 S 阶段解析 CSV,UAGMC_SOURCE passenger-only + LQ,84.19,128.76,exp11 同包曲线；训练种子 1；评估种子 123-125,需核对同物理/guard/轨迹；解析值为交接参考，非本次独立复算
exp09,S3__A_COMA_AC,S3,A_COMA_AC,1,350000,154.95666666666668,125.53333333333335,7.442222222222223,21.05333333333333,1.0,True,3,3,0.0,0.0,0.0,0.0,serial_runs/uam_jointfirst60m_v4_seed1_20260924_010334/S3__A_COMA_AC/analysis/checkpoint_curve.csv,MPTC,85.33,项目交接参考；当前归档未找到原始 S 阶段解析 CSV,UAGMC_SOURCE passenger-only + LQ,84.19,128.76,exp11 同包曲线；训练种子 1；评估种子 123-125,需核对同物理/guard/轨迹；解析值为交接参考，非本次独立复算
exp09,S3__A_COMA_AC,S3,A_COMA_AC,1,400000,180.1477777777778,149.42888888888888,7.974444444444444,21.78222222222222,1.0,True,3,3,0.0,0.0,0.0,0.0,serial_runs/uam_jointfirst60m_v4_seed1_20260924_010334/S3__A_COMA_AC/analysis/checkpoint_curve.csv,MPTC,85.33,项目交接参考；当前归档未找到原始 S 阶段解析 CSV,UAGMC_SOURCE passenger-only + LQ,84.19,128.76,exp11 同包曲线；训练种子 1；评估种子 123-125,需核对同物理/guard/轨迹；解析值为交接参考，非本次独立复算
exp09,S3__A_COMA_AC,S3,A_COMA_AC,1,450000,193.8688888888889,162.87333333333333,8.043333333333335,21.986666666666668,1.0,True,3,3,0.0,0.0,0.0,0.0,serial_runs/uam_jointfirst60m_v4_seed1_20260924_010334/S3__A_COMA_AC/analysis/checkpoint_curve.csv,MPTC,85.33,项目交接参考；当前归档未找到原始 S 阶段解析 CSV,UAGMC_SOURCE passenger-only + LQ,84.19,128.76,exp11 同包曲线；训练种子 1；评估种子 123-125,需核对同物理/guard/轨迹；解析值为交接参考，非本次独立复算
exp09,S3__A_COMA_AC,S3,A_COMA_AC,1,500000,150.80999999999997,121.32333333333334,7.473333333333334,21.097777777777775,1.0,True,3,3,0.0,0.0,0.0,0.0,serial_runs/uam_jointfirst60m_v4_seed1_20260924_010334/S3__A_COMA_AC/analysis/checkpoint_curve.csv,MPTC,85.33,项目交接参考；当前归档未找到原始 S 阶段解析 CSV,UAGMC_SOURCE passenger-only + LQ,84.19,128.76,exp11 同包曲线；训练种子 1；评估种子 123-125,需核对同物理/guard/轨迹；解析值为交接参考，非本次独立复算
exp09,S3__A_COMA_AC,S3,A_COMA_AC,1,550000,145.27888888888887,115.74666666666667,7.597777777777779,21.013333333333332,1.0,True,3,3,0.0,0.0,0.0,0.0,serial_runs/uam_jointfirst60m_v4_seed1_20260924_010334/S3__A_COMA_AC/analysis/checkpoint_curve.csv,MPTC,85.33,项目交接参考；当前归档未找到原始 S 阶段解析 CSV,UAGMC_SOURCE passenger-only + LQ,84.19,128.76,exp11 同包曲线；训练种子 1；评估种子 123-125,需核对同物理/guard/轨迹；解析值为交接参考，非本次独立复算
exp09,S3__A_COMA_AC,S3,A_COMA_AC,1,600000,139.78666666666666,110.63444444444444,7.354444444444444,20.88,1.0,True,3,3,0.0,0.0,0.0,0.0,serial_runs/uam_jointfirst60m_v4_seed1_20260924_010334/S3__A_COMA_AC/analysis/checkpoint_curve.csv,MPTC,85.33,项目交接参考；当前归档未找到原始 S 阶段解析 CSV,UAGMC_SOURCE passenger-only + LQ,84.19,128.76,exp11 同包曲线；训练种子 1；评估种子 123-125,需核对同物理/guard/轨迹；解析值为交接参考，非本次独立复算
exp09,S3__A_ICM_AC,S3,A_ICM_AC,1,50000,617.9966666666668,591.8333333333334,6.163333333333333,19.0,1.0,True,3,3,0.0,0.0,0.0,0.0,serial_runs/uam_jointfirst60m_v4_seed1_20260924_010334/S3__A_ICM_AC/analysis/checkpoint_curve.csv,MPTC,85.33,项目交接参考；当前归档未找到原始 S 阶段解析 CSV,UAGMC_SOURCE passenger-only + LQ,84.19,128.76,exp11 同包曲线；训练种子 1；评估种子 123-125,需核对同物理/guard/轨迹；解析值为交接参考，非本次独立复算
exp09,S3__A_ICM_AC,S3,A_ICM_AC,1,100000,124.08777777777777,97.56666666666668,6.298888888888889,19.26222222222222,1.0,True,3,3,0.0,0.0,0.0,0.0,serial_runs/uam_jointfirst60m_v4_seed1_20260924_010334/S3__A_ICM_AC/analysis/checkpoint_curve.csv,MPTC,85.33,项目交接参考；当前归档未找到原始 S 阶段解析 CSV,UAGMC_SOURCE passenger-only + LQ,84.19,128.76,exp11 同包曲线；训练种子 1；评估种子 123-125,需核对同物理/guard/轨迹；解析值为交接参考，非本次独立复算
exp09,S3__A_ICM_AC,S3,A_ICM_AC,1,150000,106.40333333333335,79.05888888888889,6.4700000000000015,19.95111111111111,1.0,True,3,3,0.0,0.0,0.0,0.0,serial_runs/uam_jointfirst60m_v4_seed1_20260924_010334/S3__A_ICM_AC/analysis/checkpoint_curve.csv,MPTC,85.33,项目交接参考；当前归档未找到原始 S 阶段解析 CSV,UAGMC_SOURCE passenger-only + LQ,84.19,128.76,exp11 同包曲线；训练种子 1；评估种子 123-125,需核对同物理/guard/轨迹；解析值为交接参考，非本次独立复算
exp09,S3__A_ICM_AC,S3,A_ICM_AC,1,200000,98.45666666666666,70.88666666666666,6.598888888888889,20.00444444444444,1.0,True,3,3,0.0,0.0,0.0,0.0,serial_runs/uam_jointfirst60m_v4_seed1_20260924_010334/S3__A_ICM_AC/analysis/checkpoint_curve.csv,MPTC,85.33,项目交接参考；当前归档未找到原始 S 阶段解析 CSV,UAGMC_SOURCE passenger-only + LQ,84.19,128.76,exp11 同包曲线；训练种子 1；评估种子 123-125,需核对同物理/guard/轨迹；解析值为交接参考，非本次独立复算
exp09,S3__A_ICM_AC,S3,A_ICM_AC,1,250000,117.0911111111111,88.99222222222222,6.696666666666666,20.435555555555556,1.0,True,3,3,0.0,0.0,0.0,0.0,serial_runs/uam_jointfirst60m_v4_seed1_20260924_010334/S3__A_ICM_AC/analysis/checkpoint_curve.csv,MPTC,85.33,项目交接参考；当前归档未找到原始 S 阶段解析 CSV,UAGMC_SOURCE passenger-only + LQ,84.19,128.76,exp11 同包曲线；训练种子 1；评估种子 123-125,需核对同物理/guard/轨迹；解析值为交接参考，非本次独立复算
exp09,S3__A_ICM_AC,S3,A_ICM_AC,1,300000,122.96666666666665,94.61555555555556,6.844444444444444,20.52888888888889,1.0,True,3,3,0.0,0.0,0.0,0.0,serial_runs/uam_jointfirst60m_v4_seed1_20260924_010334/S3__A_ICM_AC/analysis/checkpoint_curve.csv,MPTC,85.33,项目交接参考；当前归档未找到原始 S 阶段解析 CSV,UAGMC_SOURCE passenger-only + LQ,84.19,128.76,exp11 同包曲线；训练种子 1；评估种子 123-125,需核对同物理/guard/轨迹；解析值为交接参考，非本次独立复算
exp09,S3__A_ICM_AC,S3,A_ICM_AC,1,350000,157.4755555555556,127.88222222222221,7.311111111111111,21.302222222222223,1.0,True,3,3,0.0,0.0,0.0,0.0,serial_runs/uam_jointfirst60m_v4_seed1_20260924_010334/S3__A_ICM_AC/analysis/checkpoint_curve.csv,MPTC,85.33,项目交接参考；当前归档未找到原始 S 阶段解析 CSV,UAGMC_SOURCE passenger-only + LQ,84.19,128.76,exp11 同包曲线；训练种子 1；评估种子 123-125,需核对同物理/guard/轨迹；解析值为交接参考，非本次独立复算
exp09,S3__A_ICM_AC,S3,A_ICM_AC,1,400000,128.47222222222223,99.62666666666667,7.161111111111111,20.702222222222222,1.0,True,3,3,0.0,0.0,0.0,0.0,serial_runs/uam_jointfirst60m_v4_seed1_20260924_010334/S3__A_ICM_AC/analysis/checkpoint_curve.csv,MPTC,85.33,项目交接参考；当前归档未找到原始 S 阶段解析 CSV,UAGMC_SOURCE passenger-only + LQ,84.19,128.76,exp11 同包曲线；训练种子 1；评估种子 123-125,需核对同物理/guard/轨迹；解析值为交接参考，非本次独立复算
exp09,S3__A_ICM_AC,S3,A_ICM_AC,1,450000,122.78555555555556,94.2388888888889,7.007777777777778,20.57777777777778,1.0,True,3,3,0.0,0.0,0.0,0.0,serial_runs/uam_jointfirst60m_v4_seed1_20260924_010334/S3__A_ICM_AC/analysis/checkpoint_curve.csv,MPTC,85.33,项目交接参考；当前归档未找到原始 S 阶段解析 CSV,UAGMC_SOURCE passenger-only + LQ,84.19,128.76,exp11 同包曲线；训练种子 1；评估种子 123-125,需核对同物理/guard/轨迹；解析值为交接参考，非本次独立复算
exp09,S3__A_ICM_AC,S3,A_ICM_AC,1,500000,113.44111111111111,85.06777777777778,7.113333333333333,20.333333333333332,1.0,True,3,3,0.0,0.0,0.0,0.0,serial_runs/uam_jointfirst60m_v4_seed1_20260924_010334/S3__A_ICM_AC/analysis/checkpoint_curve.csv,MPTC,85.33,项目交接参考；当前归档未找到原始 S 阶段解析 CSV,UAGMC_SOURCE passenger-only + LQ,84.19,128.76,exp11 同包曲线；训练种子 1；评估种子 123-125,需核对同物理/guard/轨迹；解析值为交接参考，非本次独立复算
exp09,S3__A_ICM_AC,S3,A_ICM_AC,1,550000,119.68666666666667,91.13555555555554,7.2188888888888885,20.413333333333334,1.0,True,3,3,0.0,0.0,0.0,0.0,serial_runs/uam_jointfirst60m_v4_seed1_20260924_010334/S3__A_ICM_AC/analysis/checkpoint_curve.csv,MPTC,85.33,项目交接参考；当前归档未找到原始 S 阶段解析 CSV,UAGMC_SOURCE passenger-only + LQ,84.19,128.76,exp11 同包曲线；训练种子 1；评估种子 123-125,需核对同物理/guard/轨迹；解析值为交接参考，非本次独立复算
exp09,S3__A_ICM_AC,S3,A_ICM_AC,1,600000,149.49222222222224,120.20333333333332,7.523333333333333,20.831111111111113,1.0,True,3,3,0.0,0.0,0.0,0.0,serial_runs/uam_jointfirst60m_v4_seed1_20260924_010334/S3__A_ICM_AC/analysis/checkpoint_curve.csv,MPTC,85.33,项目交接参考；当前归档未找到原始 S 阶段解析 CSV,UAGMC_SOURCE passenger-only + LQ,84.19,128.76,exp11 同包曲线；训练种子 1；评估种子 123-125,需核对同物理/guard/轨迹；解析值为交接参考，非本次独立复算
exp09,S3__CURRENT,S3,CURRENT,1,50000,193.73333333333335,163.50222222222223,7.716666666666666,21.53333333333333,1.0,True,3,3,0.0,0.0,0.0,0.0,serial_runs/uam_jointfirst60m_v4_seed1_20260924_010334/S3__CURRENT/analysis/checkpoint_curve.csv,MPTC,85.33,项目交接参考；当前归档未找到原始 S 阶段解析 CSV,UAGMC_SOURCE passenger-only + LQ,84.19,128.76,exp11 同包曲线；训练种子 1；评估种子 123-125,需核对同物理/guard/轨迹；解析值为交接参考，非本次独立复算
exp09,S3__CURRENT,S3,CURRENT,1,100000,154.13,124.6488888888889,7.335555555555556,21.16,1.0,True,3,3,0.0,0.0,0.0,0.0,serial_runs/uam_jointfirst60m_v4_seed1_20260924_010334/S3__CURRENT/analysis/checkpoint_curve.csv,MPTC,85.33,项目交接参考；当前归档未找到原始 S 阶段解析 CSV,UAGMC_SOURCE passenger-only + LQ,84.19,128.76,exp11 同包曲线；训练种子 1；评估种子 123-125,需核对同物理/guard/轨迹；解析值为交接参考，非本次独立复算
exp09,S3__CURRENT,S3,CURRENT,1,150000,158.4188888888889,128.84444444444443,7.361111111111111,21.235555555555553,1.0,True,3,3,0.0,0.0,0.0,0.0,serial_runs/uam_jointfirst60m_v4_seed1_20260924_010334/S3__CURRENT/analysis/checkpoint_curve.csv,MPTC,85.33,项目交接参考；当前归档未找到原始 S 阶段解析 CSV,UAGMC_SOURCE passenger-only + LQ,84.19,128.76,exp11 同包曲线；训练种子 1；评估种子 123-125,需核对同物理/guard/轨迹；解析值为交接参考，非本次独立复算
exp09,S3__CURRENT,S3,CURRENT,1,200000,157.56333333333333,128.0588888888889,7.37111111111111,21.16,1.0,True,3,3,0.0,0.0,0.0,0.0,serial_runs/uam_jointfirst60m_v4_seed1_20260924_010334/S3__CURRENT/analysis/checkpoint_curve.csv,MPTC,85.33,项目交接参考；当前归档未找到原始 S 阶段解析 CSV,UAGMC_SOURCE passenger-only + LQ,84.19,128.76,exp11 同包曲线；训练种子 1；评估种子 123-125,需核对同物理/guard/轨迹；解析值为交接参考，非本次独立复算
exp09,S3__CURRENT,S3,CURRENT,1,250000,172.17555555555555,142.26000000000002,7.513333333333333,21.426666666666666,1.0,True,3,3,0.0,0.0,0.0,0.0,serial_runs/uam_jointfirst60m_v4_seed1_20260924_010334/S3__CURRENT/analysis/checkpoint_curve.csv,MPTC,85.33,项目交接参考；当前归档未找到原始 S 阶段解析 CSV,UAGMC_SOURCE passenger-only + LQ,84.19,128.76,exp11 同包曲线；训练种子 1；评估种子 123-125,需核对同物理/guard/轨迹；解析值为交接参考，非本次独立复算
exp09,S3__CURRENT,S3,CURRENT,1,300000,161.48666666666665,131.8088888888889,7.3566666666666665,21.342222222222222,1.0,True,3,3,0.0,0.0,0.0,0.0,serial_runs/uam_jointfirst60m_v4_seed1_20260924_010334/S3__CURRENT/analysis/checkpoint_curve.csv,MPTC,85.33,项目交接参考；当前归档未找到原始 S 阶段解析 CSV,UAGMC_SOURCE passenger-only + LQ,84.19,128.76,exp11 同包曲线；训练种子 1；评估种子 123-125,需核对同物理/guard/轨迹；解析值为交接参考，非本次独立复算
exp09,S3__CURRENT,S3,CURRENT,1,350000,163.14666666666668,133.3322222222222,7.472222222222222,21.364444444444445,1.0,True,3,3,0.0,0.0,0.0,0.0,serial_runs/uam_jointfirst60m_v4_seed1_20260924_010334/S3__CURRENT/analysis/checkpoint_curve.csv,MPTC,85.33,项目交接参考；当前归档未找到原始 S 阶段解析 CSV,UAGMC_SOURCE passenger-only + LQ,84.19,128.76,exp11 同包曲线；训练种子 1；评估种子 123-125,需核对同物理/guard/轨迹；解析值为交接参考，非本次独立复算
exp09,S3__CURRENT,S3,CURRENT,1,400000,179.83444444444444,149.66666666666666,7.533333333333332,21.653333333333336,1.0,True,3,3,0.0,0.0,0.0,0.0,serial_runs/uam_jointfirst60m_v4_seed1_20260924_010334/S3__CURRENT/analysis/checkpoint_curve.csv,MPTC,85.33,项目交接参考；当前归档未找到原始 S 阶段解析 CSV,UAGMC_SOURCE passenger-only + LQ,84.19,128.76,exp11 同包曲线；训练种子 1；评估种子 123-125,需核对同物理/guard/轨迹；解析值为交接参考，非本次独立复算
exp09,S3__CURRENT,S3,CURRENT,1,450000,182.55555555555557,152.3788888888889,7.477777777777778,21.724444444444444,1.0,True,3,3,0.0,0.0,0.0,0.0,serial_runs/uam_jointfirst60m_v4_seed1_20260924_010334/S3__CURRENT/analysis/checkpoint_curve.csv,MPTC,85.33,项目交接参考；当前归档未找到原始 S 阶段解析 CSV,UAGMC_SOURCE passenger-only + LQ,84.19,128.76,exp11 同包曲线；训练种子 1；评估种子 123-125,需核对同物理/guard/轨迹；解析值为交接参考，非本次独立复算
exp09,S3__CURRENT,S3,CURRENT,1,500000,182.83444444444444,152.5388888888889,7.638888888888888,21.671111111111106,1.0,True,3,3,0.0,0.0,0.0,0.0,serial_runs/uam_jointfirst60m_v4_seed1_20260924_010334/S3__CURRENT/analysis/checkpoint_curve.csv,MPTC,85.33,项目交接参考；当前归档未找到原始 S 阶段解析 CSV,UAGMC_SOURCE passenger-only + LQ,84.19,128.76,exp11 同包曲线；训练种子 1；评估种子 123-125,需核对同物理/guard/轨迹；解析值为交接参考，非本次独立复算
exp09,S3__CURRENT,S3,CURRENT,1,550000,189.36333333333334,159.02666666666667,7.618888888888889,21.733333333333334,1.0,True,3,3,0.0,0.0,0.0,0.0,serial_runs/uam_jointfirst60m_v4_seed1_20260924_010334/S3__CURRENT/analysis/checkpoint_curve.csv,MPTC,85.33,项目交接参考；当前归档未找到原始 S 阶段解析 CSV,UAGMC_SOURCE passenger-only + LQ,84.19,128.76,exp11 同包曲线；训练种子 1；评估种子 123-125,需核对同物理/guard/轨迹；解析值为交接参考，非本次独立复算
exp09,S3__CURRENT,S3,CURRENT,1,600000,194.51888888888888,163.62777777777777,7.883333333333333,22.022222222222222,1.0,True,3,3,0.0,0.0,0.0,0.0,serial_runs/uam_jointfirst60m_v4_seed1_20260924_010334/S3__CURRENT/analysis/checkpoint_curve.csv,MPTC,85.33,项目交接参考；当前归档未找到原始 S 阶段解析 CSV,UAGMC_SOURCE passenger-only + LQ,84.19,128.76,exp11 同包曲线；训练种子 1；评估种子 123-125,需核对同物理/guard/轨迹；解析值为交接参考，非本次独立复算
exp09,S3__C_SA,S3,C_SA,1,50000,617.9966666666668,591.8333333333334,6.163333333333333,19.0,1.0,True,3,3,0.0,0.0,0.0,0.0,serial_runs/uam_jointfirst60m_v4_seed1_20260924_010334/S3__C_SA/analysis/checkpoint_curve.csv,MPTC,85.33,项目交接参考；当前归档未找到原始 S 阶段解析 CSV,UAGMC_SOURCE passenger-only + LQ,84.19,128.76,exp11 同包曲线；训练种子 1；评估种子 123-125,需核对同物理/guard/轨迹；解析值为交接参考，非本次独立复算
exp09,S3__C_SA,S3,C_SA,1,100000,617.9966666666668,591.8333333333334,6.163333333333333,19.0,1.0,True,3,3,0.0,0.0,0.0,0.0,serial_runs/uam_jointfirst60m_v4_seed1_20260924_010334/S3__C_SA/analysis/checkpoint_curve.csv,MPTC,85.33,项目交接参考；当前归档未找到原始 S 阶段解析 CSV,UAGMC_SOURCE passenger-only + LQ,84.19,128.76,exp11 同包曲线；训练种子 1；评估种子 123-125,需核对同物理/guard/轨迹；解析值为交接参考，非本次独立复算
exp09,S3__C_SA,S3,C_SA,1,150000,122.8011111111111,95.72777777777777,6.071111111111112,20.080000000000002,1.0,True,3,3,0.0,0.0,0.0,0.0,serial_runs/uam_jointfirst60m_v4_seed1_20260924_010334/S3__C_SA/analysis/checkpoint_curve.csv,MPTC,85.33,项目交接参考；当前归档未找到原始 S 阶段解析 CSV,UAGMC_SOURCE passenger-only + LQ,84.19,128.76,exp11 同包曲线；训练种子 1；评估种子 123-125,需核对同物理/guard/轨迹；解析值为交接参考，非本次独立复算
exp09,S3__C_SA,S3,C_SA,1,200000,148.2711111111111,120.12888888888888,6.496666666666667,20.68444444444445,1.0,True,3,3,0.0,0.0,0.0,0.0,serial_runs/uam_jointfirst60m_v4_seed1_20260924_010334/S3__C_SA/analysis/checkpoint_curve.csv,MPTC,85.33,项目交接参考；当前归档未找到原始 S 阶段解析 CSV,UAGMC_SOURCE passenger-only + LQ,84.19,128.76,exp11 同包曲线；训练种子 1；评估种子 123-125,需核对同物理/guard/轨迹；解析值为交接参考，非本次独立复算
exp09,S3__C_SA,S3,C_SA,1,250000,126.29888888888888,98.12222222222222,6.661111111111111,20.546666666666667,1.0,True,3,3,0.0,0.0,0.0,0.0,serial_runs/uam_jointfirst60m_v4_seed1_20260924_010334/S3__C_SA/analysis/checkpoint_curve.csv,MPTC,85.33,项目交接参考；当前归档未找到原始 S 阶段解析 CSV,UAGMC_SOURCE passenger-only + LQ,84.19,128.76,exp11 同包曲线；训练种子 1；评估种子 123-125,需核对同物理/guard/轨迹；解析值为交接参考，非本次独立复算
exp09,S3__C_SA,S3,C_SA,1,300000,128.61555555555557,100.5411111111111,6.6177777777777775,20.515555555555554,1.0,True,3,3,0.0,0.0,0.0,0.0,serial_runs/uam_jointfirst60m_v4_seed1_20260924_010334/S3__C_SA/analysis/checkpoint_curve.csv,MPTC,85.33,项目交接参考；当前归档未找到原始 S 阶段解析 CSV,UAGMC_SOURCE passenger-only + LQ,84.19,128.76,exp11 同包曲线；训练种子 1；评估种子 123-125,需核对同物理/guard/轨迹；解析值为交接参考，非本次独立复算
exp09,S3__C_SA,S3,C_SA,1,350000,131.31555555555556,103.16888888888889,6.723333333333333,20.488888888888887,1.0,True,3,3,0.0,0.0,0.0,0.0,serial_runs/uam_jointfirst60m_v4_seed1_20260924_010334/S3__C_SA/analysis/checkpoint_curve.csv,MPTC,85.33,项目交接参考；当前归档未找到原始 S 阶段解析 CSV,UAGMC_SOURCE passenger-only + LQ,84.19,128.76,exp11 同包曲线；训练种子 1；评估种子 123-125,需核对同物理/guard/轨迹；解析值为交接参考，非本次独立复算
exp09,S3__C_SA,S3,C_SA,1,400000,129.2788888888889,100.63333333333333,6.971111111111111,20.706666666666667,1.0,True,3,3,0.0,0.0,0.0,0.0,serial_runs/uam_jointfirst60m_v4_seed1_20260924_010334/S3__C_SA/analysis/checkpoint_curve.csv,MPTC,85.33,项目交接参考；当前归档未找到原始 S 阶段解析 CSV,UAGMC_SOURCE passenger-only + LQ,84.19,128.76,exp11 同包曲线；训练种子 1；评估种子 123-125,需核对同物理/guard/轨迹；解析值为交接参考，非本次独立复算
exp09,S3__C_SA,S3,C_SA,1,450000,153.16222222222223,124.4588888888889,6.911111111111111,20.813333333333333,1.0,True,3,3,0.0,0.0,0.0,0.0,serial_runs/uam_jointfirst60m_v4_seed1_20260924_010334/S3__C_SA/analysis/checkpoint_curve.csv,MPTC,85.33,项目交接参考；当前归档未找到原始 S 阶段解析 CSV,UAGMC_SOURCE passenger-only + LQ,84.19,128.76,exp11 同包曲线；训练种子 1；评估种子 123-125,需核对同物理/guard/轨迹；解析值为交接参考，非本次独立复算
exp09,S3__C_SA,S3,C_SA,1,500000,139.64111111111112,111.11444444444446,6.908888888888889,20.697777777777777,1.0,True,3,3,0.0,0.0,0.0,0.0,serial_runs/uam_jointfirst60m_v4_seed1_20260924_010334/S3__C_SA/analysis/checkpoint_curve.csv,MPTC,85.33,项目交接参考；当前归档未找到原始 S 阶段解析 CSV,UAGMC_SOURCE passenger-only + LQ,84.19,128.76,exp11 同包曲线；训练种子 1；评估种子 123-125,需核对同物理/guard/轨迹；解析值为交接参考，非本次独立复算
exp09,S3__C_SA,S3,C_SA,1,550000,135.81444444444443,107.21888888888888,7.027777777777778,20.653333333333332,1.0,True,3,3,0.0,0.0,0.0,0.0,serial_runs/uam_jointfirst60m_v4_seed1_20260924_010334/S3__C_SA/analysis/checkpoint_curve.csv,MPTC,85.33,项目交接参考；当前归档未找到原始 S 阶段解析 CSV,UAGMC_SOURCE passenger-only + LQ,84.19,128.76,exp11 同包曲线；训练种子 1；评估种子 123-125,需核对同物理/guard/轨迹；解析值为交接参考，非本次独立复算
exp09,S3__C_SA,S3,C_SA,1,600000,154.07333333333335,124.97222222222221,7.092222222222222,21.031111111111112,1.0,True,3,3,0.0,0.0,0.0,0.0,serial_runs/uam_jointfirst60m_v4_seed1_20260924_010334/S3__C_SA/analysis/checkpoint_curve.csv,MPTC,85.33,项目交接参考；当前归档未找到原始 S 阶段解析 CSV,UAGMC_SOURCE passenger-only + LQ,84.19,128.76,exp11 同包曲线；训练种子 1；评估种子 123-125,需核对同物理/guard/轨迹；解析值为交接参考，非本次独立复算
exp09,S3__C_SAW,S3,C_SAW,1,50000,617.9966666666668,591.8333333333334,6.163333333333333,19.0,1.0,True,3,3,0.0,0.0,0.0,0.0,serial_runs/uam_jointfirst60m_v4_seed1_20260924_010334/S3__C_SAW/analysis/checkpoint_curve.csv,MPTC,85.33,项目交接参考；当前归档未找到原始 S 阶段解析 CSV,UAGMC_SOURCE passenger-only + LQ,84.19,128.76,exp11 同包曲线；训练种子 1；评估种子 123-125,需核对同物理/guard/轨迹；解析值为交接参考，非本次独立复算
exp09,S3__C_SAW,S3,C_SAW,1,100000,192.32333333333335,165.72888888888892,6.447777777777778,19.195555555555558,1.0,True,3,3,0.0,0.0,0.0,0.0,serial_runs/uam_jointfirst60m_v4_seed1_20260924_010334/S3__C_SAW/analysis/checkpoint_curve.csv,MPTC,85.33,项目交接参考；当前归档未找到原始 S 阶段解析 CSV,UAGMC_SOURCE passenger-only + LQ,84.19,128.76,exp11 同包曲线；训练种子 1；评估种子 123-125,需核对同物理/guard/轨迹；解析值为交接参考，非本次独立复算
exp09,S3__C_SAW,S3,C_SAW,1,150000,118.86,90.03222222222223,7.26111111111111,20.64,1.0,True,3,3,0.0,0.0,0.0,0.0,serial_runs/uam_jointfirst60m_v4_seed1_20260924_010334/S3__C_SAW/analysis/checkpoint_curve.csv,MPTC,85.33,项目交接参考；当前归档未找到原始 S 阶段解析 CSV,UAGMC_SOURCE passenger-only + LQ,84.19,128.76,exp11 同包曲线；训练种子 1；评估种子 123-125,需核对同物理/guard/轨迹；解析值为交接参考，非本次独立复算
exp09,S3__C_SAW,S3,C_SAW,1,200000,112.15999999999998,83.63888888888889,7.161111111111111,20.426666666666666,1.0,True,3,3,0.0,0.0,0.0,0.0,serial_runs/uam_jointfirst60m_v4_seed1_20260924_010334/S3__C_SAW/analysis/checkpoint_curve.csv,MPTC,85.33,项目交接参考；当前归档未找到原始 S 阶段解析 CSV,UAGMC_SOURCE passenger-only + LQ,84.19,128.76,exp11 同包曲线；训练种子 1；评估种子 123-125,需核对同物理/guard/轨迹；解析值为交接参考，非本次独立复算
exp09,S3__C_SAW,S3,C_SAW,1,250000,147.70555555555555,118.30444444444446,7.398888888888888,21.048888888888886,1.0,True,3,3,0.0,0.0,0.0,0.0,serial_runs/uam_jointfirst60m_v4_seed1_20260924_010334/S3__C_SAW/analysis/checkpoint_curve.csv,MPTC,85.33,项目交接参考；当前归档未找到原始 S 阶段解析 CSV,UAGMC_SOURCE passenger-only + LQ,84.19,128.76,exp11 同包曲线；训练种子 1；评估种子 123-125,需核对同物理/guard/轨迹；解析值为交接参考，非本次独立复算
exp09,S3__C_SAW,S3,C_SAW,1,300000,171.35888888888886,141.64888888888888,7.52,21.24,1.0,True,3,3,0.0,0.0,0.0,0.0,serial_runs/uam_jointfirst60m_v4_seed1_20260924_010334/S3__C_SAW/analysis/checkpoint_curve.csv,MPTC,85.33,项目交接参考；当前归档未找到原始 S 阶段解析 CSV,UAGMC_SOURCE passenger-only + LQ,84.19,128.76,exp11 同包曲线；训练种子 1；评估种子 123-125,需核对同物理/guard/轨迹；解析值为交接参考，非本次独立复算
exp09,S3__C_SAW,S3,C_SAW,1,350000,146.8311111111111,117.45777777777778,7.365555555555556,21.057777777777776,1.0,True,3,3,0.0,0.0,0.0,0.0,serial_runs/uam_jointfirst60m_v4_seed1_20260924_010334/S3__C_SAW/analysis/checkpoint_curve.csv,MPTC,85.33,项目交接参考；当前归档未找到原始 S 阶段解析 CSV,UAGMC_SOURCE passenger-only + LQ,84.19,128.76,exp11 同包曲线；训练种子 1；评估种子 123-125,需核对同物理/guard/轨迹；解析值为交接参考，非本次独立复算
exp09,S3__C_SAW,S3,C_SAW,1,400000,142.5588888888889,113.1711111111111,7.426666666666666,21.008888888888887,1.0,True,3,3,0.0,0.0,0.0,0.0,serial_runs/uam_jointfirst60m_v4_seed1_20260924_010334/S3__C_SAW/analysis/checkpoint_curve.csv,MPTC,85.33,项目交接参考；当前归档未找到原始 S 阶段解析 CSV,UAGMC_SOURCE passenger-only + LQ,84.19,128.76,exp11 同包曲线；训练种子 1；评估种子 123-125,需核对同物理/guard/轨迹；解析值为交接参考，非本次独立复算
exp09,S3__C_SAW,S3,C_SAW,1,450000,162.08777777777777,132.3022222222222,7.561111111111111,21.253333333333334,1.0,True,3,3,0.0,0.0,0.0,0.0,serial_runs/uam_jointfirst60m_v4_seed1_20260924_010334/S3__C_SAW/analysis/checkpoint_curve.csv,MPTC,85.33,项目交接参考；当前归档未找到原始 S 阶段解析 CSV,UAGMC_SOURCE passenger-only + LQ,84.19,128.76,exp11 同包曲线；训练种子 1；评估种子 123-125,需核对同物理/guard/轨迹；解析值为交接参考，非本次独立复算
exp09,S3__C_SAW,S3,C_SAW,1,500000,131.29999999999998,102.5111111111111,7.221111111111111,20.644444444444446,1.0,True,3,3,0.0,0.0,0.0,0.0,serial_runs/uam_jointfirst60m_v4_seed1_20260924_010334/S3__C_SAW/analysis/checkpoint_curve.csv,MPTC,85.33,项目交接参考；当前归档未找到原始 S 阶段解析 CSV,UAGMC_SOURCE passenger-only + LQ,84.19,128.76,exp11 同包曲线；训练种子 1；评估种子 123-125,需核对同物理/guard/轨迹；解析值为交接参考，非本次独立复算
exp09,S3__C_SAW,S3,C_SAW,1,550000,139.86333333333334,110.72333333333331,7.278888888888889,20.875555555555554,1.0,True,3,3,0.0,0.0,0.0,0.0,serial_runs/uam_jointfirst60m_v4_seed1_20260924_010334/S3__C_SAW/analysis/checkpoint_curve.csv,MPTC,85.33,项目交接参考；当前归档未找到原始 S 阶段解析 CSV,UAGMC_SOURCE passenger-only + LQ,84.19,128.76,exp11 同包曲线；训练种子 1；评估种子 123-125,需核对同物理/guard/轨迹；解析值为交接参考，非本次独立复算
exp09,S3__C_SAW,S3,C_SAW,1,600000,137.73222222222222,108.47222222222221,7.438888888888889,20.853333333333335,1.0,True,3,3,0.0,0.0,0.0,0.0,serial_runs/uam_jointfirst60m_v4_seed1_20260924_010334/S3__C_SAW/analysis/checkpoint_curve.csv,MPTC,85.33,项目交接参考；当前归档未找到原始 S 阶段解析 CSV,UAGMC_SOURCE passenger-only + LQ,84.19,128.76,exp11 同包曲线；训练种子 1；评估种子 123-125,需核对同物理/guard/轨迹；解析值为交接参考，非本次独立复算
exp09,S3__R_EVENTQ,S3,R_EVENTQ,1,50000,167.60888888888888,137.97000000000003,7.404444444444444,21.26666666666667,1.0,True,3,3,0.0,0.0,0.0,0.0,serial_runs/uam_jointfirst60m_v4_seed1_20260924_010334/S3__R_EVENTQ/analysis/checkpoint_curve.csv,MPTC,85.33,项目交接参考；当前归档未找到原始 S 阶段解析 CSV,UAGMC_SOURCE passenger-only + LQ,84.19,128.76,exp11 同包曲线；训练种子 1；评估种子 123-125,需核对同物理/guard/轨迹；解析值为交接参考，非本次独立复算
exp09,S3__R_EVENTQ,S3,R_EVENTQ,1,100000,106.37444444444445,78.31,6.872222222222223,20.21777777777778,1.0,True,3,3,0.0,0.0,0.0,0.0,serial_runs/uam_jointfirst60m_v4_seed1_20260924_010334/S3__R_EVENTQ/analysis/checkpoint_curve.csv,MPTC,85.33,项目交接参考；当前归档未找到原始 S 阶段解析 CSV,UAGMC_SOURCE passenger-only + LQ,84.19,128.76,exp11 同包曲线；训练种子 1；评估种子 123-125,需核对同物理/guard/轨迹；解析值为交接参考，非本次独立复算
exp09,S3__R_EVENTQ,S3,R_EVENTQ,1,150000,83.67555555555555,56.77,6.484444444444445,19.46222222222222,1.0,True,3,3,0.0,0.0,0.0,0.0,serial_runs/uam_jointfirst60m_v4_seed1_20260924_010334/S3__R_EVENTQ/analysis/checkpoint_curve.csv,MPTC,85.33,项目交接参考；当前归档未找到原始 S 阶段解析 CSV,UAGMC_SOURCE passenger-only + LQ,84.19,128.76,exp11 同包曲线；训练种子 1；评估种子 123-125,需核对同物理/guard/轨迹；解析值为交接参考，非本次独立复算
exp09,S3__R_EVENTQ,S3,R_EVENTQ,1,200000,92.40777777777778,64.89222222222223,6.573333333333333,19.968888888888888,1.0,True,3,3,0.0,0.0,0.0,0.0,serial_runs/uam_jointfirst60m_v4_seed1_20260924_010334/S3__R_EVENTQ/analysis/checkpoint_curve.csv,MPTC,85.33,项目交接参考；当前归档未找到原始 S 阶段解析 CSV,UAGMC_SOURCE passenger-only + LQ,84.19,128.76,exp11 同包曲线；训练种子 1；评估种子 123-125,需核对同物理/guard/轨迹；解析值为交接参考，非本次独立复算
exp09,S3__R_EVENTQ,S3,R_EVENTQ,1,250000,120.6711111111111,92.44888888888887,6.8677777777777775,20.377777777777776,1.0,True,3,3,0.0,0.0,0.0,0.0,serial_runs/uam_jointfirst60m_v4_seed1_20260924_010334/S3__R_EVENTQ/analysis/checkpoint_curve.csv,MPTC,85.33,项目交接参考；当前归档未找到原始 S 阶段解析 CSV,UAGMC_SOURCE passenger-only + LQ,84.19,128.76,exp11 同包曲线；训练种子 1；评估种子 123-125,需核对同物理/guard/轨迹；解析值为交接参考，非本次独立复算
exp09,S3__R_EVENTQ,S3,R_EVENTQ,1,300000,95.4811111111111,67.49888888888889,6.816666666666666,20.195555555555554,1.0,True,3,3,0.0,0.0,0.0,0.0,serial_runs/uam_jointfirst60m_v4_seed1_20260924_010334/S3__R_EVENTQ/analysis/checkpoint_curve.csv,MPTC,85.33,项目交接参考；当前归档未找到原始 S 阶段解析 CSV,UAGMC_SOURCE passenger-only + LQ,84.19,128.76,exp11 同包曲线；训练种子 1；评估种子 123-125,需核对同物理/guard/轨迹；解析值为交接参考，非本次独立复算
exp09,S3__R_EVENTQ,S3,R_EVENTQ,1,350000,126.45444444444443,97.60666666666668,7.195555555555555,20.671111111111113,1.0,True,3,3,0.0,0.0,0.0,0.0,serial_runs/uam_jointfirst60m_v4_seed1_20260924_010334/S3__R_EVENTQ/analysis/checkpoint_curve.csv,MPTC,85.33,项目交接参考；当前归档未找到原始 S 阶段解析 CSV,UAGMC_SOURCE passenger-only + LQ,84.19,128.76,exp11 同包曲线；训练种子 1；评估种子 123-125,需核对同物理/guard/轨迹；解析值为交接参考，非本次独立复算
exp09,S3__R_EVENTQ,S3,R_EVENTQ,1,400000,159.9311111111111,130.2211111111111,7.562222222222222,21.164444444444445,1.0,True,3,3,0.0,0.0,0.0,0.0,serial_runs/uam_jointfirst60m_v4_seed1_20260924_010334/S3__R_EVENTQ/analysis/checkpoint_curve.csv,MPTC,85.33,项目交接参考；当前归档未找到原始 S 阶段解析 CSV,UAGMC_SOURCE passenger-only + LQ,84.19,128.76,exp11 同包曲线；训练种子 1；评估种子 123-125,需核对同物理/guard/轨迹；解析值为交接参考，非本次独立复算
exp09,S3__R_EVENTQ,S3,R_EVENTQ,1,450000,131.99,102.75999999999999,7.446666666666666,20.8,1.0,True,3,3,0.0,0.0,0.0,0.0,serial_runs/uam_jointfirst60m_v4_seed1_20260924_010334/S3__R_EVENTQ/analysis/checkpoint_curve.csv,MPTC,85.33,项目交接参考；当前归档未找到原始 S 阶段解析 CSV,UAGMC_SOURCE passenger-only + LQ,84.19,128.76,exp11 同包曲线；训练种子 1；评估种子 123-125,需核对同物理/guard/轨迹；解析值为交接参考，非本次独立复算
exp09,S3__R_EVENTQ,S3,R_EVENTQ,1,500000,141.38666666666666,112.29444444444444,7.2299999999999995,20.88,1.0,True,3,3,0.0,0.0,0.0,0.0,serial_runs/uam_jointfirst60m_v4_seed1_20260924_010334/S3__R_EVENTQ/analysis/checkpoint_curve.csv,MPTC,85.33,项目交接参考；当前归档未找到原始 S 阶段解析 CSV,UAGMC_SOURCE passenger-only + LQ,84.19,128.76,exp11 同包曲线；训练种子 1；评估种子 123-125,需核对同物理/guard/轨迹；解析值为交接参考，非本次独立复算
exp09,S3__R_EVENTQ,S3,R_EVENTQ,1,550000,136.91333333333333,107.9711111111111,7.176666666666667,20.78222222222222,1.0,True,3,3,0.0,0.0,0.0,0.0,serial_runs/uam_jointfirst60m_v4_seed1_20260924_010334/S3__R_EVENTQ/analysis/checkpoint_curve.csv,MPTC,85.33,项目交接参考；当前归档未找到原始 S 阶段解析 CSV,UAGMC_SOURCE passenger-only + LQ,84.19,128.76,exp11 同包曲线；训练种子 1；评估种子 123-125,需核对同物理/guard/轨迹；解析值为交接参考，非本次独立复算
exp09,S3__R_EVENTQ,S3,R_EVENTQ,1,600000,158.25,129.07888888888888,7.253333333333333,20.946666666666665,1.0,True,3,3,0.0,0.0,0.0,0.0,serial_runs/uam_jointfirst60m_v4_seed1_20260924_010334/S3__R_EVENTQ/analysis/checkpoint_curve.csv,MPTC,85.33,项目交接参考；当前归档未找到原始 S 阶段解析 CSV,UAGMC_SOURCE passenger-only + LQ,84.19,128.76,exp11 同包曲线；训练种子 1；评估种子 123-125,需核对同物理/guard/轨迹；解析值为交接参考，非本次独立复算
exp09,S3__R_TDM,S3,R_TDM,1,50000,140.7577777777778,112.05222222222221,7.2122222222222225,20.53777777777778,1.0,True,3,3,0.0,0.0,0.0,0.0,serial_runs/uam_jointfirst60m_v4_seed1_20260924_010334/S3__R_TDM/analysis/checkpoint_curve.csv,MPTC,85.33,项目交接参考；当前归档未找到原始 S 阶段解析 CSV,UAGMC_SOURCE passenger-only + LQ,84.19,128.76,exp11 同包曲线；训练种子 1；评估种子 123-125,需核对同物理/guard/轨迹；解析值为交接参考，非本次独立复算
exp09,S3__R_TDM,S3,R_TDM,1,100000,140.50222222222223,111.24333333333334,7.338888888888889,20.955555555555556,1.0,True,3,3,0.0,0.0,0.0,0.0,serial_runs/uam_jointfirst60m_v4_seed1_20260924_010334/S3__R_TDM/analysis/checkpoint_curve.csv,MPTC,85.33,项目交接参考；当前归档未找到原始 S 阶段解析 CSV,UAGMC_SOURCE passenger-only + LQ,84.19,128.76,exp11 同包曲线；训练种子 1；评估种子 123-125,需核对同物理/guard/轨迹；解析值为交接参考，非本次独立复算
exp09,S3__R_TDM,S3,R_TDM,1,150000,131.83,103.0,7.136666666666667,20.720000000000002,1.0,True,3,3,0.0,0.0,0.0,0.0,serial_runs/uam_jointfirst60m_v4_seed1_20260924_010334/S3__R_TDM/analysis/checkpoint_curve.csv,MPTC,85.33,项目交接参考；当前归档未找到原始 S 阶段解析 CSV,UAGMC_SOURCE passenger-only + LQ,84.19,128.76,exp11 同包曲线；训练种子 1；评估种子 123-125,需核对同物理/guard/轨迹；解析值为交接参考，非本次独立复算
exp09,S3__R_TDM,S3,R_TDM,1,200000,143.85444444444443,114.62555555555555,7.396666666666666,20.853333333333335,1.0,True,3,3,0.0,0.0,0.0,0.0,serial_runs/uam_jointfirst60m_v4_seed1_20260924_010334/S3__R_TDM/analysis/checkpoint_curve.csv,MPTC,85.33,项目交接参考；当前归档未找到原始 S 阶段解析 CSV,UAGMC_SOURCE passenger-only + LQ,84.19,128.76,exp11 同包曲线；训练种子 1；评估种子 123-125,需核对同物理/guard/轨迹；解析值为交接参考，非本次独立复算
exp09,S3__R_TDM,S3,R_TDM,1,250000,180.79999999999998,150.36333333333334,7.87,21.58666666666667,1.0,True,3,3,0.0,0.0,0.0,0.0,serial_runs/uam_jointfirst60m_v4_seed1_20260924_010334/S3__R_TDM/analysis/checkpoint_curve.csv,MPTC,85.33,项目交接参考；当前归档未找到原始 S 阶段解析 CSV,UAGMC_SOURCE passenger-only + LQ,84.19,128.76,exp11 同包曲线；训练种子 1；评估种子 123-125,需核对同物理/guard/轨迹；解析值为交接参考，非本次独立复算
exp09,S3__R_TDM,S3,R_TDM,1,300000,178.55888888888887,148.56333333333333,7.62,21.395555555555557,1.0,True,3,3,0.0,0.0,0.0,0.0,serial_runs/uam_jointfirst60m_v4_seed1_20260924_010334/S3__R_TDM/analysis/checkpoint_curve.csv,MPTC,85.33,项目交接参考；当前归档未找到原始 S 阶段解析 CSV,UAGMC_SOURCE passenger-only + LQ,84.19,128.76,exp11 同包曲线；训练种子 1；评估种子 123-125,需核对同物理/guard/轨迹；解析值为交接参考，非本次独立复算
exp09,S3__R_TDM,S3,R_TDM,1,350000,164.5288888888889,134.69555555555556,7.542222222222222,21.311111111111114,1.0,True,3,3,0.0,0.0,0.0,0.0,serial_runs/uam_jointfirst60m_v4_seed1_20260924_010334/S3__R_TDM/analysis/checkpoint_curve.csv,MPTC,85.33,项目交接参考；当前归档未找到原始 S 阶段解析 CSV,UAGMC_SOURCE passenger-only + LQ,84.19,128.76,exp11 同包曲线；训练种子 1；评估种子 123-125,需核对同物理/guard/轨迹；解析值为交接参考，非本次独立复算
exp09,S3__R_TDM,S3,R_TDM,1,400000,179.18999999999997,148.8711111111111,7.516666666666667,21.822222222222223,1.0,True,3,3,0.0,0.0,0.0,0.0,serial_runs/uam_jointfirst60m_v4_seed1_20260924_010334/S3__R_TDM/analysis/checkpoint_curve.csv,MPTC,85.33,项目交接参考；当前归档未找到原始 S 阶段解析 CSV,UAGMC_SOURCE passenger-only + LQ,84.19,128.76,exp11 同包曲线；训练种子 1；评估种子 123-125,需核对同物理/guard/轨迹；解析值为交接参考，非本次独立复算
exp09,S3__R_TDM,S3,R_TDM,1,450000,183.0688888888889,152.77444444444447,7.6000000000000005,21.715555555555557,1.0,True,3,3,0.0,0.0,0.0,0.0,serial_runs/uam_jointfirst60m_v4_seed1_20260924_010334/S3__R_TDM/analysis/checkpoint_curve.csv,MPTC,85.33,项目交接参考；当前归档未找到原始 S 阶段解析 CSV,UAGMC_SOURCE passenger-only + LQ,84.19,128.76,exp11 同包曲线；训练种子 1；评估种子 123-125,需核对同物理/guard/轨迹；解析值为交接参考，非本次独立复算
exp09,S3__R_TDM,S3,R_TDM,1,500000,184.60666666666665,153.9933333333333,7.677777777777777,21.955555555555552,1.0,True,3,3,0.0,0.0,0.0,0.0,serial_runs/uam_jointfirst60m_v4_seed1_20260924_010334/S3__R_TDM/analysis/checkpoint_curve.csv,MPTC,85.33,项目交接参考；当前归档未找到原始 S 阶段解析 CSV,UAGMC_SOURCE passenger-only + LQ,84.19,128.76,exp11 同包曲线；训练种子 1；评估种子 123-125,需核对同物理/guard/轨迹；解析值为交接参考，非本次独立复算
exp09,S3__R_TDM,S3,R_TDM,1,550000,156.25,127.1588888888889,7.222222222222222,20.893333333333334,1.0,True,3,3,0.0,0.0,0.0,0.0,serial_runs/uam_jointfirst60m_v4_seed1_20260924_010334/S3__R_TDM/analysis/checkpoint_curve.csv,MPTC,85.33,项目交接参考；当前归档未找到原始 S 阶段解析 CSV,UAGMC_SOURCE passenger-only + LQ,84.19,128.76,exp11 同包曲线；训练种子 1；评估种子 123-125,需核对同物理/guard/轨迹；解析值为交接参考，非本次独立复算
exp09,S3__R_TDM,S3,R_TDM,1,600000,163.07555555555555,133.57333333333332,7.366666666666667,21.16,1.0,True,3,3,0.0,0.0,0.0,0.0,serial_runs/uam_jointfirst60m_v4_seed1_20260924_010334/S3__R_TDM/analysis/checkpoint_curve.csv,MPTC,85.33,项目交接参考；当前归档未找到原始 S 阶段解析 CSV,UAGMC_SOURCE passenger-only + LQ,84.19,128.76,exp11 同包曲线；训练种子 1；评估种子 123-125,需核对同物理/guard/轨迹；解析值为交接参考，非本次独立复算
exp09,S3__S_EVENTGRAPH_GAT,S3,S_EVENTGRAPH_GAT,1,50000,107.55444444444446,79.1711111111111,6.936666666666667,20.46666666666667,1.0,True,3,3,0.0,0.0,0.0,0.0,serial_runs/uam_jointfirst60m_v4_seed1_20260924_010334/S3__S_EVENTGRAPH_GAT/analysis/checkpoint_curve.csv,MPTC,85.33,项目交接参考；当前归档未找到原始 S 阶段解析 CSV,UAGMC_SOURCE passenger-only + LQ,84.19,128.76,exp11 同包曲线；训练种子 1；评估种子 123-125,需核对同物理/guard/轨迹；解析值为交接参考，非本次独立复算
exp09,S3__S_EVENTGRAPH_GAT,S3,S_EVENTGRAPH_GAT,1,100000,102.5,75.63222222222221,6.49888888888889,19.395555555555557,1.0,True,3,3,0.0,0.0,0.0,0.0,serial_runs/uam_jointfirst60m_v4_seed1_20260924_010334/S3__S_EVENTGRAPH_GAT/analysis/checkpoint_curve.csv,MPTC,85.33,项目交接参考；当前归档未找到原始 S 阶段解析 CSV,UAGMC_SOURCE passenger-only + LQ,84.19,128.76,exp11 同包曲线；训练种子 1；评估种子 123-125,需核对同物理/guard/轨迹；解析值为交接参考，非本次独立复算
exp09,S3__S_EVENTGRAPH_GAT,S3,S_EVENTGRAPH_GAT,1,150000,93.06222222222222,65.5,6.57888888888889,20.0,1.0,True,3,3,0.0,0.0,0.0,0.0,serial_runs/uam_jointfirst60m_v4_seed1_20260924_010334/S3__S_EVENTGRAPH_GAT/analysis/checkpoint_curve.csv,MPTC,85.33,项目交接参考；当前归档未找到原始 S 阶段解析 CSV,UAGMC_SOURCE passenger-only + LQ,84.19,128.76,exp11 同包曲线；训练种子 1；评估种子 123-125,需核对同物理/guard/轨迹；解析值为交接参考，非本次独立复算
exp09,S3__S_EVENTGRAPH_GAT,S3,S_EVENTGRAPH_GAT,1,200000,121.74222222222221,93.94,6.64,20.217777777777776,1.0,True,3,3,0.0,0.0,0.0,0.0,serial_runs/uam_jointfirst60m_v4_seed1_20260924_010334/S3__S_EVENTGRAPH_GAT/analysis/checkpoint_curve.csv,MPTC,85.33,项目交接参考；当前归档未找到原始 S 阶段解析 CSV,UAGMC_SOURCE passenger-only + LQ,84.19,128.76,exp11 同包曲线；训练种子 1；评估种子 123-125,需核对同物理/guard/轨迹；解析值为交接参考，非本次独立复算
exp09,S3__S_EVENTGRAPH_GAT,S3,S_EVENTGRAPH_GAT,1,250000,121.11777777777779,93.29666666666667,6.694444444444444,20.191111111111113,1.0,True,3,3,0.0,0.0,0.0,0.0,serial_runs/uam_jointfirst60m_v4_seed1_20260924_010334/S3__S_EVENTGRAPH_GAT/analysis/checkpoint_curve.csv,MPTC,85.33,项目交接参考；当前归档未找到原始 S 阶段解析 CSV,UAGMC_SOURCE passenger-only + LQ,84.19,128.76,exp11 同包曲线；训练种子 1；评估种子 123-125,需核对同物理/guard/轨迹；解析值为交接参考，非本次独立复算
exp09,S3__S_EVENTGRAPH_GAT,S3,S_EVENTGRAPH_GAT,1,300000,136.18333333333337,107.95555555555556,6.801111111111111,20.48,1.0,True,3,3,0.0,0.0,0.0,0.0,serial_runs/uam_jointfirst60m_v4_seed1_20260924_010334/S3__S_EVENTGRAPH_GAT/analysis/checkpoint_curve.csv,MPTC,85.33,项目交接参考；当前归档未找到原始 S 阶段解析 CSV,UAGMC_SOURCE passenger-only + LQ,84.19,128.76,exp11 同包曲线；训练种子 1；评估种子 123-125,需核对同物理/guard/轨迹；解析值为交接参考，非本次独立复算
exp09,S3__S_EVENTGRAPH_GAT,S3,S_EVENTGRAPH_GAT,1,350000,132.5177777777778,105.13777777777777,6.57888888888889,19.85777777777778,1.0,True,3,3,0.0,0.0,0.0,0.0,serial_runs/uam_jointfirst60m_v4_seed1_20260924_010334/S3__S_EVENTGRAPH_GAT/analysis/checkpoint_curve.csv,MPTC,85.33,项目交接参考；当前归档未找到原始 S 阶段解析 CSV,UAGMC_SOURCE passenger-only + LQ,84.19,128.76,exp11 同包曲线；训练种子 1；评估种子 123-125,需核对同物理/guard/轨迹；解析值为交接参考，非本次独立复算
exp09,S3__S_EVENTGRAPH_GAT,S3,S_EVENTGRAPH_GAT,1,400000,148.39555555555555,119.30666666666666,7.210000000000001,20.92888888888889,1.0,True,3,3,0.0,0.0,0.0,0.0,serial_runs/uam_jointfirst60m_v4_seed1_20260924_010334/S3__S_EVENTGRAPH_GAT/analysis/checkpoint_curve.csv,MPTC,85.33,项目交接参考；当前归档未找到原始 S 阶段解析 CSV,UAGMC_SOURCE passenger-only + LQ,84.19,128.76,exp11 同包曲线；训练种子 1；评估种子 123-125,需核对同物理/guard/轨迹；解析值为交接参考，非本次独立复算
exp09,S3__S_EVENTGRAPH_GAT,S3,S_EVENTGRAPH_GAT,1,450000,127.92555555555555,99.69777777777777,6.788888888888889,20.524444444444445,1.0,True,3,3,0.0,0.0,0.0,0.0,serial_runs/uam_jointfirst60m_v4_seed1_20260924_010334/S3__S_EVENTGRAPH_GAT/analysis/checkpoint_curve.csv,MPTC,85.33,项目交接参考；当前归档未找到原始 S 阶段解析 CSV,UAGMC_SOURCE passenger-only + LQ,84.19,128.76,exp11 同包曲线；训练种子 1；评估种子 123-125,需核对同物理/guard/轨迹；解析值为交接参考，非本次独立复算
exp09,S3__S_EVENTGRAPH_GAT,S3,S_EVENTGRAPH_GAT,1,500000,109.66111111111111,82.0088888888889,6.669999999999999,20.057777777777776,1.0,True,3,3,0.0,0.0,0.0,0.0,serial_runs/uam_jointfirst60m_v4_seed1_20260924_010334/S3__S_EVENTGRAPH_GAT/analysis/checkpoint_curve.csv,MPTC,85.33,项目交接参考；当前归档未找到原始 S 阶段解析 CSV,UAGMC_SOURCE passenger-only + LQ,84.19,128.76,exp11 同包曲线；训练种子 1；评估种子 123-125,需核对同物理/guard/轨迹；解析值为交接参考，非本次独立复算
exp09,S3__S_EVENTGRAPH_GAT,S3,S_EVENTGRAPH_GAT,1,550000,93.25444444444445,65.87666666666667,6.4688888888888885,19.995555555555555,1.0,True,3,3,0.0,0.0,0.0,0.0,serial_runs/uam_jointfirst60m_v4_seed1_20260924_010334/S3__S_EVENTGRAPH_GAT/analysis/checkpoint_curve.csv,MPTC,85.33,项目交接参考；当前归档未找到原始 S 阶段解析 CSV,UAGMC_SOURCE passenger-only + LQ,84.19,128.76,exp11 同包曲线；训练种子 1；评估种子 123-125,需核对同物理/guard/轨迹；解析值为交接参考，非本次独立复算
exp09,S3__S_EVENTGRAPH_GAT,S3,S_EVENTGRAPH_GAT,1,600000,85.05111111111111,58.01555555555556,6.3822222222222225,19.72888888888889,1.0,True,3,3,0.0,0.0,0.0,0.0,serial_runs/uam_jointfirst60m_v4_seed1_20260924_010334/S3__S_EVENTGRAPH_GAT/analysis/checkpoint_curve.csv,MPTC,85.33,项目交接参考；当前归档未找到原始 S 阶段解析 CSV,UAGMC_SOURCE passenger-only + LQ,84.19,128.76,exp11 同包曲线；训练种子 1；评估种子 123-125,需核对同物理/guard/轨迹；解析值为交接参考，非本次独立复算
exp09,S3__S_SETTRANS_EVENT,S3,S_SETTRANS_EVENT,1,50000,140.71666666666667,114.16333333333334,6.355555555555557,19.23111111111111,1.0,True,3,3,0.0,0.0,0.0,0.0,serial_runs/uam_jointfirst60m_v4_seed1_20260924_010334/S3__S_SETTRANS_EVENT/analysis/checkpoint_curve.csv,MPTC,85.33,项目交接参考；当前归档未找到原始 S 阶段解析 CSV,UAGMC_SOURCE passenger-only + LQ,84.19,128.76,exp11 同包曲线；训练种子 1；评估种子 123-125,需核对同物理/guard/轨迹；解析值为交接参考，非本次独立复算
exp09,S3__S_SETTRANS_EVENT,S3,S_SETTRANS_EVENT,1,100000,98.13444444444444,71.26666666666665,6.483333333333333,19.404444444444444,1.0,True,3,3,0.0,0.0,0.0,0.0,serial_runs/uam_jointfirst60m_v4_seed1_20260924_010334/S3__S_SETTRANS_EVENT/analysis/checkpoint_curve.csv,MPTC,85.33,项目交接参考；当前归档未找到原始 S 阶段解析 CSV,UAGMC_SOURCE passenger-only + LQ,84.19,128.76,exp11 同包曲线；训练种子 1；评估种子 123-125,需核对同物理/guard/轨迹；解析值为交接参考，非本次独立复算
exp09,S3__S_SETTRANS_EVENT,S3,S_SETTRANS_EVENT,1,150000,92.67777777777776,65.81111111111112,6.46,19.444444444444443,1.0,True,3,3,0.0,0.0,0.0,0.0,serial_runs/uam_jointfirst60m_v4_seed1_20260924_010334/S3__S_SETTRANS_EVENT/analysis/checkpoint_curve.csv,MPTC,85.33,项目交接参考；当前归档未找到原始 S 阶段解析 CSV,UAGMC_SOURCE passenger-only + LQ,84.19,128.76,exp11 同包曲线；训练种子 1；评估种子 123-125,需核对同物理/guard/轨迹；解析值为交接参考，非本次独立复算
exp09,S3__S_SETTRANS_EVENT,S3,S_SETTRANS_EVENT,1,200000,106.46222222222222,78.44555555555554,6.814444444444445,20.22666666666667,1.0,True,3,3,0.0,0.0,0.0,0.0,serial_runs/uam_jointfirst60m_v4_seed1_20260924_010334/S3__S_SETTRANS_EVENT/analysis/checkpoint_curve.csv,MPTC,85.33,项目交接参考；当前归档未找到原始 S 阶段解析 CSV,UAGMC_SOURCE passenger-only + LQ,84.19,128.76,exp11 同包曲线；训练种子 1；评估种子 123-125,需核对同物理/guard/轨迹；解析值为交接参考，非本次独立复算
exp09,S3__S_SETTRANS_EVENT,S3,S_SETTRANS_EVENT,1,250000,140.79444444444445,111.49888888888889,7.322222222222223,20.991111111111113,1.0,True,3,3,0.0,0.0,0.0,0.0,serial_runs/uam_jointfirst60m_v4_seed1_20260924_010334/S3__S_SETTRANS_EVENT/analysis/checkpoint_curve.csv,MPTC,85.33,项目交接参考；当前归档未找到原始 S 阶段解析 CSV,UAGMC_SOURCE passenger-only + LQ,84.19,128.76,exp11 同包曲线；训练种子 1；评估种子 123-125,需核对同物理/guard/轨迹；解析值为交接参考，非本次独立复算
exp09,S3__S_SETTRANS_EVENT,S3,S_SETTRANS_EVENT,1,300000,160.15,130.13555555555556,7.613333333333333,21.417777777777776,1.0,True,3,3,0.0,0.0,0.0,0.0,serial_runs/uam_jointfirst60m_v4_seed1_20260924_010334/S3__S_SETTRANS_EVENT/analysis/checkpoint_curve.csv,MPTC,85.33,项目交接参考；当前归档未找到原始 S 阶段解析 CSV,UAGMC_SOURCE passenger-only + LQ,84.19,128.76,exp11 同包曲线；训练种子 1；评估种子 123-125,需核对同物理/guard/轨迹；解析值为交接参考，非本次独立复算
exp09,S3__S_SETTRANS_EVENT,S3,S_SETTRANS_EVENT,1,350000,124.67555555555555,95.88777777777777,7.05888888888889,20.75111111111111,1.0,True,3,3,0.0,0.0,0.0,0.0,serial_runs/uam_jointfirst60m_v4_seed1_20260924_010334/S3__S_SETTRANS_EVENT/analysis/checkpoint_curve.csv,MPTC,85.33,项目交接参考；当前归档未找到原始 S 阶段解析 CSV,UAGMC_SOURCE passenger-only + LQ,84.19,128.76,exp11 同包曲线；训练种子 1；评估种子 123-125,需核对同物理/guard/轨迹；解析值为交接参考，非本次独立复算
exp09,S3__S_SETTRANS_EVENT,S3,S_SETTRANS_EVENT,1,400000,154.84666666666666,125.32444444444445,7.347777777777778,21.195555555555554,1.0,True,3,3,0.0,0.0,0.0,0.0,serial_runs/uam_jointfirst60m_v4_seed1_20260924_010334/S3__S_SETTRANS_EVENT/analysis/checkpoint_curve.csv,MPTC,85.33,项目交接参考；当前归档未找到原始 S 阶段解析 CSV,UAGMC_SOURCE passenger-only + LQ,84.19,128.76,exp11 同包曲线；训练种子 1；评估种子 123-125,需核对同物理/guard/轨迹；解析值为交接参考，非本次独立复算
exp09,S3__S_SETTRANS_EVENT,S3,S_SETTRANS_EVENT,1,450000,129.9411111111111,101.03444444444445,7.073333333333333,20.84888888888889,1.0,True,3,3,0.0,0.0,0.0,0.0,serial_runs/uam_jointfirst60m_v4_seed1_20260924_010334/S3__S_SETTRANS_EVENT/analysis/checkpoint_curve.csv,MPTC,85.33,项目交接参考；当前归档未找到原始 S 阶段解析 CSV,UAGMC_SOURCE passenger-only + LQ,84.19,128.76,exp11 同包曲线；训练种子 1；评估种子 123-125,需核对同物理/guard/轨迹；解析值为交接参考，非本次独立复算
exp09,S3__S_SETTRANS_EVENT,S3,S_SETTRANS_EVENT,1,500000,151.52888888888887,122.24777777777778,7.216666666666666,21.08888888888889,1.0,True,3,3,0.0,0.0,0.0,0.0,serial_runs/uam_jointfirst60m_v4_seed1_20260924_010334/S3__S_SETTRANS_EVENT/analysis/checkpoint_curve.csv,MPTC,85.33,项目交接参考；当前归档未找到原始 S 阶段解析 CSV,UAGMC_SOURCE passenger-only + LQ,84.19,128.76,exp11 同包曲线；训练种子 1；评估种子 123-125,需核对同物理/guard/轨迹；解析值为交接参考，非本次独立复算
exp09,S3__S_SETTRANS_EVENT,S3,S_SETTRANS_EVENT,1,550000,169.02444444444447,139.57888888888888,7.272222222222223,21.2,1.0,True,3,3,0.0,0.0,0.0,0.0,serial_runs/uam_jointfirst60m_v4_seed1_20260924_010334/S3__S_SETTRANS_EVENT/analysis/checkpoint_curve.csv,MPTC,85.33,项目交接参考；当前归档未找到原始 S 阶段解析 CSV,UAGMC_SOURCE passenger-only + LQ,84.19,128.76,exp11 同包曲线；训练种子 1；评估种子 123-125,需核对同物理/guard/轨迹；解析值为交接参考，非本次独立复算
exp09,S3__S_SETTRANS_EVENT,S3,S_SETTRANS_EVENT,1,600000,153.33,124.29333333333334,7.181111111111111,20.884444444444444,1.0,True,3,3,0.0,0.0,0.0,0.0,serial_runs/uam_jointfirst60m_v4_seed1_20260924_010334/S3__S_SETTRANS_EVENT/analysis/checkpoint_curve.csv,MPTC,85.33,项目交接参考；当前归档未找到原始 S 阶段解析 CSV,UAGMC_SOURCE passenger-only + LQ,84.19,128.76,exp11 同包曲线；训练种子 1；评估种子 123-125,需核对同物理/guard/轨迹；解析值为交接参考，非本次独立复算
exp09,S3__W_EVENTQ_COCO_CF,S3,W_EVENTQ_COCO_CF,1,50000,160.28555555555556,131.81555555555556,7.0,20.493333333333332,1.0,True,3,3,0.0,0.0,0.0,0.0,serial_runs/uam_jointfirst60m_v4_seed1_20260924_010334/S3__W_EVENTQ_COCO_CF/analysis/checkpoint_curve.csv,MPTC,85.33,项目交接参考；当前归档未找到原始 S 阶段解析 CSV,UAGMC_SOURCE passenger-only + LQ,84.19,128.76,exp11 同包曲线；训练种子 1；评估种子 123-125,需核对同物理/guard/轨迹；解析值为交接参考，非本次独立复算
exp09,S3__W_EVENTQ_COCO_CF,S3,W_EVENTQ_COCO_CF,1,100000,174.37222222222223,145.32222222222222,7.161111111111111,20.95111111111111,1.0,True,3,3,0.0,0.0,0.0,0.0,serial_runs/uam_jointfirst60m_v4_seed1_20260924_010334/S3__W_EVENTQ_COCO_CF/analysis/checkpoint_curve.csv,MPTC,85.33,项目交接参考；当前归档未找到原始 S 阶段解析 CSV,UAGMC_SOURCE passenger-only + LQ,84.19,128.76,exp11 同包曲线；训练种子 1；评估种子 123-125,需核对同物理/guard/轨迹；解析值为交接参考，非本次独立复算
exp09,S3__W_EVENTQ_COCO_CF,S3,W_EVENTQ_COCO_CF,1,150000,150.83,122.55666666666667,6.906666666666666,20.40888888888889,1.0,True,3,3,0.0,0.0,0.0,0.0,serial_runs/uam_jointfirst60m_v4_seed1_20260924_010334/S3__W_EVENTQ_COCO_CF/analysis/checkpoint_curve.csv,MPTC,85.33,项目交接参考；当前归档未找到原始 S 阶段解析 CSV,UAGMC_SOURCE passenger-only + LQ,84.19,128.76,exp11 同包曲线；训练种子 1；评估种子 123-125,需核对同物理/guard/轨迹；解析值为交接参考，非本次独立复算
exp09,S3__W_EVENTQ_COCO_CF,S3,W_EVENTQ_COCO_CF,1,200000,150.88666666666666,122.64999999999999,6.927777777777778,20.351111111111113,1.0,True,3,3,0.0,0.0,0.0,0.0,serial_runs/uam_jointfirst60m_v4_seed1_20260924_010334/S3__W_EVENTQ_COCO_CF/analysis/checkpoint_curve.csv,MPTC,85.33,项目交接参考；当前归档未找到原始 S 阶段解析 CSV,UAGMC_SOURCE passenger-only + LQ,84.19,128.76,exp11 同包曲线；训练种子 1；评估种子 123-125,需核对同物理/guard/轨迹；解析值为交接参考，非本次独立复算
exp09,S3__W_EVENTQ_COCO_CF,S3,W_EVENTQ_COCO_CF,1,250000,197.66,167.7111111111111,7.548888888888889,21.453333333333333,1.0,True,3,3,0.0,0.0,0.0,0.0,serial_runs/uam_jointfirst60m_v4_seed1_20260924_010334/S3__W_EVENTQ_COCO_CF/analysis/checkpoint_curve.csv,MPTC,85.33,项目交接参考；当前归档未找到原始 S 阶段解析 CSV,UAGMC_SOURCE passenger-only + LQ,84.19,128.76,exp11 同包曲线；训练种子 1；评估种子 123-125,需核对同物理/guard/轨迹；解析值为交接参考，非本次独立复算
exp09,S3__W_EVENTQ_COCO_CF,S3,W_EVENTQ_COCO_CF,1,300000,235.36555555555557,204.7388888888889,7.8244444444444445,21.844444444444445,1.0,True,3,3,0.0,0.0,0.0,0.0,serial_runs/uam_jointfirst60m_v4_seed1_20260924_010334/S3__W_EVENTQ_COCO_CF/analysis/checkpoint_curve.csv,MPTC,85.33,项目交接参考；当前归档未找到原始 S 阶段解析 CSV,UAGMC_SOURCE passenger-only + LQ,84.19,128.76,exp11 同包曲线；训练种子 1；评估种子 123-125,需核对同物理/guard/轨迹；解析值为交接参考，非本次独立复算
exp09,S3__W_EVENTQ_COCO_CF,S3,W_EVENTQ_COCO_CF,1,350000,126.31888888888888,97.61222222222221,7.2877777777777775,20.471111111111114,1.0,True,3,3,0.0,0.0,0.0,0.0,serial_runs/uam_jointfirst60m_v4_seed1_20260924_010334/S3__W_EVENTQ_COCO_CF/analysis/checkpoint_curve.csv,MPTC,85.33,项目交接参考；当前归档未找到原始 S 阶段解析 CSV,UAGMC_SOURCE passenger-only + LQ,84.19,128.76,exp11 同包曲线；训练种子 1；评估种子 123-125,需核对同物理/guard/轨迹；解析值为交接参考，非本次独立复算
exp09,S3__W_EVENTQ_COCO_CF,S3,W_EVENTQ_COCO_CF,1,400000,150.63,121.64888888888889,7.284444444444444,20.755555555555556,1.0,True,3,3,0.0,0.0,0.0,0.0,serial_runs/uam_jointfirst60m_v4_seed1_20260924_010334/S3__W_EVENTQ_COCO_CF/analysis/checkpoint_curve.csv,MPTC,85.33,项目交接参考；当前归档未找到原始 S 阶段解析 CSV,UAGMC_SOURCE passenger-only + LQ,84.19,128.76,exp11 同包曲线；训练种子 1；评估种子 123-125,需核对同物理/guard/轨迹；解析值为交接参考，非本次独立复算
exp09,S3__W_EVENTQ_COCO_CF,S3,W_EVENTQ_COCO_CF,1,450000,140.93333333333334,111.74333333333334,7.476666666666667,20.746666666666666,1.0,True,3,3,0.0,0.0,0.0,0.0,serial_runs/uam_jointfirst60m_v4_seed1_20260924_010334/S3__W_EVENTQ_COCO_CF/analysis/checkpoint_curve.csv,MPTC,85.33,项目交接参考；当前归档未找到原始 S 阶段解析 CSV,UAGMC_SOURCE passenger-only + LQ,84.19,128.76,exp11 同包曲线；训练种子 1；评估种子 123-125,需核对同物理/guard/轨迹；解析值为交接参考，非本次独立复算
exp09,S3__W_EVENTQ_COCO_CF,S3,W_EVENTQ_COCO_CF,1,500000,132.18000000000004,103.51111111111112,7.228888888888889,20.515555555555554,1.0,True,3,3,0.0,0.0,0.0,0.0,serial_runs/uam_jointfirst60m_v4_seed1_20260924_010334/S3__W_EVENTQ_COCO_CF/analysis/checkpoint_curve.csv,MPTC,85.33,项目交接参考；当前归档未找到原始 S 阶段解析 CSV,UAGMC_SOURCE passenger-only + LQ,84.19,128.76,exp11 同包曲线；训练种子 1；评估种子 123-125,需核对同物理/guard/轨迹；解析值为交接参考，非本次独立复算
exp09,S3__W_EVENTQ_COCO_CF,S3,W_EVENTQ_COCO_CF,1,550000,143.90555555555554,114.56555555555555,7.451111111111111,20.94666666666667,1.0,True,3,3,0.0,0.0,0.0,0.0,serial_runs/uam_jointfirst60m_v4_seed1_20260924_010334/S3__W_EVENTQ_COCO_CF/analysis/checkpoint_curve.csv,MPTC,85.33,项目交接参考；当前归档未找到原始 S 阶段解析 CSV,UAGMC_SOURCE passenger-only + LQ,84.19,128.76,exp11 同包曲线；训练种子 1；评估种子 123-125,需核对同物理/guard/轨迹；解析值为交接参考，非本次独立复算
exp09,S3__W_EVENTQ_COCO_CF,S3,W_EVENTQ_COCO_CF,1,600000,131.81333333333336,102.9088888888889,7.288888888888889,20.635555555555555,1.0,True,3,3,0.0,0.0,0.0,0.0,serial_runs/uam_jointfirst60m_v4_seed1_20260924_010334/S3__W_EVENTQ_COCO_CF/analysis/checkpoint_curve.csv,MPTC,85.33,项目交接参考；当前归档未找到原始 S 阶段解析 CSV,UAGMC_SOURCE passenger-only + LQ,84.19,128.76,exp11 同包曲线；训练种子 1；评估种子 123-125,需核对同物理/guard/轨迹；解析值为交接参考，非本次独立复算
exp09,S3__W_TDM_CVAML,S3,W_TDM_CVAML,1,50000,222.4677777777778,189.92444444444445,8.556666666666667,23.0,1.0,True,3,3,0.0,0.0,0.0,0.0,serial_runs/uam_jointfirst60m_v4_seed1_20260924_010334/S3__W_TDM_CVAML/analysis/checkpoint_curve.csv,MPTC,85.33,项目交接参考；当前归档未找到原始 S 阶段解析 CSV,UAGMC_SOURCE passenger-only + LQ,84.19,128.76,exp11 同包曲线；训练种子 1；评估种子 123-125,需核对同物理/guard/轨迹；解析值为交接参考，非本次独立复算
exp09,S3__W_TDM_CVAML,S3,W_TDM_CVAML,1,100000,197.6922222222222,165.44000000000003,8.436666666666666,22.831111111111113,1.0,True,3,3,0.0,0.0,0.0,0.0,serial_runs/uam_jointfirst60m_v4_seed1_20260924_010334/S3__W_TDM_CVAML/analysis/checkpoint_curve.csv,MPTC,85.33,项目交接参考；当前归档未找到原始 S 阶段解析 CSV,UAGMC_SOURCE passenger-only + LQ,84.19,128.76,exp11 同包曲线；训练种子 1；评估种子 123-125,需核对同物理/guard/轨迹；解析值为交接参考，非本次独立复算
exp09,S3__W_TDM_CVAML,S3,W_TDM_CVAML,1,150000,277.97555555555556,246.32777777777778,8.262222222222222,22.435555555555556,1.0,True,3,3,0.0,0.0,0.0,0.0,serial_runs/uam_jointfirst60m_v4_seed1_20260924_010334/S3__W_TDM_CVAML/analysis/checkpoint_curve.csv,MPTC,85.33,项目交接参考；当前归档未找到原始 S 阶段解析 CSV,UAGMC_SOURCE passenger-only + LQ,84.19,128.76,exp11 同包曲线；训练种子 1；评估种子 123-125,需核对同物理/guard/轨迹；解析值为交接参考，非本次独立复算
exp09,S3__W_TDM_CVAML,S3,W_TDM_CVAML,1,200000,175.50333333333333,145.90444444444447,7.631111111111111,21.017777777777777,1.0,True,3,3,0.0,0.0,0.0,0.0,serial_runs/uam_jointfirst60m_v4_seed1_20260924_010334/S3__W_TDM_CVAML/analysis/checkpoint_curve.csv,MPTC,85.33,项目交接参考；当前归档未找到原始 S 阶段解析 CSV,UAGMC_SOURCE passenger-only + LQ,84.19,128.76,exp11 同包曲线；训练种子 1；评估种子 123-125,需核对同物理/guard/轨迹；解析值为交接参考，非本次独立复算
exp09,S3__W_TDM_CVAML,S3,W_TDM_CVAML,1,250000,178.14666666666665,148.47888888888892,7.601111111111112,21.128888888888888,1.0,True,3,3,0.0,0.0,0.0,0.0,serial_runs/uam_jointfirst60m_v4_seed1_20260924_010334/S3__W_TDM_CVAML/analysis/checkpoint_curve.csv,MPTC,85.33,项目交接参考；当前归档未找到原始 S 阶段解析 CSV,UAGMC_SOURCE passenger-only + LQ,84.19,128.76,exp11 同包曲线；训练种子 1；评估种子 123-125,需核对同物理/guard/轨迹；解析值为交接参考，非本次独立复算
exp09,S3__W_TDM_CVAML,S3,W_TDM_CVAML,1,300000,148.81000000000003,119.8577777777778,7.362222222222222,20.648888888888887,1.0,True,3,3,0.0,0.0,0.0,0.0,serial_runs/uam_jointfirst60m_v4_seed1_20260924_010334/S3__W_TDM_CVAML/analysis/checkpoint_curve.csv,MPTC,85.33,项目交接参考；当前归档未找到原始 S 阶段解析 CSV,UAGMC_SOURCE passenger-only + LQ,84.19,128.76,exp11 同包曲线；训练种子 1；评估种子 123-125,需核对同物理/guard/轨迹；解析值为交接参考，非本次独立复算
exp09,S3__W_TDM_CVAML,S3,W_TDM_CVAML,1,350000,165.0011111111111,135.71,7.453333333333333,20.893333333333334,1.0,True,3,3,0.0,0.0,0.0,0.0,serial_runs/uam_jointfirst60m_v4_seed1_20260924_010334/S3__W_TDM_CVAML/analysis/checkpoint_curve.csv,MPTC,85.33,项目交接参考；当前归档未找到原始 S 阶段解析 CSV,UAGMC_SOURCE passenger-only + LQ,84.19,128.76,exp11 同包曲线；训练种子 1；评估种子 123-125,需核对同物理/guard/轨迹；解析值为交接参考，非本次独立复算
exp09,S3__W_TDM_CVAML,S3,W_TDM_CVAML,1,400000,217.9411111111111,187.1188888888889,8.116666666666665,21.764444444444447,1.0,True,3,3,0.0,0.0,0.0,0.0,serial_runs/uam_jointfirst60m_v4_seed1_20260924_010334/S3__W_TDM_CVAML/analysis/checkpoint_curve.csv,MPTC,85.33,项目交接参考；当前归档未找到原始 S 阶段解析 CSV,UAGMC_SOURCE passenger-only + LQ,84.19,128.76,exp11 同包曲线；训练种子 1；评估种子 123-125,需核对同物理/guard/轨迹；解析值为交接参考，非本次独立复算
exp09,S3__W_TDM_CVAML,S3,W_TDM_CVAML,1,450000,168.04333333333332,138.42999999999998,7.590000000000001,21.075555555555557,1.0,True,3,3,0.0,0.0,0.0,0.0,serial_runs/uam_jointfirst60m_v4_seed1_20260924_010334/S3__W_TDM_CVAML/analysis/checkpoint_curve.csv,MPTC,85.33,项目交接参考；当前归档未找到原始 S 阶段解析 CSV,UAGMC_SOURCE passenger-only + LQ,84.19,128.76,exp11 同包曲线；训练种子 1；评估种子 123-125,需核对同物理/guard/轨迹；解析值为交接参考，非本次独立复算
exp09,S3__W_TDM_CVAML,S3,W_TDM_CVAML,1,500000,131.4722222222222,102.46111111111111,7.413333333333334,20.653333333333336,1.0,True,3,3,0.0,0.0,0.0,0.0,serial_runs/uam_jointfirst60m_v4_seed1_20260924_010334/S3__W_TDM_CVAML/analysis/checkpoint_curve.csv,MPTC,85.33,项目交接参考；当前归档未找到原始 S 阶段解析 CSV,UAGMC_SOURCE passenger-only + LQ,84.19,128.76,exp11 同包曲线；训练种子 1；评估种子 123-125,需核对同物理/guard/轨迹；解析值为交接参考，非本次独立复算
exp09,S3__W_TDM_CVAML,S3,W_TDM_CVAML,1,550000,135.4322222222222,106.25777777777778,7.419999999999999,20.804444444444446,1.0,True,3,3,0.0,0.0,0.0,0.0,serial_runs/uam_jointfirst60m_v4_seed1_20260924_010334/S3__W_TDM_CVAML/analysis/checkpoint_curve.csv,MPTC,85.33,项目交接参考；当前归档未找到原始 S 阶段解析 CSV,UAGMC_SOURCE passenger-only + LQ,84.19,128.76,exp11 同包曲线；训练种子 1；评估种子 123-125,需核对同物理/guard/轨迹；解析值为交接参考，非本次独立复算
exp09,S3__W_TDM_CVAML,S3,W_TDM_CVAML,1,600000,139.26333333333332,110.40222222222224,7.238888888888888,20.68444444444445,1.0,True,3,3,0.0,0.0,0.0,0.0,serial_runs/uam_jointfirst60m_v4_seed1_20260924_010334/S3__W_TDM_CVAML/analysis/checkpoint_curve.csv,MPTC,85.33,项目交接参考；当前归档未找到原始 S 阶段解析 CSV,UAGMC_SOURCE passenger-only + LQ,84.19,128.76,exp11 同包曲线；训练种子 1；评估种子 123-125,需核对同物理/guard/轨迹；解析值为交接参考，非本次独立复算
