experiment,cell,env,method,train_seed,step,att_min,awt_min,agt_min,aft_min,completion_rate,full_completion,n_eval_seeds,n_valid,passenger_v0_share,passenger_v1_share,aircraft_v0_share,aircraft_v1_share,source,analytic_baseline,analytic_att_min,analytic_evidence,uagmc_baseline,uagmc_best_att_min,uagmc_final_att_min,uagmc_evidence,baseline_comparability_note
exp06,E0__M0,E0,M0,1,50000,240.97142857142856,214.82857142857142,6.3428571428571425,19.914285714285715,0.11666666666666665,False,3,,0.014975041597337771,0.9850249584026622,,,serial_runs/uagmc_45x800k_T2_seed1_20260921_005821/E0__M0/analysis/checkpoint_curve.csv,,,,,,,,没有本矩阵独立 UAGMC 分支；Joint 与 passenger-only 控制权不同；删失行不可排名
exp06,E0__M0,E0,M0,1,100000,257.45454545454544,231.4242424242424,6.333333333333333,19.727272727272727,0.11,False,3,,0.011647254575707153,0.9883527454242929,,,serial_runs/uagmc_45x800k_T2_seed1_20260921_005821/E0__M0/analysis/checkpoint_curve.csv,,,,,,,,没有本矩阵独立 UAGMC 分支；Joint 与 passenger-only 控制权不同；删失行不可排名
exp06,E0__M0,E0,M0,1,150000,197.62790697674419,170.13953488372093,7.046511627906977,20.488372093023255,0.14333333333333334,False,3,,0.028286189683860232,0.9717138103161398,,,serial_runs/uagmc_45x800k_T2_seed1_20260921_005821/E0__M0/analysis/checkpoint_curve.csv,,,,,,,,没有本矩阵独立 UAGMC 分支；Joint 与 passenger-only 控制权不同；删失行不可排名
exp06,E0__M0,E0,M0,1,200000,197.62790697674419,170.37209302325581,6.813953488372093,20.488372093023255,0.14333333333333334,False,3,,0.028286189683860232,0.9717138103161398,,,serial_runs/uagmc_45x800k_T2_seed1_20260921_005821/E0__M0/analysis/checkpoint_curve.csv,,,,,,,,没有本矩阵独立 UAGMC 分支；Joint 与 passenger-only 控制权不同；删失行不可排名
exp06,E0__M0,E0,M0,1,250000,180.27083333333334,152.375,7.25,20.75,0.16,False,3,,0.044925124792013306,0.9550748752079867,,,serial_runs/uagmc_45x800k_T2_seed1_20260921_005821/E0__M0/analysis/checkpoint_curve.csv,,,,,,,,没有本矩阵独立 UAGMC 分支；Joint 与 passenger-only 控制权不同；删失行不可排名
exp06,E0__M0,E0,M0,1,300000,157.7719298245614,129.35087719298247,7.473684210526316,21.105263157894736,0.19000000000000003,False,3,,0.3976705490848585,0.6023294509151415,,,serial_runs/uagmc_45x800k_T2_seed1_20260921_005821/E0__M0/analysis/checkpoint_curve.csv,,,,,,,,没有本矩阵独立 UAGMC 分支；Joint 与 passenger-only 控制权不同；删失行不可排名
exp06,E0__M0,E0,M0,1,350000,111.85714285714285,82.28571428571429,8.065934065934066,21.813186813186814,0.30333333333333334,False,3,,0.5357737104825291,0.46422628951747086,,,serial_runs/uagmc_45x800k_T2_seed1_20260921_005821/E0__M0/analysis/checkpoint_curve.csv,,,,,,,,没有本矩阵独立 UAGMC 分支；Joint 与 passenger-only 控制权不同；删失行不可排名
exp06,E0__M0,E0,M0,1,400000,104.67289719626167,74.77570093457943,7.925233644859813,22.028037383177566,0.3566666666666667,False,3,,0.5940099833610649,0.405990016638935,,,serial_runs/uagmc_45x800k_T2_seed1_20260921_005821/E0__M0/analysis/checkpoint_curve.csv,,,,,,,,没有本矩阵独立 UAGMC 分支；Joint 与 passenger-only 控制权不同；删失行不可排名
exp06,E0__M0,E0,M0,1,450000,118.21374045801527,87.6793893129771,8.351145038167939,22.206106870229007,0.4366666666666667,False,3,,0.5207986688851913,0.47920133111480867,,,serial_runs/uagmc_45x800k_T2_seed1_20260921_005821/E0__M0/analysis/checkpoint_curve.csv,,,,,,,,没有本矩阵独立 UAGMC 分支；Joint 与 passenger-only 控制权不同；删失行不可排名
exp06,E0__M0,E0,M0,1,500000,118.8,89.5111111111111,7.711111111111111,21.8,0.3,False,3,,0.5440931780366056,0.4559068219633943,,,serial_runs/uagmc_45x800k_T2_seed1_20260921_005821/E0__M0/analysis/checkpoint_curve.csv,,,,,,,,没有本矩阵独立 UAGMC 分支；Joint 与 passenger-only 控制权不同；删失行不可排名
exp06,E0__M0,E0,M0,1,550000,141.9264705882353,113.1470588235294,7.573529411764706,21.41176470588235,0.22666666666666666,False,3,,0.1464226289517471,0.8535773710482529,,,serial_runs/uagmc_45x800k_T2_seed1_20260921_005821/E0__M0/analysis/checkpoint_curve.csv,,,,,,,,没有本矩阵独立 UAGMC 分支；Joint 与 passenger-only 控制权不同；删失行不可排名
exp06,E0__M0,E0,M0,1,600000,156.79310344827587,128.39655172413794,7.4655172413793105,21.137931034482758,0.19333333333333333,False,3,,0.12146422628951747,0.8785357737104825,,,serial_runs/uagmc_45x800k_T2_seed1_20260921_005821/E0__M0/analysis/checkpoint_curve.csv,,,,,,,,没有本矩阵独立 UAGMC 分支；Joint 与 passenger-only 控制权不同；删失行不可排名
exp06,E0__M0,E0,M0,1,650000,160.73214285714286,132.30357142857142,7.535714285714286,21.071428571428573,0.18666666666666668,False,3,,0.07321131447587355,0.9267886855241264,,,serial_runs/uagmc_45x800k_T2_seed1_20260921_005821/E0__M0/analysis/checkpoint_curve.csv,,,,,,,,没有本矩阵独立 UAGMC 分支；Joint 与 passenger-only 控制权不同；删失行不可排名
exp06,E0__M0,E0,M0,1,700000,183.02083333333334,155.02083333333334,7.333333333333333,20.75,0.16,False,3,,0.059900166389351084,0.940099833610649,,,serial_runs/uagmc_45x800k_T2_seed1_20260921_005821/E0__M0/analysis/checkpoint_curve.csv,,,,,,,,没有本矩阵独立 UAGMC 分支；Joint 与 passenger-only 控制权不同；删失行不可排名
exp06,E0__M0,E0,M0,1,750000,178.0612244897959,150.0204081632653,7.367346938775509,20.79591836734694,0.16333333333333333,False,3,,0.06156405990016639,0.9384359400998337,,,serial_runs/uagmc_45x800k_T2_seed1_20260921_005821/E0__M0/analysis/checkpoint_curve.csv,,,,,,,,没有本矩阵独立 UAGMC 分支；Joint 与 passenger-only 控制权不同；删失行不可排名
exp06,E0__M0,E0,M0,1,800000,178.0612244897959,150.0204081632653,7.367346938775509,20.79591836734694,0.16333333333333333,False,3,,0.051580698835274545,0.9484193011647255,,,serial_runs/uagmc_45x800k_T2_seed1_20260921_005821/E0__M0/analysis/checkpoint_curve.csv,,,,,,,,没有本矩阵独立 UAGMC 分支；Joint 与 passenger-only 控制权不同；删失行不可排名
exp06,E0__M1,E0,M1,1,50000,179.12,151.98,6.7,20.84,0.16666666666666666,False,3,,0.04159733777038269,0.9584026622296173,,,serial_runs/uagmc_45x800k_T2_seed1_20260921_005821/E0__M1/analysis/checkpoint_curve.csv,,,,,,,,没有本矩阵独立 UAGMC 分支；Joint 与 passenger-only 控制权不同；删失行不可排名
exp06,E0__M1,E0,M1,1,100000,196.46666666666667,169.37777777777777,6.822222222222222,20.6,0.15,False,3,,0.03161397670549085,0.9683860232945092,,,serial_runs/uagmc_45x800k_T2_seed1_20260921_005821/E0__M1/analysis/checkpoint_curve.csv,,,,,,,,没有本矩阵独立 UAGMC 分支；Joint 与 passenger-only 控制权不同；删失行不可排名
exp06,E0__M1,E0,M1,1,150000,282.42857142857144,257.42857142857144,5.785714285714286,19.285714285714285,0.09333333333333334,False,3,,0.0066555740432612314,0.9933444259567388,,,serial_runs/uagmc_45x800k_T2_seed1_20260921_005821/E0__M1/analysis/checkpoint_curve.csv,,,,,,,,没有本矩阵独立 UAGMC 分支；Joint 与 passenger-only 控制权不同；删失行不可排名
exp06,E0__M1,E0,M1,1,200000,292.037037037037,267.2962962962963,5.62962962962963,19.14814814814815,0.09000000000000001,False,3,,0.004991680532445923,0.9950083194675541,,,serial_runs/uagmc_45x800k_T2_seed1_20260921_005821/E0__M1/analysis/checkpoint_curve.csv,,,,,,,,没有本矩阵独立 UAGMC 分支；Joint 与 passenger-only 控制权不同；删失行不可排名
exp06,E0__M1,E0,M1,1,250000,216.225,190.15,6.099999999999999,20.3,0.13333333333333333,False,3,,0.023294509151414306,0.9767054908485857,,,serial_runs/uagmc_45x800k_T2_seed1_20260921_005821/E0__M1/analysis/checkpoint_curve.csv,,,,,,,,没有本矩阵独立 UAGMC 分支；Joint 与 passenger-only 控制权不同；删失行不可排名
exp06,E0__M1,E0,M1,1,300000,161.69811320754718,134.1509433962264,6.9245283018867925,21.037735849056602,0.17666666666666667,False,3,,0.04825291181364392,0.9517470881863561,,,serial_runs/uagmc_45x800k_T2_seed1_20260921_005821/E0__M1/analysis/checkpoint_curve.csv,,,,,,,,没有本矩阵独立 UAGMC 分支；Joint 与 passenger-only 控制权不同；删失行不可排名
exp06,E0__M1,E0,M1,1,350000,207.92857142857142,181.38095238095238,6.4523809523809526,20.428571428571427,0.14,False,3,,0.029950083194675542,0.9700499168053245,,,serial_runs/uagmc_45x800k_T2_seed1_20260921_005821/E0__M1/analysis/checkpoint_curve.csv,,,,,,,,没有本矩阵独立 UAGMC 分支；Joint 与 passenger-only 控制权不同；删失行不可排名
exp06,E0__M1,E0,M1,1,400000,222.33333333333334,196.0,6.4102564102564115,20.23076923076923,0.13,False,3,,0.029950083194675542,0.9700499168053245,,,serial_runs/uagmc_45x800k_T2_seed1_20260921_005821/E0__M1/analysis/checkpoint_curve.csv,,,,,,,,没有本矩阵独立 UAGMC 分支；Joint 与 passenger-only 控制权不同；删失行不可排名
exp06,E0__M1,E0,M1,1,450000,195.77777777777774,168.95555555555555,6.5555555555555545,20.6,0.15,False,3,,0.04159733777038269,0.9584026622296173,,,serial_runs/uagmc_45x800k_T2_seed1_20260921_005821/E0__M1/analysis/checkpoint_curve.csv,,,,,,,,没有本矩阵独立 UAGMC 分支；Joint 与 passenger-only 控制权不同；删失行不可排名
exp06,E0__M1,E0,M1,1,500000,138.16814159292036,108.65486725663716,7.6371681415929205,22.04424778761062,0.37666666666666665,False,3,,0.16472545757071547,0.8352745424292846,,,serial_runs/uagmc_45x800k_T2_seed1_20260921_005821/E0__M1/analysis/checkpoint_curve.csv,,,,,,,,没有本矩阵独立 UAGMC 分支；Joint 与 passenger-only 控制权不同；删失行不可排名
exp06,E0__M1,E0,M1,1,550000,119.73033707865169,91.02247191011236,7.337078651685393,21.786516853932586,0.2966666666666667,False,3,,0.11647254575707154,0.8835274542429284,,,serial_runs/uagmc_45x800k_T2_seed1_20260921_005821/E0__M1/analysis/checkpoint_curve.csv,,,,,,,,没有本矩阵独立 UAGMC 分支；Joint 与 passenger-only 控制权不同；删失行不可排名
exp06,E0__M1,E0,M1,1,600000,118.93396226415094,89.5943396226415,7.660377358490567,21.981132075471702,0.35333333333333333,False,3,,0.18302828618968384,0.8169717138103162,,,serial_runs/uagmc_45x800k_T2_seed1_20260921_005821/E0__M1/analysis/checkpoint_curve.csv,,,,,,,,没有本矩阵独立 UAGMC 分支；Joint 与 passenger-only 控制权不同；删失行不可排名
exp06,E0__M1,E0,M1,1,650000,126.08403361344538,96.60504201680673,7.579831932773108,22.126050420168067,0.39666666666666667,False,3,,0.3693843594009983,0.6306156405990017,,,serial_runs/uagmc_45x800k_T2_seed1_20260921_005821/E0__M1/analysis/checkpoint_curve.csv,,,,,,,,没有本矩阵独立 UAGMC 分支；Joint 与 passenger-only 控制权不同；删失行不可排名
exp06,E0__M1,E0,M1,1,700000,120.60975609756098,90.869918699187,7.821138211382114,22.15447154471545,0.41,False,3,,0.45923460898502494,0.540765391014975,,,serial_runs/uagmc_45x800k_T2_seed1_20260921_005821/E0__M1/analysis/checkpoint_curve.csv,,,,,,,,没有本矩阵独立 UAGMC 分支；Joint 与 passenger-only 控制权不同；删失行不可排名
exp06,E0__M1,E0,M1,1,750000,110.19642857142857,80.58035714285714,7.794642857142857,22.071428571428573,0.37333333333333335,False,3,,0.30782029950083195,0.692179700499168,,,serial_runs/uagmc_45x800k_T2_seed1_20260921_005821/E0__M1/analysis/checkpoint_curve.csv,,,,,,,,没有本矩阵独立 UAGMC 分支；Joint 与 passenger-only 控制权不同；删失行不可排名
exp06,E0__M1,E0,M1,1,800000,115.125,85.67857142857143,7.714285714285714,22.03571428571429,0.37333333333333335,False,3,,0.1980033277870216,0.8019966722129782,,,serial_runs/uagmc_45x800k_T2_seed1_20260921_005821/E0__M1/analysis/checkpoint_curve.csv,,,,,,,,没有本矩阵独立 UAGMC 分支；Joint 与 passenger-only 控制权不同；删失行不可排名
exp06,E0__M2,E0,M2,1,50000,135.57746478873239,107.38028169014085,7.126760563380283,21.47887323943662,0.23666666666666666,False,3,,0.07986688851913477,0.9201331114808652,,,serial_runs/uagmc_45x800k_T2_seed1_20260921_005821/E0__M2/analysis/checkpoint_curve.csv,,,,,,,,没有本矩阵独立 UAGMC 分支；Joint 与 passenger-only 控制权不同；删失行不可排名
exp06,E0__M2,E0,M2,1,100000,147.0327868852459,118.93442622950819,7.19672131147541,21.295081967213115,0.20333333333333334,False,3,,0.07986688851913477,0.9201331114808652,,,serial_runs/uagmc_45x800k_T2_seed1_20260921_005821/E0__M2/analysis/checkpoint_curve.csv,,,,,,,,没有本矩阵独立 UAGMC 分支；Joint 与 passenger-only 控制权不同；删失行不可排名
exp06,E0__M2,E0,M2,1,150000,145.672131147541,117.81967213114756,7.0163934426229515,21.295081967213115,0.20333333333333334,False,3,,0.20632279534109818,0.7936772046589017,,,serial_runs/uagmc_45x800k_T2_seed1_20260921_005821/E0__M2/analysis/checkpoint_curve.csv,,,,,,,,没有本矩阵独立 UAGMC 分支；Joint 与 passenger-only 控制权不同；删失行不可排名
exp06,E0__M2,E0,M2,1,200000,140.75,112.7205882352941,7.073529411764706,21.41176470588235,0.22666666666666666,False,3,,0.5008319467554077,0.49916805324459235,,,serial_runs/uagmc_45x800k_T2_seed1_20260921_005821/E0__M2/analysis/checkpoint_curve.csv,,,,,,,,没有本矩阵独立 UAGMC 分支；Joint 与 passenger-only 控制权不同；删失行不可排名
exp06,E0__M2,E0,M2,1,250000,148.26984126984127,120.53968253968254,6.920634920634921,21.285714285714285,0.21,False,3,,0.4891846921797005,0.5108153078202995,,,serial_runs/uagmc_45x800k_T2_seed1_20260921_005821/E0__M2/analysis/checkpoint_curve.csv,,,,,,,,没有本矩阵独立 UAGMC 分支；Joint 与 passenger-only 控制权不同；删失行不可排名
exp06,E0__M2,E0,M2,1,300000,153.4262295081967,125.52459016393442,7.163934426229507,21.229508196721312,0.20333333333333334,False,3,,0.4858569051580699,0.5141430948419301,,,serial_runs/uagmc_45x800k_T2_seed1_20260921_005821/E0__M2/analysis/checkpoint_curve.csv,,,,,,,,没有本矩阵独立 UAGMC 分支；Joint 与 passenger-only 控制权不同；删失行不可排名
exp06,E0__M2,E0,M2,1,350000,151.36206896551724,123.3793103448276,7.258620689655172,21.20689655172414,0.19333333333333333,False,3,,0.4009983361064891,0.5990016638935108,,,serial_runs/uagmc_45x800k_T2_seed1_20260921_005821/E0__M2/analysis/checkpoint_curve.csv,,,,,,,,没有本矩阵独立 UAGMC 分支；Joint 与 passenger-only 控制权不同；删失行不可排名
exp06,E0__M2,E0,M2,1,400000,155.375,127.625,7.089285714285714,21.142857142857142,0.18666666666666668,False,3,,0.23128119800332778,0.7687188019966721,,,serial_runs/uagmc_45x800k_T2_seed1_20260921_005821/E0__M2/analysis/checkpoint_curve.csv,,,,,,,,没有本矩阵独立 UAGMC 分支；Joint 与 passenger-only 控制权不同；删失行不可排名
exp06,E0__M2,E0,M2,1,450000,167.14814814814815,139.72222222222223,6.888888888888889,21.0,0.18000000000000002,False,3,,0.26455906821963393,0.735440931780366,,,serial_runs/uagmc_45x800k_T2_seed1_20260921_005821/E0__M2/analysis/checkpoint_curve.csv,,,,,,,,没有本矩阵独立 UAGMC 分支；Joint 与 passenger-only 控制权不同；删失行不可排名
exp06,E0__M2,E0,M2,1,500000,176.17647058823528,148.88235294117646,6.8431372549019605,20.88235294117647,0.17,False,3,,0.36272878535773706,0.6372712146422629,,,serial_runs/uagmc_45x800k_T2_seed1_20260921_005821/E0__M2/analysis/checkpoint_curve.csv,,,,,,,,没有本矩阵独立 UAGMC 分支；Joint 与 passenger-only 控制权不同；删失行不可排名
exp06,E0__M2,E0,M2,1,550000,154.57894736842104,126.85964912280701,7.017543859649122,21.17543859649123,0.19000000000000003,False,3,,0.47587354409317806,0.5241264559068219,,,serial_runs/uagmc_45x800k_T2_seed1_20260921_005821/E0__M2/analysis/checkpoint_curve.csv,,,,,,,,没有本矩阵独立 UAGMC 分支；Joint 与 passenger-only 控制权不同；删失行不可排名
exp06,E0__M2,E0,M2,1,600000,153.72131147540983,125.90163934426228,7.032786885245901,21.229508196721312,0.20333333333333334,False,3,,0.4459234608985025,0.5540765391014975,,,serial_runs/uagmc_45x800k_T2_seed1_20260921_005821/E0__M2/analysis/checkpoint_curve.csv,,,,,,,,没有本矩阵独立 UAGMC 分支；Joint 与 passenger-only 控制权不同；删失行不可排名
exp06,E0__M2,E0,M2,1,650000,146.078125,118.21875,6.984375,21.3125,0.21333333333333335,False,3,,0.5207986688851913,0.47920133111480867,,,serial_runs/uagmc_45x800k_T2_seed1_20260921_005821/E0__M2/analysis/checkpoint_curve.csv,,,,,,,,没有本矩阵独立 UAGMC 分支；Joint 与 passenger-only 控制权不同；删失行不可排名
exp06,E0__M2,E0,M2,1,700000,138.38888888888889,110.04166666666667,7.208333333333333,21.5,0.24,False,3,,0.4875207986688852,0.5124792013311148,,,serial_runs/uagmc_45x800k_T2_seed1_20260921_005821/E0__M2/analysis/checkpoint_curve.csv,,,,,,,,没有本矩阵独立 UAGMC 分支；Joint 与 passenger-only 控制权不同；删失行不可排名
exp06,E0__M2,E0,M2,1,750000,130.12820512820514,101.57692307692308,7.358974358974359,21.615384615384617,0.26,False,3,,0.5008319467554077,0.49916805324459235,,,serial_runs/uagmc_45x800k_T2_seed1_20260921_005821/E0__M2/analysis/checkpoint_curve.csv,,,,,,,,没有本矩阵独立 UAGMC 分支；Joint 与 passenger-only 控制权不同；删失行不可排名
exp06,E0__M2,E0,M2,1,800000,136.85507246376812,108.91304347826087,7.0,21.434782608695652,0.23,False,3,,0.49584026622296173,0.5041597337770383,,,serial_runs/uagmc_45x800k_T2_seed1_20260921_005821/E0__M2/analysis/checkpoint_curve.csv,,,,,,,,没有本矩阵独立 UAGMC 分支；Joint 与 passenger-only 控制权不同；删失行不可排名
exp06,E0__M3,E0,M3,1,50000,138.94202898550725,110.78260869565217,7.072463768115942,21.434782608695652,0.23,False,3,,0.07487520798668885,0.9251247920133111,,,serial_runs/uagmc_45x800k_T2_seed1_20260921_005821/E0__M3/analysis/checkpoint_curve.csv,,,,,,,,没有本矩阵独立 UAGMC 分支；Joint 与 passenger-only 控制权不同；删失行不可排名
exp06,E0__M3,E0,M3,1,100000,120.41509433962263,90.76415094339625,7.7075471698113205,22.018867924528298,0.35333333333333333,False,3,,0.2928452579034942,0.7071547420965058,,,serial_runs/uagmc_45x800k_T2_seed1_20260921_005821/E0__M3/analysis/checkpoint_curve.csv,,,,,,,,没有本矩阵独立 UAGMC 分支；Joint 与 passenger-only 控制权不同；删失行不可排名
exp06,E0__M3,E0,M3,1,150000,153.07843137254903,122.95424836601308,7.915032679738562,22.294117647058822,0.51,False,3,,0.5391014975041597,0.46089850249584025,,,serial_runs/uagmc_45x800k_T2_seed1_20260921_005821/E0__M3/analysis/checkpoint_curve.csv,,,,,,,,没有本矩阵独立 UAGMC 分支；Joint 与 passenger-only 控制权不同；删失行不可排名
exp06,E0__M3,E0,M3,1,200000,165.9880239520958,135.70658682634732,7.970059880239521,22.377245508982032,0.5566666666666666,False,3,,0.73044925124792,0.26955074875207985,,,serial_runs/uagmc_45x800k_T2_seed1_20260921_005821/E0__M3/analysis/checkpoint_curve.csv,,,,,,,,没有本矩阵独立 UAGMC 分支；Joint 与 passenger-only 控制权不同；删失行不可排名
exp06,E0__M3,E0,M3,1,250000,155.8682634730539,125.73652694610779,7.838323353293414,22.377245508982032,0.5566666666666666,False,3,,0.5973377703826955,0.4026622296173044,,,serial_runs/uagmc_45x800k_T2_seed1_20260921_005821/E0__M3/analysis/checkpoint_curve.csv,,,,,,,,没有本矩阵独立 UAGMC 分支；Joint 与 passenger-only 控制权不同；删失行不可排名
exp06,E0__M3,E0,M3,1,300000,140.4102564102564,110.33974358974359,7.852564102564102,22.307692307692307,0.52,False,3,,0.4825291181364393,0.5174708818635607,,,serial_runs/uagmc_45x800k_T2_seed1_20260921_005821/E0__M3/analysis/checkpoint_curve.csv,,,,,,,,没有本矩阵独立 UAGMC 分支；Joint 与 passenger-only 控制权不同；删失行不可排名
exp06,E0__M3,E0,M3,1,350000,133.97260273972603,104.17123287671232,7.623287671232877,22.260273972602743,0.48666666666666664,False,3,,0.36272878535773706,0.6372712146422629,,,serial_runs/uagmc_45x800k_T2_seed1_20260921_005821/E0__M3/analysis/checkpoint_curve.csv,,,,,,,,没有本矩阵独立 UAGMC 分支；Joint 与 passenger-only 控制权不同；删失行不可排名
exp06,E0__M3,E0,M3,1,400000,133.24137931034483,103.35862068965518,7.682758620689655,22.282758620689652,0.48333333333333334,False,3,,0.43594009983361065,0.5640599001663894,,,serial_runs/uagmc_45x800k_T2_seed1_20260921_005821/E0__M3/analysis/checkpoint_curve.csv,,,,,,,,没有本矩阵独立 UAGMC 分支；Joint 与 passenger-only 控制权不同；删失行不可排名
exp06,E0__M3,E0,M3,1,450000,123.6962962962963,93.9037037037037,7.607407407407408,22.22962962962963,0.45,False,3,,0.415973377703827,0.5840266222961731,,,serial_runs/uagmc_45x800k_T2_seed1_20260921_005821/E0__M3/analysis/checkpoint_curve.csv,,,,,,,,没有本矩阵独立 UAGMC 分支；Joint 与 passenger-only 控制权不同；删失行不可排名
exp06,E0__M3,E0,M3,1,500000,122.81818181818181,93.21969696969695,7.4318181818181825,22.212121212121207,0.44,False,3,,0.5341098169717138,0.46589018302828616,,,serial_runs/uagmc_45x800k_T2_seed1_20260921_005821/E0__M3/analysis/checkpoint_curve.csv,,,,,,,,没有本矩阵独立 UAGMC 分支；Joint 与 passenger-only 控制权不同；删失行不可排名
exp06,E0__M3,E0,M3,1,550000,122.83846153846154,93.33076923076923,7.4461538461538455,22.16923076923077,0.43333333333333335,False,3,,0.4259567387687188,0.5740432612312812,,,serial_runs/uagmc_45x800k_T2_seed1_20260921_005821/E0__M3/analysis/checkpoint_curve.csv,,,,,,,,没有本矩阵独立 UAGMC 分支；Joint 与 passenger-only 控制权不同；删失行不可排名
exp06,E0__M3,E0,M3,1,600000,113.77868852459017,84.31147540983606,7.426229508196722,22.114754098360653,0.4066666666666667,False,3,,0.5657237936772047,0.43427620632279534,,,serial_runs/uagmc_45x800k_T2_seed1_20260921_005821/E0__M3/analysis/checkpoint_curve.csv,,,,,,,,没有本矩阵独立 UAGMC 分支；Joint 与 passenger-only 控制权不同；删失行不可排名
exp06,E0__M3,E0,M3,1,650000,106.35897435897436,76.97435897435898,7.35042735042735,22.11111111111111,0.38999999999999996,False,3,,0.589018302828619,0.41098169717138106,,,serial_runs/uagmc_45x800k_T2_seed1_20260921_005821/E0__M3/analysis/checkpoint_curve.csv,,,,,,,,没有本矩阵独立 UAGMC 分支；Joint 与 passenger-only 控制权不同；删失行不可排名
exp06,E0__M3,E0,M3,1,700000,107.55855855855856,78.26126126126127,7.342342342342342,22.063063063063066,0.36999999999999994,False,3,,0.5906821963394343,0.40931780366056575,,,serial_runs/uagmc_45x800k_T2_seed1_20260921_005821/E0__M3/analysis/checkpoint_curve.csv,,,,,,,,没有本矩阵独立 UAGMC 分支；Joint 与 passenger-only 控制权不同；删失行不可排名
exp06,E0__M3,E0,M3,1,750000,110.19626168224299,81.01869158878505,7.299065420560748,21.990654205607473,0.3566666666666667,False,3,,0.5906821963394343,0.40931780366056575,,,serial_runs/uagmc_45x800k_T2_seed1_20260921_005821/E0__M3/analysis/checkpoint_curve.csv,,,,,,,,没有本矩阵独立 UAGMC 分支；Joint 与 passenger-only 控制权不同；删失行不可排名
exp06,E0__M3,E0,M3,1,800000,111.37,82.38,7.19,21.92,0.3333333333333333,False,3,,0.5940099833610649,0.405990016638935,,,serial_runs/uagmc_45x800k_T2_seed1_20260921_005821/E0__M3/analysis/checkpoint_curve.csv,,,,,,,,没有本矩阵独立 UAGMC 分支；Joint 与 passenger-only 控制权不同；删失行不可排名
exp06,E0__M4,E0,M4,1,50000,107.3763440860215,78.47311827956989,7.236559139784947,21.88172043010753,0.31,False,3,,0.12479201331114809,0.8752079866888519,,,serial_runs/uagmc_45x800k_T2_seed1_20260921_005821/E0__M4/analysis/checkpoint_curve.csv,,,,,,,,没有本矩阵独立 UAGMC 分支；Joint 与 passenger-only 控制权不同；删失行不可排名
exp06,E0__M4,E0,M4,1,100000,138.7109375,108.6484375,8.0078125,22.1875,0.4266666666666667,False,3,,0.26455906821963393,0.735440931780366,,,serial_runs/uagmc_45x800k_T2_seed1_20260921_005821/E0__M4/analysis/checkpoint_curve.csv,,,,,,,,没有本矩阵独立 UAGMC 分支；Joint 与 passenger-only 控制权不同；删失行不可排名
exp06,E0__M4,E0,M4,1,150000,137.30718954248366,107.11111111111113,8.0,22.294117647058822,0.51,False,3,,0.47420965058236275,0.5257903494176372,,,serial_runs/uagmc_45x800k_T2_seed1_20260921_005821/E0__M4/analysis/checkpoint_curve.csv,,,,,,,,没有本矩阵独立 UAGMC 分支；Joint 与 passenger-only 控制权不同；删失行不可排名
exp06,E0__M4,E0,M4,1,200000,128.51724137931035,98.22758620689655,8.13103448275862,22.282758620689652,0.48333333333333334,False,3,,0.3477537437603993,0.6522462562396006,,,serial_runs/uagmc_45x800k_T2_seed1_20260921_005821/E0__M4/analysis/checkpoint_curve.csv,,,,,,,,没有本矩阵独立 UAGMC 分支；Joint 与 passenger-only 控制权不同；删失行不可排名
exp06,E0__M4,E0,M4,1,250000,109.39473684210526,79.34210526315789,8.078947368421053,22.087719298245613,0.38000000000000006,False,3,,0.1747088186356073,0.8252911813643927,,,serial_runs/uagmc_45x800k_T2_seed1_20260921_005821/E0__M4/analysis/checkpoint_curve.csv,,,,,,,,没有本矩阵独立 UAGMC 分支；Joint 与 passenger-only 控制权不同；删失行不可排名
exp06,E0__M4,E0,M4,1,300000,107.58252427184466,78.07766990291262,7.776699029126213,21.951456310679607,0.3433333333333333,False,3,,0.15141430948419302,0.848585690515807,,,serial_runs/uagmc_45x800k_T2_seed1_20260921_005821/E0__M4/analysis/checkpoint_curve.csv,,,,,,,,没有本矩阵独立 UAGMC 分支；Joint 与 passenger-only 控制权不同；删失行不可排名
exp06,E0__M4,E0,M4,1,350000,110.30526315789474,81.05263157894737,7.631578947368421,21.86315789473684,0.31666666666666665,False,3,,0.14309484193011648,0.8569051580698835,,,serial_runs/uagmc_45x800k_T2_seed1_20260921_005821/E0__M4/analysis/checkpoint_curve.csv,,,,,,,,没有本矩阵独立 UAGMC 分支；Joint 与 passenger-only 控制权不同；删失行不可排名
exp06,E0__M4,E0,M4,1,400000,112.21739130434783,83.20652173913044,7.543478260869565,21.82608695652174,0.30666666666666664,False,3,,0.15806988352745424,0.8419301164725458,,,serial_runs/uagmc_45x800k_T2_seed1_20260921_005821/E0__M4/analysis/checkpoint_curve.csv,,,,,,,,没有本矩阵独立 UAGMC 分支；Joint 与 passenger-only 控制权不同；删失行不可排名
exp06,E0__M4,E0,M4,1,450000,115.16279069767442,86.48837209302326,7.395348837209302,21.74418604651163,0.2866666666666667,False,3,,0.16805324459234608,0.831946755407654,,,serial_runs/uagmc_45x800k_T2_seed1_20260921_005821/E0__M4/analysis/checkpoint_curve.csv,,,,,,,,没有本矩阵独立 UAGMC 分支；Joint 与 passenger-only 控制权不同；删失行不可排名
exp06,E0__M4,E0,M4,1,500000,108.98876404494382,79.89887640449439,7.719101123595505,21.831460674157302,0.2966666666666667,False,3,,0.4259567387687188,0.5740432612312812,,,serial_runs/uagmc_45x800k_T2_seed1_20260921_005821/E0__M4/analysis/checkpoint_curve.csv,,,,,,,,没有本矩阵独立 UAGMC 分支；Joint 与 passenger-only 控制权不同；删失行不可排名
exp06,E0__M4,E0,M4,1,550000,126.64473684210526,98.3157894736842,7.276315789473684,21.57894736842105,0.25333333333333335,False,3,,0.11148086522462562,0.8885191347753744,,,serial_runs/uagmc_45x800k_T2_seed1_20260921_005821/E0__M4/analysis/checkpoint_curve.csv,,,,,,,,没有本矩阵独立 UAGMC 分支；Joint 与 passenger-only 控制权不同；删失行不可排名
exp06,E0__M4,E0,M4,1,600000,133.34722222222223,104.84722222222223,7.486111111111111,21.5,0.24,False,3,,0.1064891846921797,0.8935108153078203,,,serial_runs/uagmc_45x800k_T2_seed1_20260921_005821/E0__M4/analysis/checkpoint_curve.csv,,,,,,,,没有本矩阵独立 UAGMC 分支；Joint 与 passenger-only 控制权不同；删失行不可排名
exp06,E0__M4,E0,M4,1,650000,121.54878048780488,92.60975609756098,7.682926829268292,21.682926829268293,0.2733333333333333,False,3,,0.2945091514143095,0.7054908485856904,,,serial_runs/uagmc_45x800k_T2_seed1_20260921_005821/E0__M4/analysis/checkpoint_curve.csv,,,,,,,,没有本矩阵独立 UAGMC 分支；Joint 与 passenger-only 控制权不同；删失行不可排名
exp06,E0__M4,E0,M4,1,700000,123.41249999999998,94.5625,7.650000000000001,21.649999999999995,0.26666666666666666,False,3,,0.259567387687188,0.7404326123128119,,,serial_runs/uagmc_45x800k_T2_seed1_20260921_005821/E0__M4/analysis/checkpoint_curve.csv,,,,,,,,没有本矩阵独立 UAGMC 分支；Joint 与 passenger-only 控制权不同；删失行不可排名
exp06,E0__M4,E0,M4,1,750000,131.86301369863014,103.65753424657534,7.260273972602739,21.52054794520548,0.24333333333333332,False,3,,0.13477537437603992,0.8652246256239601,,,serial_runs/uagmc_45x800k_T2_seed1_20260921_005821/E0__M4/analysis/checkpoint_curve.csv,,,,,,,,没有本矩阵独立 UAGMC 分支；Joint 与 passenger-only 控制权不同；删失行不可排名
exp06,E0__M4,E0,M4,1,800000,142.36923076923077,114.41538461538461,7.184615384615385,21.33846153846154,0.21666666666666667,False,3,,0.09983361064891845,0.9001663893510815,,,serial_runs/uagmc_45x800k_T2_seed1_20260921_005821/E0__M4/analysis/checkpoint_curve.csv,,,,,,,,没有本矩阵独立 UAGMC 分支；Joint 与 passenger-only 控制权不同；删失行不可排名
exp06,E1__M0,E1,M0,1,50000,245.96363636363637,221.0090909090909,5.954545454545454,19.0,0.36666666666666664,False,3,,0.0,1.0,,,serial_runs/uagmc_45x800k_T2_seed1_20260921_005821/E1__M0/analysis/checkpoint_curve.csv,QTTI2,61.07,FORMAL25 同环境规则实测,,,,,没有本矩阵独立 UAGMC 分支；Joint 与 passenger-only 控制权不同；删失行不可排名
exp06,E1__M0,E1,M0,1,100000,215.9360465116279,190.61627906976744,6.209302325581395,19.11627906976744,0.5733333333333334,False,3,,0.009983361064891847,0.9900166389351082,,,serial_runs/uagmc_45x800k_T2_seed1_20260921_005821/E1__M0/analysis/checkpoint_curve.csv,QTTI2,61.07,FORMAL25 同环境规则实测,,,,,没有本矩阵独立 UAGMC 分支；Joint 与 passenger-only 控制权不同；删失行不可排名
exp06,E1__M0,E1,M0,1,150000,126.54,99.58333333333333,6.846666666666667,20.2,1.0,True,3,,0.5457570715474209,0.454242928452579,,,serial_runs/uagmc_45x800k_T2_seed1_20260921_005821/E1__M0/analysis/checkpoint_curve.csv,QTTI2,61.07,FORMAL25 同环境规则实测,,,,,没有本矩阵独立 UAGMC 分支；Joint 与 passenger-only 控制权不同；删失行不可排名
exp06,E1__M0,E1,M0,1,200000,108.41666666666667,82.06,6.656666666666666,19.786666666666665,1.0,True,3,,0.24292845257903495,0.7570715474209649,,,serial_runs/uagmc_45x800k_T2_seed1_20260921_005821/E1__M0/analysis/checkpoint_curve.csv,QTTI2,61.07,FORMAL25 同环境规则实测,,,,,没有本矩阵独立 UAGMC 分支；Joint 与 passenger-only 控制权不同；删失行不可排名
exp06,E1__M0,E1,M0,1,250000,89.05666666666667,62.24,6.926666666666667,19.973333333333333,1.0,True,3,,0.23460898502495842,0.7653910149750415,,,serial_runs/uagmc_45x800k_T2_seed1_20260921_005821/E1__M0/analysis/checkpoint_curve.csv,QTTI2,61.07,FORMAL25 同环境规则实测,,,,,没有本矩阵独立 UAGMC 分支；Joint 与 passenger-only 控制权不同；删失行不可排名
exp06,E1__M0,E1,M0,1,300000,81.31,54.81666666666667,6.586666666666667,19.986666666666668,1.0,True,3,,0.4858569051580699,0.5141430948419301,,,serial_runs/uagmc_45x800k_T2_seed1_20260921_005821/E1__M0/analysis/checkpoint_curve.csv,QTTI2,61.07,FORMAL25 同环境规则实测,,,,,没有本矩阵独立 UAGMC 分支；Joint 与 passenger-only 控制权不同；删失行不可排名
exp06,E1__M0,E1,M0,1,350000,79.21,52.29333333333333,6.94,20.053333333333335,1.0,True,3,,0.22795341098169716,0.7720465890183027,,,serial_runs/uagmc_45x800k_T2_seed1_20260921_005821/E1__M0/analysis/checkpoint_curve.csv,QTTI2,61.07,FORMAL25 同环境规则实测,,,,,没有本矩阵独立 UAGMC 分支；Joint 与 passenger-only 控制权不同；删失行不可排名
exp06,E1__M0,E1,M0,1,400000,72.66,45.66,7.133333333333334,19.946666666666665,1.0,True,3,,0.5474209650582362,0.4525790349417637,,,serial_runs/uagmc_45x800k_T2_seed1_20260921_005821/E1__M0/analysis/checkpoint_curve.csv,QTTI2,61.07,FORMAL25 同环境规则实测,,,,,没有本矩阵独立 UAGMC 分支；Joint 与 passenger-only 控制权不同；删失行不可排名
exp06,E1__M0,E1,M0,1,450000,69.16333333333333,42.0,7.243333333333333,20.013333333333332,1.0,True,3,,0.5108153078202995,0.4891846921797005,,,serial_runs/uagmc_45x800k_T2_seed1_20260921_005821/E1__M0/analysis/checkpoint_curve.csv,QTTI2,61.07,FORMAL25 同环境规则实测,,,,,没有本矩阵独立 UAGMC 分支；Joint 与 passenger-only 控制权不同；删失行不可排名
exp06,E1__M0,E1,M0,1,500000,64.83666666666667,37.656666666666666,7.176666666666667,20.093333333333334,1.0,True,3,,0.519134775374376,0.480865224625624,,,serial_runs/uagmc_45x800k_T2_seed1_20260921_005821/E1__M0/analysis/checkpoint_curve.csv,QTTI2,61.07,FORMAL25 同环境规则实测,,,,,没有本矩阵独立 UAGMC 分支；Joint 与 passenger-only 控制权不同；删失行不可排名
exp06,E1__M0,E1,M0,1,550000,65.57,38.09,7.283333333333334,20.266666666666666,1.0,True,3,,0.23793677204658903,0.7620632279534109,,,serial_runs/uagmc_45x800k_T2_seed1_20260921_005821/E1__M0/analysis/checkpoint_curve.csv,QTTI2,61.07,FORMAL25 同环境规则实测,,,,,没有本矩阵独立 UAGMC 分支；Joint 与 passenger-only 控制权不同；删失行不可排名
exp06,E1__M0,E1,M0,1,600000,69.11,41.04,7.46,20.68,1.0,True,3,,0.5873544093178037,0.41264559068219636,,,serial_runs/uagmc_45x800k_T2_seed1_20260921_005821/E1__M0/analysis/checkpoint_curve.csv,QTTI2,61.07,FORMAL25 同环境规则实测,,,,,没有本矩阵独立 UAGMC 分支；Joint 与 passenger-only 控制权不同；删失行不可排名
exp06,E1__M0,E1,M0,1,650000,64.26333333333334,36.64,7.396666666666666,20.30666666666667,1.0,True,3,,0.5757071547420965,0.4242928452579035,,,serial_runs/uagmc_45x800k_T2_seed1_20260921_005821/E1__M0/analysis/checkpoint_curve.csv,QTTI2,61.07,FORMAL25 同环境规则实测,,,,,没有本矩阵独立 UAGMC 分支；Joint 与 passenger-only 控制权不同；删失行不可排名
exp06,E1__M0,E1,M0,1,700000,67.38333333333334,39.19,7.576666666666667,20.706666666666667,1.0,True,3,,0.562396006655574,0.43760399334442596,,,serial_runs/uagmc_45x800k_T2_seed1_20260921_005821/E1__M0/analysis/checkpoint_curve.csv,QTTI2,61.07,FORMAL25 同环境规则实测,,,,,没有本矩阵独立 UAGMC 分支；Joint 与 passenger-only 控制权不同；删失行不可排名
exp06,E1__M0,E1,M0,1,750000,64.08666666666667,36.13666666666666,7.650000000000001,20.386666666666667,1.0,True,3,,0.562396006655574,0.43760399334442596,,,serial_runs/uagmc_45x800k_T2_seed1_20260921_005821/E1__M0/analysis/checkpoint_curve.csv,QTTI2,61.07,FORMAL25 同环境规则实测,,,,,没有本矩阵独立 UAGMC 分支；Joint 与 passenger-only 控制权不同；删失行不可排名
exp06,E1__M0,E1,M0,1,800000,62.78333333333333,34.89,7.63,20.333333333333332,1.0,True,3,,0.5707154742096506,0.4292845257903494,,,serial_runs/uagmc_45x800k_T2_seed1_20260921_005821/E1__M0/analysis/checkpoint_curve.csv,QTTI2,61.07,FORMAL25 同环境规则实测,,,,,没有本矩阵独立 UAGMC 分支；Joint 与 passenger-only 控制权不同；删失行不可排名
exp06,E1__M1,E1,M1,1,50000,210.69158878504672,185.2289719626168,6.317757009345795,19.186915887850468,0.7133333333333334,False,3,,0.10316139767054909,0.8968386023294509,,,serial_runs/uagmc_45x800k_T2_seed1_20260921_005821/E1__M1/analysis/checkpoint_curve.csv,QTTI2,61.07,FORMAL25 同环境规则实测,,,,,没有本矩阵独立 UAGMC 分支；Joint 与 passenger-only 控制权不同；删失行不可排名
exp06,E1__M1,E1,M1,1,100000,127.39333333333333,101.76333333333334,6.406666666666666,19.266666666666666,1.0,True,3,,0.3793677204658901,0.6206322795341098,,,serial_runs/uagmc_45x800k_T2_seed1_20260921_005821/E1__M1/analysis/checkpoint_curve.csv,QTTI2,61.07,FORMAL25 同环境规则实测,,,,,没有本矩阵独立 UAGMC 分支；Joint 与 passenger-only 控制权不同；删失行不可排名
exp06,E1__M1,E1,M1,1,150000,182.12666666666667,156.39666666666668,6.4433333333333325,19.36,1.0,True,3,,0.4825291181364393,0.5174708818635607,,,serial_runs/uagmc_45x800k_T2_seed1_20260921_005821/E1__M1/analysis/checkpoint_curve.csv,QTTI2,61.07,FORMAL25 同环境规则实测,,,,,没有本矩阵独立 UAGMC 分支；Joint 与 passenger-only 控制权不同；删失行不可排名
exp06,E1__M1,E1,M1,1,200000,131.59,104.59666666666665,7.010000000000001,20.066666666666666,1.0,True,3,,0.5723793677204659,0.4276206322795341,,,serial_runs/uagmc_45x800k_T2_seed1_20260921_005821/E1__M1/analysis/checkpoint_curve.csv,QTTI2,61.07,FORMAL25 同环境规则实测,,,,,没有本矩阵独立 UAGMC 分支；Joint 与 passenger-only 控制权不同；删失行不可排名
exp06,E1__M1,E1,M1,1,250000,116.79666666666667,90.79,6.603333333333334,19.48,1.0,True,3,,0.4858569051580699,0.5141430948419301,,,serial_runs/uagmc_45x800k_T2_seed1_20260921_005821/E1__M1/analysis/checkpoint_curve.csv,QTTI2,61.07,FORMAL25 同环境规则实测,,,,,没有本矩阵独立 UAGMC 分支；Joint 与 passenger-only 控制权不同；删失行不可排名
exp06,E1__M1,E1,M1,1,300000,107.71333333333332,81.61,6.7,19.493333333333332,1.0,True,3,,0.20465890183028287,0.795341098169717,,,serial_runs/uagmc_45x800k_T2_seed1_20260921_005821/E1__M1/analysis/checkpoint_curve.csv,QTTI2,61.07,FORMAL25 同环境规则实测,,,,,没有本矩阵独立 UAGMC 分支；Joint 与 passenger-only 控制权不同；删失行不可排名
exp06,E1__M1,E1,M1,1,350000,95.68333333333334,69.43333333333334,6.8066666666666675,19.533333333333335,1.0,True,3,,0.45923460898502494,0.540765391014975,,,serial_runs/uagmc_45x800k_T2_seed1_20260921_005821/E1__M1/analysis/checkpoint_curve.csv,QTTI2,61.07,FORMAL25 同环境规则实测,,,,,没有本矩阵独立 UAGMC 分支；Joint 与 passenger-only 控制权不同；删失行不可排名
exp06,E1__M1,E1,M1,1,400000,91.20666666666666,65.34666666666666,6.513333333333333,19.426666666666666,1.0,True,3,,0.15307820299500832,0.8469217970049917,,,serial_runs/uagmc_45x800k_T2_seed1_20260921_005821/E1__M1/analysis/checkpoint_curve.csv,QTTI2,61.07,FORMAL25 同环境规则实测,,,,,没有本矩阵独立 UAGMC 分支；Joint 与 passenger-only 控制权不同；删失行不可排名
exp06,E1__M1,E1,M1,1,450000,83.99333333333334,57.82,6.71,19.546666666666667,1.0,True,3,,0.4425956738768719,0.5574043261231281,,,serial_runs/uagmc_45x800k_T2_seed1_20260921_005821/E1__M1/analysis/checkpoint_curve.csv,QTTI2,61.07,FORMAL25 同环境规则实测,,,,,没有本矩阵独立 UAGMC 分支；Joint 与 passenger-only 控制权不同；删失行不可排名
exp06,E1__M1,E1,M1,1,500000,85.81,58.196666666666665,7.25,20.44,1.0,True,3,,0.3743760399334442,0.6256239600665557,,,serial_runs/uagmc_45x800k_T2_seed1_20260921_005821/E1__M1/analysis/checkpoint_curve.csv,QTTI2,61.07,FORMAL25 同环境规则实测,,,,,没有本矩阵独立 UAGMC 分支；Joint 与 passenger-only 控制权不同；删失行不可排名
exp06,E1__M1,E1,M1,1,550000,84.74666666666667,56.98666666666666,7.423333333333333,20.413333333333334,1.0,True,3,,0.39101497504159727,0.6089850249584027,,,serial_runs/uagmc_45x800k_T2_seed1_20260921_005821/E1__M1/analysis/checkpoint_curve.csv,QTTI2,61.07,FORMAL25 同环境规则实测,,,,,没有本矩阵独立 UAGMC 分支；Joint 与 passenger-only 控制权不同；删失行不可排名
exp06,E1__M1,E1,M1,1,600000,87.83999999999999,59.24333333333333,7.736666666666667,20.92,1.0,True,3,,0.6905158069883527,0.30948419301164726,,,serial_runs/uagmc_45x800k_T2_seed1_20260921_005821/E1__M1/analysis/checkpoint_curve.csv,QTTI2,61.07,FORMAL25 同环境规则实测,,,,,没有本矩阵独立 UAGMC 分支；Joint 与 passenger-only 控制权不同；删失行不可排名
exp06,E1__M1,E1,M1,1,650000,88.07,60.57,7.266666666666667,20.293333333333333,1.0,True,3,,0.6256239600665557,0.3743760399334442,,,serial_runs/uagmc_45x800k_T2_seed1_20260921_005821/E1__M1/analysis/checkpoint_curve.csv,QTTI2,61.07,FORMAL25 同环境规则实测,,,,,没有本矩阵独立 UAGMC 分支；Joint 与 passenger-only 控制权不同；删失行不可排名
exp06,E1__M1,E1,M1,1,700000,79.20666666666666,51.76666666666667,7.28,20.24,1.0,True,3,,0.632279534109817,0.367720465890183,,,serial_runs/uagmc_45x800k_T2_seed1_20260921_005821/E1__M1/analysis/checkpoint_curve.csv,QTTI2,61.07,FORMAL25 同环境规则实测,,,,,没有本矩阵独立 UAGMC 分支；Joint 与 passenger-only 控制权不同；删失行不可排名
exp06,E1__M1,E1,M1,1,750000,81.60333333333334,53.826666666666675,7.363333333333333,20.48,1.0,True,3,,0.33610648918469216,0.6638935108153078,,,serial_runs/uagmc_45x800k_T2_seed1_20260921_005821/E1__M1/analysis/checkpoint_curve.csv,QTTI2,61.07,FORMAL25 同环境规则实测,,,,,没有本矩阵独立 UAGMC 分支；Joint 与 passenger-only 控制权不同；删失行不可排名
exp06,E1__M1,E1,M1,1,800000,81.06666666666666,53.01333333333334,7.513333333333333,20.6,1.0,True,3,,0.6306156405990017,0.3693843594009983,,,serial_runs/uagmc_45x800k_T2_seed1_20260921_005821/E1__M1/analysis/checkpoint_curve.csv,QTTI2,61.07,FORMAL25 同环境规则实测,,,,,没有本矩阵独立 UAGMC 分支；Joint 与 passenger-only 控制权不同；删失行不可排名
exp06,E1__M2,E1,M2,1,50000,83.8,56.326666666666675,7.246666666666667,20.30666666666667,1.0,True,3,,0.6372712146422629,0.36272878535773706,,,serial_runs/uagmc_45x800k_T2_seed1_20260921_005821/E1__M2/analysis/checkpoint_curve.csv,QTTI2,61.07,FORMAL25 同环境规则实测,,,,,没有本矩阵独立 UAGMC 分支；Joint 与 passenger-only 控制权不同；删失行不可排名
exp06,E1__M2,E1,M2,1,100000,143.98666666666668,117.51333333333334,6.8066666666666675,19.733333333333334,1.0,True,3,,0.41098169717138106,0.589018302828619,,,serial_runs/uagmc_45x800k_T2_seed1_20260921_005821/E1__M2/analysis/checkpoint_curve.csv,QTTI2,61.07,FORMAL25 同环境规则实测,,,,,没有本矩阵独立 UAGMC 分支；Joint 与 passenger-only 控制权不同；删失行不可排名
exp06,E1__M2,E1,M2,1,150000,128.56333333333333,101.00333333333333,7.366666666666666,20.28,1.0,True,3,,0.5524126455906821,0.4475873544093178,,,serial_runs/uagmc_45x800k_T2_seed1_20260921_005821/E1__M2/analysis/checkpoint_curve.csv,QTTI2,61.07,FORMAL25 同环境规则实测,,,,,没有本矩阵独立 UAGMC 分支；Joint 与 passenger-only 控制权不同；删失行不可排名
exp06,E1__M2,E1,M2,1,200000,117.68666666666667,90.93,6.923333333333333,19.933333333333334,1.0,True,3,,0.3178036605657238,0.6821963394342762,,,serial_runs/uagmc_45x800k_T2_seed1_20260921_005821/E1__M2/analysis/checkpoint_curve.csv,QTTI2,61.07,FORMAL25 同环境规则实测,,,,,没有本矩阵独立 UAGMC 分支；Joint 与 passenger-only 控制权不同；删失行不可排名
exp06,E1__M2,E1,M2,1,250000,111.53333333333335,85.23,6.816666666666666,19.586666666666666,1.0,True,3,,0.4525790349417637,0.5474209650582362,,,serial_runs/uagmc_45x800k_T2_seed1_20260921_005821/E1__M2/analysis/checkpoint_curve.csv,QTTI2,61.07,FORMAL25 同环境规则实测,,,,,没有本矩阵独立 UAGMC 分支；Joint 与 passenger-only 控制权不同；删失行不可排名
exp06,E1__M2,E1,M2,1,300000,105.90666666666668,79.41333333333333,6.886666666666667,19.706666666666667,1.0,True,3,,0.19301164725457567,0.8069883527454241,,,serial_runs/uagmc_45x800k_T2_seed1_20260921_005821/E1__M2/analysis/checkpoint_curve.csv,QTTI2,61.07,FORMAL25 同环境规则实测,,,,,没有本矩阵独立 UAGMC 分支；Joint 与 passenger-only 控制权不同；删失行不可排名
exp06,E1__M2,E1,M2,1,350000,128.39666666666668,102.75,6.383333333333334,19.346666666666668,1.0,True,3,,0.15307820299500832,0.8469217970049917,,,serial_runs/uagmc_45x800k_T2_seed1_20260921_005821/E1__M2/analysis/checkpoint_curve.csv,QTTI2,61.07,FORMAL25 同环境规则实测,,,,,没有本矩阵独立 UAGMC 分支；Joint 与 passenger-only 控制权不同；删失行不可排名
exp06,E1__M2,E1,M2,1,400000,124.75666666666666,99.08666666666666,6.3933333333333335,19.36,1.0,True,3,,0.17803660565723792,0.8219633943427621,,,serial_runs/uagmc_45x800k_T2_seed1_20260921_005821/E1__M2/analysis/checkpoint_curve.csv,QTTI2,61.07,FORMAL25 同环境规则实测,,,,,没有本矩阵独立 UAGMC 分支；Joint 与 passenger-only 控制权不同；删失行不可排名
exp06,E1__M2,E1,M2,1,450000,115.09333333333332,89.22333333333331,6.5566666666666675,19.413333333333334,1.0,True,3,,0.2113144758735441,0.7886855241264558,,,serial_runs/uagmc_45x800k_T2_seed1_20260921_005821/E1__M2/analysis/checkpoint_curve.csv,QTTI2,61.07,FORMAL25 同环境规则实测,,,,,没有本矩阵独立 UAGMC 分支；Joint 与 passenger-only 控制权不同；删失行不可排名
exp06,E1__M2,E1,M2,1,500000,100.92666666666666,74.86,6.63,19.533333333333335,1.0,True,3,,0.2911813643926789,0.7088186356073211,,,serial_runs/uagmc_45x800k_T2_seed1_20260921_005821/E1__M2/analysis/checkpoint_curve.csv,QTTI2,61.07,FORMAL25 同环境规则实测,,,,,没有本矩阵独立 UAGMC 分支；Joint 与 passenger-only 控制权不同；删失行不可排名
exp06,E1__M2,E1,M2,1,550000,96.75,69.79,7.003333333333333,20.053333333333335,1.0,True,3,,0.28618968386023297,0.713810316139767,,,serial_runs/uagmc_45x800k_T2_seed1_20260921_005821/E1__M2/analysis/checkpoint_curve.csv,QTTI2,61.07,FORMAL25 同环境规则实测,,,,,没有本矩阵独立 UAGMC 分支；Joint 与 passenger-only 控制权不同；删失行不可排名
exp06,E1__M2,E1,M2,1,600000,93.32666666666667,65.16666666666667,7.5566666666666675,20.69333333333333,1.0,True,3,,0.32945091514143093,0.670549084858569,,,serial_runs/uagmc_45x800k_T2_seed1_20260921_005821/E1__M2/analysis/checkpoint_curve.csv,QTTI2,61.07,FORMAL25 同环境规则实测,,,,,没有本矩阵独立 UAGMC 分支；Joint 与 passenger-only 控制权不同；删失行不可排名
exp06,E1__M2,E1,M2,1,650000,92.22333333333331,64.24333333333334,7.53,20.546666666666667,1.0,True,3,,0.5307820299500832,0.46921797004991683,,,serial_runs/uagmc_45x800k_T2_seed1_20260921_005821/E1__M2/analysis/checkpoint_curve.csv,QTTI2,61.07,FORMAL25 同环境规则实测,,,,,没有本矩阵独立 UAGMC 分支；Joint 与 passenger-only 控制权不同；删失行不可排名
exp06,E1__M2,E1,M2,1,700000,86.03333333333335,57.74666666666667,7.81,20.56,1.0,True,3,,0.26455906821963393,0.735440931780366,,,serial_runs/uagmc_45x800k_T2_seed1_20260921_005821/E1__M2/analysis/checkpoint_curve.csv,QTTI2,61.07,FORMAL25 同环境规则实测,,,,,没有本矩阵独立 UAGMC 分支；Joint 与 passenger-only 控制权不同；删失行不可排名
exp06,E1__M2,E1,M2,1,750000,88.34666666666665,60.12,7.736666666666667,20.586666666666666,1.0,True,3,,0.3194675540765391,0.6805324459234608,,,serial_runs/uagmc_45x800k_T2_seed1_20260921_005821/E1__M2/analysis/checkpoint_curve.csv,QTTI2,61.07,FORMAL25 同环境规则实测,,,,,没有本矩阵独立 UAGMC 分支；Joint 与 passenger-only 控制权不同；删失行不可排名
exp06,E1__M2,E1,M2,1,800000,84.09666666666666,55.85,7.786666666666666,20.56,1.0,True,3,,0.3211314475873544,0.6788685524126455,,,serial_runs/uagmc_45x800k_T2_seed1_20260921_005821/E1__M2/analysis/checkpoint_curve.csv,QTTI2,61.07,FORMAL25 同环境规则实测,,,,,没有本矩阵独立 UAGMC 分支；Joint 与 passenger-only 控制权不同；删失行不可排名
exp06,E1__M3,E1,M3,1,50000,97.34666666666665,69.33,7.53,20.573333333333334,1.0,True,3,,0.36272878535773706,0.6372712146422629,,,serial_runs/uagmc_45x800k_T2_seed1_20260921_005821/E1__M3/analysis/checkpoint_curve.csv,QTTI2,61.07,FORMAL25 同环境规则实测,,,,,没有本矩阵独立 UAGMC 分支；Joint 与 passenger-only 控制权不同；删失行不可排名
exp06,E1__M3,E1,M3,1,100000,141.55666666666667,114.99666666666667,6.983333333333333,19.666666666666668,1.0,True,3,,0.5207986688851913,0.47920133111480867,,,serial_runs/uagmc_45x800k_T2_seed1_20260921_005821/E1__M3/analysis/checkpoint_curve.csv,QTTI2,61.07,FORMAL25 同环境规则实测,,,,,没有本矩阵独立 UAGMC 分支；Joint 与 passenger-only 控制权不同；删失行不可排名
exp06,E1__M3,E1,M3,1,150000,96.33333333333333,68.07333333333334,7.596666666666667,20.746666666666666,1.0,True,3,,0.3660565723793677,0.6339434276206323,,,serial_runs/uagmc_45x800k_T2_seed1_20260921_005821/E1__M3/analysis/checkpoint_curve.csv,QTTI2,61.07,FORMAL25 同环境规则实测,,,,,没有本矩阵独立 UAGMC 分支；Joint 与 passenger-only 控制权不同；删失行不可排名
exp06,E1__M3,E1,M3,1,200000,94.57666666666667,66.01,7.760000000000001,20.893333333333334,1.0,True,3,,0.3727121464226289,0.627287853577371,,,serial_runs/uagmc_45x800k_T2_seed1_20260921_005821/E1__M3/analysis/checkpoint_curve.csv,QTTI2,61.07,FORMAL25 同环境规则实测,,,,,没有本矩阵独立 UAGMC 分支；Joint 与 passenger-only 控制权不同；删失行不可排名
exp06,E1__M3,E1,M3,1,250000,91.63333333333334,62.95000000000001,7.88,20.88,1.0,True,3,,0.3510815307820299,0.64891846921797,,,serial_runs/uagmc_45x800k_T2_seed1_20260921_005821/E1__M3/analysis/checkpoint_curve.csv,QTTI2,61.07,FORMAL25 同环境规则实测,,,,,没有本矩阵独立 UAGMC 分支；Joint 与 passenger-only 控制权不同；删失行不可排名
exp06,E1__M3,E1,M3,1,300000,91.59333333333332,63.04,7.849999999999999,20.786666666666665,1.0,True,3,,0.5707154742096506,0.4292845257903494,,,serial_runs/uagmc_45x800k_T2_seed1_20260921_005821/E1__M3/analysis/checkpoint_curve.csv,QTTI2,61.07,FORMAL25 同环境规则实测,,,,,没有本矩阵独立 UAGMC 分支；Joint 与 passenger-only 控制权不同；删失行不可排名
exp06,E1__M3,E1,M3,1,350000,89.83333333333333,60.916666666666664,7.989999999999999,21.013333333333332,1.0,True,3,,0.4043261231281197,0.5956738768718802,,,serial_runs/uagmc_45x800k_T2_seed1_20260921_005821/E1__M3/analysis/checkpoint_curve.csv,QTTI2,61.07,FORMAL25 同环境规则实测,,,,,没有本矩阵独立 UAGMC 分支；Joint 与 passenger-only 控制权不同；删失行不可排名
exp06,E1__M3,E1,M3,1,400000,92.83999999999999,63.94,8.003333333333334,20.986666666666668,1.0,True,3,,0.3793677204658901,0.6206322795341098,,,serial_runs/uagmc_45x800k_T2_seed1_20260921_005821/E1__M3/analysis/checkpoint_curve.csv,QTTI2,61.07,FORMAL25 同环境规则实测,,,,,没有本矩阵独立 UAGMC 分支；Joint 与 passenger-only 控制权不同；删失行不可排名
exp06,E1__M3,E1,M3,1,450000,91.34333333333332,62.62,7.919999999999999,20.88,1.0,True,3,,0.3444259567387687,0.6555740432612313,,,serial_runs/uagmc_45x800k_T2_seed1_20260921_005821/E1__M3/analysis/checkpoint_curve.csv,QTTI2,61.07,FORMAL25 同环境规则实测,,,,,没有本矩阵独立 UAGMC 分支；Joint 与 passenger-only 控制权不同；删失行不可排名
exp06,E1__M3,E1,M3,1,500000,92.74333333333334,63.806666666666665,7.836666666666667,21.186666666666667,1.0,True,3,,0.4525790349417637,0.5474209650582362,,,serial_runs/uagmc_45x800k_T2_seed1_20260921_005821/E1__M3/analysis/checkpoint_curve.csv,QTTI2,61.07,FORMAL25 同环境规则实测,,,,,没有本矩阵独立 UAGMC 分支；Joint 与 passenger-only 控制权不同；删失行不可排名
exp06,E1__M3,E1,M3,1,550000,92.33333333333333,63.26333333333334,7.956666666666667,21.2,1.0,True,3,,0.6738768718801996,0.3261231281198003,,,serial_runs/uagmc_45x800k_T2_seed1_20260921_005821/E1__M3/analysis/checkpoint_curve.csv,QTTI2,61.07,FORMAL25 同环境规则实测,,,,,没有本矩阵独立 UAGMC 分支；Joint 与 passenger-only 控制权不同；删失行不可排名
exp06,E1__M3,E1,M3,1,600000,91.53666666666668,62.580000000000005,7.97,21.066666666666666,1.0,True,3,,0.45757071547420963,0.5424292845257903,,,serial_runs/uagmc_45x800k_T2_seed1_20260921_005821/E1__M3/analysis/checkpoint_curve.csv,QTTI2,61.07,FORMAL25 同环境规则实测,,,,,没有本矩阵独立 UAGMC 分支；Joint 与 passenger-only 控制权不同；删失行不可排名
exp06,E1__M3,E1,M3,1,650000,92.42333333333333,63.419999999999995,7.98,21.106666666666666,1.0,True,3,,0.4292845257903494,0.5707154742096506,,,serial_runs/uagmc_45x800k_T2_seed1_20260921_005821/E1__M3/analysis/checkpoint_curve.csv,QTTI2,61.07,FORMAL25 同环境规则实测,,,,,没有本矩阵独立 UAGMC 分支；Joint 与 passenger-only 控制权不同；删失行不可排名
exp06,E1__M3,E1,M3,1,700000,93.17333333333333,64.43666666666667,7.933333333333334,20.893333333333334,1.0,True,3,,0.64891846921797,0.3510815307820299,,,serial_runs/uagmc_45x800k_T2_seed1_20260921_005821/E1__M3/analysis/checkpoint_curve.csv,QTTI2,61.07,FORMAL25 同环境规则实测,,,,,没有本矩阵独立 UAGMC 分支；Joint 与 passenger-only 控制权不同；删失行不可排名
exp06,E1__M3,E1,M3,1,750000,94.26,65.66333333333333,7.830000000000001,20.85333333333333,1.0,True,3,,0.632279534109817,0.367720465890183,,,serial_runs/uagmc_45x800k_T2_seed1_20260921_005821/E1__M3/analysis/checkpoint_curve.csv,QTTI2,61.07,FORMAL25 同环境规则实测,,,,,没有本矩阵独立 UAGMC 分支；Joint 与 passenger-only 控制权不同；删失行不可排名
exp06,E1__M3,E1,M3,1,800000,90.40666666666668,61.77333333333333,7.900000000000001,20.813333333333333,1.0,True,3,,0.6039933444259568,0.3960066555740432,,,serial_runs/uagmc_45x800k_T2_seed1_20260921_005821/E1__M3/analysis/checkpoint_curve.csv,QTTI2,61.07,FORMAL25 同环境规则实测,,,,,没有本矩阵独立 UAGMC 分支；Joint 与 passenger-only 控制权不同；删失行不可排名
exp06,E1__M4,E1,M4,1,50000,105.99666666666667,76.88666666666667,7.903333333333333,21.293333333333333,1.0,True,3,,0.6688851913477537,0.33111480865224624,,,serial_runs/uagmc_45x800k_T2_seed1_20260921_005821/E1__M4/analysis/checkpoint_curve.csv,QTTI2,61.07,FORMAL25 同环境规则实测,,,,,没有本矩阵独立 UAGMC 分支；Joint 与 passenger-only 控制权不同；删失行不可排名
exp06,E1__M4,E1,M4,1,100000,117.63666666666667,89.66333333333334,7.456666666666667,20.6,1.0,True,3,,0.2562396006655574,0.7437603993344425,,,serial_runs/uagmc_45x800k_T2_seed1_20260921_005821/E1__M4/analysis/checkpoint_curve.csv,QTTI2,61.07,FORMAL25 同环境规则实测,,,,,没有本矩阵独立 UAGMC 分支；Joint 与 passenger-only 控制权不同；删失行不可排名
exp06,E1__M4,E1,M4,1,150000,98.55333333333333,70.29333333333334,7.673333333333333,20.666666666666668,1.0,True,3,,0.4226289517470882,0.5773710482529119,,,serial_runs/uagmc_45x800k_T2_seed1_20260921_005821/E1__M4/analysis/checkpoint_curve.csv,QTTI2,61.07,FORMAL25 同环境规则实测,,,,,没有本矩阵独立 UAGMC 分支；Joint 与 passenger-only 控制权不同；删失行不可排名
exp06,E1__M4,E1,M4,1,200000,95.63,67.05666666666667,7.830000000000001,20.826666666666668,1.0,True,3,,0.4176372712146423,0.5823627287853578,,,serial_runs/uagmc_45x800k_T2_seed1_20260921_005821/E1__M4/analysis/checkpoint_curve.csv,QTTI2,61.07,FORMAL25 同环境规则实测,,,,,没有本矩阵独立 UAGMC 分支；Joint 与 passenger-only 控制权不同；删失行不可排名
exp06,E1__M4,E1,M4,1,250000,97.24333333333334,69.21666666666667,7.650000000000001,20.453333333333333,1.0,True,3,,0.5607321131447587,0.43926788685524126,,,serial_runs/uagmc_45x800k_T2_seed1_20260921_005821/E1__M4/analysis/checkpoint_curve.csv,QTTI2,61.07,FORMAL25 同环境规则实测,,,,,没有本矩阵独立 UAGMC 分支；Joint 与 passenger-only 控制权不同；删失行不可排名
exp06,E1__M4,E1,M4,1,300000,95.80333333333333,67.91666666666667,7.596666666666667,20.373333333333335,1.0,True,3,,0.2795341098169717,0.7204658901830282,,,serial_runs/uagmc_45x800k_T2_seed1_20260921_005821/E1__M4/analysis/checkpoint_curve.csv,QTTI2,61.07,FORMAL25 同环境规则实测,,,,,没有本矩阵独立 UAGMC 分支；Joint 与 passenger-only 控制权不同；删失行不可排名
exp06,E1__M4,E1,M4,1,350000,100.11333333333333,72.18,7.656666666666666,20.36,1.0,True,3,,0.324459234608985,0.6755407653910149,,,serial_runs/uagmc_45x800k_T2_seed1_20260921_005821/E1__M4/analysis/checkpoint_curve.csv,QTTI2,61.07,FORMAL25 同环境规则实测,,,,,没有本矩阵独立 UAGMC 分支；Joint 与 passenger-only 控制权不同；删失行不可排名
exp06,E1__M4,E1,M4,1,400000,98.26333333333334,69.98,7.6866666666666665,20.68,1.0,True,3,,0.33943427620632277,0.6605657237936772,,,serial_runs/uagmc_45x800k_T2_seed1_20260921_005821/E1__M4/analysis/checkpoint_curve.csv,QTTI2,61.07,FORMAL25 同环境规则实测,,,,,没有本矩阵独立 UAGMC 分支；Joint 与 passenger-only 控制权不同；删失行不可排名
exp06,E1__M4,E1,M4,1,450000,117.54666666666667,89.86666666666666,7.510000000000001,20.253333333333334,1.0,True,3,,0.3444259567387687,0.6555740432612313,,,serial_runs/uagmc_45x800k_T2_seed1_20260921_005821/E1__M4/analysis/checkpoint_curve.csv,QTTI2,61.07,FORMAL25 同环境规则实测,,,,,没有本矩阵独立 UAGMC 分支；Joint 与 passenger-only 控制权不同；删失行不可排名
exp06,E1__M4,E1,M4,1,500000,114.82333333333334,87.55333333333333,7.3566666666666665,20.0,1.0,True,3,,0.2795341098169717,0.7204658901830282,,,serial_runs/uagmc_45x800k_T2_seed1_20260921_005821/E1__M4/analysis/checkpoint_curve.csv,QTTI2,61.07,FORMAL25 同环境规则实测,,,,,没有本矩阵独立 UAGMC 分支；Joint 与 passenger-only 控制权不同；删失行不可排名
exp06,E1__M4,E1,M4,1,550000,131.67666666666668,105.14666666666666,7.003333333333333,19.613333333333333,1.0,True,3,,0.15474209650582363,0.8452579034941764,,,serial_runs/uagmc_45x800k_T2_seed1_20260921_005821/E1__M4/analysis/checkpoint_curve.csv,QTTI2,61.07,FORMAL25 同环境规则实测,,,,,没有本矩阵独立 UAGMC 分支；Joint 与 passenger-only 控制权不同；删失行不可排名
exp06,E1__M4,E1,M4,1,600000,158.86,132.95666666666668,6.63,19.346666666666668,1.0,True,3,,0.11647254575707154,0.8835274542429284,,,serial_runs/uagmc_45x800k_T2_seed1_20260921_005821/E1__M4/analysis/checkpoint_curve.csv,QTTI2,61.07,FORMAL25 同环境规则实测,,,,,没有本矩阵独立 UAGMC 分支；Joint 与 passenger-only 控制权不同；删失行不可排名
exp06,E1__M4,E1,M4,1,650000,173.09666666666666,147.29333333333332,6.573333333333333,19.293333333333333,1.0,True,3,,0.07487520798668885,0.9251247920133111,,,serial_runs/uagmc_45x800k_T2_seed1_20260921_005821/E1__M4/analysis/checkpoint_curve.csv,QTTI2,61.07,FORMAL25 同环境规则实测,,,,,没有本矩阵独立 UAGMC 分支；Joint 与 passenger-only 控制权不同；删失行不可排名
exp06,E1__M4,E1,M4,1,700000,184.02142857142857,158.3607142857143,6.482142857142857,19.228571428571428,0.9333333333333332,False,3,,0.1314475873544093,0.8685524126455907,,,serial_runs/uagmc_45x800k_T2_seed1_20260921_005821/E1__M4/analysis/checkpoint_curve.csv,QTTI2,61.07,FORMAL25 同环境规则实测,,,,,没有本矩阵独立 UAGMC 分支；Joint 与 passenger-only 控制权不同；删失行不可排名
exp06,E1__M4,E1,M4,1,750000,185.29577464788733,159.6232394366197,6.485915492957747,19.239436619718308,0.9466666666666667,False,3,,0.11148086522462562,0.8885191347753744,,,serial_runs/uagmc_45x800k_T2_seed1_20260921_005821/E1__M4/analysis/checkpoint_curve.csv,QTTI2,61.07,FORMAL25 同环境规则实测,,,,,没有本矩阵独立 UAGMC 分支；Joint 与 passenger-only 控制权不同；删失行不可排名
exp06,E1__M4,E1,M4,1,800000,185.71942446043167,160.07553956834533,6.4640287769784175,19.230215827338128,0.9266666666666666,False,3,,0.13311148086522462,0.8668885191347754,,,serial_runs/uagmc_45x800k_T2_seed1_20260921_005821/E1__M4/analysis/checkpoint_curve.csv,QTTI2,61.07,FORMAL25 同环境规则实测,,,,,没有本矩阵独立 UAGMC 分支；Joint 与 passenger-only 控制权不同；删失行不可排名
exp06,E2__M0,E2,M0,1,50000,252.7307692307692,227.7307692307692,6.0,19.0,0.3466666666666667,False,3,,0.0,1.0,,,serial_runs/uagmc_45x800k_T2_seed1_20260921_005821/E2__M0/analysis/checkpoint_curve.csv,QTTI2,76.00,FORMAL25 同环境规则实测,,,,,没有本矩阵独立 UAGMC 分支；Joint 与 passenger-only 控制权不同；删失行不可排名
exp06,E2__M0,E2,M0,1,100000,232.55868544600938,207.01877934272298,6.356807511737089,19.24413145539906,0.71,False,3,,0.3710482529118136,0.6289517470881864,,,serial_runs/uagmc_45x800k_T2_seed1_20260921_005821/E2__M0/analysis/checkpoint_curve.csv,QTTI2,76.00,FORMAL25 同环境规则实测,,,,,没有本矩阵独立 UAGMC 分支；Joint 与 passenger-only 控制权不同；删失行不可排名
exp06,E2__M0,E2,M0,1,150000,115.35333333333334,88.95666666666666,6.56,19.933333333333334,1.0,True,3,,0.28452579034941766,0.7154742096505823,,,serial_runs/uagmc_45x800k_T2_seed1_20260921_005821/E2__M0/analysis/checkpoint_curve.csv,QTTI2,76.00,FORMAL25 同环境规则实测,,,,,没有本矩阵独立 UAGMC 分支；Joint 与 passenger-only 控制权不同；删失行不可排名
exp06,E2__M0,E2,M0,1,200000,104.24666666666667,77.79,6.55,20.0,1.0,True,3,,0.24292845257903495,0.7570715474209649,,,serial_runs/uagmc_45x800k_T2_seed1_20260921_005821/E2__M0/analysis/checkpoint_curve.csv,QTTI2,76.00,FORMAL25 同环境规则实测,,,,,没有本矩阵独立 UAGMC 分支；Joint 与 passenger-only 控制权不同；删失行不可排名
exp06,E2__M0,E2,M0,1,250000,100.99666666666667,74.38333333333334,6.69,20.0,1.0,True,3,,0.18801996672212976,0.81198003327787,,,serial_runs/uagmc_45x800k_T2_seed1_20260921_005821/E2__M0/analysis/checkpoint_curve.csv,QTTI2,76.00,FORMAL25 同环境规则实测,,,,,没有本矩阵独立 UAGMC 分支；Joint 与 passenger-only 控制权不同；删失行不可排名
exp06,E2__M0,E2,M0,1,300000,99.41000000000001,72.83,6.726666666666667,19.933333333333334,1.0,True,3,,0.1480865224625624,0.8519134775374376,,,serial_runs/uagmc_45x800k_T2_seed1_20260921_005821/E2__M0/analysis/checkpoint_curve.csv,QTTI2,76.00,FORMAL25 同环境规则实测,,,,,没有本矩阵独立 UAGMC 分支；Joint 与 passenger-only 控制权不同；删失行不可排名
exp06,E2__M0,E2,M0,1,350000,93.82666666666667,67.17333333333333,6.756666666666667,19.973333333333333,1.0,True,3,,0.18136439267886853,0.8186356073211315,,,serial_runs/uagmc_45x800k_T2_seed1_20260921_005821/E2__M0/analysis/checkpoint_curve.csv,QTTI2,76.00,FORMAL25 同环境规则实测,,,,,没有本矩阵独立 UAGMC 分支；Joint 与 passenger-only 控制权不同；删失行不可排名
exp06,E2__M0,E2,M0,1,400000,93.07666666666667,65.99666666666667,7.046666666666667,20.106666666666666,1.0,True,3,,0.1996672212978369,0.8003327787021629,,,serial_runs/uagmc_45x800k_T2_seed1_20260921_005821/E2__M0/analysis/checkpoint_curve.csv,QTTI2,76.00,FORMAL25 同环境规则实测,,,,,没有本矩阵独立 UAGMC 分支；Joint 与 passenger-only 控制权不同；删失行不可排名
exp06,E2__M0,E2,M0,1,450000,91.84999999999998,65.05333333333333,6.896666666666666,19.973333333333333,1.0,True,3,,0.2146422628951747,0.7853577371048251,,,serial_runs/uagmc_45x800k_T2_seed1_20260921_005821/E2__M0/analysis/checkpoint_curve.csv,QTTI2,76.00,FORMAL25 同环境规则实测,,,,,没有本矩阵独立 UAGMC 分支；Joint 与 passenger-only 控制权不同；删失行不可排名
exp06,E2__M0,E2,M0,1,500000,90.84333333333332,64.13666666666667,6.77,20.0,1.0,True,3,,0.16638935108153077,0.8336106489184693,,,serial_runs/uagmc_45x800k_T2_seed1_20260921_005821/E2__M0/analysis/checkpoint_curve.csv,QTTI2,76.00,FORMAL25 同环境规则实测,,,,,没有本矩阵独立 UAGMC 分支；Joint 与 passenger-only 控制权不同；删失行不可排名
exp06,E2__M0,E2,M0,1,550000,95.67666666666666,68.52333333333333,7.010000000000001,20.226666666666667,1.0,True,3,,0.454242928452579,0.5457570715474209,,,serial_runs/uagmc_45x800k_T2_seed1_20260921_005821/E2__M0/analysis/checkpoint_curve.csv,QTTI2,76.00,FORMAL25 同环境规则实测,,,,,没有本矩阵独立 UAGMC 分支；Joint 与 passenger-only 控制权不同；删失行不可排名
exp06,E2__M0,E2,M0,1,600000,95.05,67.62666666666667,7.113333333333333,20.373333333333335,1.0,True,3,,0.45923460898502494,0.540765391014975,,,serial_runs/uagmc_45x800k_T2_seed1_20260921_005821/E2__M0/analysis/checkpoint_curve.csv,QTTI2,76.00,FORMAL25 同环境规则实测,,,,,没有本矩阵独立 UAGMC 分支；Joint 与 passenger-only 控制权不同；删失行不可排名
exp06,E2__M0,E2,M0,1,650000,92.34999999999998,65.01666666666667,6.996666666666667,20.4,1.0,True,3,,0.2612312811980033,0.7387687188019966,,,serial_runs/uagmc_45x800k_T2_seed1_20260921_005821/E2__M0/analysis/checkpoint_curve.csv,QTTI2,76.00,FORMAL25 同环境规则实测,,,,,没有本矩阵独立 UAGMC 分支；Joint 与 passenger-only 控制权不同；删失行不可排名
exp06,E2__M0,E2,M0,1,700000,94.52666666666669,66.9,7.103333333333334,20.586666666666666,1.0,True,3,,0.2895174708818636,0.7104825291181364,,,serial_runs/uagmc_45x800k_T2_seed1_20260921_005821/E2__M0/analysis/checkpoint_curve.csv,QTTI2,76.00,FORMAL25 同环境规则实测,,,,,没有本矩阵独立 UAGMC 分支；Joint 与 passenger-only 控制权不同；删失行不可排名
exp06,E2__M0,E2,M0,1,750000,91.61666666666666,64.22333333333333,7.06,20.4,1.0,True,3,,0.26455906821963393,0.735440931780366,,,serial_runs/uagmc_45x800k_T2_seed1_20260921_005821/E2__M0/analysis/checkpoint_curve.csv,QTTI2,76.00,FORMAL25 同环境规则实测,,,,,没有本矩阵独立 UAGMC 分支；Joint 与 passenger-only 控制权不同；删失行不可排名
exp06,E2__M0,E2,M0,1,800000,89.85333333333334,62.54333333333333,7.080000000000001,20.293333333333333,1.0,True,3,,0.46089850249584025,0.5391014975041597,,,serial_runs/uagmc_45x800k_T2_seed1_20260921_005821/E2__M0/analysis/checkpoint_curve.csv,QTTI2,76.00,FORMAL25 同环境规则实测,,,,,没有本矩阵独立 UAGMC 分支；Joint 与 passenger-only 控制权不同；删失行不可排名
exp06,E2__M1,E2,M1,1,50000,87.84666666666665,60.63333333333333,7.096666666666667,20.2,1.0,True,3,,0.173044925124792,0.826955074875208,,,serial_runs/uagmc_45x800k_T2_seed1_20260921_005821/E2__M1/analysis/checkpoint_curve.csv,QTTI2,76.00,FORMAL25 同环境规则实测,,,,,没有本矩阵独立 UAGMC 分支；Joint 与 passenger-only 控制权不同；删失行不可排名
exp06,E2__M1,E2,M1,1,100000,100.89666666666666,74.64333333333333,6.763333333333333,19.573333333333334,1.0,True,3,,0.3227953410981697,0.6772046589018302,,,serial_runs/uagmc_45x800k_T2_seed1_20260921_005821/E2__M1/analysis/checkpoint_curve.csv,QTTI2,76.00,FORMAL25 同环境规则实测,,,,,没有本矩阵独立 UAGMC 分支；Joint 与 passenger-only 控制权不同；删失行不可排名
exp06,E2__M1,E2,M1,1,150000,86.22333333333331,58.41,7.263333333333333,20.626666666666665,1.0,True,3,,0.28286189683860236,0.7171381031613976,,,serial_runs/uagmc_45x800k_T2_seed1_20260921_005821/E2__M1/analysis/checkpoint_curve.csv,QTTI2,76.00,FORMAL25 同环境规则实测,,,,,没有本矩阵独立 UAGMC 分支；Joint 与 passenger-only 控制权不同；删失行不可排名
exp06,E2__M1,E2,M1,1,200000,90.27,62.306666666666665,7.386666666666667,20.653333333333332,1.0,True,3,,0.35607321131447583,0.6439267886855241,,,serial_runs/uagmc_45x800k_T2_seed1_20260921_005821/E2__M1/analysis/checkpoint_curve.csv,QTTI2,76.00,FORMAL25 同环境规则实测,,,,,没有本矩阵独立 UAGMC 分支；Joint 与 passenger-only 控制权不同；删失行不可排名
exp06,E2__M1,E2,M1,1,250000,89.77333333333333,61.41,7.706666666666667,20.733333333333334,1.0,True,3,,0.3161397670549085,0.6838602329450915,,,serial_runs/uagmc_45x800k_T2_seed1_20260921_005821/E2__M1/analysis/checkpoint_curve.csv,QTTI2,76.00,FORMAL25 同环境规则实测,,,,,没有本矩阵独立 UAGMC 分支；Joint 与 passenger-only 控制权不同；删失行不可排名
exp06,E2__M1,E2,M1,1,300000,88.16000000000001,60.22666666666667,7.47,20.533333333333335,1.0,True,3,,0.5158069883527454,0.4841930116472546,,,serial_runs/uagmc_45x800k_T2_seed1_20260921_005821/E2__M1/analysis/checkpoint_curve.csv,QTTI2,76.00,FORMAL25 同环境规则实测,,,,,没有本矩阵独立 UAGMC 分支；Joint 与 passenger-only 控制权不同；删失行不可排名
exp06,E2__M1,E2,M1,1,350000,88.29666666666667,60.64666666666667,7.349999999999999,20.36,1.0,True,3,,0.4908485856905158,0.5091514143094842,,,serial_runs/uagmc_45x800k_T2_seed1_20260921_005821/E2__M1/analysis/checkpoint_curve.csv,QTTI2,76.00,FORMAL25 同环境规则实测,,,,,没有本矩阵独立 UAGMC 分支；Joint 与 passenger-only 控制权不同；删失行不可排名
exp06,E2__M1,E2,M1,1,400000,87.66333333333334,60.163333333333334,7.32,20.266666666666666,1.0,True,3,,0.5291181364392679,0.47088186356073214,,,serial_runs/uagmc_45x800k_T2_seed1_20260921_005821/E2__M1/analysis/checkpoint_curve.csv,QTTI2,76.00,FORMAL25 同环境规则实测,,,,,没有本矩阵独立 UAGMC 分支；Joint 与 passenger-only 控制权不同；删失行不可排名
exp06,E2__M1,E2,M1,1,450000,89.18,62.00666666666667,7.18,20.08,1.0,True,3,,0.1713810316139767,0.8286189683860233,,,serial_runs/uagmc_45x800k_T2_seed1_20260921_005821/E2__M1/analysis/checkpoint_curve.csv,QTTI2,76.00,FORMAL25 同环境规则实测,,,,,没有本矩阵独立 UAGMC 分支；Joint 与 passenger-only 控制权不同；删失行不可排名
exp06,E2__M1,E2,M1,1,500000,86.31333333333333,58.913333333333334,7.296666666666667,20.186666666666667,1.0,True,3,,0.5008319467554077,0.49916805324459235,,,serial_runs/uagmc_45x800k_T2_seed1_20260921_005821/E2__M1/analysis/checkpoint_curve.csv,QTTI2,76.00,FORMAL25 同环境规则实测,,,,,没有本矩阵独立 UAGMC 分支；Joint 与 passenger-only 控制权不同；删失行不可排名
exp06,E2__M1,E2,M1,1,550000,84.97333333333333,57.41,7.3933333333333335,20.253333333333334,1.0,True,3,,0.5391014975041597,0.46089850249584025,,,serial_runs/uagmc_45x800k_T2_seed1_20260921_005821/E2__M1/analysis/checkpoint_curve.csv,QTTI2,76.00,FORMAL25 同环境规则实测,,,,,没有本矩阵独立 UAGMC 分支；Joint 与 passenger-only 控制权不同；删失行不可排名
exp06,E2__M1,E2,M1,1,600000,89.18,61.919999999999995,7.19,20.16,1.0,True,3,,0.22296173044925124,0.7770382695507486,,,serial_runs/uagmc_45x800k_T2_seed1_20260921_005821/E2__M1/analysis/checkpoint_curve.csv,QTTI2,76.00,FORMAL25 同环境规则实测,,,,,没有本矩阵独立 UAGMC 分支；Joint 与 passenger-only 控制权不同；删失行不可排名
exp06,E2__M1,E2,M1,1,650000,89.17,61.78,7.3066666666666675,20.173333333333332,1.0,True,3,,0.21797004991680533,0.7820299500831945,,,serial_runs/uagmc_45x800k_T2_seed1_20260921_005821/E2__M1/analysis/checkpoint_curve.csv,QTTI2,76.00,FORMAL25 同环境规则实测,,,,,没有本矩阵独立 UAGMC 分支；Joint 与 passenger-only 控制权不同；删失行不可排名
exp06,E2__M1,E2,M1,1,700000,86.19333333333333,59.16,7.083333333333333,20.04,1.0,True,3,,0.27287853577371046,0.7271214642262894,,,serial_runs/uagmc_45x800k_T2_seed1_20260921_005821/E2__M1/analysis/checkpoint_curve.csv,QTTI2,76.00,FORMAL25 同环境规则实测,,,,,没有本矩阵独立 UAGMC 分支；Joint 与 passenger-only 控制权不同；删失行不可排名
exp06,E2__M1,E2,M1,1,750000,86.92333333333333,59.79666666666666,7.136666666666667,20.08,1.0,True,3,,0.2612312811980033,0.7387687188019966,,,serial_runs/uagmc_45x800k_T2_seed1_20260921_005821/E2__M1/analysis/checkpoint_curve.csv,QTTI2,76.00,FORMAL25 同环境规则实测,,,,,没有本矩阵独立 UAGMC 分支；Joint 与 passenger-only 控制权不同；删失行不可排名
exp06,E2__M1,E2,M1,1,800000,85.71,58.56666666666667,7.123333333333332,20.106666666666666,1.0,True,3,,0.23627287853577372,0.7637271214642262,,,serial_runs/uagmc_45x800k_T2_seed1_20260921_005821/E2__M1/analysis/checkpoint_curve.csv,QTTI2,76.00,FORMAL25 同环境规则实测,,,,,没有本矩阵独立 UAGMC 分支；Joint 与 passenger-only 控制权不同；删失行不可排名
exp06,E2__M2,E2,M2,1,50000,223.14851485148515,197.77722772277227,6.202970297029704,19.217821782178216,0.6733333333333333,False,3,,0.018302828618968387,0.9816971713810316,,,serial_runs/uagmc_45x800k_T2_seed1_20260921_005821/E2__M2/analysis/checkpoint_curve.csv,QTTI2,76.00,FORMAL25 同环境规则实测,,,,,没有本矩阵独立 UAGMC 分支；Joint 与 passenger-only 控制权不同；删失行不可排名
exp06,E2__M2,E2,M2,1,100000,202.10852713178295,176.4922480620155,6.391472868217054,19.27906976744186,0.86,False,3,,0.22795341098169716,0.7720465890183027,,,serial_runs/uagmc_45x800k_T2_seed1_20260921_005821/E2__M2/analysis/checkpoint_curve.csv,QTTI2,76.00,FORMAL25 同环境规则实测,,,,,没有本矩阵独立 UAGMC 分支；Joint 与 passenger-only 控制权不同；删失行不可排名
exp06,E2__M2,E2,M2,1,150000,201.85,175.98333333333332,6.56,19.386666666666667,1.0,True,3,,0.46589018302828616,0.5341098169717138,,,serial_runs/uagmc_45x800k_T2_seed1_20260921_005821/E2__M2/analysis/checkpoint_curve.csv,QTTI2,76.00,FORMAL25 同环境规则实测,,,,,没有本矩阵独立 UAGMC 分支；Joint 与 passenger-only 控制权不同；删失行不可排名
exp06,E2__M2,E2,M2,1,200000,192.37,166.37333333333333,6.656666666666666,19.426666666666666,1.0,True,3,,0.4459234608985025,0.5540765391014975,,,serial_runs/uagmc_45x800k_T2_seed1_20260921_005821/E2__M2/analysis/checkpoint_curve.csv,QTTI2,76.00,FORMAL25 同环境规则实测,,,,,没有本矩阵独立 UAGMC 分支；Joint 与 passenger-only 控制权不同；删失行不可排名
exp06,E2__M2,E2,M2,1,250000,218.0167597765363,192.64245810055866,6.245810055865921,19.156424581005588,0.5966666666666667,False,3,,0.4492512479201331,0.5507487520798668,,,serial_runs/uagmc_45x800k_T2_seed1_20260921_005821/E2__M2/analysis/checkpoint_curve.csv,QTTI2,76.00,FORMAL25 同环境规则实测,,,,,没有本矩阵独立 UAGMC 分支；Joint 与 passenger-only 控制权不同；删失行不可排名
exp06,E2__M2,E2,M2,1,300000,218.69791666666666,193.26041666666666,6.276041666666667,19.1875,0.64,False,3,,0.5008319467554077,0.49916805324459235,,,serial_runs/uagmc_45x800k_T2_seed1_20260921_005821/E2__M2/analysis/checkpoint_curve.csv,QTTI2,76.00,FORMAL25 同环境规则实测,,,,,没有本矩阵独立 UAGMC 分支；Joint 与 passenger-only 控制权不同；删失行不可排名
exp06,E2__M2,E2,M2,1,350000,218.86486486486487,193.43783783783783,6.275675675675676,19.17297297297297,0.6166666666666667,False,3,,0.4176372712146423,0.5823627287853578,,,serial_runs/uagmc_45x800k_T2_seed1_20260921_005821/E2__M2/analysis/checkpoint_curve.csv,QTTI2,76.00,FORMAL25 同环境规则实测,,,,,没有本矩阵独立 UAGMC 分支；Joint 与 passenger-only 控制权不同；删失行不可排名
exp06,E2__M2,E2,M2,1,400000,213.91803278688522,188.2704918032787,6.418032786885246,19.278688524590162,0.8133333333333334,False,3,,0.41264559068219636,0.5873544093178037,,,serial_runs/uagmc_45x800k_T2_seed1_20260921_005821/E2__M2/analysis/checkpoint_curve.csv,QTTI2,76.00,FORMAL25 同环境规则实测,,,,,没有本矩阵独立 UAGMC 分支；Joint 与 passenger-only 控制权不同；删失行不可排名
exp06,E2__M2,E2,M2,1,450000,195.36054421768708,169.5952380952381,6.523809523809523,19.299319727891156,0.98,False,3,,0.3693843594009983,0.6306156405990017,,,serial_runs/uagmc_45x800k_T2_seed1_20260921_005821/E2__M2/analysis/checkpoint_curve.csv,QTTI2,76.00,FORMAL25 同环境规则实测,,,,,没有本矩阵独立 UAGMC 分支；Joint 与 passenger-only 控制权不同；删失行不可排名
exp06,E2__M2,E2,M2,1,500000,116.58999999999999,89.99666666666667,6.876666666666668,19.8,1.0,True,3,,0.26455906821963393,0.735440931780366,,,serial_runs/uagmc_45x800k_T2_seed1_20260921_005821/E2__M2/analysis/checkpoint_curve.csv,QTTI2,76.00,FORMAL25 同环境规则实测,,,,,没有本矩阵独立 UAGMC 分支；Joint 与 passenger-only 控制权不同；删失行不可排名
exp06,E2__M2,E2,M2,1,550000,111.82,85.47666666666667,6.66,19.773333333333333,1.0,True,3,,0.259567387687188,0.7404326123128119,,,serial_runs/uagmc_45x800k_T2_seed1_20260921_005821/E2__M2/analysis/checkpoint_curve.csv,QTTI2,76.00,FORMAL25 同环境规则实测,,,,,没有本矩阵独立 UAGMC 分支；Joint 与 passenger-only 控制权不同；删失行不可排名
exp06,E2__M2,E2,M2,1,600000,97.34666666666665,70.61333333333333,6.926666666666667,19.893333333333334,1.0,True,3,,0.19134775374376037,0.8086522462562394,,,serial_runs/uagmc_45x800k_T2_seed1_20260921_005821/E2__M2/analysis/checkpoint_curve.csv,QTTI2,76.00,FORMAL25 同环境规则实测,,,,,没有本矩阵独立 UAGMC 分支；Joint 与 passenger-only 控制权不同；删失行不可排名
exp06,E2__M2,E2,M2,1,650000,133.06,106.87333333333333,6.653333333333333,19.626666666666665,1.0,True,3,,0.4226289517470882,0.5773710482529119,,,serial_runs/uagmc_45x800k_T2_seed1_20260921_005821/E2__M2/analysis/checkpoint_curve.csv,QTTI2,76.00,FORMAL25 同环境规则实测,,,,,没有本矩阵独立 UAGMC 分支；Joint 与 passenger-only 控制权不同；删失行不可排名
exp06,E2__M2,E2,M2,1,700000,172.26,146.24666666666667,6.6066666666666665,19.493333333333332,1.0,True,3,,0.47088186356073214,0.5291181364392679,,,serial_runs/uagmc_45x800k_T2_seed1_20260921_005821/E2__M2/analysis/checkpoint_curve.csv,QTTI2,76.00,FORMAL25 同环境规则实测,,,,,没有本矩阵独立 UAGMC 分支；Joint 与 passenger-only 控制权不同；删失行不可排名
exp06,E2__M2,E2,M2,1,750000,190.27181208053693,164.28859060402684,6.6174496644295315,19.456375838926174,0.9933333333333333,False,3,,0.4226289517470882,0.5773710482529119,,,serial_runs/uagmc_45x800k_T2_seed1_20260921_005821/E2__M2/analysis/checkpoint_curve.csv,QTTI2,76.00,FORMAL25 同环境规则实测,,,,,没有本矩阵独立 UAGMC 分支；Joint 与 passenger-only 控制权不同；删失行不可排名
exp06,E2__M2,E2,M2,1,800000,197.15384615384616,171.33110367892974,6.4849498327759205,19.42809364548495,0.9966666666666667,False,3,,0.4425956738768719,0.5574043261231281,,,serial_runs/uagmc_45x800k_T2_seed1_20260921_005821/E2__M2/analysis/checkpoint_curve.csv,QTTI2,76.00,FORMAL25 同环境规则实测,,,,,没有本矩阵独立 UAGMC 分支；Joint 与 passenger-only 控制权不同；删失行不可排名
exp06,E2__M3,E2,M3,1,50000,154.94666666666666,129.07666666666665,6.576666666666667,19.373333333333335,1.0,True,3,,0.06655574043261231,0.9334442595673876,,,serial_runs/uagmc_45x800k_T2_seed1_20260921_005821/E2__M3/analysis/checkpoint_curve.csv,QTTI2,76.00,FORMAL25 同环境规则实测,,,,,没有本矩阵独立 UAGMC 分支；Joint 与 passenger-only 控制权不同；删失行不可排名
exp06,E2__M3,E2,M3,1,100000,143.51333333333332,117.62333333333333,6.62,19.346666666666668,1.0,True,3,,0.28286189683860236,0.7171381031613976,,,serial_runs/uagmc_45x800k_T2_seed1_20260921_005821/E2__M3/analysis/checkpoint_curve.csv,QTTI2,76.00,FORMAL25 同环境规则实测,,,,,没有本矩阵独立 UAGMC 分支；Joint 与 passenger-only 控制权不同；删失行不可排名
exp06,E2__M3,E2,M3,1,150000,97.49333333333334,69.00333333333333,7.786666666666666,20.786666666666665,1.0,True,3,,0.6655574043261231,0.33444259567387685,,,serial_runs/uagmc_45x800k_T2_seed1_20260921_005821/E2__M3/analysis/checkpoint_curve.csv,QTTI2,76.00,FORMAL25 同环境规则实测,,,,,没有本矩阵独立 UAGMC 分支；Joint 与 passenger-only 控制权不同；删失行不可排名
exp06,E2__M3,E2,M3,1,200000,100.41333333333334,72.24333333333334,7.543333333333333,20.706666666666667,1.0,True,3,,0.4209650582362729,0.5790349417637272,,,serial_runs/uagmc_45x800k_T2_seed1_20260921_005821/E2__M3/analysis/checkpoint_curve.csv,QTTI2,76.00,FORMAL25 同环境规则实测,,,,,没有本矩阵独立 UAGMC 分支；Joint 与 passenger-only 控制权不同；删失行不可排名
exp06,E2__M3,E2,M3,1,250000,96.98666666666666,69.68,7.323333333333333,20.066666666666666,1.0,True,3,,0.5141430948419301,0.4858569051580699,,,serial_runs/uagmc_45x800k_T2_seed1_20260921_005821/E2__M3/analysis/checkpoint_curve.csv,QTTI2,76.00,FORMAL25 同环境规则实测,,,,,没有本矩阵独立 UAGMC 分支；Joint 与 passenger-only 控制权不同；删失行不可排名
exp06,E2__M3,E2,M3,1,300000,98.75,71.95,7.0566666666666675,19.826666666666668,1.0,True,3,,0.4525790349417637,0.5474209650582362,,,serial_runs/uagmc_45x800k_T2_seed1_20260921_005821/E2__M3/analysis/checkpoint_curve.csv,QTTI2,76.00,FORMAL25 同环境规则实测,,,,,没有本矩阵独立 UAGMC 分支；Joint 与 passenger-only 控制权不同；删失行不可排名
exp06,E2__M3,E2,M3,1,350000,98.61666666666666,71.7,7.0633333333333335,19.933333333333334,1.0,True,3,,0.2562396006655574,0.7437603993344425,,,serial_runs/uagmc_45x800k_T2_seed1_20260921_005821/E2__M3/analysis/checkpoint_curve.csv,QTTI2,76.00,FORMAL25 同环境规则实测,,,,,没有本矩阵独立 UAGMC 分支；Joint 与 passenger-only 控制权不同；删失行不可排名
exp06,E2__M3,E2,M3,1,400000,98.38666666666667,70.4,7.553333333333334,20.52,1.0,True,3,,0.38269550748752074,0.6173044925124792,,,serial_runs/uagmc_45x800k_T2_seed1_20260921_005821/E2__M3/analysis/checkpoint_curve.csv,QTTI2,76.00,FORMAL25 同环境规则实测,,,,,没有本矩阵独立 UAGMC 分支；Joint 与 passenger-only 控制权不同；删失行不可排名
exp06,E2__M3,E2,M3,1,450000,97.79333333333334,69.78,7.62,20.466666666666665,1.0,True,3,,0.3427620632279534,0.6572379367720466,,,serial_runs/uagmc_45x800k_T2_seed1_20260921_005821/E2__M3/analysis/checkpoint_curve.csv,QTTI2,76.00,FORMAL25 同环境规则实测,,,,,没有本矩阵独立 UAGMC 分支；Joint 与 passenger-only 控制权不同；删失行不可排名
exp06,E2__M3,E2,M3,1,500000,93.95,67.01666666666667,7.066666666666666,19.946666666666665,1.0,True,3,,0.26955074875207985,0.73044925124792,,,serial_runs/uagmc_45x800k_T2_seed1_20260921_005821/E2__M3/analysis/checkpoint_curve.csv,QTTI2,76.00,FORMAL25 同环境规则实测,,,,,没有本矩阵独立 UAGMC 分支；Joint 与 passenger-only 控制权不同；删失行不可排名
exp06,E2__M3,E2,M3,1,550000,93.81666666666666,65.82333333333334,7.553333333333334,20.533333333333335,1.0,True,3,,0.33777038269550747,0.6622296173044925,,,serial_runs/uagmc_45x800k_T2_seed1_20260921_005821/E2__M3/analysis/checkpoint_curve.csv,QTTI2,76.00,FORMAL25 同环境规则实测,,,,,没有本矩阵独立 UAGMC 分支；Joint 与 passenger-only 控制权不同；删失行不可排名
exp06,E2__M3,E2,M3,1,600000,90.04666666666667,62.57333333333333,7.383333333333334,20.173333333333332,1.0,True,3,,0.27121464226289516,0.7287853577371047,,,serial_runs/uagmc_45x800k_T2_seed1_20260921_005821/E2__M3/analysis/checkpoint_curve.csv,QTTI2,76.00,FORMAL25 同环境规则实测,,,,,没有本矩阵独立 UAGMC 分支；Joint 与 passenger-only 控制权不同；删失行不可排名
exp06,E2__M3,E2,M3,1,650000,93.39,65.45333333333333,7.553333333333334,20.466666666666665,1.0,True,3,,0.32945091514143093,0.670549084858569,,,serial_runs/uagmc_45x800k_T2_seed1_20260921_005821/E2__M3/analysis/checkpoint_curve.csv,QTTI2,76.00,FORMAL25 同环境规则实测,,,,,没有本矩阵独立 UAGMC 分支；Joint 与 passenger-only 控制权不同；删失行不可排名
exp06,E2__M3,E2,M3,1,700000,89.52,62.126666666666665,7.32,20.16,1.0,True,3,,0.22961730449251247,0.7703826955074874,,,serial_runs/uagmc_45x800k_T2_seed1_20260921_005821/E2__M3/analysis/checkpoint_curve.csv,QTTI2,76.00,FORMAL25 同环境规则实测,,,,,没有本矩阵独立 UAGMC 分支；Joint 与 passenger-only 控制权不同；删失行不可排名
exp06,E2__M3,E2,M3,1,750000,92.76,64.74666666666667,7.566666666666666,20.533333333333335,1.0,True,3,,0.2961730449251248,0.7038269550748751,,,serial_runs/uagmc_45x800k_T2_seed1_20260921_005821/E2__M3/analysis/checkpoint_curve.csv,QTTI2,76.00,FORMAL25 同环境规则实测,,,,,没有本矩阵独立 UAGMC 分支；Joint 与 passenger-only 控制权不同；删失行不可排名
exp06,E2__M3,E2,M3,1,800000,93.96666666666665,65.74,7.66,20.653333333333332,1.0,True,3,,0.33277870216306155,0.6672212978369384,,,serial_runs/uagmc_45x800k_T2_seed1_20260921_005821/E2__M3/analysis/checkpoint_curve.csv,QTTI2,76.00,FORMAL25 同环境规则实测,,,,,没有本矩阵独立 UAGMC 分支；Joint 与 passenger-only 控制权不同；删失行不可排名
exp06,E2__M4,E2,M4,1,50000,210.31275720164612,184.80658436213992,6.3045267489711945,19.263374485596707,0.81,False,3,,0.036605657237936774,0.9633943427620633,,,serial_runs/uagmc_45x800k_T2_seed1_20260921_005821/E2__M4/analysis/checkpoint_curve.csv,QTTI2,76.00,FORMAL25 同环境规则实测,,,,,没有本矩阵独立 UAGMC 分支；Joint 与 passenger-only 控制权不同；删失行不可排名
exp06,E2__M4,E2,M4,1,100000,160.72666666666666,134.25333333333333,6.803333333333334,19.746666666666666,1.0,True,3,,0.1996672212978369,0.8003327787021629,,,serial_runs/uagmc_45x800k_T2_seed1_20260921_005821/E2__M4/analysis/checkpoint_curve.csv,QTTI2,76.00,FORMAL25 同环境规则实测,,,,,没有本矩阵独立 UAGMC 分支；Joint 与 passenger-only 控制权不同；删失行不可排名
exp06,E2__M4,E2,M4,1,150000,156.98,130.3,6.706666666666667,20.066666666666666,1.0,True,3,,0.30282861896838603,0.6971713810316139,,,serial_runs/uagmc_45x800k_T2_seed1_20260921_005821/E2__M4/analysis/checkpoint_curve.csv,QTTI2,76.00,FORMAL25 同环境规则实测,,,,,没有本矩阵独立 UAGMC 分支；Joint 与 passenger-only 控制权不同；删失行不可排名
exp06,E2__M4,E2,M4,1,200000,230.35864978902953,204.84810126582275,6.291139240506329,19.286919831223628,0.79,False,3,,0.21963394342762063,0.7803660565723792,,,serial_runs/uagmc_45x800k_T2_seed1_20260921_005821/E2__M4/analysis/checkpoint_curve.csv,QTTI2,76.00,FORMAL25 同环境规则实测,,,,,没有本矩阵独立 UAGMC 分支；Joint 与 passenger-only 控制权不同；删失行不可排名
exp06,E2__M4,E2,M4,1,250000,238.3664596273292,213.16770186335404,6.080745341614906,19.149068322981368,0.5366666666666666,False,3,,0.019966722129783693,0.9800332778702163,,,serial_runs/uagmc_45x800k_T2_seed1_20260921_005821/E2__M4/analysis/checkpoint_curve.csv,QTTI2,76.00,FORMAL25 同环境规则实测,,,,,没有本矩阵独立 UAGMC 分支；Joint 与 passenger-only 控制权不同；删失行不可排名
exp06,E2__M4,E2,M4,1,300000,239.3421052631579,214.1578947368421,6.078947368421052,19.13157894736842,0.5066666666666667,False,3,,0.0881863560732113,0.9118136439267887,,,serial_runs/uagmc_45x800k_T2_seed1_20260921_005821/E2__M4/analysis/checkpoint_curve.csv,QTTI2,76.00,FORMAL25 同环境规则实测,,,,,没有本矩阵独立 UAGMC 分支；Joint 与 passenger-only 控制权不同；删失行不可排名
exp06,E2__M4,E2,M4,1,350000,244.17910447761196,219.0820895522388,6.022388059701494,19.08955223880597,0.4466666666666666,False,3,,0.0632279534109817,0.9367720465890182,,,serial_runs/uagmc_45x800k_T2_seed1_20260921_005821/E2__M4/analysis/checkpoint_curve.csv,QTTI2,76.00,FORMAL25 同环境规则实测,,,,,没有本矩阵独立 UAGMC 分支；Joint 与 passenger-only 控制权不同；删失行不可排名
exp06,E2__M4,E2,M4,1,400000,246.21379310344824,220.99310344827586,6.110344827586207,19.137931034482758,0.48333333333333334,False,3,,0.03161397670549085,0.9683860232945092,,,serial_runs/uagmc_45x800k_T2_seed1_20260921_005821/E2__M4/analysis/checkpoint_curve.csv,QTTI2,76.00,FORMAL25 同环境规则实测,,,,,没有本矩阵独立 UAGMC 分支；Joint 与 passenger-only 控制权不同；删失行不可排名
exp06,E2__M4,E2,M4,1,450000,248.19354838709674,222.73655913978496,6.252688172043011,19.258064516129032,0.62,False,3,,0.05324459234608985,0.9467554076539102,,,serial_runs/uagmc_45x800k_T2_seed1_20260921_005821/E2__M4/analysis/checkpoint_curve.csv,QTTI2,76.00,FORMAL25 同环境规则实测,,,,,没有本矩阵独立 UAGMC 分支；Joint 与 passenger-only 控制权不同；删失行不可排名
exp06,E2__M4,E2,M4,1,500000,226.24669603524228,200.78854625550662,6.255506607929515,19.26431718061674,0.7566666666666667,False,3,,0.17803660565723792,0.8219633943427621,,,serial_runs/uagmc_45x800k_T2_seed1_20260921_005821/E2__M4/analysis/checkpoint_curve.csv,QTTI2,76.00,FORMAL25 同环境规则实测,,,,,没有本矩阵独立 UAGMC 分支；Joint 与 passenger-only 控制权不同；删失行不可排名
exp06,E2__M4,E2,M4,1,550000,164.85666666666665,138.38,6.746666666666667,19.826666666666668,1.0,True,3,,0.3444259567387687,0.6555740432612313,,,serial_runs/uagmc_45x800k_T2_seed1_20260921_005821/E2__M4/analysis/checkpoint_curve.csv,QTTI2,76.00,FORMAL25 同环境规则实测,,,,,没有本矩阵独立 UAGMC 分支；Joint 与 passenger-only 控制权不同；删失行不可排名
exp06,E2__M4,E2,M4,1,600000,131.72333333333333,106.06666666666666,6.326666666666667,19.426666666666666,1.0,True,3,,0.4292845257903494,0.5707154742096506,,,serial_runs/uagmc_45x800k_T2_seed1_20260921_005821/E2__M4/analysis/checkpoint_curve.csv,QTTI2,76.00,FORMAL25 同环境规则实测,,,,,没有本矩阵独立 UAGMC 分支；Joint 与 passenger-only 控制权不同；删失行不可排名
exp06,E2__M4,E2,M4,1,650000,118.89,93.26666666666667,6.3066666666666675,19.413333333333334,1.0,True,3,,0.28618968386023297,0.713810316139767,,,serial_runs/uagmc_45x800k_T2_seed1_20260921_005821/E2__M4/analysis/checkpoint_curve.csv,QTTI2,76.00,FORMAL25 同环境规则实测,,,,,没有本矩阵独立 UAGMC 分支；Joint 与 passenger-only 控制权不同；删失行不可排名
exp06,E2__M4,E2,M4,1,700000,155.27,129.72,6.303333333333334,19.32,1.0,True,3,,0.2928452579034942,0.7071547420965058,,,serial_runs/uagmc_45x800k_T2_seed1_20260921_005821/E2__M4/analysis/checkpoint_curve.csv,QTTI2,76.00,FORMAL25 同环境规则实测,,,,,没有本矩阵独立 UAGMC 分支；Joint 与 passenger-only 控制权不同；删失行不可排名
exp06,E2__M4,E2,M4,1,750000,132.98333333333332,107.44,6.253333333333333,19.373333333333335,1.0,True,3,,0.3693843594009983,0.6306156405990017,,,serial_runs/uagmc_45x800k_T2_seed1_20260921_005821/E2__M4/analysis/checkpoint_curve.csv,QTTI2,76.00,FORMAL25 同环境规则实测,,,,,没有本矩阵独立 UAGMC 分支；Joint 与 passenger-only 控制权不同；删失行不可排名
exp06,E2__M4,E2,M4,1,800000,202.89922480620154,177.46124031007753,6.232558139534884,19.26356589147287,0.86,False,3,,0.22961730449251247,0.7703826955074874,,,serial_runs/uagmc_45x800k_T2_seed1_20260921_005821/E2__M4/analysis/checkpoint_curve.csv,QTTI2,76.00,FORMAL25 同环境规则实测,,,,,没有本矩阵独立 UAGMC 分支；Joint 与 passenger-only 控制权不同；删失行不可排名
exp06,E4__M0,E4,M0,1,50000,222.3816425120773,191.2657004830918,8.323671497584542,22.806763285024157,0.69,False,3,,0.7653910149750415,0.23460898502495842,,,serial_runs/uagmc_45x800k_T2_seed1_20260921_005821/E4__M0/analysis/checkpoint_curve.csv,,,,,,,,没有本矩阵独立 UAGMC 分支；Joint 与 passenger-only 控制权不同；删失行不可排名
exp06,E4__M0,E4,M0,1,100000,185.98755186721988,159.94190871369295,6.551867219917011,19.497925311203318,0.8033333333333333,False,3,,0.2562396006655574,0.7437603993344425,,,serial_runs/uagmc_45x800k_T2_seed1_20260921_005821/E4__M0/analysis/checkpoint_curve.csv,,,,,,,,没有本矩阵独立 UAGMC 分支；Joint 与 passenger-only 控制权不同；删失行不可排名
exp06,E4__M0,E4,M0,1,150000,239.78026905829597,209.1928251121076,8.058295964125561,22.533632286995516,0.7433333333333333,False,3,,0.5940099833610649,0.405990016638935,,,serial_runs/uagmc_45x800k_T2_seed1_20260921_005821/E4__M0/analysis/checkpoint_curve.csv,,,,,,,,没有本矩阵独立 UAGMC 分支；Joint 与 passenger-only 控制权不同；删失行不可排名
exp06,E4__M0,E4,M0,1,200000,217.03381642512076,185.93719806763286,8.294685990338165,22.806763285024157,0.69,False,3,,0.8019966722129782,0.1980033277870216,,,serial_runs/uagmc_45x800k_T2_seed1_20260921_005821/E4__M0/analysis/checkpoint_curve.csv,,,,,,,,没有本矩阵独立 UAGMC 分支；Joint 与 passenger-only 控制权不同；删失行不可排名
exp06,E4__M0,E4,M0,1,250000,229.8709677419355,199.02304147465438,8.221198156682028,22.631336405529954,0.7233333333333333,False,3,,0.6638935108153078,0.33610648918469216,,,serial_runs/uagmc_45x800k_T2_seed1_20260921_005821/E4__M0/analysis/checkpoint_curve.csv,,,,,,,,没有本矩阵独立 UAGMC 分支；Joint 与 passenger-only 控制权不同；删失行不可排名
exp06,E4__M0,E4,M0,1,300000,240.26666666666668,209.66666666666666,8.102222222222222,22.50222222222222,0.75,False,3,,0.5424292845257903,0.45757071547420963,,,serial_runs/uagmc_45x800k_T2_seed1_20260921_005821/E4__M0/analysis/checkpoint_curve.csv,,,,,,,,没有本矩阵独立 UAGMC 分支；Joint 与 passenger-only 控制权不同；删失行不可排名
exp06,E4__M0,E4,M0,1,350000,239.7142857142857,209.4330357142857,8.017857142857142,22.267857142857142,0.7466666666666667,False,3,,0.6123128119800333,0.38768718801996666,,,serial_runs/uagmc_45x800k_T2_seed1_20260921_005821/E4__M0/analysis/checkpoint_curve.csv,,,,,,,,没有本矩阵独立 UAGMC 分支；Joint 与 passenger-only 控制权不同；删失行不可排名
exp06,E4__M0,E4,M0,1,400000,235.67117117117118,205.52252252252254,8.0,22.153153153153152,0.7399999999999999,False,3,,0.6655574043261231,0.33444259567387685,,,serial_runs/uagmc_45x800k_T2_seed1_20260921_005821/E4__M0/analysis/checkpoint_curve.csv,,,,,,,,没有本矩阵独立 UAGMC 分支；Joint 与 passenger-only 控制权不同；删失行不可排名
exp06,E4__M0,E4,M0,1,450000,236.33333333333334,206.1846846846847,8.0,22.153153153153152,0.7399999999999999,False,3,,0.6788685524126455,0.3211314475873544,,,serial_runs/uagmc_45x800k_T2_seed1_20260921_005821/E4__M0/analysis/checkpoint_curve.csv,,,,,,,,没有本矩阵独立 UAGMC 分支；Joint 与 passenger-only 控制权不同；删失行不可排名
exp06,E4__M0,E4,M0,1,500000,222.22380952380954,191.1047619047619,8.371428571428572,22.752380952380957,0.6999999999999998,False,3,,0.5973377703826955,0.4026622296173044,,,serial_runs/uagmc_45x800k_T2_seed1_20260921_005821/E4__M0/analysis/checkpoint_curve.csv,,,,,,,,没有本矩阵独立 UAGMC 分支；Joint 与 passenger-only 控制权不同；删失行不可排名
exp06,E4__M0,E4,M0,1,550000,241.16,210.49333333333334,8.204444444444444,22.466666666666665,0.75,False,3,,0.632279534109817,0.367720465890183,,,serial_runs/uagmc_45x800k_T2_seed1_20260921_005821/E4__M0/analysis/checkpoint_curve.csv,,,,,,,,没有本矩阵独立 UAGMC 分支；Joint 与 passenger-only 控制权不同；删失行不可排名
exp06,E4__M0,E4,M0,1,600000,234.60180995475113,204.36651583710406,8.108597285067873,22.131221719457013,0.7366666666666667,False,3,,0.6938435940099833,0.30615640599001664,,,serial_runs/uagmc_45x800k_T2_seed1_20260921_005821/E4__M0/analysis/checkpoint_curve.csv,,,,,,,,没有本矩阵独立 UAGMC 分支；Joint 与 passenger-only 控制权不同；删失行不可排名
exp06,E4__M0,E4,M0,1,650000,233.54054054054055,203.33783783783784,8.072072072072071,22.13513513513514,0.7399999999999999,False,3,,0.6888519134775374,0.31114808652246256,,,serial_runs/uagmc_45x800k_T2_seed1_20260921_005821/E4__M0/analysis/checkpoint_curve.csv,,,,,,,,没有本矩阵独立 UAGMC 分支；Joint 与 passenger-only 控制权不同；删失行不可排名
exp06,E4__M0,E4,M0,1,700000,234.0,203.81614349775785,8.067264573991032,22.121076233183857,0.7433333333333333,False,3,,0.6888519134775374,0.31114808652246256,,,serial_runs/uagmc_45x800k_T2_seed1_20260921_005821/E4__M0/analysis/checkpoint_curve.csv,,,,,,,,没有本矩阵独立 UAGMC 分支；Joint 与 passenger-only 控制权不同；删失行不可排名
exp06,E4__M0,E4,M0,1,750000,233.56756756756758,203.3243243243243,8.112612612612613,22.13513513513514,0.7399999999999999,False,3,,0.7121464226289517,0.2878535773710483,,,serial_runs/uagmc_45x800k_T2_seed1_20260921_005821/E4__M0/analysis/checkpoint_curve.csv,,,,,,,,没有本矩阵独立 UAGMC 分支；Joint 与 passenger-only 控制权不同；删失行不可排名
exp06,E4__M0,E4,M0,1,800000,234.78923766816146,204.55605381165915,8.080717488789238,22.15695067264574,0.7433333333333333,False,3,,0.7254575707154741,0.27454242928452577,,,serial_runs/uagmc_45x800k_T2_seed1_20260921_005821/E4__M0/analysis/checkpoint_curve.csv,,,,,,,,没有本矩阵独立 UAGMC 分支；Joint 与 passenger-only 控制权不同；删失行不可排名
exp06,E4__M1,E4,M1,1,50000,282.78350515463916,257.88659793814435,5.896907216494846,19.0,0.3233333333333333,False,3,,0.0,1.0,,,serial_runs/uagmc_45x800k_T2_seed1_20260921_005821/E4__M1/analysis/checkpoint_curve.csv,,,,,,,,没有本矩阵独立 UAGMC 分支；Joint 与 passenger-only 控制权不同；删失行不可排名
exp06,E4__M1,E4,M1,1,100000,276.06542056074767,251.08411214953267,5.943925233644859,19.037383177570092,0.3566666666666667,False,3,,0.0033277870216306157,0.9966722129783694,,,serial_runs/uagmc_45x800k_T2_seed1_20260921_005821/E4__M1/analysis/checkpoint_curve.csv,,,,,,,,没有本矩阵独立 UAGMC 分支；Joint 与 passenger-only 控制权不同；删失行不可排名
exp06,E4__M1,E4,M1,1,150000,258.95588235294116,233.7941176470588,6.051470588235294,19.11764705882353,0.4533333333333333,False,3,,0.008319467554076539,0.9916805324459235,,,serial_runs/uagmc_45x800k_T2_seed1_20260921_005821/E4__M1/analysis/checkpoint_curve.csv,,,,,,,,没有本矩阵独立 UAGMC 分支；Joint 与 passenger-only 控制权不同；删失行不可排名
exp06,E4__M1,E4,M1,1,200000,252.62337662337663,227.33116883116884,6.149350649350649,19.155844155844157,0.5133333333333333,False,3,,0.011647254575707153,0.9883527454242929,,,serial_runs/uagmc_45x800k_T2_seed1_20260921_005821/E4__M1/analysis/checkpoint_curve.csv,,,,,,,,没有本矩阵独立 UAGMC 分支；Joint 与 passenger-only 控制权不同；删失行不可排名
exp06,E4__M1,E4,M1,1,250000,252.38125,227.04374999999996,6.181250000000001,19.175,0.5333333333333333,False,3,,0.013311148086522463,0.9866888519134775,,,serial_runs/uagmc_45x800k_T2_seed1_20260921_005821/E4__M1/analysis/checkpoint_curve.csv,,,,,,,,没有本矩阵独立 UAGMC 分支；Joint 与 passenger-only 控制权不同；删失行不可排名
exp06,E4__M1,E4,M1,1,300000,249.10695187165774,223.70053475935825,6.2032085561497325,19.25668449197861,0.6233333333333333,False,3,,0.13477537437603992,0.8652246256239601,,,serial_runs/uagmc_45x800k_T2_seed1_20260921_005821/E4__M1/analysis/checkpoint_curve.csv,,,,,,,,没有本矩阵独立 UAGMC 分支；Joint 与 passenger-only 控制权不同；删失行不可排名
exp06,E4__M1,E4,M1,1,350000,224.20454545454547,198.4454545454545,6.3954545454545455,19.454545454545453,0.7333333333333333,False,3,,0.33943427620632277,0.6605657237936772,,,serial_runs/uagmc_45x800k_T2_seed1_20260921_005821/E4__M1/analysis/checkpoint_curve.csv,,,,,,,,没有本矩阵独立 UAGMC 分支；Joint 与 passenger-only 控制权不同；删失行不可排名
exp06,E4__M1,E4,M1,1,400000,224.84931506849315,199.12785388127853,6.392694063926942,19.420091324200914,0.73,False,3,,0.2978369384359401,0.7021630615640598,,,serial_runs/uagmc_45x800k_T2_seed1_20260921_005821/E4__M1/analysis/checkpoint_curve.csv,,,,,,,,没有本矩阵独立 UAGMC 分支；Joint 与 passenger-only 控制权不同；删失行不可排名
exp06,E4__M1,E4,M1,1,450000,216.49130434782606,190.64782608695654,6.482608695652174,19.469565217391306,0.7666666666666667,False,3,,0.2978369384359401,0.7021630615640598,,,serial_runs/uagmc_45x800k_T2_seed1_20260921_005821/E4__M1/analysis/checkpoint_curve.csv,,,,,,,,没有本矩阵独立 UAGMC 分支；Joint 与 passenger-only 控制权不同；删失行不可排名
exp06,E4__M1,E4,M1,1,500000,209.96610169491524,184.02966101694915,6.538135593220339,19.508474576271187,0.7866666666666666,False,3,,0.2928452579034942,0.7071547420965058,,,serial_runs/uagmc_45x800k_T2_seed1_20260921_005821/E4__M1/analysis/checkpoint_curve.csv,,,,,,,,没有本矩阵独立 UAGMC 分支；Joint 与 passenger-only 控制权不同；删失行不可排名
exp06,E4__M1,E4,M1,1,550000,206.4406779661017,180.52118644067798,6.504237288135594,19.508474576271187,0.7866666666666666,False,3,,0.20465890183028287,0.795341098169717,,,serial_runs/uagmc_45x800k_T2_seed1_20260921_005821/E4__M1/analysis/checkpoint_curve.csv,,,,,,,,没有本矩阵独立 UAGMC 分支；Joint 与 passenger-only 控制权不同；删失行不可排名
exp06,E4__M1,E4,M1,1,600000,205.23206751054852,179.32911392405063,6.476793248945147,19.50632911392405,0.79,False,3,,0.2013311148086522,0.7986688851913476,,,serial_runs/uagmc_45x800k_T2_seed1_20260921_005821/E4__M1/analysis/checkpoint_curve.csv,,,,,,,,没有本矩阵独立 UAGMC 分支；Joint 与 passenger-only 控制权不同；删失行不可排名
exp06,E4__M1,E4,M1,1,650000,207.83050847457628,181.94491525423732,6.478813559322034,19.508474576271187,0.7866666666666666,False,3,,0.2795341098169717,0.7204658901830282,,,serial_runs/uagmc_45x800k_T2_seed1_20260921_005821/E4__M1/analysis/checkpoint_curve.csv,,,,,,,,没有本矩阵独立 UAGMC 分支；Joint 与 passenger-only 控制权不同；删失行不可排名
exp06,E4__M1,E4,M1,1,700000,206.83898305084745,180.85169491525423,6.576271186440678,19.508474576271187,0.7866666666666666,False,3,,0.24459234608985025,0.7554076539101496,,,serial_runs/uagmc_45x800k_T2_seed1_20260921_005821/E4__M1/analysis/checkpoint_curve.csv,,,,,,,,没有本矩阵独立 UAGMC 分支；Joint 与 passenger-only 控制权不同；删失行不可排名
exp06,E4__M1,E4,M1,1,750000,214.48051948051952,188.72727272727272,6.3896103896103895,19.467532467532468,0.77,False,3,,0.33444259567387685,0.6655574043261231,,,serial_runs/uagmc_45x800k_T2_seed1_20260921_005821/E4__M1/analysis/checkpoint_curve.csv,,,,,,,,没有本矩阵独立 UAGMC 分支；Joint 与 passenger-only 控制权不同；删失行不可排名
exp06,E4__M1,E4,M1,1,800000,209.65677966101694,183.86864406779662,6.389830508474577,19.508474576271187,0.7866666666666666,False,3,,0.24958402662229617,0.7504159733777037,,,serial_runs/uagmc_45x800k_T2_seed1_20260921_005821/E4__M1/analysis/checkpoint_curve.csv,,,,,,,,没有本矩阵独立 UAGMC 分支；Joint 与 passenger-only 控制权不同；删失行不可排名
exp06,E4__M2,E4,M2,1,50000,222.06113537117903,196.3187772925764,6.344978165938865,19.524017467248907,0.7633333333333333,False,3,,0.056572379367720464,0.9434276206322796,,,serial_runs/uagmc_45x800k_T2_seed1_20260921_005821/E4__M2/analysis/checkpoint_curve.csv,,,,,,,,没有本矩阵独立 UAGMC 分支；Joint 与 passenger-only 控制权不同；删失行不可排名
exp06,E4__M2,E4,M2,1,100000,197.68724279835388,171.09876543209876,6.720164609053498,19.872427983539094,0.81,False,3,,0.38935108153078196,0.610648918469218,,,serial_runs/uagmc_45x800k_T2_seed1_20260921_005821/E4__M2/analysis/checkpoint_curve.csv,,,,,,,,没有本矩阵独立 UAGMC 分支；Joint 与 passenger-only 控制权不同；删失行不可排名
exp06,E4__M2,E4,M2,1,150000,194.7344398340249,167.5767634854772,6.950207468879668,20.21161825726141,0.8033333333333333,False,3,,0.4242928452579035,0.5757071547420965,,,serial_runs/uagmc_45x800k_T2_seed1_20260921_005821/E4__M2/analysis/checkpoint_curve.csv,,,,,,,,没有本矩阵独立 UAGMC 分支；Joint 与 passenger-only 控制权不同；删失行不可排名
exp06,E4__M2,E4,M2,1,200000,198.29554655870444,170.8421052631579,7.080971659919029,20.37651821862348,0.8233333333333334,False,3,,0.4176372712146423,0.5823627287853578,,,serial_runs/uagmc_45x800k_T2_seed1_20260921_005821/E4__M2/analysis/checkpoint_curve.csv,,,,,,,,没有本矩阵独立 UAGMC 分支；Joint 与 passenger-only 控制权不同；删失行不可排名
exp06,E4__M2,E4,M2,1,250000,192.93360995850625,165.7219917012448,6.970954356846473,20.244813278008298,0.8033333333333333,False,3,,0.415973377703827,0.5840266222961731,,,serial_runs/uagmc_45x800k_T2_seed1_20260921_005821/E4__M2/analysis/checkpoint_curve.csv,,,,,,,,没有本矩阵独立 UAGMC 分支；Joint 与 passenger-only 控制权不同；删失行不可排名
exp06,E4__M2,E4,M2,1,300000,195.31687242798353,167.71604938271605,7.1234567901234565,20.48148148148148,0.81,False,3,,0.46589018302828616,0.5341098169717138,,,serial_runs/uagmc_45x800k_T2_seed1_20260921_005821/E4__M2/analysis/checkpoint_curve.csv,,,,,,,,没有本矩阵独立 UAGMC 分支；Joint 与 passenger-only 控制权不同；删失行不可排名
exp06,E4__M2,E4,M2,1,350000,197.6153846153846,170.31174089068827,6.995951417004048,20.31174089068826,0.8233333333333334,False,3,,0.30449251247920134,0.6955074875207986,,,serial_runs/uagmc_45x800k_T2_seed1_20260921_005821/E4__M2/analysis/checkpoint_curve.csv,,,,,,,,没有本矩阵独立 UAGMC 分支；Joint 与 passenger-only 控制权不同；删失行不可排名
exp06,E4__M2,E4,M2,1,400000,197.05668016194332,169.69230769230768,7.05668016194332,20.31174089068826,0.8233333333333334,False,3,,0.35773710482529114,0.6422628951747088,,,serial_runs/uagmc_45x800k_T2_seed1_20260921_005821/E4__M2/analysis/checkpoint_curve.csv,,,,,,,,没有本矩阵独立 UAGMC 分支；Joint 与 passenger-only 控制权不同；删失行不可排名
exp06,E4__M2,E4,M2,1,450000,232.5022026431718,201.90308370044053,8.325991189427313,22.277533039647576,0.7566666666666667,False,3,,0.7104825291181364,0.2895174708818636,,,serial_runs/uagmc_45x800k_T2_seed1_20260921_005821/E4__M2/analysis/checkpoint_curve.csv,,,,,,,,没有本矩阵独立 UAGMC 分支；Joint 与 passenger-only 控制权不同；删失行不可排名
exp06,E4__M2,E4,M2,1,500000,188.26582278481013,158.40506329113924,7.9789029535864975,21.886075949367086,0.79,False,3,,0.5856905158069884,0.41430948419301167,,,serial_runs/uagmc_45x800k_T2_seed1_20260921_005821/E4__M2/analysis/checkpoint_curve.csv,,,,,,,,没有本矩阵独立 UAGMC 分支；Joint 与 passenger-only 控制权不同；删失行不可排名
exp06,E4__M2,E4,M2,1,550000,196.70886075949366,166.72151898734177,8.021097046413502,21.970464135021093,0.79,False,3,,0.6638935108153078,0.33610648918469216,,,serial_runs/uagmc_45x800k_T2_seed1_20260921_005821/E4__M2/analysis/checkpoint_curve.csv,,,,,,,,没有本矩阵独立 UAGMC 分支；Joint 与 passenger-only 控制权不同；删失行不可排名
exp06,E4__M2,E4,M2,1,600000,194.2240663900415,164.3941908713693,7.995850622406639,21.83817427385892,0.8033333333333333,False,3,,0.5241264559068219,0.47587354409317806,,,serial_runs/uagmc_45x800k_T2_seed1_20260921_005821/E4__M2/analysis/checkpoint_curve.csv,,,,,,,,没有本矩阵独立 UAGMC 分支；Joint 与 passenger-only 控制权不同；删失行不可排名
exp06,E4__M2,E4,M2,1,650000,226.4419642857143,196.04017857142858,8.28125,22.125,0.7466666666666667,False,3,,0.5207986688851913,0.47920133111480867,,,serial_runs/uagmc_45x800k_T2_seed1_20260921_005821/E4__M2/analysis/checkpoint_curve.csv,,,,,,,,没有本矩阵独立 UAGMC 分支；Joint 与 passenger-only 控制权不同；删失行不可排名
exp06,E4__M2,E4,M2,1,700000,235.48878923766816,204.55156950672645,8.408071748878923,22.533632286995516,0.7433333333333333,False,3,,0.627287853577371,0.3727121464226289,,,serial_runs/uagmc_45x800k_T2_seed1_20260921_005821/E4__M2/analysis/checkpoint_curve.csv,,,,,,,,没有本矩阵独立 UAGMC 分支；Joint 与 passenger-only 控制权不同；删失行不可排名
exp06,E4__M2,E4,M2,1,750000,240.21333333333334,209.57777777777778,8.315555555555555,22.324444444444442,0.75,False,3,,0.632279534109817,0.367720465890183,,,serial_runs/uagmc_45x800k_T2_seed1_20260921_005821/E4__M2/analysis/checkpoint_curve.csv,,,,,,,,没有本矩阵独立 UAGMC 分支；Joint 与 passenger-only 控制权不同；删失行不可排名
exp06,E4__M2,E4,M2,1,800000,211.74879227053142,180.42512077294683,8.521739130434783,22.806763285024157,0.69,False,3,,0.6472545757071547,0.3527454242928452,,,serial_runs/uagmc_45x800k_T2_seed1_20260921_005821/E4__M2/analysis/checkpoint_curve.csv,,,,,,,,没有本矩阵独立 UAGMC 分支；Joint 与 passenger-only 控制权不同；删失行不可排名
exp06,E4__M3,E4,M3,1,50000,276.06542056074767,251.08411214953267,5.943925233644859,19.037383177570092,0.3566666666666667,False,3,,0.21797004991680533,0.7820299500831945,,,serial_runs/uagmc_45x800k_T2_seed1_20260921_005821/E4__M3/analysis/checkpoint_curve.csv,,,,,,,,没有本矩阵独立 UAGMC 分支；Joint 与 passenger-only 控制权不同；删失行不可排名
exp06,E4__M3,E4,M3,1,100000,198.88333333333333,172.98750000000004,6.474999999999999,19.5,0.8000000000000002,False,3,,0.23128119800332778,0.7687188019966721,,,serial_runs/uagmc_45x800k_T2_seed1_20260921_005821/E4__M3/analysis/checkpoint_curve.csv,,,,,,,,没有本矩阵独立 UAGMC 分支；Joint 与 passenger-only 控制权不同；删失行不可排名
exp06,E4__M3,E4,M3,1,150000,196.85537190082644,169.5206611570248,6.925619834710743,20.454545454545453,0.8066666666666666,False,3,,0.32945091514143093,0.670549084858569,,,serial_runs/uagmc_45x800k_T2_seed1_20260921_005821/E4__M3/analysis/checkpoint_curve.csv,,,,,,,,没有本矩阵独立 UAGMC 分支；Joint 与 passenger-only 控制权不同；删失行不可排名
exp06,E4__M3,E4,M3,1,200000,196.68724279835388,170.6090534979424,6.604938271604939,19.526748971193417,0.81,False,3,,0.2878535773710483,0.7121464226289517,,,serial_runs/uagmc_45x800k_T2_seed1_20260921_005821/E4__M3/analysis/checkpoint_curve.csv,,,,,,,,没有本矩阵独立 UAGMC 分支；Joint 与 passenger-only 控制权不同；删失行不可排名
exp06,E4__M3,E4,M3,1,250000,197.99159663865547,171.5420168067227,6.739495798319328,19.789915966386555,0.7933333333333333,False,3,,0.4475873544093178,0.5524126455906821,,,serial_runs/uagmc_45x800k_T2_seed1_20260921_005821/E4__M3/analysis/checkpoint_curve.csv,,,,,,,,没有本矩阵独立 UAGMC 分支；Joint 与 passenger-only 控制权不同；删失行不可排名
exp06,E4__M3,E4,M3,1,300000,198.47058823529412,172.13445378151263,6.714285714285714,19.705882352941178,0.7933333333333333,False,3,,0.5391014975041597,0.46089850249584025,,,serial_runs/uagmc_45x800k_T2_seed1_20260921_005821/E4__M3/analysis/checkpoint_curve.csv,,,,,,,,没有本矩阵独立 UAGMC 分支；Joint 与 passenger-only 控制权不同；删失行不可排名
exp06,E4__M3,E4,M3,1,350000,199.72614107883817,173.76348547717842,6.5352697095435675,19.497925311203318,0.8033333333333333,False,3,,0.5008319467554077,0.49916805324459235,,,serial_runs/uagmc_45x800k_T2_seed1_20260921_005821/E4__M3/analysis/checkpoint_curve.csv,,,,,,,,没有本矩阵独立 UAGMC 分支；Joint 与 passenger-only 控制权不同；删失行不可排名
exp06,E4__M3,E4,M3,1,400000,196.9668049792531,170.97095435684648,6.556016597510374,19.497925311203318,0.8033333333333333,False,3,,0.47420965058236275,0.5257903494176372,,,serial_runs/uagmc_45x800k_T2_seed1_20260921_005821/E4__M3/analysis/checkpoint_curve.csv,,,,,,,,没有本矩阵独立 UAGMC 分支；Joint 与 passenger-only 控制权不同；删失行不可排名
exp06,E4__M3,E4,M3,1,450000,197.44769874476984,171.4100418410042,6.589958158995816,19.502092050209207,0.7966666666666665,False,3,,0.3793677204658901,0.6206322795341098,,,serial_runs/uagmc_45x800k_T2_seed1_20260921_005821/E4__M3/analysis/checkpoint_curve.csv,,,,,,,,没有本矩阵独立 UAGMC 分支；Joint 与 passenger-only 控制权不同；删失行不可排名
exp06,E4__M3,E4,M3,1,500000,198.34439834024897,172.34439834024897,6.551867219917011,19.497925311203318,0.8033333333333333,False,3,,0.33610648918469216,0.6638935108153078,,,serial_runs/uagmc_45x800k_T2_seed1_20260921_005821/E4__M3/analysis/checkpoint_curve.csv,,,,,,,,没有本矩阵独立 UAGMC 分支；Joint 与 passenger-only 控制权不同；删失行不可排名
exp06,E4__M3,E4,M3,1,550000,197.1701244813278,171.19502074688796,6.5269709543568455,19.497925311203318,0.8033333333333333,False,3,,0.4459234608985025,0.5540765391014975,,,serial_runs/uagmc_45x800k_T2_seed1_20260921_005821/E4__M3/analysis/checkpoint_curve.csv,,,,,,,,没有本矩阵独立 UAGMC 分支；Joint 与 passenger-only 控制权不同；删失行不可排名
exp06,E4__M3,E4,M3,1,600000,197.5666666666667,171.35,6.770833333333333,19.5,0.8000000000000002,False,3,,0.4259567387687188,0.5740432612312812,,,serial_runs/uagmc_45x800k_T2_seed1_20260921_005821/E4__M3/analysis/checkpoint_curve.csv,,,,,,,,没有本矩阵独立 UAGMC 分支；Joint 与 passenger-only 控制权不同；删失行不可排名
exp06,E4__M3,E4,M3,1,650000,195.64315352697096,169.34439834024897,6.817427385892116,19.497925311203318,0.8033333333333333,False,3,,0.46256239600665555,0.5374376039933444,,,serial_runs/uagmc_45x800k_T2_seed1_20260921_005821/E4__M3/analysis/checkpoint_curve.csv,,,,,,,,没有本矩阵独立 UAGMC 分支；Joint 与 passenger-only 控制权不同；删失行不可排名
exp06,E4__M3,E4,M3,1,700000,194.76348547717842,168.58091286307055,6.6887966804979255,19.497925311203318,0.8033333333333333,False,3,,0.4841930116472546,0.5158069883527454,,,serial_runs/uagmc_45x800k_T2_seed1_20260921_005821/E4__M3/analysis/checkpoint_curve.csv,,,,,,,,没有本矩阵独立 UAGMC 分支；Joint 与 passenger-only 控制权不同；删失行不可排名
exp06,E4__M3,E4,M3,1,750000,193.1825726141079,166.97510373443984,6.713692946058091,19.497925311203318,0.8033333333333333,False,3,,0.5008319467554077,0.49916805324459235,,,serial_runs/uagmc_45x800k_T2_seed1_20260921_005821/E4__M3/analysis/checkpoint_curve.csv,,,,,,,,没有本矩阵独立 UAGMC 分支；Joint 与 passenger-only 控制权不同；删失行不可排名
exp06,E4__M3,E4,M3,1,800000,200.298755186722,174.2157676348548,6.614107883817428,19.497925311203318,0.8033333333333333,False,3,,0.46256239600665555,0.5374376039933444,,,serial_runs/uagmc_45x800k_T2_seed1_20260921_005821/E4__M3/analysis/checkpoint_curve.csv,,,,,,,,没有本矩阵独立 UAGMC 分支；Joint 与 passenger-only 控制权不同；删失行不可排名
exp06,E4__M4,E4,M4,1,50000,269.4188034188034,244.39316239316238,5.965811965811966,19.068376068376068,0.38999999999999996,False,3,,0.004991680532445923,0.9950083194675541,,,serial_runs/uagmc_45x800k_T2_seed1_20260921_005821/E4__M4/analysis/checkpoint_curve.csv,,,,,,,,没有本矩阵独立 UAGMC 分支；Joint 与 passenger-only 控制权不同；删失行不可排名
exp06,E4__M4,E4,M4,1,100000,241.48850574712642,216.11494252873567,6.195402298850575,19.183908045977013,0.58,False,3,,0.014975041597337771,0.9850249584026622,,,serial_runs/uagmc_45x800k_T2_seed1_20260921_005821/E4__M4/analysis/checkpoint_curve.csv,,,,,,,,没有本矩阵独立 UAGMC 分支；Joint 与 passenger-only 控制权不同；删失行不可排名
exp06,E4__M4,E4,M4,1,150000,224.70098039215682,199.12745098039215,6.323529411764706,19.254901960784313,0.68,False,3,,0.023294509151414306,0.9767054908485857,,,serial_runs/uagmc_45x800k_T2_seed1_20260921_005821/E4__M4/analysis/checkpoint_curve.csv,,,,,,,,没有本矩阵独立 UAGMC 分支；Joint 与 passenger-only 控制权不同；删失行不可排名
exp06,E4__M4,E4,M4,1,200000,207.46638655462183,181.60084033613444,6.428571428571428,19.50420168067227,0.7933333333333333,False,3,,0.15141430948419302,0.848585690515807,,,serial_runs/uagmc_45x800k_T2_seed1_20260921_005821/E4__M4/analysis/checkpoint_curve.csv,,,,,,,,没有本矩阵独立 UAGMC 分支；Joint 与 passenger-only 控制权不同；删失行不可排名
exp06,E4__M4,E4,M4,1,250000,203.89915966386556,178.13865546218486,6.310924369747899,19.50420168067227,0.7933333333333333,False,3,,0.21963394342762063,0.7803660565723792,,,serial_runs/uagmc_45x800k_T2_seed1_20260921_005821/E4__M4/analysis/checkpoint_curve.csv,,,,,,,,没有本矩阵独立 UAGMC 分支；Joint 与 passenger-only 控制权不同；删失行不可排名
exp06,E4__M4,E4,M4,1,300000,202.79497907949792,176.9205020920502,6.414225941422594,19.502092050209207,0.7966666666666665,False,3,,0.36106489184692175,0.6389351081530782,,,serial_runs/uagmc_45x800k_T2_seed1_20260921_005821/E4__M4/analysis/checkpoint_curve.csv,,,,,,,,没有本矩阵独立 UAGMC 分支；Joint 与 passenger-only 控制权不同；删失行不可排名
exp06,E4__M4,E4,M4,1,350000,197.46666666666667,171.525,6.491666666666666,19.5,0.8000000000000002,False,3,,0.36439267886855237,0.6356073211314476,,,serial_runs/uagmc_45x800k_T2_seed1_20260921_005821/E4__M4/analysis/checkpoint_curve.csv,,,,,,,,没有本矩阵独立 UAGMC 分支；Joint 与 passenger-only 控制权不同；删失行不可排名
exp06,E4__M4,E4,M4,1,400000,198.94583333333333,172.98333333333332,6.4875,19.5,0.8000000000000002,False,3,,0.3943427620632279,0.6056572379367721,,,serial_runs/uagmc_45x800k_T2_seed1_20260921_005821/E4__M4/analysis/checkpoint_curve.csv,,,,,,,,没有本矩阵独立 UAGMC 分支；Joint 与 passenger-only 控制权不同；删失行不可排名
exp06,E4__M4,E4,M4,1,450000,197.97510373443984,171.92946058091286,6.560165975103733,19.497925311203318,0.8033333333333333,False,3,,0.35440931780366053,0.6455906821963394,,,serial_runs/uagmc_45x800k_T2_seed1_20260921_005821/E4__M4/analysis/checkpoint_curve.csv,,,,,,,,没有本矩阵独立 UAGMC 分支；Joint 与 passenger-only 控制权不同；删失行不可排名
exp06,E4__M4,E4,M4,1,500000,199.51452282157678,173.49792531120332,6.5352697095435675,19.497925311203318,0.8033333333333333,False,3,,0.2895174708818636,0.7104825291181364,,,serial_runs/uagmc_45x800k_T2_seed1_20260921_005821/E4__M4/analysis/checkpoint_curve.csv,,,,,,,,没有本矩阵独立 UAGMC 分支；Joint 与 passenger-only 控制权不同；删失行不可排名
exp06,E4__M4,E4,M4,1,550000,199.33609958506224,173.29045643153526,6.568464730290455,19.497925311203318,0.8033333333333333,False,3,,0.33277870216306155,0.6672212978369384,,,serial_runs/uagmc_45x800k_T2_seed1_20260921_005821/E4__M4/analysis/checkpoint_curve.csv,,,,,,,,没有本矩阵独立 UAGMC 分支；Joint 与 passenger-only 控制权不同；删失行不可排名
exp06,E4__M4,E4,M4,1,600000,201.13278008298755,175.2863070539419,6.41908713692946,19.497925311203318,0.8033333333333333,False,3,,0.3011647254575707,0.6988352745424292,,,serial_runs/uagmc_45x800k_T2_seed1_20260921_005821/E4__M4/analysis/checkpoint_curve.csv,,,,,,,,没有本矩阵独立 UAGMC 分支；Joint 与 passenger-only 控制权不同；删失行不可排名
exp06,E4__M4,E4,M4,1,650000,202.5,176.55042016806723,6.521008403361345,19.50420168067227,0.7933333333333333,False,3,,0.3527454242928452,0.6472545757071547,,,serial_runs/uagmc_45x800k_T2_seed1_20260921_005821/E4__M4/analysis/checkpoint_curve.csv,,,,,,,,没有本矩阵独立 UAGMC 分支；Joint 与 passenger-only 控制权不同；删失行不可排名
exp06,E4__M4,E4,M4,1,700000,201.23430962343096,175.36401673640168,6.443514644351464,19.502092050209207,0.7966666666666665,False,3,,0.24958402662229617,0.7504159733777037,,,serial_runs/uagmc_45x800k_T2_seed1_20260921_005821/E4__M4/analysis/checkpoint_curve.csv,,,,,,,,没有本矩阵独立 UAGMC 分支；Joint 与 passenger-only 控制权不同；删失行不可排名
exp06,E4__M4,E4,M4,1,750000,199.9377593360996,174.06639004149375,6.443983402489626,19.497925311203318,0.8033333333333333,False,3,,0.1480865224625624,0.8519134775374376,,,serial_runs/uagmc_45x800k_T2_seed1_20260921_005821/E4__M4/analysis/checkpoint_curve.csv,,,,,,,,没有本矩阵独立 UAGMC 分支；Joint 与 passenger-only 控制权不同；删失行不可排名
exp06,E4__M4,E4,M4,1,800000,201.16597510373444,175.32365145228218,6.41908713692946,19.497925311203318,0.8033333333333333,False,3,,0.18801996672212976,0.81198003327787,,,serial_runs/uagmc_45x800k_T2_seed1_20260921_005821/E4__M4/analysis/checkpoint_curve.csv,,,,,,,,没有本矩阵独立 UAGMC 分支；Joint 与 passenger-only 控制权不同；删失行不可排名
exp06,E5__M0,E5,M0,1,50000,224.08411214953267,198.49065420560748,6.341121495327104,19.33644859813084,0.7133333333333334,False,3,,0.043261231281198,0.956738768718802,,,serial_runs/uagmc_45x800k_T2_seed1_20260921_005821/E5__M0/analysis/checkpoint_curve.csv,,,,,,,,没有本矩阵独立 UAGMC 分支；Joint 与 passenger-only 控制权不同；删失行不可排名
exp06,E5__M0,E5,M0,1,100000,204.20425531914893,178.30212765957447,6.514893617021277,19.459574468085105,0.7833333333333333,False,3,,0.05823627287853577,0.9417637271214643,,,serial_runs/uagmc_45x800k_T2_seed1_20260921_005821/E5__M0/analysis/checkpoint_curve.csv,,,,,,,,没有本矩阵独立 UAGMC 分支；Joint 与 passenger-only 控制权不同；删失行不可排名
exp06,E5__M0,E5,M0,1,150000,199.8403361344538,173.89915966386556,6.491596638655462,19.537815126050422,0.7933333333333333,False,3,,0.43427620632279534,0.5657237936772047,,,serial_runs/uagmc_45x800k_T2_seed1_20260921_005821/E5__M0/analysis/checkpoint_curve.csv,,,,,,,,没有本矩阵独立 UAGMC 分支；Joint 与 passenger-only 控制权不同；删失行不可排名
exp06,E5__M0,E5,M0,1,200000,217.26905829596413,191.5829596412556,6.354260089686098,19.41255605381166,0.7433333333333333,False,3,,0.08485856905158069,0.9151414309484193,,,serial_runs/uagmc_45x800k_T2_seed1_20260921_005821/E5__M0/analysis/checkpoint_curve.csv,,,,,,,,没有本矩阵独立 UAGMC 分支；Joint 与 passenger-only 控制权不同；删失行不可排名
exp06,E5__M0,E5,M0,1,250000,201.98319327731096,175.33193277310923,6.735294117647059,20.008403361344538,0.7933333333333333,False,3,,0.47088186356073214,0.5291181364392679,,,serial_runs/uagmc_45x800k_T2_seed1_20260921_005821/E5__M0/analysis/checkpoint_curve.csv,,,,,,,,没有本矩阵独立 UAGMC 分支；Joint 与 passenger-only 控制权不同；删失行不可排名
exp06,E5__M0,E5,M0,1,300000,198.60833333333332,172.1291666666667,6.620833333333334,19.916666666666668,0.8000000000000002,False,3,,0.38435940099833604,0.6156405990016639,,,serial_runs/uagmc_45x800k_T2_seed1_20260921_005821/E5__M0/analysis/checkpoint_curve.csv,,,,,,,,没有本矩阵独立 UAGMC 分支；Joint 与 passenger-only 控制权不同；删失行不可排名
exp06,E5__M0,E5,M0,1,350000,200.70901639344262,174.10245901639345,6.672131147540983,19.9672131147541,0.8133333333333334,False,3,,0.38602329450915135,0.6139767054908486,,,serial_runs/uagmc_45x800k_T2_seed1_20260921_005821/E5__M0/analysis/checkpoint_curve.csv,,,,,,,,没有本矩阵独立 UAGMC 分支；Joint 与 passenger-only 控制权不同；删失行不可排名
exp06,E5__M0,E5,M0,1,400000,205.27731092436974,179.23949579831933,6.609243697478991,19.50420168067227,0.7933333333333333,False,3,,0.1497504159733777,0.8502495840266223,,,serial_runs/uagmc_45x800k_T2_seed1_20260921_005821/E5__M0/analysis/checkpoint_curve.csv,,,,,,,,没有本矩阵独立 UAGMC 分支；Joint 与 passenger-only 控制权不同；删失行不可排名
exp06,E5__M0,E5,M0,1,450000,195.99166666666667,170.14166666666668,6.400000000000001,19.5,0.8000000000000002,False,3,,0.09816971713810314,0.9018302828618968,,,serial_runs/uagmc_45x800k_T2_seed1_20260921_005821/E5__M0/analysis/checkpoint_curve.csv,,,,,,,,没有本矩阵独立 UAGMC 分支；Joint 与 passenger-only 控制权不同；删失行不可排名
exp06,E5__M0,E5,M0,1,500000,197.85,171.9416666666667,6.454166666666667,19.5,0.8000000000000002,False,3,,0.16971713810316139,0.8302828618968386,,,serial_runs/uagmc_45x800k_T2_seed1_20260921_005821/E5__M0/analysis/checkpoint_curve.csv,,,,,,,,没有本矩阵独立 UAGMC 分支；Joint 与 passenger-only 控制权不同；删失行不可排名
exp06,E5__M0,E5,M0,1,550000,198.33333333333334,172.41666666666666,6.458333333333333,19.5,0.8000000000000002,False,3,,0.173044925124792,0.826955074875208,,,serial_runs/uagmc_45x800k_T2_seed1_20260921_005821/E5__M0/analysis/checkpoint_curve.csv,,,,,,,,没有本矩阵独立 UAGMC 分支；Joint 与 passenger-only 控制权不同；删失行不可排名
exp06,E5__M0,E5,M0,1,600000,200.1203319502075,174.28215767634856,6.394190871369294,19.497925311203318,0.8033333333333333,False,3,,0.15307820299500832,0.8469217970049917,,,serial_runs/uagmc_45x800k_T2_seed1_20260921_005821/E5__M0/analysis/checkpoint_curve.csv,,,,,,,,没有本矩阵独立 UAGMC 分支；Joint 与 passenger-only 控制权不同；删失行不可排名
exp06,E5__M0,E5,M0,1,650000,203.26778242677824,177.36820083682008,6.464435146443516,19.502092050209207,0.7966666666666665,False,3,,0.2129783693843594,0.7870216306156405,,,serial_runs/uagmc_45x800k_T2_seed1_20260921_005821/E5__M0/analysis/checkpoint_curve.csv,,,,,,,,没有本矩阵独立 UAGMC 分支；Joint 与 passenger-only 控制权不同；删失行不可排名
exp06,E5__M0,E5,M0,1,700000,203.836820083682,177.907949790795,6.493723849372384,19.502092050209207,0.7966666666666665,False,3,,0.1464226289517471,0.8535773710482529,,,serial_runs/uagmc_45x800k_T2_seed1_20260921_005821/E5__M0/analysis/checkpoint_curve.csv,,,,,,,,没有本矩阵独立 UAGMC 分支；Joint 与 passenger-only 控制权不同；删失行不可排名
exp06,E5__M0,E5,M0,1,750000,204.69874476987448,178.7489539748954,6.518828451882844,19.502092050209207,0.7966666666666665,False,3,,0.18136439267886853,0.8186356073211315,,,serial_runs/uagmc_45x800k_T2_seed1_20260921_005821/E5__M0/analysis/checkpoint_curve.csv,,,,,,,,没有本矩阵独立 UAGMC 分支；Joint 与 passenger-only 控制权不同；删失行不可排名
exp06,E5__M0,E5,M0,1,800000,204.1983122362869,178.2194092827004,6.548523206751054,19.50632911392405,0.79,False,3,,0.1747088186356073,0.8252911813643927,,,serial_runs/uagmc_45x800k_T2_seed1_20260921_005821/E5__M0/analysis/checkpoint_curve.csv,,,,,,,,没有本矩阵独立 UAGMC 分支；Joint 与 passenger-only 控制权不同；删失行不可排名
exp06,E5__M1,E5,M1,1,50000,269.4188034188034,244.39316239316238,5.965811965811966,19.068376068376068,0.38999999999999996,False,3,,0.0033277870216306157,0.9966722129783694,,,serial_runs/uagmc_45x800k_T2_seed1_20260921_005821/E5__M1/analysis/checkpoint_curve.csv,,,,,,,,没有本矩阵独立 UAGMC 分支；Joint 与 passenger-only 控制权不同；删失行不可排名
exp06,E5__M1,E5,M1,1,100000,258.8508287292818,233.4254143646409,6.220994475138123,19.265193370165747,0.6033333333333334,False,3,,0.019966722129783693,0.9800332778702163,,,serial_runs/uagmc_45x800k_T2_seed1_20260921_005821/E5__M1/analysis/checkpoint_curve.csv,,,,,,,,没有本矩阵独立 UAGMC 分支；Joint 与 passenger-only 控制权不同；删失行不可排名
exp06,E5__M1,E5,M1,1,150000,244.44600938967133,218.70892018779344,6.300469483568075,19.56338028169014,0.71,False,3,,0.1048252911813644,0.8951747088186356,,,serial_runs/uagmc_45x800k_T2_seed1_20260921_005821/E5__M1/analysis/checkpoint_curve.csv,,,,,,,,没有本矩阵独立 UAGMC 分支；Joint 与 passenger-only 控制权不同；删失行不可排名
exp06,E5__M1,E5,M1,1,200000,244.35406698564597,218.6602870813397,6.239234449760765,19.574162679425836,0.6966666666666667,False,3,,0.30282861896838603,0.6971713810316139,,,serial_runs/uagmc_45x800k_T2_seed1_20260921_005821/E5__M1/analysis/checkpoint_curve.csv,,,,,,,,没有本矩阵独立 UAGMC 分支；Joint 与 passenger-only 控制权不同；删失行不可排名
exp06,E5__M1,E5,M1,1,250000,232.8243243243243,207.04954954954954,6.346846846846847,19.54054054054054,0.7399999999999999,False,3,,0.4559068219633943,0.5440931780366056,,,serial_runs/uagmc_45x800k_T2_seed1_20260921_005821/E5__M1/analysis/checkpoint_curve.csv,,,,,,,,没有本矩阵独立 UAGMC 分支；Joint 与 passenger-only 控制权不同；删失行不可排名
exp06,E5__M1,E5,M1,1,300000,227.0,201.24336283185843,6.345132743362832,19.530973451327434,0.7533333333333333,False,3,,0.33610648918469216,0.6638935108153078,,,serial_runs/uagmc_45x800k_T2_seed1_20260921_005821/E5__M1/analysis/checkpoint_curve.csv,,,,,,,,没有本矩阵独立 UAGMC 分支；Joint 与 passenger-only 控制权不同；删失行不可排名
exp06,E5__M1,E5,M1,1,350000,218.1048034934498,192.2183406113537,6.475982532751092,19.524017467248907,0.7633333333333333,False,3,,0.3427620632279534,0.6572379367720466,,,serial_runs/uagmc_45x800k_T2_seed1_20260921_005821/E5__M1/analysis/checkpoint_curve.csv,,,,,,,,没有本矩阵独立 UAGMC 分支；Joint 与 passenger-only 控制权不同；删失行不可排名
exp06,E5__M1,E5,M1,1,400000,211.73931623931625,185.74786324786325,6.576923076923077,19.512820512820515,0.7799999999999999,False,3,,0.35773710482529114,0.6422628951747088,,,serial_runs/uagmc_45x800k_T2_seed1_20260921_005821/E5__M1/analysis/checkpoint_curve.csv,,,,,,,,没有本矩阵独立 UAGMC 分支；Joint 与 passenger-only 控制权不同；删失行不可排名
exp06,E5__M1,E5,M1,1,450000,206.042194092827,180.30379746835442,6.337552742616034,19.50632911392405,0.79,False,3,,0.3743760399334442,0.6256239600665557,,,serial_runs/uagmc_45x800k_T2_seed1_20260921_005821/E5__M1/analysis/checkpoint_curve.csv,,,,,,,,没有本矩阵独立 UAGMC 分支；Joint 与 passenger-only 控制权不同；删失行不可排名
exp06,E5__M1,E5,M1,1,500000,201.4560669456067,175.7112970711297,6.330543933054393,19.502092050209207,0.7966666666666665,False,3,,0.36272878535773706,0.6372712146422629,,,serial_runs/uagmc_45x800k_T2_seed1_20260921_005821/E5__M1/analysis/checkpoint_curve.csv,,,,,,,,没有本矩阵独立 UAGMC 分支；Joint 与 passenger-only 控制权不同；删失行不可排名
exp06,E5__M1,E5,M1,1,550000,197.50627615062763,171.68619246861923,6.372384937238493,19.502092050209207,0.7966666666666665,False,3,,0.3144758735440932,0.6855241264559068,,,serial_runs/uagmc_45x800k_T2_seed1_20260921_005821/E5__M1/analysis/checkpoint_curve.csv,,,,,,,,没有本矩阵独立 UAGMC 分支；Joint 与 passenger-only 控制权不同；删失行不可排名
exp06,E5__M1,E5,M1,1,600000,195.19087136929457,169.40248962655602,6.323651452282157,19.497925311203318,0.8033333333333333,False,3,,0.33277870216306155,0.6672212978369384,,,serial_runs/uagmc_45x800k_T2_seed1_20260921_005821/E5__M1/analysis/checkpoint_curve.csv,,,,,,,,没有本矩阵独立 UAGMC 分支；Joint 与 passenger-only 控制权不同；删失行不可排名
exp06,E5__M1,E5,M1,1,650000,196.90376569037656,171.24267782426782,6.2552301255230125,19.502092050209207,0.7966666666666665,False,3,,0.346089850249584,0.653910149750416,,,serial_runs/uagmc_45x800k_T2_seed1_20260921_005821/E5__M1/analysis/checkpoint_curve.csv,,,,,,,,没有本矩阵独立 UAGMC 分支；Joint 与 passenger-only 控制权不同；删失行不可排名
exp06,E5__M1,E5,M1,1,700000,198.42738589211618,172.701244813278,6.327800829875518,19.497925311203318,0.8033333333333333,False,3,,0.33444259567387685,0.6655574043261231,,,serial_runs/uagmc_45x800k_T2_seed1_20260921_005821/E5__M1/analysis/checkpoint_curve.csv,,,,,,,,没有本矩阵独立 UAGMC 分支；Joint 与 passenger-only 控制权不同；删失行不可排名
exp06,E5__M1,E5,M1,1,750000,196.78838174273858,171.0,6.33609958506224,19.497925311203318,0.8033333333333333,False,3,,0.38269550748752074,0.6173044925124792,,,serial_runs/uagmc_45x800k_T2_seed1_20260921_005821/E5__M1/analysis/checkpoint_curve.csv,,,,,,,,没有本矩阵独立 UAGMC 分支；Joint 与 passenger-only 控制权不同；删失行不可排名
exp06,E5__M1,E5,M1,1,800000,196.83817427385893,171.04564315352698,6.327800829875518,19.497925311203318,0.8033333333333333,False,3,,0.2961730449251248,0.7038269550748751,,,serial_runs/uagmc_45x800k_T2_seed1_20260921_005821/E5__M1/analysis/checkpoint_curve.csv,,,,,,,,没有本矩阵独立 UAGMC 分支；Joint 与 passenger-only 控制权不同；删失行不可排名
exp06,E5__M2,E5,M2,1,50000,265.58666666666664,240.35333333333332,6.086666666666667,19.186666666666667,0.5,False,3,,0.014975041597337771,0.9850249584026622,,,serial_runs/uagmc_45x800k_T2_seed1_20260921_005821/E5__M2/analysis/checkpoint_curve.csv,,,,,,,,没有本矩阵独立 UAGMC 分支；Joint 与 passenger-only 控制权不同；删失行不可排名
exp06,E5__M2,E5,M2,1,100000,212.6752136752137,186.82905982905982,6.4102564102564115,19.512820512820515,0.7799999999999999,False,3,,0.06156405990016639,0.9384359400998337,,,serial_runs/uagmc_45x800k_T2_seed1_20260921_005821/E5__M2/analysis/checkpoint_curve.csv,,,,,,,,没有本矩阵独立 UAGMC 分支；Joint 与 passenger-only 控制权不同；删失行不可排名
exp06,E5__M2,E5,M2,1,150000,201.02928870292888,175.18828451882845,6.422594142259414,19.502092050209207,0.7966666666666665,False,3,,0.08153078202995008,0.9184692179700499,,,serial_runs/uagmc_45x800k_T2_seed1_20260921_005821/E5__M2/analysis/checkpoint_curve.csv,,,,,,,,没有本矩阵独立 UAGMC 分支；Joint 与 passenger-only 控制权不同；删失行不可排名
exp06,E5__M2,E5,M2,1,200000,197.88702928870293,172.1171548117155,6.317991631799163,19.502092050209207,0.7966666666666665,False,3,,0.11314475873544093,0.8868552412645591,,,serial_runs/uagmc_45x800k_T2_seed1_20260921_005821/E5__M2/analysis/checkpoint_curve.csv,,,,,,,,没有本矩阵独立 UAGMC 分支；Joint 与 passenger-only 控制权不同；删失行不可排名
exp06,E5__M2,E5,M2,1,250000,199.44769874476984,173.60669456066947,6.372384937238493,19.502092050209207,0.7966666666666665,False,3,,0.129783693843594,0.870216306156406,,,serial_runs/uagmc_45x800k_T2_seed1_20260921_005821/E5__M2/analysis/checkpoint_curve.csv,,,,,,,,没有本矩阵独立 UAGMC 分支；Joint 与 passenger-only 控制权不同；删失行不可排名
exp06,E5__M2,E5,M2,1,300000,195.38912133891213,169.22594142259413,6.707112970711297,19.518828451882847,0.7966666666666665,False,3,,0.33444259567387685,0.6655574043261231,,,serial_runs/uagmc_45x800k_T2_seed1_20260921_005821/E5__M2/analysis/checkpoint_curve.csv,,,,,,,,没有本矩阵独立 UAGMC 分支；Joint 与 passenger-only 控制权不同；删失行不可排名
exp06,E5__M2,E5,M2,1,350000,201.83402489626556,175.05394190871368,6.9004149377593365,19.929460580912863,0.8033333333333333,False,3,,0.47587354409317806,0.5241264559068219,,,serial_runs/uagmc_45x800k_T2_seed1_20260921_005821/E5__M2/analysis/checkpoint_curve.csv,,,,,,,,没有本矩阵独立 UAGMC 分支；Joint 与 passenger-only 控制权不同；删失行不可排名
exp06,E5__M2,E5,M2,1,400000,196.64853556485355,170.8410041841004,6.359832635983263,19.502092050209207,0.7966666666666665,False,3,,0.3277870216306156,0.6722129783693843,,,serial_runs/uagmc_45x800k_T2_seed1_20260921_005821/E5__M2/analysis/checkpoint_curve.csv,,,,,,,,没有本矩阵独立 UAGMC 分支；Joint 与 passenger-only 控制权不同；删失行不可排名
exp06,E5__M2,E5,M2,1,450000,198.22594142259413,172.40167364016736,6.380753138075314,19.502092050209207,0.7966666666666665,False,3,,0.2079866888519135,0.7920133111480864,,,serial_runs/uagmc_45x800k_T2_seed1_20260921_005821/E5__M2/analysis/checkpoint_curve.csv,,,,,,,,没有本矩阵独立 UAGMC 分支；Joint 与 passenger-only 控制权不同；删失行不可排名
exp06,E5__M2,E5,M2,1,500000,197.4393305439331,171.51882845188285,6.464435146443516,19.502092050209207,0.7966666666666665,False,3,,0.2911813643926789,0.7088186356073211,,,serial_runs/uagmc_45x800k_T2_seed1_20260921_005821/E5__M2/analysis/checkpoint_curve.csv,,,,,,,,没有本矩阵独立 UAGMC 分支；Joint 与 passenger-only 控制权不同；删失行不可排名
exp06,E5__M2,E5,M2,1,550000,199.00829875518673,173.05809128630708,6.506224066390042,19.497925311203318,0.8033333333333333,False,3,,0.33444259567387685,0.6655574043261231,,,serial_runs/uagmc_45x800k_T2_seed1_20260921_005821/E5__M2/analysis/checkpoint_curve.csv,,,,,,,,没有本矩阵独立 UAGMC 分支；Joint 与 passenger-only 控制权不同；删失行不可排名
exp06,E5__M2,E5,M2,1,600000,198.05020920502093,172.10041841004184,6.497907949790796,19.502092050209207,0.7966666666666665,False,3,,0.27121464226289516,0.7287853577371047,,,serial_runs/uagmc_45x800k_T2_seed1_20260921_005821/E5__M2/analysis/checkpoint_curve.csv,,,,,,,,没有本矩阵独立 UAGMC 分支；Joint 与 passenger-only 控制权不同；删失行不可排名
exp06,E5__M2,E5,M2,1,650000,198.3375,172.4,6.454166666666667,19.5,0.8000000000000002,False,3,,0.3211314475873544,0.6788685524126455,,,serial_runs/uagmc_45x800k_T2_seed1_20260921_005821/E5__M2/analysis/checkpoint_curve.csv,,,,,,,,没有本矩阵独立 UAGMC 分支；Joint 与 passenger-only 控制权不同；删失行不可排名
exp06,E5__M2,E5,M2,1,700000,198.39166666666668,172.475,6.454166666666667,19.5,0.8000000000000002,False,3,,0.30282861896838603,0.6971713810316139,,,serial_runs/uagmc_45x800k_T2_seed1_20260921_005821/E5__M2/analysis/checkpoint_curve.csv,,,,,,,,没有本矩阵独立 UAGMC 分支；Joint 与 passenger-only 控制权不同；删失行不可排名
exp06,E5__M2,E5,M2,1,750000,198.05416666666667,172.0583333333333,6.520833333333333,19.5,0.8000000000000002,False,3,,0.3161397670549085,0.6838602329450915,,,serial_runs/uagmc_45x800k_T2_seed1_20260921_005821/E5__M2/analysis/checkpoint_curve.csv,,,,,,,,没有本矩阵独立 UAGMC 分支；Joint 与 passenger-only 控制权不同；删失行不可排名
exp06,E5__M2,E5,M2,1,800000,198.51046025104606,172.51046025104606,6.543933054393306,19.502092050209207,0.7966666666666665,False,3,,0.3194675540765391,0.6805324459234608,,,serial_runs/uagmc_45x800k_T2_seed1_20260921_005821/E5__M2/analysis/checkpoint_curve.csv,,,,,,,,没有本矩阵独立 UAGMC 分支；Joint 与 passenger-only 控制权不同；删失行不可排名
exp06,E5__M3,E5,M3,1,50000,278.8333333333333,253.69047619047623,6.0476190476190474,19.126984126984127,0.42,False,3,,0.008319467554076539,0.9916805324459235,,,serial_runs/uagmc_45x800k_T2_seed1_20260921_005821/E5__M3/analysis/checkpoint_curve.csv,,,,,,,,没有本矩阵独立 UAGMC 分支；Joint 与 passenger-only 控制权不同；删失行不可排名
exp06,E5__M3,E5,M3,1,100000,264.7795275590551,239.61417322834646,6.078740157480315,19.094488188976378,0.42333333333333334,False,3,,0.016638935108153077,0.9833610648918469,,,serial_runs/uagmc_45x800k_T2_seed1_20260921_005821/E5__M3/analysis/checkpoint_curve.csv,,,,,,,,没有本矩阵独立 UAGMC 分支；Joint 与 passenger-only 控制权不同；删失行不可排名
exp06,E5__M3,E5,M3,1,150000,202.0464135021097,176.13924050632912,6.497890295358649,19.50632911392405,0.79,False,3,,0.3144758735440932,0.6855241264559068,,,serial_runs/uagmc_45x800k_T2_seed1_20260921_005821/E5__M3/analysis/checkpoint_curve.csv,,,,,,,,没有本矩阵独立 UAGMC 分支；Joint 与 passenger-only 控制权不同；删失行不可排名
exp06,E5__M3,E5,M3,1,200000,207.78205128205127,181.96581196581192,6.401709401709401,19.512820512820515,0.7799999999999999,False,3,,0.35440931780366053,0.6455906821963394,,,serial_runs/uagmc_45x800k_T2_seed1_20260921_005821/E5__M3/analysis/checkpoint_curve.csv,,,,,,,,没有本矩阵独立 UAGMC 分支；Joint 与 passenger-only 控制权不同；删失行不可排名
exp06,E5__M3,E5,M3,1,250000,206.02531645569624,180.27426160337552,6.337552742616034,19.50632911392405,0.79,False,3,,0.3011647254575707,0.6988352745424292,,,serial_runs/uagmc_45x800k_T2_seed1_20260921_005821/E5__M3/analysis/checkpoint_curve.csv,,,,,,,,没有本矩阵独立 UAGMC 分支；Joint 与 passenger-only 控制权不同；删失行不可排名
exp06,E5__M3,E5,M3,1,300000,204.10126582278477,178.28270042194092,6.39662447257384,19.50632911392405,0.79,False,3,,0.3277870216306156,0.6722129783693843,,,serial_runs/uagmc_45x800k_T2_seed1_20260921_005821/E5__M3/analysis/checkpoint_curve.csv,,,,,,,,没有本矩阵独立 UAGMC 分支；Joint 与 passenger-only 控制权不同；删失行不可排名
exp06,E5__M3,E5,M3,1,350000,199.70711297071134,173.8326359832636,6.472803347280336,19.502092050209207,0.7966666666666665,False,3,,0.4026622296173044,0.5973377703826955,,,serial_runs/uagmc_45x800k_T2_seed1_20260921_005821/E5__M3/analysis/checkpoint_curve.csv,,,,,,,,没有本矩阵独立 UAGMC 分支；Joint 与 passenger-only 控制权不同；删失行不可排名
exp06,E5__M3,E5,M3,1,400000,206.25316455696202,180.51898734177215,6.341772151898734,19.50632911392405,0.79,False,3,,0.35440931780366053,0.6455906821963394,,,serial_runs/uagmc_45x800k_T2_seed1_20260921_005821/E5__M3/analysis/checkpoint_curve.csv,,,,,,,,没有本矩阵独立 UAGMC 分支；Joint 与 passenger-only 控制权不同；删失行不可排名
exp06,E5__M3,E5,M3,1,450000,201.4058577405858,175.4225941422594,6.589958158995816,19.502092050209207,0.7966666666666665,False,3,,0.38103161397670543,0.6189683860232945,,,serial_runs/uagmc_45x800k_T2_seed1_20260921_005821/E5__M3/analysis/checkpoint_curve.csv,,,,,,,,没有本矩阵独立 UAGMC 分支；Joint 与 passenger-only 控制权不同；删失行不可排名
exp06,E5__M3,E5,M3,1,500000,200.8786610878661,175.01255230125523,6.468619246861924,19.502092050209207,0.7966666666666665,False,3,,0.38435940099833604,0.6156405990016639,,,serial_runs/uagmc_45x800k_T2_seed1_20260921_005821/E5__M3/analysis/checkpoint_curve.csv,,,,,,,,没有本矩阵独立 UAGMC 分支；Joint 与 passenger-only 控制权不同；删失行不可排名
exp06,E5__M3,E5,M3,1,550000,198.89121338912136,173.02510460251042,6.468619246861924,19.502092050209207,0.7966666666666665,False,3,,0.4226289517470882,0.5773710482529119,,,serial_runs/uagmc_45x800k_T2_seed1_20260921_005821/E5__M3/analysis/checkpoint_curve.csv,,,,,,,,没有本矩阵独立 UAGMC 分支；Joint 与 passenger-only 控制权不同；删失行不可排名
exp06,E5__M3,E5,M3,1,600000,198.97489539748958,173.19246861924685,6.372384937238493,19.502092050209207,0.7966666666666665,False,3,,0.4509151414309484,0.5490848585690515,,,serial_runs/uagmc_45x800k_T2_seed1_20260921_005821/E5__M3/analysis/checkpoint_curve.csv,,,,,,,,没有本矩阵独立 UAGMC 分支；Joint 与 passenger-only 控制权不同；删失行不可排名
exp06,E5__M3,E5,M3,1,650000,198.50622406639005,172.6265560165975,6.443983402489626,19.497925311203318,0.8033333333333333,False,3,,0.46755407653910147,0.5324459234608985,,,serial_runs/uagmc_45x800k_T2_seed1_20260921_005821/E5__M3/analysis/checkpoint_curve.csv,,,,,,,,没有本矩阵独立 UAGMC 分支；Joint 与 passenger-only 控制权不同；删失行不可排名
exp06,E5__M3,E5,M3,1,700000,198.04149377593362,172.2157676348548,6.37759336099585,19.497925311203318,0.8033333333333333,False,3,,0.2961730449251248,0.7038269550748751,,,serial_runs/uagmc_45x800k_T2_seed1_20260921_005821/E5__M3/analysis/checkpoint_curve.csv,,,,,,,,没有本矩阵独立 UAGMC 分支；Joint 与 passenger-only 控制权不同；删失行不可排名
exp06,E5__M3,E5,M3,1,750000,199.43983402489627,173.77178423236515,6.211618257261411,19.497925311203318,0.8033333333333333,False,3,,0.26955074875207985,0.73044925124792,,,serial_runs/uagmc_45x800k_T2_seed1_20260921_005821/E5__M3/analysis/checkpoint_curve.csv,,,,,,,,没有本矩阵独立 UAGMC 分支；Joint 与 passenger-only 控制权不同；删失行不可排名
exp06,E5__M3,E5,M3,1,800000,202.5677966101695,176.83898305084745,6.3474576271186445,19.45762711864407,0.7866666666666666,False,3,,0.23960066555740434,0.7603993344425956,,,serial_runs/uagmc_45x800k_T2_seed1_20260921_005821/E5__M3/analysis/checkpoint_curve.csv,,,,,,,,没有本矩阵独立 UAGMC 分支；Joint 与 passenger-only 控制权不同；删失行不可排名
exp06,E5__M4,E5,M4,1,50000,201.2240663900415,175.38174273858922,6.448132780082989,19.497925311203318,0.8033333333333333,False,3,,0.09317803660565722,0.9068219633943427,,,serial_runs/uagmc_45x800k_T2_seed1_20260921_005821/E5__M4/analysis/checkpoint_curve.csv,,,,,,,,没有本矩阵独立 UAGMC 分支；Joint 与 passenger-only 控制权不同；删失行不可排名
exp06,E5__M4,E5,M4,1,100000,196.01249999999996,169.975,6.587500000000001,19.5,0.8000000000000002,False,3,,0.3777038269550748,0.6222961730449251,,,serial_runs/uagmc_45x800k_T2_seed1_20260921_005821/E5__M4/analysis/checkpoint_curve.csv,,,,,,,,没有本矩阵独立 UAGMC 分支；Joint 与 passenger-only 控制权不同；删失行不可排名
exp06,E5__M4,E5,M4,1,150000,195.24279835390948,168.98765432098764,6.703703703703703,19.5761316872428,0.81,False,3,,0.21963394342762063,0.7803660565723792,,,serial_runs/uagmc_45x800k_T2_seed1_20260921_005821/E5__M4/analysis/checkpoint_curve.csv,,,,,,,,没有本矩阵独立 UAGMC 分支；Joint 与 passenger-only 控制权不同；删失行不可排名
exp06,E5__M4,E5,M4,1,200000,192.8796680497925,166.78008298755188,6.605809128630706,19.497925311203318,0.8033333333333333,False,3,,0.28452579034941766,0.7154742096505823,,,serial_runs/uagmc_45x800k_T2_seed1_20260921_005821/E5__M4/analysis/checkpoint_curve.csv,,,,,,,,没有本矩阵独立 UAGMC 分支；Joint 与 passenger-only 控制权不同；删失行不可排名
exp06,E5__M4,E5,M4,1,250000,197.725,171.6,6.675,19.5,0.8000000000000002,False,3,,0.1996672212978369,0.8003327787021629,,,serial_runs/uagmc_45x800k_T2_seed1_20260921_005821/E5__M4/analysis/checkpoint_curve.csv,,,,,,,,没有本矩阵独立 UAGMC 分支；Joint 与 passenger-only 控制权不同；删失行不可排名
exp06,E5__M4,E5,M4,1,300000,194.72199170124478,168.50622406639005,6.721991701244813,19.497925311203318,0.8033333333333333,False,3,,0.2146422628951747,0.7853577371048251,,,serial_runs/uagmc_45x800k_T2_seed1_20260921_005821/E5__M4/analysis/checkpoint_curve.csv,,,,,,,,没有本矩阵独立 UAGMC 分支；Joint 与 passenger-only 控制权不同；删失行不可排名
exp06,E5__M4,E5,M4,1,350000,193.48547717842322,167.4896265560166,6.50207468879668,19.497925311203318,0.8033333333333333,False,3,,0.27121464226289516,0.7287853577371047,,,serial_runs/uagmc_45x800k_T2_seed1_20260921_005821/E5__M4/analysis/checkpoint_curve.csv,,,,,,,,没有本矩阵独立 UAGMC 分支；Joint 与 passenger-only 控制权不同；删失行不可排名
exp06,E5__M4,E5,M4,1,400000,197.1203319502075,171.17427385892117,6.456431535269711,19.497925311203318,0.8033333333333333,False,3,,0.1713810316139767,0.8286189683860233,,,serial_runs/uagmc_45x800k_T2_seed1_20260921_005821/E5__M4/analysis/checkpoint_curve.csv,,,,,,,,没有本矩阵独立 UAGMC 分支；Joint 与 passenger-only 控制权不同；删失行不可排名
exp06,E5__M4,E5,M4,1,450000,196.7842323651452,170.78008298755188,6.510373443983402,19.497925311203318,0.8033333333333333,False,3,,0.27121464226289516,0.7287853577371047,,,serial_runs/uagmc_45x800k_T2_seed1_20260921_005821/E5__M4/analysis/checkpoint_curve.csv,,,,,,,,没有本矩阵独立 UAGMC 分支；Joint 与 passenger-only 控制权不同；删失行不可排名
exp06,E5__M4,E5,M4,1,500000,197.28333333333333,171.2875,6.537499999999999,19.5,0.8000000000000002,False,3,,0.2928452579034942,0.7071547420965058,,,serial_runs/uagmc_45x800k_T2_seed1_20260921_005821/E5__M4/analysis/checkpoint_curve.csv,,,,,,,,没有本矩阵独立 UAGMC 分支；Joint 与 passenger-only 控制权不同；删失行不可排名
exp06,E5__M4,E5,M4,1,550000,198.69294605809128,172.77178423236515,6.456431535269711,19.497925311203318,0.8033333333333333,False,3,,0.3227953410981697,0.6772046589018302,,,serial_runs/uagmc_45x800k_T2_seed1_20260921_005821/E5__M4/analysis/checkpoint_curve.csv,,,,,,,,没有本矩阵独立 UAGMC 分支；Joint 与 passenger-only 控制权不同；删失行不可排名
exp06,E5__M4,E5,M4,1,600000,197.7136929460581,171.70954356846474,6.5269709543568455,19.497925311203318,0.8033333333333333,False,3,,0.30282861896838603,0.6971713810316139,,,serial_runs/uagmc_45x800k_T2_seed1_20260921_005821/E5__M4/analysis/checkpoint_curve.csv,,,,,,,,没有本矩阵独立 UAGMC 分支；Joint 与 passenger-only 控制权不同；删失行不可排名
exp06,E5__M4,E5,M4,1,650000,198.08713692946057,172.13278008298755,6.506224066390042,19.497925311203318,0.8033333333333333,False,3,,0.24126455906821964,0.7587354409317802,,,serial_runs/uagmc_45x800k_T2_seed1_20260921_005821/E5__M4/analysis/checkpoint_curve.csv,,,,,,,,没有本矩阵独立 UAGMC 分支；Joint 与 passenger-only 控制权不同；删失行不可排名
exp06,E5__M4,E5,M4,1,700000,199.57261410788382,173.60165975103735,6.5352697095435675,19.497925311203318,0.8033333333333333,False,3,,0.259567387687188,0.7404326123128119,,,serial_runs/uagmc_45x800k_T2_seed1_20260921_005821/E5__M4/analysis/checkpoint_curve.csv,,,,,,,,没有本矩阵独立 UAGMC 分支；Joint 与 passenger-only 控制权不同；删失行不可排名
exp06,E5__M4,E5,M4,1,750000,197.58921161825728,171.63070539419087,6.506224066390042,19.497925311203318,0.8033333333333333,False,3,,0.33610648918469216,0.6638935108153078,,,serial_runs/uagmc_45x800k_T2_seed1_20260921_005821/E5__M4/analysis/checkpoint_curve.csv,,,,,,,,没有本矩阵独立 UAGMC 分支；Joint 与 passenger-only 控制权不同；删失行不可排名
exp06,E5__M4,E5,M4,1,800000,198.13692946058094,172.07468879668053,6.593360995850621,19.497925311203318,0.8033333333333333,False,3,,0.2529118136439268,0.7470881863560731,,,serial_runs/uagmc_45x800k_T2_seed1_20260921_005821/E5__M4/analysis/checkpoint_curve.csv,,,,,,,,没有本矩阵独立 UAGMC 分支；Joint 与 passenger-only 控制权不同；删失行不可排名
exp06,J0__M0,J0,M0,1,50000,72.76190476190476,45.023809523809526,7.083333333333333,20.976190476190474,0.56,False,3,,0.03494176372712146,0.07653910149750416,,,serial_runs/uagmc_45x800k_T2_seed1_20260921_005821/J0__M0/analysis/checkpoint_curve.csv,,,,,,,,没有本矩阵独立 UAGMC 分支；Joint 与 passenger-only 控制权不同；删失行不可排名
exp06,J0__M0,J0,M0,1,100000,87.61111111111113,59.11616161616163,7.611111111111111,21.262626262626263,0.66,False,3,,0.3178036605657238,0.13810316139767054,,,serial_runs/uagmc_45x800k_T2_seed1_20260921_005821/J0__M0/analysis/checkpoint_curve.csv,,,,,,,,没有本矩阵独立 UAGMC 分支；Joint 与 passenger-only 控制权不同；删失行不可排名
exp06,J0__M0,J0,M0,1,150000,92.18128654970762,63.994152046783626,7.502923976608187,21.128654970760234,0.57,False,3,,0.05490848585690516,0.05324459234608985,,,serial_runs/uagmc_45x800k_T2_seed1_20260921_005821/J0__M0/analysis/checkpoint_curve.csv,,,,,,,,没有本矩阵独立 UAGMC 分支；Joint 与 passenger-only 控制权不同；删失行不可排名
exp06,J0__M0,J0,M0,1,200000,80.17880794701986,51.87417218543046,7.377483443708609,21.43708609271523,0.5033333333333333,False,3,,0.043261231281198,0.0632279534109817,,,serial_runs/uagmc_45x800k_T2_seed1_20260921_005821/J0__M0/analysis/checkpoint_curve.csv,,,,,,,,没有本矩阵独立 UAGMC 分支；Joint 与 passenger-only 控制权不同；删失行不可排名
exp06,J0__M0,J0,M0,1,250000,82.82758620689656,54.5448275862069,7.372413793103449,21.455172413793104,0.48333333333333334,False,3,,0.04658901830282861,0.38602329450915135,,,serial_runs/uagmc_45x800k_T2_seed1_20260921_005821/J0__M0/analysis/checkpoint_curve.csv,,,,,,,,没有本矩阵独立 UAGMC 分支；Joint 与 passenger-only 控制权不同；删失行不可排名
exp06,J0__M0,J0,M0,1,300000,77.42763157894737,49.23026315789474,7.328947368421052,21.44736842105263,0.5066666666666667,False,3,,0.06156405990016639,0.367720465890183,,,serial_runs/uagmc_45x800k_T2_seed1_20260921_005821/J0__M0/analysis/checkpoint_curve.csv,,,,,,,,没有本矩阵独立 UAGMC 分支；Joint 与 passenger-only 控制权不同；删失行不可排名
exp06,J0__M0,J0,M0,1,350000,74.63432835820896,46.32835820895522,7.440298507462686,21.417910447761198,0.4466666666666666,False,3,,0.04658901830282861,0.08153078202995008,,,serial_runs/uagmc_45x800k_T2_seed1_20260921_005821/J0__M0/analysis/checkpoint_curve.csv,,,,,,,,没有本矩阵独立 UAGMC 分支；Joint 与 passenger-only 控制权不同；删失行不可排名
exp06,J0__M0,J0,M0,1,400000,72.6319018404908,44.04907975460123,7.5705521472392645,21.552147239263803,0.5433333333333333,False,3,,0.07986688851913477,0.086522462562396,,,serial_runs/uagmc_45x800k_T2_seed1_20260921_005821/J0__M0/analysis/checkpoint_curve.csv,,,,,,,,没有本矩阵独立 UAGMC 分支；Joint 与 passenger-only 控制权不同；删失行不可排名
exp06,J0__M0,J0,M0,1,450000,87.5990099009901,58.87623762376237,7.554455445544554,21.495049504950497,0.6733333333333333,False,3,,0.10316139767054909,0.11980033277870217,,,serial_runs/uagmc_45x800k_T2_seed1_20260921_005821/J0__M0/analysis/checkpoint_curve.csv,,,,,,,,没有本矩阵独立 UAGMC 分支；Joint 与 passenger-only 控制权不同；删失行不可排名
exp06,J0__M0,J0,M0,1,500000,112.94491525423729,84.94915254237289,7.322033898305084,21.0,0.7866666666666666,False,3,,0.13976705490848584,0.09816971713810314,,,serial_runs/uagmc_45x800k_T2_seed1_20260921_005821/J0__M0/analysis/checkpoint_curve.csv,,,,,,,,没有本矩阵独立 UAGMC 分支；Joint 与 passenger-only 控制权不同；删失行不可排名
exp06,J0__M0,J0,M0,1,550000,74.40506329113924,45.87341772151899,7.7405063291139244,21.329113924050635,0.5266666666666666,False,3,,0.0632279534109817,0.07154742096505824,,,serial_runs/uagmc_45x800k_T2_seed1_20260921_005821/J0__M0/analysis/checkpoint_curve.csv,,,,,,,,没有本矩阵独立 UAGMC 分支；Joint 与 passenger-only 控制权不同；删失行不可排名
exp06,J0__M0,J0,M0,1,600000,74.35106382978724,46.037234042553195,7.462765957446808,21.340425531914892,0.6266666666666667,False,3,,0.08153078202995008,0.08485856905158069,,,serial_runs/uagmc_45x800k_T2_seed1_20260921_005821/J0__M0/analysis/checkpoint_curve.csv,,,,,,,,没有本矩阵独立 UAGMC 分支；Joint 与 passenger-only 控制权不同；删失行不可排名
exp06,J0__M0,J0,M0,1,650000,75.93464052287581,47.470588235294116,7.614379084967321,21.379084967320257,0.51,False,3,,0.051580698835274545,0.10149750415973376,,,serial_runs/uagmc_45x800k_T2_seed1_20260921_005821/J0__M0/analysis/checkpoint_curve.csv,,,,,,,,没有本矩阵独立 UAGMC 分支；Joint 与 passenger-only 控制权不同；删失行不可排名
exp06,J0__M0,J0,M0,1,700000,85.3875,57.04375000000001,7.575,21.275,0.5333333333333333,False,3,,0.06655574043261231,0.10981697171381032,,,serial_runs/uagmc_45x800k_T2_seed1_20260921_005821/J0__M0/analysis/checkpoint_curve.csv,,,,,,,,没有本矩阵独立 UAGMC 分支；Joint 与 passenger-only 控制权不同；删失行不可排名
exp06,J0__M0,J0,M0,1,750000,75.87837837837837,47.189189189189186,7.777027027027027,21.459459459459463,0.49333333333333335,False,3,,0.05490848585690516,0.4176372712146423,,,serial_runs/uagmc_45x800k_T2_seed1_20260921_005821/J0__M0/analysis/checkpoint_curve.csv,,,,,,,,没有本矩阵独立 UAGMC 分支；Joint 与 passenger-only 控制权不同；删失行不可排名
exp06,J0__M0,J0,M0,1,800000,74.62406015037594,46.150375939849624,7.706766917293233,21.31578947368421,0.44333333333333336,False,3,,0.056572379367720464,0.4026622296173044,,,serial_runs/uagmc_45x800k_T2_seed1_20260921_005821/J0__M0/analysis/checkpoint_curve.csv,,,,,,,,没有本矩阵独立 UAGMC 分支；Joint 与 passenger-only 控制权不同；删失行不可排名
exp06,J0__M1,J0,M1,1,50000,209.4,182.05238095238096,6.942857142857143,20.695238095238096,0.6999999999999998,False,3,,0.009983361064891847,0.10316139767054909,,,serial_runs/uagmc_45x800k_T2_seed1_20260921_005821/J0__M1/analysis/checkpoint_curve.csv,,,,,,,,没有本矩阵独立 UAGMC 分支；Joint 与 passenger-only 控制权不同；删失行不可排名
exp06,J0__M1,J0,M1,1,100000,55.71764705882353,27.399999999999995,7.2823529411764705,21.63529411764706,0.2833333333333333,False,3,,0.0,0.049916805324459225,,,serial_runs/uagmc_45x800k_T2_seed1_20260921_005821/J0__M1/analysis/checkpoint_curve.csv,,,,,,,,没有本矩阵独立 UAGMC 分支；Joint 与 passenger-only 控制权不同；删失行不可排名
exp06,J0__M1,J0,M1,1,150000,85.92805755395683,57.8705035971223,7.330935251798561,21.215827338129497,0.4633333333333333,False,3,,0.028286189683860232,0.08485856905158069,,,serial_runs/uagmc_45x800k_T2_seed1_20260921_005821/J0__M1/analysis/checkpoint_curve.csv,,,,,,,,没有本矩阵独立 UAGMC 分支；Joint 与 passenger-only 控制权不同；删失行不可排名
exp06,J0__M1,J0,M1,1,200000,83.46280991735537,55.52066115702479,7.1818181818181825,21.24793388429752,0.4033333333333333,False,3,,0.07653910149750416,0.08485856905158069,,,serial_runs/uagmc_45x800k_T2_seed1_20260921_005821/J0__M1/analysis/checkpoint_curve.csv,,,,,,,,没有本矩阵独立 UAGMC 分支；Joint 与 passenger-only 控制权不同；删失行不可排名
exp06,J0__M1,J0,M1,1,250000,78.19,50.12,7.29,21.32,0.3333333333333333,False,3,,0.024958402662229612,0.08985024958402661,,,serial_runs/uagmc_45x800k_T2_seed1_20260921_005821/J0__M1/analysis/checkpoint_curve.csv,,,,,,,,没有本矩阵独立 UAGMC 分支；Joint 与 passenger-only 控制权不同；删失行不可排名
exp06,J0__M1,J0,M1,1,300000,77.65178571428571,49.11607142857142,7.5625,21.571428571428573,0.37333333333333335,False,3,,0.03826955074875208,0.08985024958402661,,,serial_runs/uagmc_45x800k_T2_seed1_20260921_005821/J0__M1/analysis/checkpoint_curve.csv,,,,,,,,没有本矩阵独立 UAGMC 分支；Joint 与 passenger-only 控制权不同；删失行不可排名
exp06,J0__M1,J0,M1,1,350000,75.79816513761467,47.20183486238532,7.605504587155964,21.53211009174312,0.36333333333333334,False,3,,0.08985024958402661,0.09317803660565722,,,serial_runs/uagmc_45x800k_T2_seed1_20260921_005821/J0__M1/analysis/checkpoint_curve.csv,,,,,,,,没有本矩阵独立 UAGMC 分支；Joint 与 passenger-only 控制权不同；删失行不可排名
exp06,J0__M1,J0,M1,1,400000,95.10483870967742,67.23387096774194,7.225806451612903,21.161290322580644,0.41333333333333333,False,3,,0.07321131447587355,0.08153078202995008,,,serial_runs/uagmc_45x800k_T2_seed1_20260921_005821/J0__M1/analysis/checkpoint_curve.csv,,,,,,,,没有本矩阵独立 UAGMC 分支；Joint 与 passenger-only 控制权不同；删失行不可排名
exp06,J0__M1,J0,M1,1,450000,85.7,57.54545454545454,7.3090909090909095,21.363636363636363,0.36666666666666664,False,3,,0.0632279534109817,0.06988352745424292,,,serial_runs/uagmc_45x800k_T2_seed1_20260921_005821/J0__M1/analysis/checkpoint_curve.csv,,,,,,,,没有本矩阵独立 UAGMC 分支；Joint 与 passenger-only 控制权不同；删失行不可排名
exp06,J0__M1,J0,M1,1,500000,94.1311475409836,66.18852459016394,7.204918032786885,21.262295081967213,0.4066666666666667,False,3,,0.05823627287853577,0.08985024958402661,,,serial_runs/uagmc_45x800k_T2_seed1_20260921_005821/J0__M1/analysis/checkpoint_curve.csv,,,,,,,,没有本矩阵独立 UAGMC 分支；Joint 与 passenger-only 控制权不同；删失行不可排名
exp06,J0__M1,J0,M1,1,550000,103.448,75.48,7.208000000000001,21.24,0.4166666666666667,False,3,,0.09816971713810314,0.07321131447587355,,,serial_runs/uagmc_45x800k_T2_seed1_20260921_005821/J0__M1/analysis/checkpoint_curve.csv,,,,,,,,没有本矩阵独立 UAGMC 分支；Joint 与 passenger-only 控制权不同；删失行不可排名
exp06,J0__M1,J0,M1,1,600000,83.41228070175438,55.05263157894737,7.429824561403509,21.49122807017544,0.38000000000000006,False,3,,0.0632279534109817,0.09484193011647253,,,serial_runs/uagmc_45x800k_T2_seed1_20260921_005821/J0__M1/analysis/checkpoint_curve.csv,,,,,,,,没有本矩阵独立 UAGMC 分支；Joint 与 passenger-only 控制权不同；删失行不可排名
exp06,J0__M1,J0,M1,1,650000,71.31896551724138,43.10344827586207,7.301724137931035,21.482758620689655,0.38666666666666666,False,3,,0.04825291181364392,0.1064891846921797,,,serial_runs/uagmc_45x800k_T2_seed1_20260921_005821/J0__M1/analysis/checkpoint_curve.csv,,,,,,,,没有本矩阵独立 UAGMC 分支；Joint 与 passenger-only 控制权不同；删失行不可排名
exp06,J0__M1,J0,M1,1,700000,77.4608695652174,49.06956521739131,7.443478260869565,21.469565217391306,0.38333333333333336,False,3,,0.09151414309484192,0.09650582362728784,,,serial_runs/uagmc_45x800k_T2_seed1_20260921_005821/J0__M1/analysis/checkpoint_curve.csv,,,,,,,,没有本矩阵独立 UAGMC 分支；Joint 与 passenger-only 控制权不同；删失行不可排名
exp06,J0__M1,J0,M1,1,750000,69.13483146067416,40.60674157303371,7.49438202247191,21.606741573033712,0.2966666666666667,False,3,,0.044925124792013306,0.05324459234608985,,,serial_runs/uagmc_45x800k_T2_seed1_20260921_005821/J0__M1/analysis/checkpoint_curve.csv,,,,,,,,没有本矩阵独立 UAGMC 分支；Joint 与 passenger-only 控制权不同；删失行不可排名
exp06,J0__M1,J0,M1,1,800000,62.88073394495413,33.91743119266055,7.697247706422019,21.825688073394492,0.36333333333333334,False,3,,0.129783693843594,0.11314475873544093,,,serial_runs/uagmc_45x800k_T2_seed1_20260921_005821/J0__M1/analysis/checkpoint_curve.csv,,,,,,,,没有本矩阵独立 UAGMC 分支；Joint 与 passenger-only 控制权不同；删失行不可排名
exp06,J0__M2,J0,M2,1,50000,69.12626262626263,42.54040404040404,6.858585858585859,19.828282828282827,0.66,False,3,,0.47088186356073214,0.013311148086522463,,,serial_runs/uagmc_45x800k_T2_seed1_20260921_005821/J0__M2/analysis/checkpoint_curve.csv,,,,,,,,没有本矩阵独立 UAGMC 分支；Joint 与 passenger-only 控制权不同；删失行不可排名
exp06,J0__M2,J0,M2,1,100000,52.51724137931034,24.32758620689655,7.431034482758622,21.275862068965516,0.19333333333333333,False,3,,0.011647254575707153,0.03494176372712146,,,serial_runs/uagmc_45x800k_T2_seed1_20260921_005821/J0__M2/analysis/checkpoint_curve.csv,,,,,,,,没有本矩阵独立 UAGMC 分支；Joint 与 passenger-only 控制权不同；删失行不可排名
exp06,J0__M2,J0,M2,1,150000,81.02702702702703,52.2972972972973,7.756756756756757,21.486486486486488,0.36999999999999994,False,3,,0.014975041597337771,0.18968386023294506,,,serial_runs/uagmc_45x800k_T2_seed1_20260921_005821/J0__M2/analysis/checkpoint_curve.csv,,,,,,,,没有本矩阵独立 UAGMC 分支；Joint 与 passenger-only 控制权不同；删失行不可排名
exp06,J0__M2,J0,M2,1,200000,72.26086956521739,43.24347826086957,7.817391304347826,21.782608695652176,0.38333333333333336,False,3,,0.03161397670549085,0.5690515806988353,,,serial_runs/uagmc_45x800k_T2_seed1_20260921_005821/J0__M2/analysis/checkpoint_curve.csv,,,,,,,,没有本矩阵独立 UAGMC 分支；Joint 与 passenger-only 控制权不同；删失行不可排名
exp06,J0__M2,J0,M2,1,250000,82.19658119658119,53.05128205128205,8.034188034188034,21.735042735042736,0.38999999999999996,False,3,,0.029950083194675542,0.18968386023294506,,,serial_runs/uagmc_45x800k_T2_seed1_20260921_005821/J0__M2/analysis/checkpoint_curve.csv,,,,,,,,没有本矩阵独立 UAGMC 分支；Joint 与 passenger-only 控制权不同；删失行不可排名
exp06,J0__M2,J0,M2,1,300000,64.26923076923077,35.02307692307692,7.9461538461538455,21.923076923076923,0.43333333333333335,False,3,,0.44093178036605657,0.1281198003327787,,,serial_runs/uagmc_45x800k_T2_seed1_20260921_005821/J0__M2/analysis/checkpoint_curve.csv,,,,,,,,没有本矩阵独立 UAGMC 分支；Joint 与 passenger-only 控制权不同；删失行不可排名
exp06,J0__M2,J0,M2,1,350000,72.34920634920636,43.51587301587302,7.658730158730159,21.761904761904763,0.42,False,3,,0.06821963394342762,0.1281198003327787,,,serial_runs/uagmc_45x800k_T2_seed1_20260921_005821/J0__M2/analysis/checkpoint_curve.csv,,,,,,,,没有本矩阵独立 UAGMC 分支；Joint 与 passenger-only 控制权不同；删失行不可排名
exp06,J0__M2,J0,M2,1,400000,67.56818181818181,38.128787878787875,8.007575757575758,22.03030303030303,0.44,False,3,,0.064891846921797,0.129783693843594,,,serial_runs/uagmc_45x800k_T2_seed1_20260921_005821/J0__M2/analysis/checkpoint_curve.csv,,,,,,,,没有本矩阵独立 UAGMC 分支；Joint 与 passenger-only 控制权不同；删失行不可排名
exp06,J0__M2,J0,M2,1,450000,63.737226277372265,34.03649635036496,8.248175182481752,22.065693430656935,0.4566666666666667,False,3,,0.46589018302828616,0.11314475873544093,,,serial_runs/uagmc_45x800k_T2_seed1_20260921_005821/J0__M2/analysis/checkpoint_curve.csv,,,,,,,,没有本矩阵独立 UAGMC 分支；Joint 与 passenger-only 控制权不同；删失行不可排名
exp06,J0__M2,J0,M2,1,500000,50.776,21.096,8.08,22.296000000000003,0.4166666666666667,False,3,,0.46921797004991683,0.11480865224625623,,,serial_runs/uagmc_45x800k_T2_seed1_20260921_005821/J0__M2/analysis/checkpoint_curve.csv,,,,,,,,没有本矩阵独立 UAGMC 分支；Joint 与 passenger-only 控制权不同；删失行不可排名
exp06,J0__M2,J0,M2,1,550000,56.438596491228076,26.982456140350877,8.026315789473685,22.05263157894737,0.38000000000000006,False,3,,0.47088186356073214,0.09151414309484192,,,serial_runs/uagmc_45x800k_T2_seed1_20260921_005821/J0__M2/analysis/checkpoint_curve.csv,,,,,,,,没有本矩阵独立 UAGMC 分支；Joint 与 passenger-only 控制权不同；删失行不可排名
exp06,J0__M2,J0,M2,1,600000,44.37931034482759,14.862068965517244,7.974137931034483,22.275862068965512,0.38666666666666666,False,3,,0.4875207986688852,0.10981697171381032,,,serial_runs/uagmc_45x800k_T2_seed1_20260921_005821/J0__M2/analysis/checkpoint_curve.csv,,,,,,,,没有本矩阵独立 UAGMC 分支；Joint 与 passenger-only 控制权不同；删失行不可排名
exp06,J0__M2,J0,M2,1,650000,38.98275862068966,9.198275862068966,8.189655172413794,22.379310344827587,0.38666666666666666,False,3,,0.4858569051580699,0.11148086522462562,,,serial_runs/uagmc_45x800k_T2_seed1_20260921_005821/J0__M2/analysis/checkpoint_curve.csv,,,,,,,,没有本矩阵独立 UAGMC 分支；Joint 与 passenger-only 控制权不同；删失行不可排名
exp06,J0__M2,J0,M2,1,700000,35.544,5.552,8.184,22.552000000000003,0.4166666666666667,False,3,,0.47920133111480867,0.13311148086522462,,,serial_runs/uagmc_45x800k_T2_seed1_20260921_005821/J0__M2/analysis/checkpoint_curve.csv,,,,,,,,没有本矩阵独立 UAGMC 分支；Joint 与 passenger-only 控制权不同；删失行不可排名
exp06,J0__M2,J0,M2,1,750000,31.984375,1.8671875,8.296875,22.625,0.4266666666666667,False,3,,0.46589018302828616,0.13477537437603992,,,serial_runs/uagmc_45x800k_T2_seed1_20260921_005821/J0__M2/analysis/checkpoint_curve.csv,,,,,,,,没有本矩阵独立 UAGMC 分支；Joint 与 passenger-only 控制权不同；删失行不可排名
exp06,J0__M2,J0,M2,1,800000,55.37190082644628,25.975206611570247,7.851239669421488,22.239669421487605,0.4033333333333333,False,3,,0.38768718801996666,0.13810316139767054,,,serial_runs/uagmc_45x800k_T2_seed1_20260921_005821/J0__M2/analysis/checkpoint_curve.csv,,,,,,,,没有本矩阵独立 UAGMC 分支；Joint 与 passenger-only 控制权不同；删失行不可排名
exp06,J0__M3,J0,M3,1,50000,54.88405797101449,26.26086956521739,7.420289855072464,21.782608695652176,0.23,False,3,,0.0033277870216306157,0.056572379367720464,,,serial_runs/uagmc_45x800k_T2_seed1_20260921_005821/J0__M3/analysis/checkpoint_curve.csv,,,,,,,,没有本矩阵独立 UAGMC 分支；Joint 与 passenger-only 控制权不同；删失行不可排名
exp06,J0__M3,J0,M3,1,100000,75.29310344827586,47.82758620689655,6.9655172413793105,21.0,0.19333333333333333,False,3,,0.0016638935108153079,0.0016638935108153079,,,serial_runs/uagmc_45x800k_T2_seed1_20260921_005821/J0__M3/analysis/checkpoint_curve.csv,,,,,,,,没有本矩阵独立 UAGMC 分支；Joint 与 passenger-only 控制权不同；删失行不可排名
exp06,J0__M3,J0,M3,1,150000,79.58490566037736,51.45283018867925,7.452830188679246,21.18867924528302,0.17666666666666667,False,3,,0.009983361064891847,0.1264559068219634,,,serial_runs/uagmc_45x800k_T2_seed1_20260921_005821/J0__M3/analysis/checkpoint_curve.csv,,,,,,,,没有本矩阵独立 UAGMC 分支；Joint 与 passenger-only 控制权不同；删失行不可排名
exp06,J0__M3,J0,M3,1,200000,74.44444444444444,46.48888888888889,7.400000000000001,21.044444444444444,0.15,False,3,,0.0,0.036605657237936774,,,serial_runs/uagmc_45x800k_T2_seed1_20260921_005821/J0__M3/analysis/checkpoint_curve.csv,,,,,,,,没有本矩阵独立 UAGMC 分支；Joint 与 passenger-only 控制权不同；删失行不可排名
exp06,J0__M3,J0,M3,1,250000,75.15686274509804,46.98039215686274,7.549019607843138,21.11764705882353,0.17,False,3,,0.004991680532445923,0.029950083194675542,,,serial_runs/uagmc_45x800k_T2_seed1_20260921_005821/J0__M3/analysis/checkpoint_curve.csv,,,,,,,,没有本矩阵独立 UAGMC 分支；Joint 与 passenger-only 控制权不同；删失行不可排名
exp06,J0__M3,J0,M3,1,300000,121.06153846153846,93.47692307692307,7.2615384615384615,20.723076923076924,0.21666666666666667,False,3,,0.004991680532445923,0.04159733777038269,,,serial_runs/uagmc_45x800k_T2_seed1_20260921_005821/J0__M3/analysis/checkpoint_curve.csv,,,,,,,,没有本矩阵独立 UAGMC 分支；Joint 与 passenger-only 控制权不同；删失行不可排名
exp06,J0__M3,J0,M3,1,350000,48.48888888888889,20.31111111111111,7.288888888888889,21.48888888888889,0.15,False,3,,0.019966722129783693,0.014975041597337771,,,serial_runs/uagmc_45x800k_T2_seed1_20260921_005821/J0__M3/analysis/checkpoint_curve.csv,,,,,,,,没有本矩阵独立 UAGMC 分支；Joint 与 passenger-only 控制权不同；删失行不可排名
exp06,J0__M3,J0,M3,1,400000,53.07500000000001,24.925,7.474999999999999,21.2,0.13333333333333333,False,3,,0.0033277870216306157,0.013311148086522463,,,serial_runs/uagmc_45x800k_T2_seed1_20260921_005821/J0__M3/analysis/checkpoint_curve.csv,,,,,,,,没有本矩阵独立 UAGMC 分支；Joint 与 passenger-only 控制权不同；删失行不可排名
exp06,J0__M3,J0,M3,1,450000,54.48484848484848,26.939393939393938,7.06060606060606,20.939393939393938,0.11,False,3,,0.0016638935108153079,0.024958402662229612,,,serial_runs/uagmc_45x800k_T2_seed1_20260921_005821/J0__M3/analysis/checkpoint_curve.csv,,,,,,,,没有本矩阵独立 UAGMC 分支；Joint 与 passenger-only 控制权不同；删失行不可排名
exp06,J0__M3,J0,M3,1,500000,70.46511627906976,42.95348837209303,6.930232558139534,21.046511627906977,0.14333333333333334,False,3,,0.016638935108153077,0.011647254575707153,,,serial_runs/uagmc_45x800k_T2_seed1_20260921_005821/J0__M3/analysis/checkpoint_curve.csv,,,,,,,,没有本矩阵独立 UAGMC 分支；Joint 与 passenger-only 控制权不同；删失行不可排名
exp06,J0__M3,J0,M3,1,550000,55.15217391304348,27.1304347826087,7.173913043478261,21.434782608695652,0.15333333333333332,False,3,,0.016638935108153077,0.033277870216306155,,,serial_runs/uagmc_45x800k_T2_seed1_20260921_005821/J0__M3/analysis/checkpoint_curve.csv,,,,,,,,没有本矩阵独立 UAGMC 分支；Joint 与 passenger-only 控制权不同；删失行不可排名
exp06,J0__M3,J0,M3,1,600000,59.65384615384615,31.76923076923077,7.134615384615384,21.307692307692307,0.17333333333333334,False,3,,0.016638935108153077,0.024958402662229612,,,serial_runs/uagmc_45x800k_T2_seed1_20260921_005821/J0__M3/analysis/checkpoint_curve.csv,,,,,,,,没有本矩阵独立 UAGMC 分支；Joint 与 passenger-only 控制权不同；删失行不可排名
exp06,J0__M3,J0,M3,1,650000,59.74545454545454,31.600000000000005,7.363636363636363,21.327272727272728,0.18333333333333332,False,3,,0.008319467554076539,0.028286189683860232,,,serial_runs/uagmc_45x800k_T2_seed1_20260921_005821/J0__M3/analysis/checkpoint_curve.csv,,,,,,,,没有本矩阵独立 UAGMC 分支；Joint 与 passenger-only 控制权不同；删失行不可排名
exp06,J0__M3,J0,M3,1,700000,46.888888888888886,18.48148148148148,7.407407407407407,21.59259259259259,0.18000000000000002,False,3,,0.014975041597337771,0.021630615640599,,,serial_runs/uagmc_45x800k_T2_seed1_20260921_005821/J0__M3/analysis/checkpoint_curve.csv,,,,,,,,没有本矩阵独立 UAGMC 分支；Joint 与 passenger-only 控制权不同；删失行不可排名
exp06,J0__M3,J0,M3,1,750000,56.70967741935484,28.596774193548388,7.322580645161291,21.387096774193548,0.20666666666666667,False,3,,0.016638935108153077,0.029950083194675542,,,serial_runs/uagmc_45x800k_T2_seed1_20260921_005821/J0__M3/analysis/checkpoint_curve.csv,,,,,,,,没有本矩阵独立 UAGMC 分支；Joint 与 passenger-only 控制权不同；删失行不可排名
exp06,J0__M3,J0,M3,1,800000,44.19565217391304,15.56521739130435,7.565217391304348,21.695652173913043,0.15333333333333332,False,3,,0.023294509151414306,0.013311148086522463,,,serial_runs/uagmc_45x800k_T2_seed1_20260921_005821/J0__M3/analysis/checkpoint_curve.csv,,,,,,,,没有本矩阵独立 UAGMC 分支；Joint 与 passenger-only 控制权不同；删失行不可排名
exp06,J0__M4,J0,M4,1,50000,98.59999999999998,74.05714285714286,5.542857142857142,19.0,0.11666666666666665,False,3,,0.0,0.0,,,serial_runs/uagmc_45x800k_T2_seed1_20260921_005821/J0__M4/analysis/checkpoint_curve.csv,,,,,,,,没有本矩阵独立 UAGMC 分支；Joint 与 passenger-only 控制权不同；删失行不可排名
exp06,J0__M4,J0,M4,1,100000,136.82105263157894,110.22105263157896,6.673684210526315,20.178947368421053,0.31666666666666665,False,3,,0.036605657237936774,0.36272878535773706,,,serial_runs/uagmc_45x800k_T2_seed1_20260921_005821/J0__M4/analysis/checkpoint_curve.csv,,,,,,,,没有本矩阵独立 UAGMC 分支；Joint 与 passenger-only 控制权不同；删失行不可排名
exp06,J0__M4,J0,M4,1,150000,214.41520467836258,187.97076023391813,6.777777777777778,19.86549707602339,0.57,False,3,,0.004991680532445923,0.11148086522462562,,,serial_runs/uagmc_45x800k_T2_seed1_20260921_005821/J0__M4/analysis/checkpoint_curve.csv,,,,,,,,没有本矩阵独立 UAGMC 分支；Joint 与 passenger-only 控制权不同；删失行不可排名
exp06,J0__M4,J0,M4,1,200000,221.08666666666667,194.12,6.906666666666666,20.333333333333332,0.5,False,3,,0.03161397670549085,0.06988352745424292,,,serial_runs/uagmc_45x800k_T2_seed1_20260921_005821/J0__M4/analysis/checkpoint_curve.csv,,,,,,,,没有本矩阵独立 UAGMC 分支；Joint 与 passenger-only 控制权不同；删失行不可排名
exp06,J0__M4,J0,M4,1,250000,136.5035460992908,108.76595744680851,7.1489361702127665,20.98581560283688,0.47,False,3,,0.22628951747088186,0.2129783693843594,,,serial_runs/uagmc_45x800k_T2_seed1_20260921_005821/J0__M4/analysis/checkpoint_curve.csv,,,,,,,,没有本矩阵独立 UAGMC 分支；Joint 与 passenger-only 控制权不同；删失行不可排名
exp06,J0__M4,J0,M4,1,300000,93.52845528455286,65.27642276422765,7.447154471544716,21.276422764227643,0.41,False,3,,0.26788685524126454,0.173044925124792,,,serial_runs/uagmc_45x800k_T2_seed1_20260921_005821/J0__M4/analysis/checkpoint_curve.csv,,,,,,,,没有本矩阵独立 UAGMC 分支；Joint 与 passenger-only 控制权不同；删失行不可排名
exp06,J0__M4,J0,M4,1,350000,104.14285714285715,75.88198757763975,7.583850931677019,21.111801242236027,0.5366666666666666,False,3,,0.036605657237936774,0.30782029950083195,,,serial_runs/uagmc_45x800k_T2_seed1_20260921_005821/J0__M4/analysis/checkpoint_curve.csv,,,,,,,,没有本矩阵独立 UAGMC 分支；Joint 与 passenger-only 控制权不同；删失行不可排名
exp06,J0__M4,J0,M4,1,400000,79.81343283582089,51.365671641791046,7.492537313432837,21.417910447761198,0.4466666666666666,False,3,,0.04159733777038269,0.43094841930116473,,,serial_runs/uagmc_45x800k_T2_seed1_20260921_005821/J0__M4/analysis/checkpoint_curve.csv,,,,,,,,没有本矩阵独立 UAGMC 分支；Joint 与 passenger-only 控制权不同；删失行不可排名
exp06,J0__M4,J0,M4,1,450000,92.66447368421052,64.48026315789474,7.5,21.105263157894736,0.5066666666666667,False,3,,0.04825291181364392,0.38602329450915135,,,serial_runs/uagmc_45x800k_T2_seed1_20260921_005821/J0__M4/analysis/checkpoint_curve.csv,,,,,,,,没有本矩阵独立 UAGMC 分支；Joint 与 passenger-only 控制权不同；删失行不可排名
exp06,J0__M4,J0,M4,1,500000,96.0693641618497,68.0693641618497,7.364161849710983,21.057803468208093,0.5766666666666667,False,3,,0.04159733777038269,0.33444259567387685,,,serial_runs/uagmc_45x800k_T2_seed1_20260921_005821/J0__M4/analysis/checkpoint_curve.csv,,,,,,,,没有本矩阵独立 UAGMC 分支；Joint 与 passenger-only 控制权不同；删失行不可排名
exp06,J0__M4,J0,M4,1,550000,93.9144385026738,65.67379679144385,7.4171122994652405,21.181818181818183,0.6233333333333333,False,3,,0.33610648918469216,0.1314475873544093,,,serial_runs/uagmc_45x800k_T2_seed1_20260921_005821/J0__M4/analysis/checkpoint_curve.csv,,,,,,,,没有本矩阵独立 UAGMC 分支；Joint 与 passenger-only 控制权不同；删失行不可排名
exp06,J0__M4,J0,M4,1,600000,83.74725274725274,55.335164835164825,7.472527472527472,21.21978021978022,0.6066666666666667,False,3,,0.07321131447587355,0.3527454242928452,,,serial_runs/uagmc_45x800k_T2_seed1_20260921_005821/J0__M4/analysis/checkpoint_curve.csv,,,,,,,,没有本矩阵独立 UAGMC 分支；Joint 与 passenger-only 控制权不同；删失行不可排名
exp06,J0__M4,J0,M4,1,650000,83.67676767676768,55.19191919191919,7.51010101010101,21.242424242424242,0.66,False,3,,0.09151414309484192,0.14309484193011648,,,serial_runs/uagmc_45x800k_T2_seed1_20260921_005821/J0__M4/analysis/checkpoint_curve.csv,,,,,,,,没有本矩阵独立 UAGMC 分支；Joint 与 passenger-only 控制权不同；删失行不可排名
exp06,J0__M4,J0,M4,1,700000,70.31052631578947,41.32631578947368,7.663157894736842,21.48421052631579,0.6333333333333333,False,3,,0.07653910149750416,0.15973377703826955,,,serial_runs/uagmc_45x800k_T2_seed1_20260921_005821/J0__M4/analysis/checkpoint_curve.csv,,,,,,,,没有本矩阵独立 UAGMC 分支；Joint 与 passenger-only 控制权不同；删失行不可排名
exp06,J0__M4,J0,M4,1,750000,76.234375,47.421875,7.640625,21.3125,0.64,False,3,,0.08153078202995008,0.5041597337770383,,,serial_runs/uagmc_45x800k_T2_seed1_20260921_005821/J0__M4/analysis/checkpoint_curve.csv,,,,,,,,没有本矩阵独立 UAGMC 分支；Joint 与 passenger-only 控制权不同；删失行不可排名
exp06,J0__M4,J0,M4,1,800000,88.81531531531532,59.693693693693696,7.806306306306307,21.43243243243243,0.7399999999999999,False,3,,0.12479201331114809,0.15307820299500832,,,serial_runs/uagmc_45x800k_T2_seed1_20260921_005821/J0__M4/analysis/checkpoint_curve.csv,,,,,,,,没有本矩阵独立 UAGMC 分支；Joint 与 passenger-only 控制权不同；删失行不可排名
exp06,J1__M0,J1,M0,1,50000,252.7307692307692,227.7307692307692,6.0,19.0,0.3466666666666667,False,3,,0.0,0.0,,,serial_runs/uagmc_45x800k_T2_seed1_20260921_005821/J1__M0/analysis/checkpoint_curve.csv,,,,,,,,没有本矩阵独立 UAGMC 分支；Joint 与 passenger-only 控制权不同；删失行不可排名
exp06,J1__M0,J1,M0,1,100000,244.17307692307693,218.7692307692308,6.076923076923077,19.423076923076923,0.3466666666666667,False,3,,0.0,0.018302828618968387,,,serial_runs/uagmc_45x800k_T2_seed1_20260921_005821/J1__M0/analysis/checkpoint_curve.csv,,,,,,,,没有本矩阵独立 UAGMC 分支；Joint 与 passenger-only 控制权不同；删失行不可排名
exp06,J1__M0,J1,M0,1,150000,199.7377049180328,172.99180327868854,6.540983606557378,20.57377049180328,0.4066666666666667,False,3,,0.0,0.12479201331114809,,,serial_runs/uagmc_45x800k_T2_seed1_20260921_005821/J1__M0/analysis/checkpoint_curve.csv,,,,,,,,没有本矩阵独立 UAGMC 分支；Joint 与 passenger-only 控制权不同；删失行不可排名
exp06,J1__M0,J1,M0,1,200000,182.29906542056074,155.00934579439252,6.803738317757009,20.869158878504674,0.3566666666666667,False,3,,0.0,0.12312811980033278,,,serial_runs/uagmc_45x800k_T2_seed1_20260921_005821/J1__M0/analysis/checkpoint_curve.csv,,,,,,,,没有本矩阵独立 UAGMC 分支；Joint 与 passenger-only 控制权不同；删失行不可排名
exp06,J1__M0,J1,M0,1,250000,118.76288659793813,91.02061855670104,6.927835051546392,21.35051546391752,0.3233333333333333,False,3,,0.0,0.10981697171381032,,,serial_runs/uagmc_45x800k_T2_seed1_20260921_005821/J1__M0/analysis/checkpoint_curve.csv,,,,,,,,没有本矩阵独立 UAGMC 分支；Joint 与 passenger-only 控制权不同；删失行不可排名
exp06,J1__M0,J1,M0,1,300000,80.0,51.89010989010989,7.1098901098901095,21.54945054945055,0.30333333333333334,False,3,,0.0,0.13477537437603992,,,serial_runs/uagmc_45x800k_T2_seed1_20260921_005821/J1__M0/analysis/checkpoint_curve.csv,,,,,,,,没有本矩阵独立 UAGMC 分支；Joint 与 passenger-only 控制权不同；删失行不可排名
exp06,J1__M0,J1,M0,1,350000,50.84,22.64,7.066666666666666,21.72,0.25,False,3,,0.0,0.1064891846921797,,,serial_runs/uagmc_45x800k_T2_seed1_20260921_005821/J1__M0/analysis/checkpoint_curve.csv,,,,,,,,没有本矩阵独立 UAGMC 分支；Joint 与 passenger-only 控制权不同；删失行不可排名
exp06,J1__M0,J1,M0,1,400000,68.44303797468355,40.835443037974684,6.772151898734177,21.37974683544304,0.2633333333333333,False,3,,0.0,0.10981697171381032,,,serial_runs/uagmc_45x800k_T2_seed1_20260921_005821/J1__M0/analysis/checkpoint_curve.csv,,,,,,,,没有本矩阵独立 UAGMC 分支；Joint 与 passenger-only 控制权不同；删失行不可排名
exp06,J1__M0,J1,M0,1,450000,69.37837837837837,41.2972972972973,7.202702702702703,21.43243243243243,0.24666666666666667,False,3,,0.0,0.09484193011647253,,,serial_runs/uagmc_45x800k_T2_seed1_20260921_005821/J1__M0/analysis/checkpoint_curve.csv,,,,,,,,没有本矩阵独立 UAGMC 分支；Joint 与 passenger-only 控制权不同；删失行不可排名
exp06,J1__M0,J1,M0,1,500000,59.03947368421053,30.776315789473685,7.276315789473684,21.57894736842105,0.25333333333333335,False,3,,0.0,0.13976705490848584,,,serial_runs/uagmc_45x800k_T2_seed1_20260921_005821/J1__M0/analysis/checkpoint_curve.csv,,,,,,,,没有本矩阵独立 UAGMC 分支；Joint 与 passenger-only 控制权不同；删失行不可排名
exp06,J1__M0,J1,M0,1,550000,55.25,26.48611111111111,7.611111111111111,21.833333333333332,0.24,False,3,,0.0,0.1281198003327787,,,serial_runs/uagmc_45x800k_T2_seed1_20260921_005821/J1__M0/analysis/checkpoint_curve.csv,,,,,,,,没有本矩阵独立 UAGMC 分支；Joint 与 passenger-only 控制权不同；删失行不可排名
exp06,J1__M0,J1,M0,1,600000,80.52688172043011,52.27956989247312,7.333333333333333,21.36559139784946,0.31,False,3,,0.0,0.16306156405990016,,,serial_runs/uagmc_45x800k_T2_seed1_20260921_005821/J1__M0/analysis/checkpoint_curve.csv,,,,,,,,没有本矩阵独立 UAGMC 分支；Joint 与 passenger-only 控制权不同；删失行不可排名
exp06,J1__M0,J1,M0,1,650000,76.79120879120879,48.472527472527474,7.439560439560441,21.461538461538463,0.30333333333333334,False,3,,0.0,0.1447587354409318,,,serial_runs/uagmc_45x800k_T2_seed1_20260921_005821/J1__M0/analysis/checkpoint_curve.csv,,,,,,,,没有本矩阵独立 UAGMC 分支；Joint 与 passenger-only 控制权不同；删失行不可排名
exp06,J1__M0,J1,M0,1,700000,53.2093023255814,24.232558139534884,7.83720930232558,21.74418604651163,0.2866666666666667,False,3,,0.0,0.17803660565723792,,,serial_runs/uagmc_45x800k_T2_seed1_20260921_005821/J1__M0/analysis/checkpoint_curve.csv,,,,,,,,没有本矩阵独立 UAGMC 分支；Joint 与 passenger-only 控制权不同；删失行不可排名
exp06,J1__M0,J1,M0,1,750000,77.65934065934066,49.417582417582416,7.439560439560441,21.32967032967033,0.30333333333333334,False,3,,0.0,0.15640599001663893,,,serial_runs/uagmc_45x800k_T2_seed1_20260921_005821/J1__M0/analysis/checkpoint_curve.csv,,,,,,,,没有本矩阵独立 UAGMC 分支；Joint 与 passenger-only 控制权不同；删失行不可排名
exp06,J1__M0,J1,M0,1,800000,68.6951219512195,40.1219512195122,7.634146341463414,21.4390243902439,0.2733333333333333,False,3,,0.0,0.15806988352745424,,,serial_runs/uagmc_45x800k_T2_seed1_20260921_005821/J1__M0/analysis/checkpoint_curve.csv,,,,,,,,没有本矩阵独立 UAGMC 分支；Joint 与 passenger-only 控制权不同；删失行不可排名
exp06,J1__M1,J1,M1,1,50000,252.7307692307692,227.7307692307692,6.0,19.0,0.3466666666666667,False,3,,0.0,0.0,,,serial_runs/uagmc_45x800k_T2_seed1_20260921_005821/J1__M1/analysis/checkpoint_curve.csv,,,,,,,,没有本矩阵独立 UAGMC 分支；Joint 与 passenger-only 控制权不同；删失行不可排名
exp06,J1__M1,J1,M1,1,100000,252.7307692307692,227.7307692307692,6.0,19.0,0.3466666666666667,False,3,,0.0,0.0,,,serial_runs/uagmc_45x800k_T2_seed1_20260921_005821/J1__M1/analysis/checkpoint_curve.csv,,,,,,,,没有本矩阵独立 UAGMC 分支；Joint 与 passenger-only 控制权不同；删失行不可排名
exp06,J1__M1,J1,M1,1,150000,252.7307692307692,227.7307692307692,6.0,19.0,0.3466666666666667,False,3,,0.0,0.0,,,serial_runs/uagmc_45x800k_T2_seed1_20260921_005821/J1__M1/analysis/checkpoint_curve.csv,,,,,,,,没有本矩阵独立 UAGMC 分支；Joint 与 passenger-only 控制权不同；删失行不可排名
exp06,J1__M1,J1,M1,1,200000,151.0,126.15000000000002,5.849999999999999,19.0,0.20000000000000004,False,3,,0.0,0.049916805324459225,,,serial_runs/uagmc_45x800k_T2_seed1_20260921_005821/J1__M1/analysis/checkpoint_curve.csv,,,,,,,,没有本矩阵独立 UAGMC 分支；Joint 与 passenger-only 控制权不同；删失行不可排名
exp06,J1__M1,J1,M1,1,250000,131.23529411764707,106.0,5.882352941176471,19.470588235294116,0.11333333333333333,False,3,,0.0,0.06156405990016639,,,serial_runs/uagmc_45x800k_T2_seed1_20260921_005821/J1__M1/analysis/checkpoint_curve.csv,,,,,,,,没有本矩阵独立 UAGMC 分支；Joint 与 passenger-only 控制权不同；删失行不可排名
exp06,J1__M1,J1,M1,1,300000,126.53571428571429,100.21428571428571,6.625,19.928571428571427,0.18666666666666668,False,3,,0.0,0.47254575707154745,,,serial_runs/uagmc_45x800k_T2_seed1_20260921_005821/J1__M1/analysis/checkpoint_curve.csv,,,,,,,,没有本矩阵独立 UAGMC 分支；Joint 与 passenger-only 控制权不同；删失行不可排名
exp06,J1__M1,J1,M1,1,350000,100.51063829787235,72.85106382978724,7.202127659574468,20.914893617021278,0.31333333333333335,False,3,,0.0,0.5241264559068219,,,serial_runs/uagmc_45x800k_T2_seed1_20260921_005821/J1__M1/analysis/checkpoint_curve.csv,,,,,,,,没有本矩阵独立 UAGMC 分支；Joint 与 passenger-only 控制权不同；删失行不可排名
exp06,J1__M1,J1,M1,1,400000,90.3076923076923,62.73076923076923,7.038461538461537,21.0,0.26,False,3,,0.0,0.5490848585690515,,,serial_runs/uagmc_45x800k_T2_seed1_20260921_005821/J1__M1/analysis/checkpoint_curve.csv,,,,,,,,没有本矩阵独立 UAGMC 分支；Joint 与 passenger-only 控制权不同；删失行不可排名
exp06,J1__M1,J1,M1,1,450000,87.39534883720928,59.8139534883721,7.093023255813954,20.953488372093023,0.2866666666666667,False,3,,0.0,0.540765391014975,,,serial_runs/uagmc_45x800k_T2_seed1_20260921_005821/J1__M1/analysis/checkpoint_curve.csv,,,,,,,,没有本矩阵独立 UAGMC 分支；Joint 与 passenger-only 控制权不同；删失行不可排名
exp06,J1__M1,J1,M1,1,500000,72.89189189189189,44.689189189189186,7.418918918918919,21.378378378378375,0.24666666666666667,False,3,,0.0,0.5324459234608985,,,serial_runs/uagmc_45x800k_T2_seed1_20260921_005821/J1__M1/analysis/checkpoint_curve.csv,,,,,,,,没有本矩阵独立 UAGMC 分支；Joint 与 passenger-only 控制权不同；删失行不可排名
exp06,J1__M1,J1,M1,1,550000,73.6969696969697,45.575757575757585,7.333333333333333,21.363636363636363,0.22,False,3,,0.0,0.5357737104825291,,,serial_runs/uagmc_45x800k_T2_seed1_20260921_005821/J1__M1/analysis/checkpoint_curve.csv,,,,,,,,没有本矩阵独立 UAGMC 分支；Joint 与 passenger-only 控制权不同；删失行不可排名
exp06,J1__M1,J1,M1,1,600000,72.1304347826087,44.17391304347826,7.202898550724638,21.318840579710145,0.23,False,3,,0.0,0.1747088186356073,,,serial_runs/uagmc_45x800k_T2_seed1_20260921_005821/J1__M1/analysis/checkpoint_curve.csv,,,,,,,,没有本矩阵独立 UAGMC 分支；Joint 与 passenger-only 控制权不同；删失行不可排名
exp06,J1__M1,J1,M1,1,650000,58.625,30.607142857142858,7.303571428571428,21.285714285714285,0.18666666666666668,False,3,,0.0,0.5324459234608985,,,serial_runs/uagmc_45x800k_T2_seed1_20260921_005821/J1__M1/analysis/checkpoint_curve.csv,,,,,,,,没有本矩阵独立 UAGMC 分支；Joint 与 passenger-only 控制权不同；删失行不可排名
exp06,J1__M1,J1,M1,1,700000,73.0327868852459,44.75409836065574,7.508196721311475,21.360655737704917,0.20333333333333334,False,3,,0.0,0.4875207986688852,,,serial_runs/uagmc_45x800k_T2_seed1_20260921_005821/J1__M1/analysis/checkpoint_curve.csv,,,,,,,,没有本矩阵独立 UAGMC 分支；Joint 与 passenger-only 控制权不同；删失行不可排名
exp06,J1__M1,J1,M1,1,750000,59.48275862068966,31.25862068965517,7.344827586206897,21.482758620689655,0.19333333333333333,False,3,,0.0,0.16805324459234608,,,serial_runs/uagmc_45x800k_T2_seed1_20260921_005821/J1__M1/analysis/checkpoint_curve.csv,,,,,,,,没有本矩阵独立 UAGMC 分支；Joint 与 passenger-only 控制权不同；删失行不可排名
exp06,J1__M1,J1,M1,1,800000,43.45652173913044,15.17391304347826,7.369565217391305,21.52173913043478,0.15333333333333332,False,3,,0.0,0.13477537437603992,,,serial_runs/uagmc_45x800k_T2_seed1_20260921_005821/J1__M1/analysis/checkpoint_curve.csv,,,,,,,,没有本矩阵独立 UAGMC 分支；Joint 与 passenger-only 控制权不同；删失行不可排名
exp06,J1__M2,J1,M2,1,50000,252.7307692307692,227.7307692307692,6.0,19.0,0.3466666666666667,False,3,,0.0,0.0,,,serial_runs/uagmc_45x800k_T2_seed1_20260921_005821/J1__M2/analysis/checkpoint_curve.csv,,,,,,,,没有本矩阵独立 UAGMC 分支；Joint 与 passenger-only 控制权不同；删失行不可排名
exp06,J1__M2,J1,M2,1,100000,252.7307692307692,227.7307692307692,6.0,19.0,0.3466666666666667,False,3,,0.0,0.0,,,serial_runs/uagmc_45x800k_T2_seed1_20260921_005821/J1__M2/analysis/checkpoint_curve.csv,,,,,,,,没有本矩阵独立 UAGMC 分支；Joint 与 passenger-only 控制权不同；删失行不可排名
exp06,J1__M2,J1,M2,1,150000,252.7307692307692,227.7307692307692,6.0,19.0,0.3466666666666667,False,3,,0.0,0.0,,,serial_runs/uagmc_45x800k_T2_seed1_20260921_005821/J1__M2/analysis/checkpoint_curve.csv,,,,,,,,没有本矩阵独立 UAGMC 分支；Joint 与 passenger-only 控制权不同；删失行不可排名
exp06,J1__M2,J1,M2,1,200000,123.74468085106383,96.95744680851062,6.840425531914893,20.23404255319149,0.31333333333333335,False,3,,0.0,0.5391014975041597,,,serial_runs/uagmc_45x800k_T2_seed1_20260921_005821/J1__M2/analysis/checkpoint_curve.csv,,,,,,,,没有本矩阵独立 UAGMC 分支；Joint 与 passenger-only 控制权不同；删失行不可排名
exp06,J1__M2,J1,M2,1,250000,55.12307692307692,26.2,7.6923076923076925,21.83076923076923,0.21666666666666667,False,3,,0.0,0.5557404326123128,,,serial_runs/uagmc_45x800k_T2_seed1_20260921_005821/J1__M2/analysis/checkpoint_curve.csv,,,,,,,,没有本矩阵独立 UAGMC 分支；Joint 与 passenger-only 控制权不同；删失行不可排名
exp06,J1__M2,J1,M2,1,300000,70.90243902439025,42.30487804878049,7.609756097560975,21.585365853658534,0.2733333333333333,False,3,,0.0,0.562396006655574,,,serial_runs/uagmc_45x800k_T2_seed1_20260921_005821/J1__M2/analysis/checkpoint_curve.csv,,,,,,,,没有本矩阵独立 UAGMC 分支；Joint 与 passenger-only 控制权不同；删失行不可排名
exp06,J1__M2,J1,M2,1,350000,79.46268656716418,51.28358208955225,7.432835820895522,21.26865671641791,0.2233333333333333,False,3,,0.0,0.5507487520798668,,,serial_runs/uagmc_45x800k_T2_seed1_20260921_005821/J1__M2/analysis/checkpoint_curve.csv,,,,,,,,没有本矩阵独立 UAGMC 分支；Joint 与 passenger-only 控制权不同；删失行不可排名
exp06,J1__M2,J1,M2,1,400000,117.79797979797979,90.8989898989899,6.797979797979797,20.454545454545453,0.33,False,3,,0.0,0.5141430948419301,,,serial_runs/uagmc_45x800k_T2_seed1_20260921_005821/J1__M2/analysis/checkpoint_curve.csv,,,,,,,,没有本矩阵独立 UAGMC 分支；Joint 与 passenger-only 控制权不同；删失行不可排名
exp06,J1__M2,J1,M2,1,450000,95.58333333333333,68.625,6.777777777777778,20.555555555555557,0.24,False,3,,0.0,0.5440931780366056,,,serial_runs/uagmc_45x800k_T2_seed1_20260921_005821/J1__M2/analysis/checkpoint_curve.csv,,,,,,,,没有本矩阵独立 UAGMC 分支；Joint 与 passenger-only 控制权不同；删失行不可排名
exp06,J1__M2,J1,M2,1,500000,125.35789473684208,98.63157894736842,6.7368421052631575,20.305263157894736,0.31666666666666665,False,3,,0.0,0.5041597337770383,,,serial_runs/uagmc_45x800k_T2_seed1_20260921_005821/J1__M2/analysis/checkpoint_curve.csv,,,,,,,,没有本矩阵独立 UAGMC 分支；Joint 与 passenger-only 控制权不同；删失行不可排名
exp06,J1__M2,J1,M2,1,550000,94.80281690140845,67.91549295774648,6.732394366197183,20.52112676056338,0.23666666666666666,False,3,,0.0,0.5291181364392679,,,serial_runs/uagmc_45x800k_T2_seed1_20260921_005821/J1__M2/analysis/checkpoint_curve.csv,,,,,,,,没有本矩阵独立 UAGMC 分支；Joint 与 passenger-only 控制权不同；删失行不可排名
exp06,J1__M2,J1,M2,1,600000,101.125,74.08333333333333,6.875,20.5,0.24,False,3,,0.0,0.519134775374376,,,serial_runs/uagmc_45x800k_T2_seed1_20260921_005821/J1__M2/analysis/checkpoint_curve.csv,,,,,,,,没有本矩阵独立 UAGMC 分支；Joint 与 passenger-only 控制权不同；删失行不可排名
exp06,J1__M2,J1,M2,1,650000,93.48611111111113,66.13888888888889,6.972222222222222,20.77777777777778,0.24,False,3,,0.0,0.5291181364392679,,,serial_runs/uagmc_45x800k_T2_seed1_20260921_005821/J1__M2/analysis/checkpoint_curve.csv,,,,,,,,没有本矩阵独立 UAGMC 分支；Joint 与 passenger-only 控制权不同；删失行不可排名
exp06,J1__M2,J1,M2,1,700000,100.77631578947368,73.61842105263158,6.907894736842105,20.63157894736842,0.25333333333333335,False,3,,0.0,0.4908485856905158,,,serial_runs/uagmc_45x800k_T2_seed1_20260921_005821/J1__M2/analysis/checkpoint_curve.csv,,,,,,,,没有本矩阵独立 UAGMC 分支；Joint 与 passenger-only 控制权不同；删失行不可排名
exp06,J1__M2,J1,M2,1,750000,129.28947368421052,102.36842105263158,6.842105263157895,20.42105263157895,0.25333333333333335,False,3,,0.0,0.454242928452579,,,serial_runs/uagmc_45x800k_T2_seed1_20260921_005821/J1__M2/analysis/checkpoint_curve.csv,,,,,,,,没有本矩阵独立 UAGMC 分支；Joint 与 passenger-only 控制权不同；删失行不可排名
exp06,J1__M2,J1,M2,1,800000,105.84507042253522,78.64788732394366,6.943661971830987,20.633802816901408,0.23666666666666666,False,3,,0.0,0.502495840266223,,,serial_runs/uagmc_45x800k_T2_seed1_20260921_005821/J1__M2/analysis/checkpoint_curve.csv,,,,,,,,没有本矩阵独立 UAGMC 分支；Joint 与 passenger-only 控制权不同；删失行不可排名
exp06,J1__M3,J1,M3,1,50000,252.7307692307692,227.7307692307692,6.0,19.0,0.3466666666666667,False,3,,0.0,0.0,,,serial_runs/uagmc_45x800k_T2_seed1_20260921_005821/J1__M3/analysis/checkpoint_curve.csv,,,,,,,,没有本矩阵独立 UAGMC 分支；Joint 与 passenger-only 控制权不同；删失行不可排名
exp06,J1__M3,J1,M3,1,100000,252.7307692307692,227.7307692307692,6.0,19.0,0.3466666666666667,False,3,,0.0,0.0,,,serial_runs/uagmc_45x800k_T2_seed1_20260921_005821/J1__M3/analysis/checkpoint_curve.csv,,,,,,,,没有本矩阵独立 UAGMC 分支；Joint 与 passenger-only 控制权不同；删失行不可排名
exp06,J1__M3,J1,M3,1,150000,252.7307692307692,227.7307692307692,6.0,19.0,0.3466666666666667,False,3,,0.0,0.0,,,serial_runs/uagmc_45x800k_T2_seed1_20260921_005821/J1__M3/analysis/checkpoint_curve.csv,,,,,,,,没有本矩阵独立 UAGMC 分支；Joint 与 passenger-only 控制权不同；删失行不可排名
exp06,J1__M3,J1,M3,1,200000,252.7307692307692,227.7307692307692,6.0,19.0,0.3466666666666667,False,3,,0.0,0.0,,,serial_runs/uagmc_45x800k_T2_seed1_20260921_005821/J1__M3/analysis/checkpoint_curve.csv,,,,,,,,没有本矩阵独立 UAGMC 分支；Joint 与 passenger-only 控制权不同；删失行不可排名
exp06,J1__M3,J1,M3,1,250000,252.7307692307692,227.7307692307692,6.0,19.0,0.3466666666666667,False,3,,0.0,0.0,,,serial_runs/uagmc_45x800k_T2_seed1_20260921_005821/J1__M3/analysis/checkpoint_curve.csv,,,,,,,,没有本矩阵独立 UAGMC 分支；Joint 与 passenger-only 控制权不同；删失行不可排名
exp06,J1__M3,J1,M3,1,300000,143.31147540983608,118.21311475409836,5.885245901639344,19.262295081967213,0.20333333333333334,False,3,,0.0,0.4425956738768719,,,serial_runs/uagmc_45x800k_T2_seed1_20260921_005821/J1__M3/analysis/checkpoint_curve.csv,,,,,,,,没有本矩阵独立 UAGMC 分支；Joint 与 passenger-only 控制权不同；删失行不可排名
exp06,J1__M3,J1,M3,1,350000,198.8582089552239,172.6865671641791,6.522388059701494,19.80597014925373,0.4466666666666666,False,3,,0.0,0.064891846921797,,,serial_runs/uagmc_45x800k_T2_seed1_20260921_005821/J1__M3/analysis/checkpoint_curve.csv,,,,,,,,没有本矩阵独立 UAGMC 分支；Joint 与 passenger-only 控制权不同；删失行不可排名
exp06,J1__M3,J1,M3,1,400000,80.93129770992367,52.778625954198475,7.343511450381679,21.198473282442748,0.4366666666666667,False,3,,0.0,0.2113144758735441,,,serial_runs/uagmc_45x800k_T2_seed1_20260921_005821/J1__M3/analysis/checkpoint_curve.csv,,,,,,,,没有本矩阵独立 UAGMC 分支；Joint 与 passenger-only 控制权不同；删失行不可排名
exp06,J1__M3,J1,M3,1,450000,89.9626168224299,63.35981308411215,6.799065420560748,20.009345794392523,0.7133333333333334,False,3,,0.0,0.4276206322795341,,,serial_runs/uagmc_45x800k_T2_seed1_20260921_005821/J1__M3/analysis/checkpoint_curve.csv,,,,,,,,没有本矩阵独立 UAGMC 分支；Joint 与 passenger-only 控制权不同；删失行不可排名
exp06,J1__M3,J1,M3,1,500000,69.15243902439025,40.78658536585366,7.628048780487805,21.146341463414632,0.5466666666666666,False,3,,0.0,0.23793677204658903,,,serial_runs/uagmc_45x800k_T2_seed1_20260921_005821/J1__M3/analysis/checkpoint_curve.csv,,,,,,,,没有本矩阵独立 UAGMC 分支；Joint 与 passenger-only 控制权不同；删失行不可排名
exp06,J1__M3,J1,M3,1,550000,69.03954802259886,40.86440677966102,7.531073446327684,21.056497175141242,0.59,False,3,,0.0,0.6422628951747088,,,serial_runs/uagmc_45x800k_T2_seed1_20260921_005821/J1__M3/analysis/checkpoint_curve.csv,,,,,,,,没有本矩阵独立 UAGMC 分支；Joint 与 passenger-only 控制权不同；删失行不可排名
exp06,J1__M3,J1,M3,1,600000,67.8342541436464,39.51933701657459,7.558011049723757,21.14364640883978,0.6033333333333334,False,3,,0.0,0.6455906821963394,,,serial_runs/uagmc_45x800k_T2_seed1_20260921_005821/J1__M3/analysis/checkpoint_curve.csv,,,,,,,,没有本矩阵独立 UAGMC 分支；Joint 与 passenger-only 控制权不同；删失行不可排名
exp06,J1__M3,J1,M3,1,650000,66.74712643678161,38.42528735632184,7.701149425287357,21.04597701149425,0.58,False,3,,0.0,0.24792013311148087,,,serial_runs/uagmc_45x800k_T2_seed1_20260921_005821/J1__M3/analysis/checkpoint_curve.csv,,,,,,,,没有本矩阵独立 UAGMC 分支；Joint 与 passenger-only 控制权不同；删失行不可排名
exp06,J1__M3,J1,M3,1,700000,69.64088397790056,41.60220994475138,7.580110497237569,20.834254143646408,0.6033333333333334,False,3,,0.0,0.5990016638935108,,,serial_runs/uagmc_45x800k_T2_seed1_20260921_005821/J1__M3/analysis/checkpoint_curve.csv,,,,,,,,没有本矩阵独立 UAGMC 分支；Joint 与 passenger-only 控制权不同；删失行不可排名
exp06,J1__M3,J1,M3,1,750000,66.45614035087719,37.87134502923977,7.771929824561403,21.24561403508772,0.57,False,3,,0.0,0.26788685524126454,,,serial_runs/uagmc_45x800k_T2_seed1_20260921_005821/J1__M3/analysis/checkpoint_curve.csv,,,,,,,,没有本矩阵独立 UAGMC 分支；Joint 与 passenger-only 控制权不同；删失行不可排名
exp06,J1__M3,J1,M3,1,800000,63.22784810126583,34.55696202531646,7.7974683544303796,21.303797468354432,0.5266666666666666,False,3,,0.0,0.2545757071547421,,,serial_runs/uagmc_45x800k_T2_seed1_20260921_005821/J1__M3/analysis/checkpoint_curve.csv,,,,,,,,没有本矩阵独立 UAGMC 分支；Joint 与 passenger-only 控制权不同；删失行不可排名
exp06,J1__M4,J1,M4,1,50000,252.7307692307692,227.7307692307692,6.0,19.0,0.3466666666666667,False,3,,0.0,0.0,,,serial_runs/uagmc_45x800k_T2_seed1_20260921_005821/J1__M4/analysis/checkpoint_curve.csv,,,,,,,,没有本矩阵独立 UAGMC 分支；Joint 与 passenger-only 控制权不同；删失行不可排名
exp06,J1__M4,J1,M4,1,100000,252.7307692307692,227.7307692307692,6.0,19.0,0.3466666666666667,False,3,,0.0,0.0,,,serial_runs/uagmc_45x800k_T2_seed1_20260921_005821/J1__M4/analysis/checkpoint_curve.csv,,,,,,,,没有本矩阵独立 UAGMC 分支；Joint 与 passenger-only 控制权不同；删失行不可排名
exp06,J1__M4,J1,M4,1,150000,252.7307692307692,227.7307692307692,6.0,19.0,0.3466666666666667,False,3,,0.0,0.0,,,serial_runs/uagmc_45x800k_T2_seed1_20260921_005821/J1__M4/analysis/checkpoint_curve.csv,,,,,,,,没有本矩阵独立 UAGMC 分支；Joint 与 passenger-only 控制权不同；删失行不可排名
exp06,J1__M4,J1,M4,1,200000,151.0,126.15000000000002,5.849999999999999,19.0,0.20000000000000004,False,3,,0.0,0.46256239600665555,,,serial_runs/uagmc_45x800k_T2_seed1_20260921_005821/J1__M4/analysis/checkpoint_curve.csv,,,,,,,,没有本矩阵独立 UAGMC 分支；Joint 与 passenger-only 控制权不同；删失行不可排名
exp06,J1__M4,J1,M4,1,250000,112.44117647058823,86.67647058823529,6.102941176470588,19.88235294117647,0.22666666666666666,False,3,,0.0,0.5224625623960066,,,serial_runs/uagmc_45x800k_T2_seed1_20260921_005821/J1__M4/analysis/checkpoint_curve.csv,,,,,,,,没有本矩阵独立 UAGMC 分支；Joint 与 passenger-only 控制权不同；删失行不可排名
exp06,J1__M4,J1,M4,1,300000,118.56944444444444,92.77777777777777,6.111111111111111,19.88888888888889,0.24,False,3,,0.0016638935108153079,0.4875207986688852,,,serial_runs/uagmc_45x800k_T2_seed1_20260921_005821/J1__M4/analysis/checkpoint_curve.csv,,,,,,,,没有本矩阵独立 UAGMC 分支；Joint 与 passenger-only 控制权不同；删失行不可排名
exp06,J1__M4,J1,M4,1,350000,117.67676767676768,90.81818181818181,6.717171717171717,20.454545454545453,0.33,False,3,,0.0,0.480865224625624,,,serial_runs/uagmc_45x800k_T2_seed1_20260921_005821/J1__M4/analysis/checkpoint_curve.csv,,,,,,,,没有本矩阵独立 UAGMC 分支；Joint 与 passenger-only 控制权不同；删失行不可排名
exp06,J1__M4,J1,M4,1,400000,141.73076923076923,115.41346153846153,6.5576923076923075,19.96153846153846,0.3466666666666667,False,3,,0.0,0.4509151414309484,,,serial_runs/uagmc_45x800k_T2_seed1_20260921_005821/J1__M4/analysis/checkpoint_curve.csv,,,,,,,,没有本矩阵独立 UAGMC 分支；Joint 与 passenger-only 控制权不同；删失行不可排名
exp06,J1__M4,J1,M4,1,450000,121.19565217391305,94.69565217391305,6.58695652173913,20.17391304347826,0.30666666666666664,False,3,,0.0,0.4925124792013311,,,serial_runs/uagmc_45x800k_T2_seed1_20260921_005821/J1__M4/analysis/checkpoint_curve.csv,,,,,,,,没有本矩阵独立 UAGMC 分支；Joint 与 passenger-only 控制权不同；删失行不可排名
exp06,J1__M4,J1,M4,1,500000,113.90243902439026,87.34146341463413,6.597560975609756,20.21951219512195,0.2733333333333333,False,3,,0.36272878535773706,0.1064891846921797,,,serial_runs/uagmc_45x800k_T2_seed1_20260921_005821/J1__M4/analysis/checkpoint_curve.csv,,,,,,,,没有本矩阵独立 UAGMC 分支；Joint 与 passenger-only 控制权不同；删失行不可排名
exp06,J1__M4,J1,M4,1,550000,122.19090909090909,95.7909090909091,6.572727272727273,20.09090909090909,0.36666666666666664,False,3,,0.35773710482529114,0.09650582362728784,,,serial_runs/uagmc_45x800k_T2_seed1_20260921_005821/J1__M4/analysis/checkpoint_curve.csv,,,,,,,,没有本矩阵独立 UAGMC 分支；Joint 与 passenger-only 控制权不同；删失行不可排名
exp06,J1__M4,J1,M4,1,600000,170.43783783783783,144.12432432432433,6.724324324324324,19.778378378378378,0.6166666666666667,False,3,,0.11480865224625623,0.1480865224625624,,,serial_runs/uagmc_45x800k_T2_seed1_20260921_005821/J1__M4/analysis/checkpoint_curve.csv,,,,,,,,没有本矩阵独立 UAGMC 分支；Joint 与 passenger-only 控制权不同；删失行不可排名
exp06,J1__M4,J1,M4,1,650000,187.17415730337078,160.80898876404495,6.730337078651686,19.831460674157302,0.5933333333333334,False,3,,0.16139767054908485,0.06988352745424292,,,serial_runs/uagmc_45x800k_T2_seed1_20260921_005821/J1__M4/analysis/checkpoint_curve.csv,,,,,,,,没有本矩阵独立 UAGMC 分支；Joint 与 passenger-only 控制权不同；删失行不可排名
exp06,J1__M4,J1,M4,1,700000,175.58291457286433,149.06532663316582,6.78391959798995,19.964824120603016,0.6633333333333333,False,3,,0.1980033277870216,0.09317803660565722,,,serial_runs/uagmc_45x800k_T2_seed1_20260921_005821/J1__M4/analysis/checkpoint_curve.csv,,,,,,,,没有本矩阵独立 UAGMC 分支；Joint 与 passenger-only 控制权不同；删失行不可排名
exp06,J1__M4,J1,M4,1,750000,164.05263157894737,137.4842105263158,6.8,20.010526315789473,0.6333333333333333,False,3,,0.2762063227953411,0.08985024958402661,,,serial_runs/uagmc_45x800k_T2_seed1_20260921_005821/J1__M4/analysis/checkpoint_curve.csv,,,,,,,,没有本矩阵独立 UAGMC 分支；Joint 与 passenger-only 控制权不同；删失行不可排名
exp06,J1__M4,J1,M4,1,800000,157.39795918367346,130.80612244897958,6.831632653061225,20.0,0.6533333333333333,False,3,,0.24459234608985025,0.10149750415973376,,,serial_runs/uagmc_45x800k_T2_seed1_20260921_005821/J1__M4/analysis/checkpoint_curve.csv,,,,,,,,没有本矩阵独立 UAGMC 分支；Joint 与 passenger-only 控制权不同；删失行不可排名
exp06,J2__M0,J2,M0,1,50000,83.08181818181818,54.627272727272725,7.490909090909091,21.50909090909091,0.36666666666666664,False,3,,0.0,0.0,,,serial_runs/uagmc_45x800k_T2_seed1_20260921_005821/J2__M0/analysis/checkpoint_curve.csv,,,,,,,,没有本矩阵独立 UAGMC 分支；Joint 与 passenger-only 控制权不同；删失行不可排名
exp06,J2__M0,J2,M0,1,100000,60.666666666666664,36.13333333333333,5.333333333333333,19.266666666666666,0.05000000000000001,False,3,,0.0,0.0,,,serial_runs/uagmc_45x800k_T2_seed1_20260921_005821/J2__M0/analysis/checkpoint_curve.csv,,,,,,,,没有本矩阵独立 UAGMC 分支；Joint 与 passenger-only 控制权不同；删失行不可排名
exp06,J2__M0,J2,M0,1,150000,94.93382352941177,67.125,7.257352941176471,21.029411764705884,0.4533333333333333,False,3,,0.016638935108153077,0.05823627287853577,,,serial_runs/uagmc_45x800k_T2_seed1_20260921_005821/J2__M0/analysis/checkpoint_curve.csv,,,,,,,,没有本矩阵独立 UAGMC 分支；Joint 与 passenger-only 控制权不同；删失行不可排名
exp06,J2__M0,J2,M0,1,200000,120.10191082802548,92.82165605095541,6.987261146496816,20.630573248407643,0.5233333333333333,False,3,,0.008319467554076539,0.06821963394342762,,,serial_runs/uagmc_45x800k_T2_seed1_20260921_005821/J2__M0/analysis/checkpoint_curve.csv,,,,,,,,没有本矩阵独立 UAGMC 分支；Joint 与 passenger-only 控制权不同；删失行不可排名
exp06,J2__M0,J2,M0,1,250000,129.52307692307693,102.20769230769231,7.007692307692307,20.661538461538463,0.43333333333333335,False,3,,0.0033277870216306157,0.049916805324459225,,,serial_runs/uagmc_45x800k_T2_seed1_20260921_005821/J2__M0/analysis/checkpoint_curve.csv,,,,,,,,没有本矩阵独立 UAGMC 分支；Joint 与 passenger-only 控制权不同；删失行不可排名
exp06,J2__M0,J2,M0,1,300000,121.23931623931624,93.94871794871794,7.042735042735043,20.641025641025642,0.38999999999999996,False,3,,0.011647254575707153,0.03826955074875208,,,serial_runs/uagmc_45x800k_T2_seed1_20260921_005821/J2__M0/analysis/checkpoint_curve.csv,,,,,,,,没有本矩阵独立 UAGMC 分支；Joint 与 passenger-only 控制权不同；删失行不可排名
exp06,J2__M0,J2,M0,1,350000,99.62352941176471,72.16470588235295,6.988235294117647,20.929411764705883,0.2833333333333333,False,3,,0.013311148086522463,0.04159733777038269,,,serial_runs/uagmc_45x800k_T2_seed1_20260921_005821/J2__M0/analysis/checkpoint_curve.csv,,,,,,,,没有本矩阵独立 UAGMC 分支；Joint 与 passenger-only 控制权不同；删失行不可排名
exp06,J2__M0,J2,M0,1,400000,90.18947368421054,62.49473684210526,7.08421052631579,21.105263157894736,0.31666666666666665,False,3,,0.013311148086522463,0.059900166389351084,,,serial_runs/uagmc_45x800k_T2_seed1_20260921_005821/J2__M0/analysis/checkpoint_curve.csv,,,,,,,,没有本矩阵独立 UAGMC 分支；Joint 与 passenger-only 控制权不同；删失行不可排名
exp06,J2__M0,J2,M0,1,450000,83.8425925925926,55.71296296296296,7.37037037037037,21.25925925925926,0.36000000000000004,False,3,,0.011647254575707153,0.07321131447587355,,,serial_runs/uagmc_45x800k_T2_seed1_20260921_005821/J2__M0/analysis/checkpoint_curve.csv,,,,,,,,没有本矩阵独立 UAGMC 分支；Joint 与 passenger-only 控制权不同；删失行不可排名
exp06,J2__M0,J2,M0,1,500000,59.08724832214765,29.798657718120804,8.04026845637584,21.87248322147651,0.49666666666666665,False,3,,0.04658901830282861,0.11480865224625623,,,serial_runs/uagmc_45x800k_T2_seed1_20260921_005821/J2__M0/analysis/checkpoint_curve.csv,,,,,,,,没有本矩阵独立 UAGMC 分支；Joint 与 passenger-only 控制权不同；删失行不可排名
exp06,J2__M0,J2,M0,1,550000,75.52352941176471,46.811764705882354,7.741176470588235,21.470588235294116,0.5666666666666667,False,3,,0.35440931780366053,0.11647254575707154,,,serial_runs/uagmc_45x800k_T2_seed1_20260921_005821/J2__M0/analysis/checkpoint_curve.csv,,,,,,,,没有本矩阵独立 UAGMC 分支；Joint 与 passenger-only 控制权不同；删失行不可排名
exp06,J2__M0,J2,M0,1,600000,119.54878048780488,91.3780487804878,7.5894308943089435,20.934959349593495,0.82,False,3,,0.11647254575707154,0.11314475873544093,,,serial_runs/uagmc_45x800k_T2_seed1_20260921_005821/J2__M0/analysis/checkpoint_curve.csv,,,,,,,,没有本矩阵独立 UAGMC 分支；Joint 与 passenger-only 控制权不同；删失行不可排名
exp06,J2__M0,J2,M0,1,650000,118.65234375,90.3203125,7.79296875,20.875,0.8533333333333334,False,3,,0.09983361064891845,0.09983361064891845,,,serial_runs/uagmc_45x800k_T2_seed1_20260921_005821/J2__M0/analysis/checkpoint_curve.csv,,,,,,,,没有本矩阵独立 UAGMC 分支；Joint 与 passenger-only 控制权不同；删失行不可排名
exp06,J2__M0,J2,M0,1,700000,108.73431734317343,80.58671586715867,7.6162361623616235,20.71217712177122,0.9033333333333333,False,3,,0.13311148086522462,0.1064891846921797,,,serial_runs/uagmc_45x800k_T2_seed1_20260921_005821/J2__M0/analysis/checkpoint_curve.csv,,,,,,,,没有本矩阵独立 UAGMC 分支；Joint 与 passenger-only 控制权不同；删失行不可排名
exp06,J2__M0,J2,M0,1,750000,61.36571428571428,32.325714285714284,7.965714285714285,21.377142857142857,0.5833333333333334,False,3,,0.4442595673876872,0.08319467554076539,,,serial_runs/uagmc_45x800k_T2_seed1_20260921_005821/J2__M0/analysis/checkpoint_curve.csv,,,,,,,,没有本矩阵独立 UAGMC 分支；Joint 与 passenger-only 控制权不同；删失行不可排名
exp06,J2__M0,J2,M0,1,800000,58.17567567567568,29.371621621621625,7.77027027027027,21.2972972972973,0.49333333333333335,False,3,,0.023294509151414306,0.06988352745424292,,,serial_runs/uagmc_45x800k_T2_seed1_20260921_005821/J2__M0/analysis/checkpoint_curve.csv,,,,,,,,没有本矩阵独立 UAGMC 分支；Joint 与 passenger-only 控制权不同；删失行不可排名
exp06,J2__M1,J2,M1,1,50000,69.10714285714286,44.0,5.75,19.428571428571427,0.09333333333333334,False,3,,0.4891846921797005,0.0,,,serial_runs/uagmc_45x800k_T2_seed1_20260921_005821/J2__M1/analysis/checkpoint_curve.csv,,,,,,,,没有本矩阵独立 UAGMC 分支；Joint 与 passenger-only 控制权不同；删失行不可排名
exp06,J2__M1,J2,M1,1,100000,136.0,110.375,6.125,19.666666666666668,0.08,False,3,,0.008319467554076539,0.0,,,serial_runs/uagmc_45x800k_T2_seed1_20260921_005821/J2__M1/analysis/checkpoint_curve.csv,,,,,,,,没有本矩阵独立 UAGMC 分支；Joint 与 passenger-only 控制权不同；删失行不可排名
exp06,J2__M1,J2,M1,1,150000,246.64,221.01,6.14,19.64,0.3333333333333333,False,3,,0.0033277870216306157,0.019966722129783693,,,serial_runs/uagmc_45x800k_T2_seed1_20260921_005821/J2__M1/analysis/checkpoint_curve.csv,,,,,,,,没有本矩阵独立 UAGMC 分支；Joint 与 passenger-only 控制权不同；删失行不可排名
exp06,J2__M1,J2,M1,1,200000,250.83333333333334,224.2314814814815,6.703703703703703,20.14814814814815,0.36000000000000004,False,3,,0.019966722129783693,0.0066555740432612314,,,serial_runs/uagmc_45x800k_T2_seed1_20260921_005821/J2__M1/analysis/checkpoint_curve.csv,,,,,,,,没有本矩阵独立 UAGMC 分支；Joint 与 passenger-only 控制权不同；删失行不可排名
exp06,J2__M1,J2,M1,1,250000,228.94565217391303,202.56521739130434,6.478260869565218,20.08695652173913,0.30666666666666664,False,3,,0.029950083194675542,0.004991680532445923,,,serial_runs/uagmc_45x800k_T2_seed1_20260921_005821/J2__M1/analysis/checkpoint_curve.csv,,,,,,,,没有本矩阵独立 UAGMC 分支；Joint 与 passenger-only 控制权不同；删失行不可排名
exp06,J2__M1,J2,M1,1,300000,132.2051282051282,104.67948717948718,7.012820512820514,20.794871794871796,0.26,False,3,,0.41264559068219636,0.023294509151414306,,,serial_runs/uagmc_45x800k_T2_seed1_20260921_005821/J2__M1/analysis/checkpoint_curve.csv,,,,,,,,没有本矩阵独立 UAGMC 分支；Joint 与 passenger-only 控制权不同；删失行不可排名
exp06,J2__M1,J2,M1,1,350000,226.96511627906978,200.63953488372093,6.5232558139534875,20.023255813953487,0.2866666666666667,False,3,,0.016638935108153077,0.009983361064891847,,,serial_runs/uagmc_45x800k_T2_seed1_20260921_005821/J2__M1/analysis/checkpoint_curve.csv,,,,,,,,没有本矩阵独立 UAGMC 分支；Joint 与 passenger-only 控制权不同；删失行不可排名
exp06,J2__M1,J2,M1,1,400000,211.63559322033902,184.57627118644066,6.915254237288136,20.423728813559322,0.3933333333333333,False,3,,0.16971713810316139,0.03494176372712146,,,serial_runs/uagmc_45x800k_T2_seed1_20260921_005821/J2__M1/analysis/checkpoint_curve.csv,,,,,,,,没有本矩阵独立 UAGMC 分支；Joint 与 passenger-only 控制权不同；删失行不可排名
exp06,J2__M1,J2,M1,1,450000,195.25842696629215,168.43820224719101,6.876404494382022,20.213483146067414,0.2966666666666667,False,3,,0.033277870216306155,0.043261231281198,,,serial_runs/uagmc_45x800k_T2_seed1_20260921_005821/J2__M1/analysis/checkpoint_curve.csv,,,,,,,,没有本矩阵独立 UAGMC 分支；Joint 与 passenger-only 控制权不同；删失行不可排名
exp06,J2__M1,J2,M1,1,500000,190.67768595041323,163.25619834710744,7.123966942148759,20.65289256198347,0.4033333333333333,False,3,,0.09484193011647253,0.0881863560732113,,,serial_runs/uagmc_45x800k_T2_seed1_20260921_005821/J2__M1/analysis/checkpoint_curve.csv,,,,,,,,没有本矩阵独立 UAGMC 分支；Joint 与 passenger-only 控制权不同；删失行不可排名
exp06,J2__M1,J2,M1,1,550000,87.40310077519378,58.98449612403101,7.372093023255814,21.511627906976745,0.43,False,3,,0.08985024958402661,0.03826955074875208,,,serial_runs/uagmc_45x800k_T2_seed1_20260921_005821/J2__M1/analysis/checkpoint_curve.csv,,,,,,,,没有本矩阵独立 UAGMC 分支；Joint 与 passenger-only 控制权不同；删失行不可排名
exp06,J2__M1,J2,M1,1,600000,86.89855072463769,58.60144927536232,7.427536231884058,21.318840579710145,0.46,False,3,,0.05490848585690516,0.056572379367720464,,,serial_runs/uagmc_45x800k_T2_seed1_20260921_005821/J2__M1/analysis/checkpoint_curve.csv,,,,,,,,没有本矩阵独立 UAGMC 分支；Joint 与 passenger-only 控制权不同；删失行不可排名
exp06,J2__M1,J2,M1,1,650000,94.1304347826087,65.8695652173913,7.478260869565218,21.28985507246377,0.46,False,3,,0.11480865224625623,0.07820299500831947,,,serial_runs/uagmc_45x800k_T2_seed1_20260921_005821/J2__M1/analysis/checkpoint_curve.csv,,,,,,,,没有本矩阵独立 UAGMC 分支；Joint 与 passenger-only 控制权不同；删失行不可排名
exp06,J2__M1,J2,M1,1,700000,71.47435897435898,42.916666666666664,7.564102564102565,21.487179487179485,0.52,False,3,,0.07653910149750416,0.08319467554076539,,,serial_runs/uagmc_45x800k_T2_seed1_20260921_005821/J2__M1/analysis/checkpoint_curve.csv,,,,,,,,没有本矩阵独立 UAGMC 分支；Joint 与 passenger-only 控制权不同；删失行不可排名
exp06,J2__M1,J2,M1,1,750000,59.563291139240505,30.67721518987342,7.639240506329114,21.784810126582283,0.5266666666666666,False,3,,0.09317803660565722,0.08985024958402661,,,serial_runs/uagmc_45x800k_T2_seed1_20260921_005821/J2__M1/analysis/checkpoint_curve.csv,,,,,,,,没有本矩阵独立 UAGMC 分支；Joint 与 passenger-only 控制权不同；删失行不可排名
exp06,J2__M1,J2,M1,1,800000,53.470588235294116,24.403361344537814,7.621848739495799,21.92436974789916,0.39666666666666667,False,3,,0.13477537437603992,0.05324459234608985,,,serial_runs/uagmc_45x800k_T2_seed1_20260921_005821/J2__M1/analysis/checkpoint_curve.csv,,,,,,,,没有本矩阵独立 UAGMC 分支；Joint 与 passenger-only 控制权不同；删失行不可排名
exp06,J2__M2,J2,M2,1,50000,45.61538461538461,18.423076923076923,6.576923076923077,21.153846153846153,0.08666666666666667,False,3,,0.4841930116472546,0.0,,,serial_runs/uagmc_45x800k_T2_seed1_20260921_005821/J2__M2/analysis/checkpoint_curve.csv,,,,,,,,没有本矩阵独立 UAGMC 分支；Joint 与 passenger-only 控制权不同；删失行不可排名
exp06,J2__M2,J2,M2,1,100000,37.403225806451616,8.32258064516129,7.693548387096773,22.161290322580644,0.20666666666666667,False,3,,0.5091514143094842,0.05823627287853577,,,serial_runs/uagmc_45x800k_T2_seed1_20260921_005821/J2__M2/analysis/checkpoint_curve.csv,,,,,,,,没有本矩阵独立 UAGMC 分支；Joint 与 passenger-only 控制权不同；删失行不可排名
exp06,J2__M2,J2,M2,1,150000,80.60185185185185,51.97222222222222,7.611111111111111,21.59259259259259,0.36000000000000004,False,3,,0.04658901830282861,0.10815307820299501,,,serial_runs/uagmc_45x800k_T2_seed1_20260921_005821/J2__M2/analysis/checkpoint_curve.csv,,,,,,,,没有本矩阵独立 UAGMC 分支；Joint 与 passenger-only 控制权不同；删失行不可排名
exp06,J2__M2,J2,M2,1,200000,98.06172839506173,69.66666666666667,7.567901234567901,21.320987654320987,0.27,False,3,,0.38935108153078196,0.07986688851913477,,,serial_runs/uagmc_45x800k_T2_seed1_20260921_005821/J2__M2/analysis/checkpoint_curve.csv,,,,,,,,没有本矩阵独立 UAGMC 分支；Joint 与 passenger-only 控制权不同；删失行不可排名
exp06,J2__M2,J2,M2,1,250000,127.27631578947368,99.84210526315788,7.078947368421052,20.68421052631579,0.25333333333333335,False,3,,0.014975041597337771,0.04825291181364392,,,serial_runs/uagmc_45x800k_T2_seed1_20260921_005821/J2__M2/analysis/checkpoint_curve.csv,,,,,,,,没有本矩阵独立 UAGMC 分支；Joint 与 passenger-only 控制权不同；删失行不可排名
exp06,J2__M2,J2,M2,1,300000,102.71604938271605,75.35802469135803,7.037037037037037,20.728395061728396,0.27,False,3,,0.028286189683860232,0.021630615640599,,,serial_runs/uagmc_45x800k_T2_seed1_20260921_005821/J2__M2/analysis/checkpoint_curve.csv,,,,,,,,没有本矩阵独立 UAGMC 分支；Joint 与 passenger-only 控制权不同；删失行不可排名
exp06,J2__M2,J2,M2,1,350000,93.52564102564104,65.82051282051282,7.115384615384616,21.0,0.26,False,3,,0.04825291181364392,0.036605657237936774,,,serial_runs/uagmc_45x800k_T2_seed1_20260921_005821/J2__M2/analysis/checkpoint_curve.csv,,,,,,,,没有本矩阵独立 UAGMC 分支；Joint 与 passenger-only 控制权不同；删失行不可排名
exp06,J2__M2,J2,M2,1,400000,147.04166666666666,120.09375,6.875,20.333333333333332,0.32,False,3,,0.029950083194675542,0.05490848585690516,,,serial_runs/uagmc_45x800k_T2_seed1_20260921_005821/J2__M2/analysis/checkpoint_curve.csv,,,,,,,,没有本矩阵独立 UAGMC 分支；Joint 与 passenger-only 控制权不同；删失行不可排名
exp06,J2__M2,J2,M2,1,450000,111.8846153846154,85.5,6.5576923076923075,20.076923076923077,0.17333333333333334,False,3,,0.023294509151414306,0.023294509151414306,,,serial_runs/uagmc_45x800k_T2_seed1_20260921_005821/J2__M2/analysis/checkpoint_curve.csv,,,,,,,,没有本矩阵独立 UAGMC 分支；Joint 与 passenger-only 控制权不同；删失行不可排名
exp06,J2__M2,J2,M2,1,500000,118.25396825396825,91.44444444444444,6.746031746031746,20.396825396825395,0.21,False,3,,0.03161397670549085,0.033277870216306155,,,serial_runs/uagmc_45x800k_T2_seed1_20260921_005821/J2__M2/analysis/checkpoint_curve.csv,,,,,,,,没有本矩阵独立 UAGMC 分支；Joint 与 passenger-only 控制权不同；删失行不可排名
exp06,J2__M2,J2,M2,1,550000,105.45901639344261,78.39344262295081,6.885245901639344,20.57377049180328,0.20333333333333334,False,3,,0.024958402662229612,0.03494176372712146,,,serial_runs/uagmc_45x800k_T2_seed1_20260921_005821/J2__M2/analysis/checkpoint_curve.csv,,,,,,,,没有本矩阵独立 UAGMC 分支；Joint 与 passenger-only 控制权不同；删失行不可排名
exp06,J2__M2,J2,M2,1,600000,67.41666666666667,39.083333333333336,7.476190476190477,21.38095238095238,0.28,False,3,,0.043261231281198,0.40765391014975044,,,serial_runs/uagmc_45x800k_T2_seed1_20260921_005821/J2__M2/analysis/checkpoint_curve.csv,,,,,,,,没有本矩阵独立 UAGMC 分支；Joint 与 passenger-only 控制权不同；删失行不可排名
exp06,J2__M2,J2,M2,1,650000,64.08108108108108,35.58108108108108,7.594594594594594,21.43243243243243,0.24666666666666667,False,3,,0.033277870216306155,0.405990016638935,,,serial_runs/uagmc_45x800k_T2_seed1_20260921_005821/J2__M2/analysis/checkpoint_curve.csv,,,,,,,,没有本矩阵独立 UAGMC 分支；Joint 与 passenger-only 控制权不同；删失行不可排名
exp06,J2__M2,J2,M2,1,700000,54.74324324324325,25.972972972972972,7.716216216216215,21.64864864864865,0.24666666666666667,False,3,,0.029950083194675542,0.4242928452579035,,,serial_runs/uagmc_45x800k_T2_seed1_20260921_005821/J2__M2/analysis/checkpoint_curve.csv,,,,,,,,没有本矩阵独立 UAGMC 分支；Joint 与 passenger-only 控制权不同；删失行不可排名
exp06,J2__M2,J2,M2,1,750000,48.08641975308641,19.28395061728395,7.6419753086419755,21.814814814814813,0.27,False,3,,0.043261231281198,0.05490848585690516,,,serial_runs/uagmc_45x800k_T2_seed1_20260921_005821/J2__M2/analysis/checkpoint_curve.csv,,,,,,,,没有本矩阵独立 UAGMC 分支；Joint 与 passenger-only 控制权不同；删失行不可排名
exp06,J2__M2,J2,M2,1,800000,59.57333333333333,31.146666666666665,7.44,21.56,0.25,False,3,,0.04658901830282861,0.08985024958402661,,,serial_runs/uagmc_45x800k_T2_seed1_20260921_005821/J2__M2/analysis/checkpoint_curve.csv,,,,,,,,没有本矩阵独立 UAGMC 分支；Joint 与 passenger-only 控制权不同；删失行不可排名
exp06,J2__M3,J2,M3,1,50000,74.52380952380952,50.23809523809524,5.285714285714286,19.0,0.07,False,3,,0.0,0.0,,,serial_runs/uagmc_45x800k_T2_seed1_20260921_005821/J2__M3/analysis/checkpoint_curve.csv,,,,,,,,没有本矩阵独立 UAGMC 分支；Joint 与 passenger-only 控制权不同；删失行不可排名
exp06,J2__M3,J2,M3,1,100000,37.333333333333336,9.023809523809524,7.166666666666667,21.761904761904763,0.14,False,3,,0.45757071547420963,0.03826955074875208,,,serial_runs/uagmc_45x800k_T2_seed1_20260921_005821/J2__M3/analysis/checkpoint_curve.csv,,,,,,,,没有本矩阵独立 UAGMC 分支；Joint 与 passenger-only 控制权不同；删失行不可排名
exp06,J2__M3,J2,M3,1,150000,140.515873015873,112.7063492063492,7.261904761904762,20.96825396825397,0.42,False,3,,0.021630615640599,0.09484193011647253,,,serial_runs/uagmc_45x800k_T2_seed1_20260921_005821/J2__M3/analysis/checkpoint_curve.csv,,,,,,,,没有本矩阵独立 UAGMC 分支；Joint 与 passenger-only 控制权不同；删失行不可排名
exp06,J2__M3,J2,M3,1,200000,110.23376623376623,82.07792207792208,7.415584415584416,21.181818181818183,0.25666666666666665,False,3,,0.2911813643926789,0.1314475873544093,,,serial_runs/uagmc_45x800k_T2_seed1_20260921_005821/J2__M3/analysis/checkpoint_curve.csv,,,,,,,,没有本矩阵独立 UAGMC 分支；Joint 与 passenger-only 控制权不同；删失行不可排名
exp06,J2__M3,J2,M3,1,250000,145.77777777777777,118.01234567901234,7.234567901234567,20.925925925925927,0.27,False,3,,0.30782029950083195,0.05823627287853577,,,serial_runs/uagmc_45x800k_T2_seed1_20260921_005821/J2__M3/analysis/checkpoint_curve.csv,,,,,,,,没有本矩阵独立 UAGMC 分支；Joint 与 passenger-only 控制权不同；删失行不可排名
exp06,J2__M3,J2,M3,1,300000,62.34090909090909,33.88636363636363,7.3977272727272725,21.681818181818183,0.29333333333333333,False,3,,0.4009983361064891,0.08485856905158069,,,serial_runs/uagmc_45x800k_T2_seed1_20260921_005821/J2__M3/analysis/checkpoint_curve.csv,,,,,,,,没有本矩阵独立 UAGMC 分支；Joint 与 passenger-only 控制权不同；删失行不可排名
exp06,J2__M3,J2,M3,1,350000,57.74025974025974,28.792207792207794,7.7272727272727275,21.805194805194805,0.25666666666666665,False,3,,0.04825291181364392,0.06821963394342762,,,serial_runs/uagmc_45x800k_T2_seed1_20260921_005821/J2__M3/analysis/checkpoint_curve.csv,,,,,,,,没有本矩阵独立 UAGMC 分支；Joint 与 passenger-only 控制权不同；删失行不可排名
exp06,J2__M3,J2,M3,1,400000,76.19753086419753,47.97530864197531,7.481481481481482,21.320987654320987,0.27,False,3,,0.024958402662229612,0.059900166389351084,,,serial_runs/uagmc_45x800k_T2_seed1_20260921_005821/J2__M3/analysis/checkpoint_curve.csv,,,,,,,,没有本矩阵独立 UAGMC 分支；Joint 与 passenger-only 控制权不同；删失行不可排名
exp06,J2__M3,J2,M3,1,450000,68.07272727272728,39.64545454545455,7.254545454545455,21.763636363636362,0.36666666666666664,False,3,,0.07487520798668885,0.1048252911813644,,,serial_runs/uagmc_45x800k_T2_seed1_20260921_005821/J2__M3/analysis/checkpoint_curve.csv,,,,,,,,没有本矩阵独立 UAGMC 分支；Joint 与 passenger-only 控制权不同；删失行不可排名
exp06,J2__M3,J2,M3,1,500000,93.09322033898304,65.26271186440678,7.169491525423729,21.135593220338983,0.3933333333333333,False,3,,0.05823627287853577,0.05324459234608985,,,serial_runs/uagmc_45x800k_T2_seed1_20260921_005821/J2__M3/analysis/checkpoint_curve.csv,,,,,,,,没有本矩阵独立 UAGMC 分支；Joint 与 passenger-only 控制权不同；删失行不可排名
exp06,J2__M3,J2,M3,1,550000,78.36486486486487,50.0472972972973,7.216216216216215,21.72972972972973,0.49333333333333335,False,3,,0.023294509151414306,0.13311148086522462,,,serial_runs/uagmc_45x800k_T2_seed1_20260921_005821/J2__M3/analysis/checkpoint_curve.csv,,,,,,,,没有本矩阵独立 UAGMC 分支；Joint 与 passenger-only 控制权不同；删失行不可排名
exp06,J2__M3,J2,M3,1,600000,69.83333333333333,41.22727272727273,7.56060606060606,21.606060606060606,0.44,False,3,,0.04658901830282861,0.0632279534109817,,,serial_runs/uagmc_45x800k_T2_seed1_20260921_005821/J2__M3/analysis/checkpoint_curve.csv,,,,,,,,没有本矩阵独立 UAGMC 分支；Joint 与 passenger-only 控制权不同；删失行不可排名
exp06,J2__M3,J2,M3,1,650000,52.60493827160494,23.38271604938272,7.604938271604939,22.135802469135808,0.54,False,3,,0.07986688851913477,0.1464226289517471,,,serial_runs/uagmc_45x800k_T2_seed1_20260921_005821/J2__M3/analysis/checkpoint_curve.csv,,,,,,,,没有本矩阵独立 UAGMC 分支；Joint 与 passenger-only 控制权不同；删失行不可排名
exp06,J2__M3,J2,M3,1,700000,40.678082191780824,11.1027397260274,7.931506849315068,22.315068493150687,0.48666666666666664,False,3,,0.011647254575707153,0.1747088186356073,,,serial_runs/uagmc_45x800k_T2_seed1_20260921_005821/J2__M3/analysis/checkpoint_curve.csv,,,,,,,,没有本矩阵独立 UAGMC 分支；Joint 与 passenger-only 控制权不同；删失行不可排名
exp06,J2__M3,J2,M3,1,750000,46.07236842105263,16.657894736842106,7.8618421052631575,22.105263157894736,0.5066666666666667,False,3,,0.009983361064891847,0.17970049916805322,,,serial_runs/uagmc_45x800k_T2_seed1_20260921_005821/J2__M3/analysis/checkpoint_curve.csv,,,,,,,,没有本矩阵独立 UAGMC 分支；Joint 与 passenger-only 控制权不同；删失行不可排名
exp06,J2__M3,J2,M3,1,800000,40.333333333333336,10.914529914529915,7.777777777777778,22.247863247863247,0.38999999999999996,False,3,,0.023294509151414306,0.1281198003327787,,,serial_runs/uagmc_45x800k_T2_seed1_20260921_005821/J2__M3/analysis/checkpoint_curve.csv,,,,,,,,没有本矩阵独立 UAGMC 分支；Joint 与 passenger-only 控制权不同；删失行不可排名
exp06,J2__M4,J2,M4,1,50000,89.37455830388693,63.27561837455831,6.586572438162544,19.551236749116608,0.9433333333333334,False,3,,0.024958402662229612,0.0,,,serial_runs/uagmc_45x800k_T2_seed1_20260921_005821/J2__M4/analysis/checkpoint_curve.csv,,,,,,,,没有本矩阵独立 UAGMC 分支；Joint 与 passenger-only 控制权不同；删失行不可排名
exp06,J2__M4,J2,M4,1,100000,227.4959677419355,201.32661290322577,6.540322580645161,19.741935483870968,0.8266666666666667,False,3,,0.22296173044925124,0.021630615640599,,,serial_runs/uagmc_45x800k_T2_seed1_20260921_005821/J2__M4/analysis/checkpoint_curve.csv,,,,,,,,没有本矩阵独立 UAGMC 分支；Joint 与 passenger-only 控制权不同；删失行不可排名
exp06,J2__M4,J2,M4,1,150000,216.5695652173913,189.6695652173913,6.8304347826086955,20.234782608695653,0.7666666666666667,False,3,,0.049916805324459225,0.09484193011647253,,,serial_runs/uagmc_45x800k_T2_seed1_20260921_005821/J2__M4/analysis/checkpoint_curve.csv,,,,,,,,没有本矩阵独立 UAGMC 分支；Joint 与 passenger-only 控制权不同；删失行不可排名
exp06,J2__M4,J2,M4,1,200000,156.1237113402062,128.7422680412371,6.948453608247423,20.7319587628866,0.3233333333333333,False,3,,0.043261231281198,0.12146422628951747,,,serial_runs/uagmc_45x800k_T2_seed1_20260921_005821/J2__M4/analysis/checkpoint_curve.csv,,,,,,,,没有本矩阵独立 UAGMC 分支；Joint 与 passenger-only 控制权不同；删失行不可排名
exp06,J2__M4,J2,M4,1,250000,114.11111111111113,86.74074074074075,7.0555555555555545,20.703703703703702,0.18000000000000002,False,3,,0.04159733777038269,0.029950083194675542,,,serial_runs/uagmc_45x800k_T2_seed1_20260921_005821/J2__M4/analysis/checkpoint_curve.csv,,,,,,,,没有本矩阵独立 UAGMC 分支；Joint 与 passenger-only 控制权不同；删失行不可排名
exp06,J2__M4,J2,M4,1,300000,127.21348314606742,100.04494382022472,6.853932584269663,20.617977528089888,0.2966666666666667,False,3,,0.029950083194675542,0.08319467554076539,,,serial_runs/uagmc_45x800k_T2_seed1_20260921_005821/J2__M4/analysis/checkpoint_curve.csv,,,,,,,,没有本矩阵独立 UAGMC 分支；Joint 与 passenger-only 控制权不同；删失行不可排名
exp06,J2__M4,J2,M4,1,350000,143.41860465116278,115.86821705426355,7.054263565891472,20.767441860465116,0.43,False,3,,0.06655574043261231,0.09484193011647253,,,serial_runs/uagmc_45x800k_T2_seed1_20260921_005821/J2__M4/analysis/checkpoint_curve.csv,,,,,,,,没有本矩阵独立 UAGMC 分支；Joint 与 passenger-only 控制权不同；删失行不可排名
exp06,J2__M4,J2,M4,1,400000,136.4245283018868,108.95283018867924,7.009433962264151,20.849056603773583,0.35333333333333333,False,3,,0.028286189683860232,0.13643926788685523,,,serial_runs/uagmc_45x800k_T2_seed1_20260921_005821/J2__M4/analysis/checkpoint_curve.csv,,,,,,,,没有本矩阵独立 UAGMC 分支；Joint 与 passenger-only 控制权不同；删失行不可排名
exp06,J2__M4,J2,M4,1,450000,98.23684210526316,70.01754385964912,7.350877192982456,21.31578947368421,0.38000000000000006,False,3,,0.07653910149750416,0.07986688851913477,,,serial_runs/uagmc_45x800k_T2_seed1_20260921_005821/J2__M4/analysis/checkpoint_curve.csv,,,,,,,,没有本矩阵独立 UAGMC 分支；Joint 与 passenger-only 控制权不同；删失行不可排名
exp06,J2__M4,J2,M4,1,500000,81.39166666666667,52.92499999999999,7.5,21.466666666666665,0.4000000000000001,False,3,,0.03494176372712146,0.12312811980033278,,,serial_runs/uagmc_45x800k_T2_seed1_20260921_005821/J2__M4/analysis/checkpoint_curve.csv,,,,,,,,没有本矩阵独立 UAGMC 分支；Joint 与 passenger-only 控制权不同；删失行不可排名
exp06,J2__M4,J2,M4,1,550000,72.88461538461539,44.207692307692305,7.569230769230768,21.646153846153847,0.43333333333333335,False,3,,0.45923460898502494,0.06988352745424292,,,serial_runs/uagmc_45x800k_T2_seed1_20260921_005821/J2__M4/analysis/checkpoint_curve.csv,,,,,,,,没有本矩阵独立 UAGMC 分支；Joint 与 passenger-only 控制权不同；删失行不可排名
exp06,J2__M4,J2,M4,1,600000,86.66666666666667,58.10493827160494,7.567901234567901,21.444444444444443,0.54,False,3,,0.10149750415973376,0.07820299500831947,,,serial_runs/uagmc_45x800k_T2_seed1_20260921_005821/J2__M4/analysis/checkpoint_curve.csv,,,,,,,,没有本矩阵独立 UAGMC 分支；Joint 与 passenger-only 控制权不同；删失行不可排名
exp06,J2__M4,J2,M4,1,650000,88.51461988304094,59.994152046783626,7.432748538011697,21.45614035087719,0.57,False,3,,0.10316139767054909,0.23960066555740434,,,serial_runs/uagmc_45x800k_T2_seed1_20260921_005821/J2__M4/analysis/checkpoint_curve.csv,,,,,,,,没有本矩阵独立 UAGMC 分支；Joint 与 passenger-only 控制权不同；删失行不可排名
exp06,J2__M4,J2,M4,1,700000,74.64571428571429,46.13142857142858,7.400000000000001,21.62857142857143,0.5833333333333334,False,3,,0.49750415973377704,0.10149750415973376,,,serial_runs/uagmc_45x800k_T2_seed1_20260921_005821/J2__M4/analysis/checkpoint_curve.csv,,,,,,,,没有本矩阵独立 UAGMC 分支；Joint 与 passenger-only 控制权不同；删失行不可排名
exp06,J2__M4,J2,M4,1,750000,73.08474576271186,44.51412429378531,7.338983050847458,21.666666666666668,0.59,False,3,,0.16139767054908485,0.15307820299500832,,,serial_runs/uagmc_45x800k_T2_seed1_20260921_005821/J2__M4/analysis/checkpoint_curve.csv,,,,,,,,没有本矩阵独立 UAGMC 分支；Joint 与 passenger-only 控制权不同；删失行不可排名
exp06,J2__M4,J2,M4,1,800000,74.57471264367815,45.77011494252874,7.477011494252873,21.71264367816092,0.58,False,3,,0.44093178036605657,0.15973377703826955,,,serial_runs/uagmc_45x800k_T2_seed1_20260921_005821/J2__M4/analysis/checkpoint_curve.csv,,,,,,,,没有本矩阵独立 UAGMC 分支；Joint 与 passenger-only 控制权不同；删失行不可排名
exp06,J3__M0,J3,M0,1,50000,252.7307692307692,227.7307692307692,6.0,19.0,0.3466666666666667,False,3,,0.0,0.0,,,serial_runs/uagmc_45x800k_T2_seed1_20260921_005821/J3__M0/analysis/checkpoint_curve.csv,,,,,,,,没有本矩阵独立 UAGMC 分支；Joint 与 passenger-only 控制权不同；删失行不可排名
exp06,J3__M0,J3,M0,1,100000,89.34782608695652,64.69565217391305,5.521739130434782,19.17391304347826,0.07666666666666666,False,3,,0.0,0.0016638935108153079,,,serial_runs/uagmc_45x800k_T2_seed1_20260921_005821/J3__M0/analysis/checkpoint_curve.csv,,,,,,,,没有本矩阵独立 UAGMC 分支；Joint 与 passenger-only 控制权不同；删失行不可排名
exp06,J3__M0,J3,M0,1,150000,56.17499999999999,28.125,6.962500000000001,21.75,0.26666666666666666,False,3,,0.0,0.12479201331114809,,,serial_runs/uagmc_45x800k_T2_seed1_20260921_005821/J3__M0/analysis/checkpoint_curve.csv,,,,,,,,没有本矩阵独立 UAGMC 分支；Joint 与 passenger-only 控制权不同；删失行不可排名
exp06,J3__M0,J3,M0,1,200000,39.92307692307692,13.230769230769232,6.153846153846154,21.0,0.08666666666666667,False,3,,0.0033277870216306157,0.018302828618968387,,,serial_runs/uagmc_45x800k_T2_seed1_20260921_005821/J3__M0/analysis/checkpoint_curve.csv,,,,,,,,没有本矩阵独立 UAGMC 分支；Joint 与 passenger-only 控制权不同；删失行不可排名
exp06,J3__M0,J3,M0,1,250000,43.15151515151515,14.666666666666666,7.1818181818181825,21.90909090909091,0.22,False,3,,0.5124792013311148,0.024958402662229612,,,serial_runs/uagmc_45x800k_T2_seed1_20260921_005821/J3__M0/analysis/checkpoint_curve.csv,,,,,,,,没有本矩阵独立 UAGMC 分支；Joint 与 passenger-only 控制权不同；删失行不可排名
exp06,J3__M0,J3,M0,1,300000,48.608695652173914,20.231884057971016,7.144927536231884,21.840579710144926,0.23,False,3,,0.4509151414309484,0.07487520798668885,,,serial_runs/uagmc_45x800k_T2_seed1_20260921_005821/J3__M0/analysis/checkpoint_curve.csv,,,,,,,,没有本矩阵独立 UAGMC 分支；Joint 与 passenger-only 控制权不同；删失行不可排名
exp06,J3__M0,J3,M0,1,350000,56.55294117647059,28.04705882352941,7.364705882352941,21.776470588235295,0.2833333333333333,False,3,,0.4459234608985025,0.09484193011647253,,,serial_runs/uagmc_45x800k_T2_seed1_20260921_005821/J3__M0/analysis/checkpoint_curve.csv,,,,,,,,没有本矩阵独立 UAGMC 分支；Joint 与 passenger-only 控制权不同；删失行不可排名
exp06,J3__M0,J3,M0,1,400000,53.08888888888888,24.177777777777777,7.633333333333334,21.933333333333334,0.3,False,3,,0.044925124792013306,0.4925124792013311,,,serial_runs/uagmc_45x800k_T2_seed1_20260921_005821/J3__M0/analysis/checkpoint_curve.csv,,,,,,,,没有本矩阵独立 UAGMC 分支；Joint 与 passenger-only 控制权不同；删失行不可排名
exp06,J3__M0,J3,M0,1,450000,49.14893617021276,20.606382978723403,7.223404255319149,21.97872340425532,0.31333333333333335,False,3,,0.43926788685524126,0.10815307820299501,,,serial_runs/uagmc_45x800k_T2_seed1_20260921_005821/J3__M0/analysis/checkpoint_curve.csv,,,,,,,,没有本矩阵独立 UAGMC 分支；Joint 与 passenger-only 控制权不同；删失行不可排名
exp06,J3__M0,J3,M0,1,500000,50.0,21.232323232323232,7.454545454545454,22.03030303030303,0.33,False,3,,0.036605657237936774,0.5091514143094842,,,serial_runs/uagmc_45x800k_T2_seed1_20260921_005821/J3__M0/analysis/checkpoint_curve.csv,,,,,,,,没有本矩阵独立 UAGMC 分支；Joint 与 passenger-only 控制权不同；删失行不可排名
exp06,J3__M0,J3,M0,1,550000,47.21111111111111,18.18888888888889,7.688888888888889,22.022222222222222,0.3,False,3,,0.43760399334442596,0.11148086522462562,,,serial_runs/uagmc_45x800k_T2_seed1_20260921_005821/J3__M0/analysis/checkpoint_curve.csv,,,,,,,,没有本矩阵独立 UAGMC 分支；Joint 与 passenger-only 控制权不同；删失行不可排名
exp06,J3__M0,J3,M0,1,600000,54.333333333333336,25.19354838709678,7.827956989247312,21.967741935483872,0.31,False,3,,0.4259567387687188,0.1314475873544093,,,serial_runs/uagmc_45x800k_T2_seed1_20260921_005821/J3__M0/analysis/checkpoint_curve.csv,,,,,,,,没有本矩阵独立 UAGMC 分支；Joint 与 passenger-only 控制权不同；删失行不可排名
exp06,J3__M0,J3,M0,1,650000,45.54651162790697,16.441860465116278,7.604651162790698,22.209302325581394,0.2866666666666667,False,3,,0.41264559068219636,0.15141430948419302,,,serial_runs/uagmc_45x800k_T2_seed1_20260921_005821/J3__M0/analysis/checkpoint_curve.csv,,,,,,,,没有本矩阵独立 UAGMC 分支；Joint 与 passenger-only 控制权不同；删失行不可排名
exp06,J3__M0,J3,M0,1,700000,44.10989010989011,14.89010989010989,7.736263736263736,22.208791208791208,0.30333333333333334,False,3,,0.4242928452579035,0.1480865224625624,,,serial_runs/uagmc_45x800k_T2_seed1_20260921_005821/J3__M0/analysis/checkpoint_curve.csv,,,,,,,,没有本矩阵独立 UAGMC 分支；Joint 与 passenger-only 控制权不同；删失行不可排名
exp06,J3__M0,J3,M0,1,750000,43.3125,14.0,7.849999999999999,22.2,0.26666666666666666,False,3,,0.4242928452579035,0.1480865224625624,,,serial_runs/uagmc_45x800k_T2_seed1_20260921_005821/J3__M0/analysis/checkpoint_curve.csv,,,,,,,,没有本矩阵独立 UAGMC 分支；Joint 与 passenger-only 控制权不同；删失行不可排名
exp06,J3__M0,J3,M0,1,800000,45.875,16.76388888888889,7.666666666666667,22.11111111111111,0.24,False,3,,0.43760399334442596,0.10815307820299501,,,serial_runs/uagmc_45x800k_T2_seed1_20260921_005821/J3__M0/analysis/checkpoint_curve.csv,,,,,,,,没有本矩阵独立 UAGMC 分支；Joint 与 passenger-only 控制权不同；删失行不可排名
exp06,J3__M1,J3,M1,1,50000,252.7307692307692,227.7307692307692,6.0,19.0,0.3466666666666667,False,3,,0.0,0.0,,,serial_runs/uagmc_45x800k_T2_seed1_20260921_005821/J3__M1/analysis/checkpoint_curve.csv,,,,,,,,没有本矩阵独立 UAGMC 分支；Joint 与 passenger-only 控制权不同；删失行不可排名
exp06,J3__M1,J3,M1,1,100000,252.7307692307692,227.7307692307692,6.0,19.0,0.3466666666666667,False,3,,0.0,0.0,,,serial_runs/uagmc_45x800k_T2_seed1_20260921_005821/J3__M1/analysis/checkpoint_curve.csv,,,,,,,,没有本矩阵独立 UAGMC 分支；Joint 与 passenger-only 控制权不同；删失行不可排名
exp06,J3__M1,J3,M1,1,150000,252.7307692307692,227.7307692307692,6.0,19.0,0.3466666666666667,False,3,,0.0,0.0,,,serial_runs/uagmc_45x800k_T2_seed1_20260921_005821/J3__M1/analysis/checkpoint_curve.csv,,,,,,,,没有本矩阵独立 UAGMC 分支；Joint 与 passenger-only 控制权不同；删失行不可排名
exp06,J3__M1,J3,M1,1,200000,243.375,218.44791666666666,5.927083333333333,19.0,0.32,False,3,,0.0,0.0,,,serial_runs/uagmc_45x800k_T2_seed1_20260921_005821/J3__M1/analysis/checkpoint_curve.csv,,,,,,,,没有本矩阵独立 UAGMC 分支；Joint 与 passenger-only 控制权不同；删失行不可排名
exp06,J3__M1,J3,M1,1,250000,173.51282051282053,148.2051282051282,5.769230769230769,19.71794871794872,0.13,False,3,,0.0,0.013311148086522463,,,serial_runs/uagmc_45x800k_T2_seed1_20260921_005821/J3__M1/analysis/checkpoint_curve.csv,,,,,,,,没有本矩阵独立 UAGMC 分支；Joint 与 passenger-only 控制权不同；删失行不可排名
exp06,J3__M1,J3,M1,1,300000,161.82692307692307,136.0,6.134615384615384,19.923076923076923,0.17333333333333334,False,3,,0.0,0.024958402662229612,,,serial_runs/uagmc_45x800k_T2_seed1_20260921_005821/J3__M1/analysis/checkpoint_curve.csv,,,,,,,,没有本矩阵独立 UAGMC 分支；Joint 与 passenger-only 控制权不同；删失行不可排名
exp06,J3__M1,J3,M1,1,350000,152.26666666666668,126.90000000000002,5.966666666666666,19.533333333333335,0.10000000000000002,False,3,,0.0,0.008319467554076539,,,serial_runs/uagmc_45x800k_T2_seed1_20260921_005821/J3__M1/analysis/checkpoint_curve.csv,,,,,,,,没有本矩阵独立 UAGMC 分支；Joint 与 passenger-only 控制权不同；删失行不可排名
exp06,J3__M1,J3,M1,1,400000,79.16666666666667,54.944444444444436,5.222222222222222,19.0,0.06,False,3,,0.0,0.0033277870216306157,,,serial_runs/uagmc_45x800k_T2_seed1_20260921_005821/J3__M1/analysis/checkpoint_curve.csv,,,,,,,,没有本矩阵独立 UAGMC 分支；Joint 与 passenger-only 控制权不同；删失行不可排名
exp06,J3__M1,J3,M1,1,450000,123.70454545454545,97.02272727272727,6.659090909090909,20.363636363636363,0.14666666666666667,False,3,,0.0,0.024958402662229612,,,serial_runs/uagmc_45x800k_T2_seed1_20260921_005821/J3__M1/analysis/checkpoint_curve.csv,,,,,,,,没有本矩阵独立 UAGMC 分支；Joint 与 passenger-only 控制权不同；删失行不可排名
exp06,J3__M1,J3,M1,1,500000,133.9189189189189,106.46846846846847,7.162162162162162,20.65765765765766,0.36999999999999994,False,3,,0.0,0.1464226289517471,,,serial_runs/uagmc_45x800k_T2_seed1_20260921_005821/J3__M1/analysis/checkpoint_curve.csv,,,,,,,,没有本矩阵独立 UAGMC 分支；Joint 与 passenger-only 控制权不同；删失行不可排名
exp06,J3__M1,J3,M1,1,550000,109.2,81.672,7.072,20.856,0.4166666666666667,False,3,,0.0,0.1447587354409318,,,serial_runs/uagmc_45x800k_T2_seed1_20260921_005821/J3__M1/analysis/checkpoint_curve.csv,,,,,,,,没有本矩阵独立 UAGMC 分支；Joint 与 passenger-only 控制权不同；删失行不可排名
exp06,J3__M1,J3,M1,1,600000,85.3673469387755,57.585034013605444,7.27891156462585,20.931972789115648,0.49,False,3,,0.0,0.16139767054908485,,,serial_runs/uagmc_45x800k_T2_seed1_20260921_005821/J3__M1/analysis/checkpoint_curve.csv,,,,,,,,没有本矩阵独立 UAGMC 分支；Joint 与 passenger-only 控制权不同；删失行不可排名
exp06,J3__M1,J3,M1,1,650000,78.86428571428571,50.26428571428571,7.7,21.457142857142856,0.4666666666666666,False,3,,0.0,0.18469217970049914,,,serial_runs/uagmc_45x800k_T2_seed1_20260921_005821/J3__M1/analysis/checkpoint_curve.csv,,,,,,,,没有本矩阵独立 UAGMC 分支；Joint 与 passenger-only 控制权不同；删失行不可排名
exp06,J3__M1,J3,M1,1,700000,104.6640625,76.3125,7.4140625,21.5,0.4266666666666667,False,3,,0.0,0.13477537437603992,,,serial_runs/uagmc_45x800k_T2_seed1_20260921_005821/J3__M1/analysis/checkpoint_curve.csv,,,,,,,,没有本矩阵独立 UAGMC 分支；Joint 与 passenger-only 控制权不同；删失行不可排名
exp06,J3__M1,J3,M1,1,750000,63.418918918918926,34.16216216216216,7.885135135135134,21.89189189189189,0.49333333333333335,False,3,,0.0,0.22129783693843594,,,serial_runs/uagmc_45x800k_T2_seed1_20260921_005821/J3__M1/analysis/checkpoint_curve.csv,,,,,,,,没有本矩阵独立 UAGMC 分支；Joint 与 passenger-only 控制权不同；删失行不可排名
exp06,J3__M1,J3,M1,1,800000,69.86451612903225,40.89677419354839,7.7612903225806456,21.73548387096774,0.5166666666666667,False,3,,0.0,0.24958402662229617,,,serial_runs/uagmc_45x800k_T2_seed1_20260921_005821/J3__M1/analysis/checkpoint_curve.csv,,,,,,,,没有本矩阵独立 UAGMC 分支；Joint 与 passenger-only 控制权不同；删失行不可排名
exp06,J3__M2,J3,M2,1,50000,252.7307692307692,227.7307692307692,6.0,19.0,0.3466666666666667,False,3,,0.0,0.0,,,serial_runs/uagmc_45x800k_T2_seed1_20260921_005821/J3__M2/analysis/checkpoint_curve.csv,,,,,,,,没有本矩阵独立 UAGMC 分支；Joint 与 passenger-only 控制权不同；删失行不可排名
exp06,J3__M2,J3,M2,1,100000,252.7307692307692,227.7307692307692,6.0,19.0,0.3466666666666667,False,3,,0.0,0.0,,,serial_runs/uagmc_45x800k_T2_seed1_20260921_005821/J3__M2/analysis/checkpoint_curve.csv,,,,,,,,没有本矩阵独立 UAGMC 分支；Joint 与 passenger-only 控制权不同；删失行不可排名
exp06,J3__M2,J3,M2,1,150000,252.7307692307692,227.7307692307692,6.0,19.0,0.3466666666666667,False,3,,0.0,0.0,,,serial_runs/uagmc_45x800k_T2_seed1_20260921_005821/J3__M2/analysis/checkpoint_curve.csv,,,,,,,,没有本矩阵独立 UAGMC 分支；Joint 与 passenger-only 控制权不同；删失行不可排名
exp06,J3__M2,J3,M2,1,200000,223.83544303797467,198.9493670886076,5.886075949367089,19.0,0.2633333333333333,False,3,,0.0,0.0,,,serial_runs/uagmc_45x800k_T2_seed1_20260921_005821/J3__M2/analysis/checkpoint_curve.csv,,,,,,,,没有本矩阵独立 UAGMC 分支；Joint 与 passenger-only 控制权不同；删失行不可排名
exp06,J3__M2,J3,M2,1,250000,109.3859649122807,83.50877192982456,6.2631578947368425,19.771929824561404,0.19000000000000003,False,3,,0.0,0.036605657237936774,,,serial_runs/uagmc_45x800k_T2_seed1_20260921_005821/J3__M2/analysis/checkpoint_curve.csv,,,,,,,,没有本矩阵独立 UAGMC 分支；Joint 与 passenger-only 控制权不同；删失行不可排名
exp06,J3__M2,J3,M2,1,300000,80.91071428571429,53.75,6.803571428571428,20.785714285714285,0.18666666666666668,False,3,,0.0,0.06156405990016639,,,serial_runs/uagmc_45x800k_T2_seed1_20260921_005821/J3__M2/analysis/checkpoint_curve.csv,,,,,,,,没有本矩阵独立 UAGMC 分支；Joint 与 passenger-only 控制权不同；删失行不可排名
exp06,J3__M2,J3,M2,1,350000,143.64761904761906,116.4952380952381,6.876190476190477,20.63809523809524,0.3499999999999999,False,3,,0.0,0.13311148086522462,,,serial_runs/uagmc_45x800k_T2_seed1_20260921_005821/J3__M2/analysis/checkpoint_curve.csv,,,,,,,,没有本矩阵独立 UAGMC 分支；Joint 与 passenger-only 控制权不同；删失行不可排名
exp06,J3__M2,J3,M2,1,400000,133.64583333333334,106.28125,6.958333333333333,20.75,0.32,False,3,,0.0,0.2562396006655574,,,serial_runs/uagmc_45x800k_T2_seed1_20260921_005821/J3__M2/analysis/checkpoint_curve.csv,,,,,,,,没有本矩阵独立 UAGMC 分支；Joint 与 passenger-only 控制权不同；删失行不可排名
exp06,J3__M2,J3,M2,1,450000,128.24603174603175,100.59523809523812,7.126984126984127,21.0,0.42,False,3,,0.0,0.13810316139767054,,,serial_runs/uagmc_45x800k_T2_seed1_20260921_005821/J3__M2/analysis/checkpoint_curve.csv,,,,,,,,没有本矩阵独立 UAGMC 分支；Joint 与 passenger-only 控制权不同；删失行不可排名
exp06,J3__M2,J3,M2,1,500000,109.43333333333334,81.3,7.413333333333333,21.213333333333335,0.5,False,3,,0.0,0.2029950083194675,,,serial_runs/uagmc_45x800k_T2_seed1_20260921_005821/J3__M2/analysis/checkpoint_curve.csv,,,,,,,,没有本矩阵独立 UAGMC 分支；Joint 与 passenger-only 控制权不同；删失行不可排名
exp06,J3__M2,J3,M2,1,550000,83.77564102564102,54.993589743589745,7.538461538461537,21.84615384615385,0.52,False,3,,0.0,0.2529118136439268,,,serial_runs/uagmc_45x800k_T2_seed1_20260921_005821/J3__M2/analysis/checkpoint_curve.csv,,,,,,,,没有本矩阵独立 UAGMC 分支；Joint 与 passenger-only 控制权不同；删失行不可排名
exp06,J3__M2,J3,M2,1,600000,85.98051948051948,56.922077922077925,7.740259740259741,21.93506493506494,0.5133333333333333,False,3,,0.0,0.2612312811980033,,,serial_runs/uagmc_45x800k_T2_seed1_20260921_005821/J3__M2/analysis/checkpoint_curve.csv,,,,,,,,没有本矩阵独立 UAGMC 分支；Joint 与 passenger-only 控制权不同；删失行不可排名
exp06,J3__M2,J3,M2,1,650000,70.93037974683544,41.462025316455694,7.841772151898734,22.215189873417717,0.5266666666666666,False,3,,0.0,0.2579034941763727,,,serial_runs/uagmc_45x800k_T2_seed1_20260921_005821/J3__M2/analysis/checkpoint_curve.csv,,,,,,,,没有本矩阵独立 UAGMC 分支；Joint 与 passenger-only 控制权不同；删失行不可排名
exp06,J3__M2,J3,M2,1,700000,39.247058823529414,8.847058823529412,8.288235294117648,22.64705882352941,0.5666666666666667,False,3,,0.0,0.2911813643926789,,,serial_runs/uagmc_45x800k_T2_seed1_20260921_005821/J3__M2/analysis/checkpoint_curve.csv,,,,,,,,没有本矩阵独立 UAGMC 分支；Joint 与 passenger-only 控制权不同；删失行不可排名
exp06,J3__M2,J3,M2,1,750000,35.47682119205298,5.0198675496688745,8.370860927152318,22.68211920529801,0.5033333333333333,False,3,,0.0,0.26622296173044924,,,serial_runs/uagmc_45x800k_T2_seed1_20260921_005821/J3__M2/analysis/checkpoint_curve.csv,,,,,,,,没有本矩阵独立 UAGMC 分支；Joint 与 passenger-only 控制权不同；删失行不可排名
exp06,J3__M2,J3,M2,1,800000,37.64935064935065,7.415584415584416,8.233766233766234,22.662337662337663,0.5133333333333333,False,3,,0.0,0.26788685524126454,,,serial_runs/uagmc_45x800k_T2_seed1_20260921_005821/J3__M2/analysis/checkpoint_curve.csv,,,,,,,,没有本矩阵独立 UAGMC 分支；Joint 与 passenger-only 控制权不同；删失行不可排名
exp06,J3__M3,J3,M3,1,50000,252.7307692307692,227.7307692307692,6.0,19.0,0.3466666666666667,False,3,,0.0,0.0,,,serial_runs/uagmc_45x800k_T2_seed1_20260921_005821/J3__M3/analysis/checkpoint_curve.csv,,,,,,,,没有本矩阵独立 UAGMC 分支；Joint 与 passenger-only 控制权不同；删失行不可排名
exp06,J3__M3,J3,M3,1,100000,252.7307692307692,227.7307692307692,6.0,19.0,0.3466666666666667,False,3,,0.0,0.0,,,serial_runs/uagmc_45x800k_T2_seed1_20260921_005821/J3__M3/analysis/checkpoint_curve.csv,,,,,,,,没有本矩阵独立 UAGMC 分支；Joint 与 passenger-only 控制权不同；删失行不可排名
exp06,J3__M3,J3,M3,1,150000,35.5,12.1,4.4,19.0,0.03333333333333333,False,3,,0.0,0.0,,,serial_runs/uagmc_45x800k_T2_seed1_20260921_005821/J3__M3/analysis/checkpoint_curve.csv,,,,,,,,没有本矩阵独立 UAGMC 分支；Joint 与 passenger-only 控制权不同；删失行不可排名
exp06,J3__M3,J3,M3,1,200000,35.5,12.1,4.4,19.0,0.03333333333333333,False,3,,0.0,0.0,,,serial_runs/uagmc_45x800k_T2_seed1_20260921_005821/J3__M3/analysis/checkpoint_curve.csv,,,,,,,,没有本矩阵独立 UAGMC 分支；Joint 与 passenger-only 控制权不同；删失行不可排名
exp06,J3__M3,J3,M3,1,250000,35.5,12.1,4.4,19.0,0.03333333333333333,False,3,,0.0,0.0,,,serial_runs/uagmc_45x800k_T2_seed1_20260921_005821/J3__M3/analysis/checkpoint_curve.csv,,,,,,,,没有本矩阵独立 UAGMC 分支；Joint 与 passenger-only 控制权不同；删失行不可排名
exp06,J3__M3,J3,M3,1,300000,35.5,12.1,4.4,19.0,0.03333333333333333,False,3,,0.0,0.0,,,serial_runs/uagmc_45x800k_T2_seed1_20260921_005821/J3__M3/analysis/checkpoint_curve.csv,,,,,,,,没有本矩阵独立 UAGMC 分支；Joint 与 passenger-only 控制权不同；删失行不可排名
exp06,J3__M3,J3,M3,1,350000,35.5,12.1,4.4,19.0,0.03333333333333333,False,3,,0.0,0.0,,,serial_runs/uagmc_45x800k_T2_seed1_20260921_005821/J3__M3/analysis/checkpoint_curve.csv,,,,,,,,没有本矩阵独立 UAGMC 分支；Joint 与 passenger-only 控制权不同；删失行不可排名
exp06,J3__M3,J3,M3,1,400000,35.5,12.1,4.4,19.0,0.03333333333333333,False,3,,0.0,0.0,,,serial_runs/uagmc_45x800k_T2_seed1_20260921_005821/J3__M3/analysis/checkpoint_curve.csv,,,,,,,,没有本矩阵独立 UAGMC 分支；Joint 与 passenger-only 控制权不同；删失行不可排名
exp06,J3__M3,J3,M3,1,450000,35.5,12.1,4.4,19.0,0.03333333333333333,False,3,,0.0,0.0,,,serial_runs/uagmc_45x800k_T2_seed1_20260921_005821/J3__M3/analysis/checkpoint_curve.csv,,,,,,,,没有本矩阵独立 UAGMC 分支；Joint 与 passenger-only 控制权不同；删失行不可排名
exp06,J3__M3,J3,M3,1,500000,35.5,12.1,4.4,19.0,0.03333333333333333,False,3,,0.0,0.0,,,serial_runs/uagmc_45x800k_T2_seed1_20260921_005821/J3__M3/analysis/checkpoint_curve.csv,,,,,,,,没有本矩阵独立 UAGMC 分支；Joint 与 passenger-only 控制权不同；删失行不可排名
exp06,J3__M3,J3,M3,1,550000,35.5,12.1,4.4,19.0,0.03333333333333333,False,3,,0.0,0.0,,,serial_runs/uagmc_45x800k_T2_seed1_20260921_005821/J3__M3/analysis/checkpoint_curve.csv,,,,,,,,没有本矩阵独立 UAGMC 分支；Joint 与 passenger-only 控制权不同；删失行不可排名
exp06,J3__M3,J3,M3,1,600000,31.392857142857142,1.5892857142857142,8.196428571428571,22.28571428571429,0.18666666666666668,False,3,,0.0,0.07653910149750416,,,serial_runs/uagmc_45x800k_T2_seed1_20260921_005821/J3__M3/analysis/checkpoint_curve.csv,,,,,,,,没有本矩阵独立 UAGMC 分支；Joint 与 passenger-only 控制权不同；删失行不可排名
exp06,J3__M3,J3,M3,1,650000,30.526315789473685,0.6447368421052632,8.118421052631579,22.473684210526315,0.25333333333333335,False,3,,0.0,0.10981697171381032,,,serial_runs/uagmc_45x800k_T2_seed1_20260921_005821/J3__M3/analysis/checkpoint_curve.csv,,,,,,,,没有本矩阵独立 UAGMC 分支；Joint 与 passenger-only 控制权不同；删失行不可排名
exp06,J3__M3,J3,M3,1,700000,30.814285714285713,0.7714285714285715,8.314285714285715,22.428571428571427,0.2333333333333333,False,3,,0.0,0.09983361064891845,,,serial_runs/uagmc_45x800k_T2_seed1_20260921_005821/J3__M3/analysis/checkpoint_curve.csv,,,,,,,,没有本矩阵独立 UAGMC 分支；Joint 与 passenger-only 控制权不同；删失行不可排名
exp06,J3__M3,J3,M3,1,750000,31.737704918032787,1.7704918032786885,8.262295081967213,22.344262295081972,0.20333333333333334,False,3,,0.0,0.086522462562396,,,serial_runs/uagmc_45x800k_T2_seed1_20260921_005821/J3__M3/analysis/checkpoint_curve.csv,,,,,,,,没有本矩阵独立 UAGMC 分支；Joint 与 passenger-only 控制权不同；删失行不可排名
exp06,J3__M3,J3,M3,1,800000,31.614035087719298,2.1228070175438596,7.859649122807017,22.298245614035086,0.19000000000000003,False,3,,0.0,0.07986688851913477,,,serial_runs/uagmc_45x800k_T2_seed1_20260921_005821/J3__M3/analysis/checkpoint_curve.csv,,,,,,,,没有本矩阵独立 UAGMC 分支；Joint 与 passenger-only 控制权不同；删失行不可排名
exp06,J3__M4,J3,M4,1,50000,252.7307692307692,227.7307692307692,6.0,19.0,0.3466666666666667,False,3,,0.0,0.0,,,serial_runs/uagmc_45x800k_T2_seed1_20260921_005821/J3__M4/analysis/checkpoint_curve.csv,,,,,,,,没有本矩阵独立 UAGMC 分支；Joint 与 passenger-only 控制权不同；删失行不可排名
exp06,J3__M4,J3,M4,1,100000,252.7307692307692,227.7307692307692,6.0,19.0,0.3466666666666667,False,3,,0.0,0.0,,,serial_runs/uagmc_45x800k_T2_seed1_20260921_005821/J3__M4/analysis/checkpoint_curve.csv,,,,,,,,没有本矩阵独立 UAGMC 分支；Joint 与 passenger-only 控制权不同；删失行不可排名
exp06,J3__M4,J3,M4,1,150000,252.7307692307692,227.7307692307692,6.0,19.0,0.3466666666666667,False,3,,0.0,0.0,,,serial_runs/uagmc_45x800k_T2_seed1_20260921_005821/J3__M4/analysis/checkpoint_curve.csv,,,,,,,,没有本矩阵独立 UAGMC 分支；Joint 与 passenger-only 控制权不同；删失行不可排名
exp06,J3__M4,J3,M4,1,200000,252.7307692307692,227.7307692307692,6.0,19.0,0.3466666666666667,False,3,,0.0,0.0,,,serial_runs/uagmc_45x800k_T2_seed1_20260921_005821/J3__M4/analysis/checkpoint_curve.csv,,,,,,,,没有本矩阵独立 UAGMC 分支；Joint 与 passenger-only 控制权不同；删失行不可排名
exp06,J3__M4,J3,M4,1,250000,75.35897435897436,48.17948717948718,6.743589743589744,20.846153846153847,0.13,False,3,,0.0,0.029950083194675542,,,serial_runs/uagmc_45x800k_T2_seed1_20260921_005821/J3__M4/analysis/checkpoint_curve.csv,,,,,,,,没有本矩阵独立 UAGMC 分支；Joint 与 passenger-only 控制权不同；删失行不可排名
exp06,J3__M4,J3,M4,1,300000,96.55555555555556,71.51851851851852,5.703703703703703,19.444444444444443,0.09000000000000001,False,3,,0.0016638935108153079,0.0033277870216306157,,,serial_runs/uagmc_45x800k_T2_seed1_20260921_005821/J3__M4/analysis/checkpoint_curve.csv,,,,,,,,没有本矩阵独立 UAGMC 分支；Joint 与 passenger-only 控制权不同；删失行不可排名
exp06,J3__M4,J3,M4,1,350000,35.5,12.1,4.4,19.0,0.03333333333333333,False,3,,0.0,0.0,,,serial_runs/uagmc_45x800k_T2_seed1_20260921_005821/J3__M4/analysis/checkpoint_curve.csv,,,,,,,,没有本矩阵独立 UAGMC 分支；Joint 与 passenger-only 控制权不同；删失行不可排名
exp06,J3__M4,J3,M4,1,400000,35.5,12.1,4.4,19.0,0.03333333333333333,False,3,,0.0,0.0,,,serial_runs/uagmc_45x800k_T2_seed1_20260921_005821/J3__M4/analysis/checkpoint_curve.csv,,,,,,,,没有本矩阵独立 UAGMC 分支；Joint 与 passenger-only 控制权不同；删失行不可排名
exp06,J3__M4,J3,M4,1,450000,33.1,6.05,6.5,21.0,0.06666666666666667,False,3,,0.0,0.023294509151414306,,,serial_runs/uagmc_45x800k_T2_seed1_20260921_005821/J3__M4/analysis/checkpoint_curve.csv,,,,,,,,没有本矩阵独立 UAGMC 分支；Joint 与 passenger-only 控制权不同；删失行不可排名
exp06,J3__M4,J3,M4,1,500000,31.59090909090909,2.727272727272727,7.5,22.09090909090909,0.14666666666666667,False,3,,0.0,0.05823627287853577,,,serial_runs/uagmc_45x800k_T2_seed1_20260921_005821/J3__M4/analysis/checkpoint_curve.csv,,,,,,,,没有本矩阵独立 UAGMC 分支；Joint 与 passenger-only 控制权不同；删失行不可排名
exp06,J3__M4,J3,M4,1,550000,33.120370370370374,2.7870370370370368,8.268518518518519,22.62962962962963,0.36000000000000004,False,3,,0.033277870216306155,0.18469217970049914,,,serial_runs/uagmc_45x800k_T2_seed1_20260921_005821/J3__M4/analysis/checkpoint_curve.csv,,,,,,,,没有本矩阵独立 UAGMC 分支；Joint 与 passenger-only 控制权不同；删失行不可排名
exp06,J3__M4,J3,M4,1,600000,31.5,1.1875,8.416666666666666,22.583333333333332,0.32,False,3,,0.05490848585690516,0.1447587354409318,,,serial_runs/uagmc_45x800k_T2_seed1_20260921_005821/J3__M4/analysis/checkpoint_curve.csv,,,,,,,,没有本矩阵独立 UAGMC 分支；Joint 与 passenger-only 控制权不同；删失行不可排名
exp06,J3__M4,J3,M4,1,650000,31.680555555555557,1.5,8.5,22.444444444444443,0.24,False,3,,0.011647254575707153,0.09317803660565722,,,serial_runs/uagmc_45x800k_T2_seed1_20260921_005821/J3__M4/analysis/checkpoint_curve.csv,,,,,,,,没有本矩阵独立 UAGMC 分支；Joint 与 passenger-only 控制权不同；删失行不可排名
exp06,J3__M4,J3,M4,1,700000,31.570247933884293,0.9586776859504132,8.586776859504132,22.669421487603305,0.4033333333333333,False,3,,0.026622296173044926,0.20465890183028287,,,serial_runs/uagmc_45x800k_T2_seed1_20260921_005821/J3__M4/analysis/checkpoint_curve.csv,,,,,,,,没有本矩阵独立 UAGMC 分支；Joint 与 passenger-only 控制权不同；删失行不可排名
exp06,J3__M4,J3,M4,1,750000,32.253846153846155,1.6000000000000003,8.73076923076923,22.66153846153846,0.43333333333333335,False,3,,0.021630615640599,0.20632279534109818,,,serial_runs/uagmc_45x800k_T2_seed1_20260921_005821/J3__M4/analysis/checkpoint_curve.csv,,,,,,,,没有本矩阵独立 UAGMC 分支；Joint 与 passenger-only 控制权不同；删失行不可排名
exp06,J3__M4,J3,M4,1,800000,31.491071428571427,0.8928571428571429,8.776785714285714,22.642857142857142,0.37333333333333335,False,3,,0.0,0.173044925124792,,,serial_runs/uagmc_45x800k_T2_seed1_20260921_005821/J3__M4/analysis/checkpoint_curve.csv,,,,,,,,没有本矩阵独立 UAGMC 分支；Joint 与 passenger-only 控制权不同；删失行不可排名
