experiment,cell,env,method,train_seed,step,att_min,awt_min,agt_min,aft_min,completion_rate,full_completion,n_eval_seeds,n_valid,passenger_v0_share,passenger_v1_share,aircraft_v0_share,aircraft_v1_share,source,analytic_baseline,analytic_att_min,analytic_evidence,uagmc_baseline,uagmc_best_att_min,uagmc_final_att_min,uagmc_evidence,baseline_comparability_note
exp08,S1__R_CQM,S1,R_CQM,1,50000,69.42333333333333,41.17,7.19,20.12,1.0,True,3,3,0.0,0.0,0.0,0.0,serial_runs/uam_lit57p6m_nohold_seed1_20260923_010453/S1__R_CQM/analysis/checkpoint_curve.csv,QTTI2,58.24,项目交接参考；当前归档未找到原始 S 阶段解析 CSV,UAGMC_SOURCE passenger-only + LQ,63.61,65.21,exp11 同包曲线；训练种子 1；评估种子 123-125,需核对同物理/guard/轨迹；解析值为交接参考，非本次独立复算
exp08,S1__R_CQM,S1,R_CQM,1,100000,75.54222222222222,46.27222222222222,7.585555555555556,20.76888888888889,1.0,True,3,3,0.0,0.0,0.0,0.0,serial_runs/uam_lit57p6m_nohold_seed1_20260923_010453/S1__R_CQM/analysis/checkpoint_curve.csv,QTTI2,58.24,项目交接参考；当前归档未找到原始 S 阶段解析 CSV,UAGMC_SOURCE passenger-only + LQ,63.61,65.21,exp11 同包曲线；训练种子 1；评估种子 123-125,需核对同物理/guard/轨迹；解析值为交接参考，非本次独立复算
exp08,S1__R_CQM,S1,R_CQM,1,150000,73.05111111111111,43.51222222222222,7.586666666666666,21.004444444444445,1.0,True,3,3,0.0,0.0,0.0,0.0,serial_runs/uam_lit57p6m_nohold_seed1_20260923_010453/S1__R_CQM/analysis/checkpoint_curve.csv,QTTI2,58.24,项目交接参考；当前归档未找到原始 S 阶段解析 CSV,UAGMC_SOURCE passenger-only + LQ,63.61,65.21,exp11 同包曲线；训练种子 1；评估种子 123-125,需核对同物理/guard/轨迹；解析值为交接参考，非本次独立复算
exp08,S1__R_CQM,S1,R_CQM,1,200000,72.62111111111112,42.53111111111111,7.847777777777778,21.302222222222223,1.0,True,3,3,0.0,0.0,0.0,0.0,serial_runs/uam_lit57p6m_nohold_seed1_20260923_010453/S1__R_CQM/analysis/checkpoint_curve.csv,QTTI2,58.24,项目交接参考；当前归档未找到原始 S 阶段解析 CSV,UAGMC_SOURCE passenger-only + LQ,63.61,65.21,exp11 同包曲线；训练种子 1；评估种子 123-125,需核对同物理/guard/轨迹；解析值为交接参考，非本次独立复算
exp08,S1__R_CQM,S1,R_CQM,1,250000,75.18666666666667,45.28666666666667,7.705555555555556,21.293333333333333,1.0,True,3,3,0.0,0.0,0.0,0.0,serial_runs/uam_lit57p6m_nohold_seed1_20260923_010453/S1__R_CQM/analysis/checkpoint_curve.csv,QTTI2,58.24,项目交接参考；当前归档未找到原始 S 阶段解析 CSV,UAGMC_SOURCE passenger-only + LQ,63.61,65.21,exp11 同包曲线；训练种子 1；评估种子 123-125,需核对同物理/guard/轨迹；解析值为交接参考，非本次独立复算
exp08,S1__R_CQM,S1,R_CQM,1,300000,75.5,45.943333333333335,7.513333333333333,21.133333333333333,1.0,True,3,3,0.0,0.0,0.0,0.0,serial_runs/uam_lit57p6m_nohold_seed1_20260923_010453/S1__R_CQM/analysis/checkpoint_curve.csv,QTTI2,58.24,项目交接参考；当前归档未找到原始 S 阶段解析 CSV,UAGMC_SOURCE passenger-only + LQ,63.61,65.21,exp11 同包曲线；训练种子 1；评估种子 123-125,需核对同物理/guard/轨迹；解析值为交接参考，非本次独立复算
exp08,S1__R_CQM,S1,R_CQM,1,350000,75.29222222222222,45.912222222222226,7.378888888888889,21.09777777777778,1.0,True,3,3,0.0,0.0,0.0,0.0,serial_runs/uam_lit57p6m_nohold_seed1_20260923_010453/S1__R_CQM/analysis/checkpoint_curve.csv,QTTI2,58.24,项目交接参考；当前归档未找到原始 S 阶段解析 CSV,UAGMC_SOURCE passenger-only + LQ,63.61,65.21,exp11 同包曲线；训练种子 1；评估种子 123-125,需核对同物理/guard/轨迹；解析值为交接参考，非本次独立复算
exp08,S1__R_CQM,S1,R_CQM,1,400000,76.59444444444445,47.05777777777777,7.374444444444445,21.275555555555556,1.0,True,3,3,0.0,0.0,0.0,0.0,serial_runs/uam_lit57p6m_nohold_seed1_20260923_010453/S1__R_CQM/analysis/checkpoint_curve.csv,QTTI2,58.24,项目交接参考；当前归档未找到原始 S 阶段解析 CSV,UAGMC_SOURCE passenger-only + LQ,63.61,65.21,exp11 同包曲线；训练种子 1；评估种子 123-125,需核对同物理/guard/轨迹；解析值为交接参考，非本次独立复算
exp08,S1__R_CQM,S1,R_CQM,1,450000,70.66222222222221,41.51888888888889,7.1933333333333325,21.035555555555558,1.0,True,3,3,0.0,0.0,0.0,0.0,serial_runs/uam_lit57p6m_nohold_seed1_20260923_010453/S1__R_CQM/analysis/checkpoint_curve.csv,QTTI2,58.24,项目交接参考；当前归档未找到原始 S 阶段解析 CSV,UAGMC_SOURCE passenger-only + LQ,63.61,65.21,exp11 同包曲线；训练种子 1；评估种子 123-125,需核对同物理/guard/轨迹；解析值为交接参考，非本次独立复算
exp08,S1__R_CQM,S1,R_CQM,1,500000,78.89999999999999,49.79333333333333,7.157777777777778,21.040000000000003,1.0,True,3,3,0.0,0.0,0.0,0.0,serial_runs/uam_lit57p6m_nohold_seed1_20260923_010453/S1__R_CQM/analysis/checkpoint_curve.csv,QTTI2,58.24,项目交接参考；当前归档未找到原始 S 阶段解析 CSV,UAGMC_SOURCE passenger-only + LQ,63.61,65.21,exp11 同包曲线；训练种子 1；评估种子 123-125,需核对同物理/guard/轨迹；解析值为交接参考，非本次独立复算
exp08,S1__R_CQM,S1,R_CQM,1,550000,74.16333333333333,45.09,7.1066666666666665,21.066666666666666,1.0,True,3,3,0.0,0.0,0.0,0.0,serial_runs/uam_lit57p6m_nohold_seed1_20260923_010453/S1__R_CQM/analysis/checkpoint_curve.csv,QTTI2,58.24,项目交接参考；当前归档未找到原始 S 阶段解析 CSV,UAGMC_SOURCE passenger-only + LQ,63.61,65.21,exp11 同包曲线；训练种子 1；评估种子 123-125,需核对同物理/guard/轨迹；解析值为交接参考，非本次独立复算
exp08,S1__R_CQM,S1,R_CQM,1,600000,82.30444444444446,52.595555555555556,7.366666666666667,21.395555555555557,1.0,True,3,3,0.0,0.0,0.0,0.0,serial_runs/uam_lit57p6m_nohold_seed1_20260923_010453/S1__R_CQM/analysis/checkpoint_curve.csv,QTTI2,58.24,项目交接参考；当前归档未找到原始 S 阶段解析 CSV,UAGMC_SOURCE passenger-only + LQ,63.61,65.21,exp11 同包曲线；训练种子 1；评估种子 123-125,需核对同物理/guard/轨迹；解析值为交接参考，非本次独立复算
exp08,S1__R_EVENTQ,S1,R_EVENTQ,1,50000,87.42,56.50333333333333,8.073333333333334,21.893333333333334,1.0,True,3,3,0.0,0.0,0.0,0.0,serial_runs/uam_lit57p6m_nohold_seed1_20260923_010453/S1__R_EVENTQ/analysis/checkpoint_curve.csv,QTTI2,58.24,项目交接参考；当前归档未找到原始 S 阶段解析 CSV,UAGMC_SOURCE passenger-only + LQ,63.61,65.21,exp11 同包曲线；训练种子 1；评估种子 123-125,需核对同物理/guard/轨迹；解析值为交接参考，非本次独立复算
exp08,S1__R_EVENTQ,S1,R_EVENTQ,1,100000,81.43,51.053333333333335,7.976666666666667,21.453333333333333,1.0,True,3,3,0.0,0.0,0.0,0.0,serial_runs/uam_lit57p6m_nohold_seed1_20260923_010453/S1__R_EVENTQ/analysis/checkpoint_curve.csv,QTTI2,58.24,项目交接参考；当前归档未找到原始 S 阶段解析 CSV,UAGMC_SOURCE passenger-only + LQ,63.61,65.21,exp11 同包曲线；训练种子 1；评估种子 123-125,需核对同物理/guard/轨迹；解析值为交接参考，非本次独立复算
exp08,S1__R_EVENTQ,S1,R_EVENTQ,1,150000,64.86,36.15,7.346666666666667,20.426666666666666,1.0,True,3,3,0.0,0.0,0.0,0.0,serial_runs/uam_lit57p6m_nohold_seed1_20260923_010453/S1__R_EVENTQ/analysis/checkpoint_curve.csv,QTTI2,58.24,项目交接参考；当前归档未找到原始 S 阶段解析 CSV,UAGMC_SOURCE passenger-only + LQ,63.61,65.21,exp11 同包曲线；训练种子 1；评估种子 123-125,需核对同物理/guard/轨迹；解析值为交接参考，非本次独立复算
exp08,S1__R_EVENTQ,S1,R_EVENTQ,1,200000,72.25333333333333,43.00666666666667,7.45,20.85333333333333,1.0,True,3,3,0.0,0.0,0.0,0.0,serial_runs/uam_lit57p6m_nohold_seed1_20260923_010453/S1__R_EVENTQ/analysis/checkpoint_curve.csv,QTTI2,58.24,项目交接参考；当前归档未找到原始 S 阶段解析 CSV,UAGMC_SOURCE passenger-only + LQ,63.61,65.21,exp11 同包曲线；训练种子 1；评估种子 123-125,需核对同物理/guard/轨迹；解析值为交接参考，非本次独立复算
exp08,S1__R_EVENTQ,S1,R_EVENTQ,1,250000,75.77666666666667,47.25666666666667,7.026666666666666,20.586666666666666,1.0,True,3,3,0.0,0.0,0.0,0.0,serial_runs/uam_lit57p6m_nohold_seed1_20260923_010453/S1__R_EVENTQ/analysis/checkpoint_curve.csv,QTTI2,58.24,项目交接参考；当前归档未找到原始 S 阶段解析 CSV,UAGMC_SOURCE passenger-only + LQ,63.61,65.21,exp11 同包曲线；训练种子 1；评估种子 123-125,需核对同物理/guard/轨迹；解析值为交接参考，非本次独立复算
exp08,S1__R_EVENTQ,S1,R_EVENTQ,1,300000,71.14,42.48888888888889,7.262222222222223,20.506666666666664,1.0,True,3,3,0.0,0.0,0.0,0.0,serial_runs/uam_lit57p6m_nohold_seed1_20260923_010453/S1__R_EVENTQ/analysis/checkpoint_curve.csv,QTTI2,58.24,项目交接参考；当前归档未找到原始 S 阶段解析 CSV,UAGMC_SOURCE passenger-only + LQ,63.61,65.21,exp11 同包曲线；训练种子 1；评估种子 123-125,需核对同物理/guard/轨迹；解析值为交接参考，非本次独立复算
exp08,S1__R_EVENTQ,S1,R_EVENTQ,1,350000,68.81333333333333,40.12,7.237777777777777,20.582222222222224,1.0,True,3,3,0.0,0.0,0.0,0.0,serial_runs/uam_lit57p6m_nohold_seed1_20260923_010453/S1__R_EVENTQ/analysis/checkpoint_curve.csv,QTTI2,58.24,项目交接参考；当前归档未找到原始 S 阶段解析 CSV,UAGMC_SOURCE passenger-only + LQ,63.61,65.21,exp11 同包曲线；训练种子 1；评估种子 123-125,需核对同物理/guard/轨迹；解析值为交接参考，非本次独立复算
exp08,S1__R_EVENTQ,S1,R_EVENTQ,1,400000,79.32666666666667,50.73777777777778,7.191111111111112,20.497777777777777,1.0,True,3,3,0.0,0.0,0.0,0.0,serial_runs/uam_lit57p6m_nohold_seed1_20260923_010453/S1__R_EVENTQ/analysis/checkpoint_curve.csv,QTTI2,58.24,项目交接参考；当前归档未找到原始 S 阶段解析 CSV,UAGMC_SOURCE passenger-only + LQ,63.61,65.21,exp11 同包曲线；训练种子 1；评估种子 123-125,需核对同物理/guard/轨迹；解析值为交接参考，非本次独立复算
exp08,S1__R_EVENTQ,S1,R_EVENTQ,1,450000,79.87111111111112,51.181111111111115,7.116666666666667,20.675555555555558,1.0,True,3,3,0.0,0.0,0.0,0.0,serial_runs/uam_lit57p6m_nohold_seed1_20260923_010453/S1__R_EVENTQ/analysis/checkpoint_curve.csv,QTTI2,58.24,项目交接参考；当前归档未找到原始 S 阶段解析 CSV,UAGMC_SOURCE passenger-only + LQ,63.61,65.21,exp11 同包曲线；训练种子 1；评估种子 123-125,需核对同物理/guard/轨迹；解析值为交接参考，非本次独立复算
exp08,S1__R_EVENTQ,S1,R_EVENTQ,1,500000,92.18,62.77333333333333,7.506666666666667,20.946666666666665,1.0,True,3,3,0.0,0.0,0.0,0.0,serial_runs/uam_lit57p6m_nohold_seed1_20260923_010453/S1__R_EVENTQ/analysis/checkpoint_curve.csv,QTTI2,58.24,项目交接参考；当前归档未找到原始 S 阶段解析 CSV,UAGMC_SOURCE passenger-only + LQ,63.61,65.21,exp11 同包曲线；训练种子 1；评估种子 123-125,需核对同物理/guard/轨迹；解析值为交接参考，非本次独立复算
exp08,S1__R_EVENTQ,S1,R_EVENTQ,1,550000,72.87333333333333,43.31666666666667,7.383333333333334,21.226666666666667,1.0,True,3,3,0.0,0.0,0.0,0.0,serial_runs/uam_lit57p6m_nohold_seed1_20260923_010453/S1__R_EVENTQ/analysis/checkpoint_curve.csv,QTTI2,58.24,项目交接参考；当前归档未找到原始 S 阶段解析 CSV,UAGMC_SOURCE passenger-only + LQ,63.61,65.21,exp11 同包曲线；训练种子 1；评估种子 123-125,需核对同物理/guard/轨迹；解析值为交接参考，非本次独立复算
exp08,S1__R_EVENTQ,S1,R_EVENTQ,1,600000,103.47555555555556,73.83111111111111,7.582222222222222,21.146666666666665,1.0,True,3,3,0.0,0.0,0.0,0.0,serial_runs/uam_lit57p6m_nohold_seed1_20260923_010453/S1__R_EVENTQ/analysis/checkpoint_curve.csv,QTTI2,58.24,项目交接参考；当前归档未找到原始 S 阶段解析 CSV,UAGMC_SOURCE passenger-only + LQ,63.61,65.21,exp11 同包曲线；训练种子 1；评估种子 123-125,需核对同物理/guard/轨迹；解析值为交接参考，非本次独立复算
exp08,S1__R_FIRST,S1,R_FIRST,1,50000,76.23666666666666,46.28,7.771111111111111,21.235555555555553,1.0,True,3,3,0.0,0.0,0.0,0.0,serial_runs/uam_lit57p6m_nohold_seed1_20260923_010453/S1__R_FIRST/analysis/checkpoint_curve.csv,QTTI2,58.24,项目交接参考；当前归档未找到原始 S 阶段解析 CSV,UAGMC_SOURCE passenger-only + LQ,63.61,65.21,exp11 同包曲线；训练种子 1；评估种子 123-125,需核对同物理/guard/轨迹；解析值为交接参考，非本次独立复算
exp08,S1__R_FIRST,S1,R_FIRST,1,100000,73.46777777777778,44.74111111111111,7.277777777777778,20.48888888888889,1.0,True,3,3,0.0,0.0,0.0,0.0,serial_runs/uam_lit57p6m_nohold_seed1_20260923_010453/S1__R_FIRST/analysis/checkpoint_curve.csv,QTTI2,58.24,项目交接参考；当前归档未找到原始 S 阶段解析 CSV,UAGMC_SOURCE passenger-only + LQ,63.61,65.21,exp11 同包曲线；训练种子 1；评估种子 123-125,需核对同物理/guard/轨迹；解析值为交接参考，非本次独立复算
exp08,S1__R_FIRST,S1,R_FIRST,1,150000,68.47111111111111,38.871111111111105,7.642222222222222,21.026666666666667,1.0,True,3,3,0.0,0.0,0.0,0.0,serial_runs/uam_lit57p6m_nohold_seed1_20260923_010453/S1__R_FIRST/analysis/checkpoint_curve.csv,QTTI2,58.24,项目交接参考；当前归档未找到原始 S 阶段解析 CSV,UAGMC_SOURCE passenger-only + LQ,63.61,65.21,exp11 同包曲线；训练种子 1；评估种子 123-125,需核对同物理/guard/轨迹；解析值为交接参考，非本次独立复算
exp08,S1__R_FIRST,S1,R_FIRST,1,200000,76.2611111111111,46.208888888888886,7.737777777777777,21.386666666666667,1.0,True,3,3,0.0,0.0,0.0,0.0,serial_runs/uam_lit57p6m_nohold_seed1_20260923_010453/S1__R_FIRST/analysis/checkpoint_curve.csv,QTTI2,58.24,项目交接参考；当前归档未找到原始 S 阶段解析 CSV,UAGMC_SOURCE passenger-only + LQ,63.61,65.21,exp11 同包曲线；训练种子 1；评估种子 123-125,需核对同物理/guard/轨迹；解析值为交接参考，非本次独立复算
exp08,S1__R_FIRST,S1,R_FIRST,1,250000,68.35555555555555,38.89666666666667,7.543333333333334,21.0,1.0,True,3,3,0.0,0.0,0.0,0.0,serial_runs/uam_lit57p6m_nohold_seed1_20260923_010453/S1__R_FIRST/analysis/checkpoint_curve.csv,QTTI2,58.24,项目交接参考；当前归档未找到原始 S 阶段解析 CSV,UAGMC_SOURCE passenger-only + LQ,63.61,65.21,exp11 同包曲线；训练种子 1；评估种子 123-125,需核对同物理/guard/轨迹；解析值为交接参考，非本次独立复算
exp08,S1__R_FIRST,S1,R_FIRST,1,300000,71.26,41.623333333333335,7.676666666666667,21.066666666666666,1.0,True,3,3,0.0,0.0,0.0,0.0,serial_runs/uam_lit57p6m_nohold_seed1_20260923_010453/S1__R_FIRST/analysis/checkpoint_curve.csv,QTTI2,58.24,项目交接参考；当前归档未找到原始 S 阶段解析 CSV,UAGMC_SOURCE passenger-only + LQ,63.61,65.21,exp11 同包曲线；训练种子 1；评估种子 123-125,需核对同物理/guard/轨迹；解析值为交接参考，非本次独立复算
exp08,S1__R_FIRST,S1,R_FIRST,1,350000,74.41888888888889,44.662222222222226,7.591111111111111,21.27111111111111,1.0,True,3,3,0.0,0.0,0.0,0.0,serial_runs/uam_lit57p6m_nohold_seed1_20260923_010453/S1__R_FIRST/analysis/checkpoint_curve.csv,QTTI2,58.24,项目交接参考；当前归档未找到原始 S 阶段解析 CSV,UAGMC_SOURCE passenger-only + LQ,63.61,65.21,exp11 同包曲线；训练种子 1；评估种子 123-125,需核对同物理/guard/轨迹；解析值为交接参考，非本次独立复算
exp08,S1__R_FIRST,S1,R_FIRST,1,400000,73.33111111111111,43.67666666666667,7.448888888888889,21.28888888888889,1.0,True,3,3,0.0,0.0,0.0,0.0,serial_runs/uam_lit57p6m_nohold_seed1_20260923_010453/S1__R_FIRST/analysis/checkpoint_curve.csv,QTTI2,58.24,项目交接参考；当前归档未找到原始 S 阶段解析 CSV,UAGMC_SOURCE passenger-only + LQ,63.61,65.21,exp11 同包曲线；训练种子 1；评估种子 123-125,需核对同物理/guard/轨迹；解析值为交接参考，非本次独立复算
exp08,S1__R_FIRST,S1,R_FIRST,1,450000,80.97111111111111,51.76,7.18,21.12,1.0,True,3,3,0.0,0.0,0.0,0.0,serial_runs/uam_lit57p6m_nohold_seed1_20260923_010453/S1__R_FIRST/analysis/checkpoint_curve.csv,QTTI2,58.24,项目交接参考；当前归档未找到原始 S 阶段解析 CSV,UAGMC_SOURCE passenger-only + LQ,63.61,65.21,exp11 同包曲线；训练种子 1；评估种子 123-125,需核对同物理/guard/轨迹；解析值为交接参考，非本次独立复算
exp08,S1__R_FIRST,S1,R_FIRST,1,500000,87.61,58.72888888888889,6.853333333333334,21.106666666666666,1.0,True,3,3,0.0,0.0,0.0,0.0,serial_runs/uam_lit57p6m_nohold_seed1_20260923_010453/S1__R_FIRST/analysis/checkpoint_curve.csv,QTTI2,58.24,项目交接参考；当前归档未找到原始 S 阶段解析 CSV,UAGMC_SOURCE passenger-only + LQ,63.61,65.21,exp11 同包曲线；训练种子 1；评估种子 123-125,需核对同物理/guard/轨迹；解析值为交接参考，非本次独立复算
exp08,S1__R_FIRST,S1,R_FIRST,1,550000,97.18222222222221,67.95333333333333,7.03,21.262222222222224,1.0,True,3,3,0.0,0.0,0.0,0.0,serial_runs/uam_lit57p6m_nohold_seed1_20260923_010453/S1__R_FIRST/analysis/checkpoint_curve.csv,QTTI2,58.24,项目交接参考；当前归档未找到原始 S 阶段解析 CSV,UAGMC_SOURCE passenger-only + LQ,63.61,65.21,exp11 同包曲线；训练种子 1；评估种子 123-125,需核对同物理/guard/轨迹；解析值为交接参考，非本次独立复算
exp08,S1__R_FIRST,S1,R_FIRST,1,600000,98.92444444444443,70.18111111111111,6.821111111111111,20.995555555555555,1.0,True,3,3,0.0,0.0,0.0,0.0,serial_runs/uam_lit57p6m_nohold_seed1_20260923_010453/S1__R_FIRST/analysis/checkpoint_curve.csv,QTTI2,58.24,项目交接参考；当前归档未找到原始 S 阶段解析 CSV,UAGMC_SOURCE passenger-only + LQ,63.61,65.21,exp11 同包曲线；训练种子 1；评估种子 123-125,需核对同物理/guard/轨迹；解析值为交接参考，非本次独立复算
exp08,S1__R_GAMMA,S1,R_GAMMA,1,50000,88.77666666666669,58.09,7.93,21.8,1.0,True,3,3,0.0,0.0,0.0,0.0,serial_runs/uam_lit57p6m_nohold_seed1_20260923_010453/S1__R_GAMMA/analysis/checkpoint_curve.csv,QTTI2,58.24,项目交接参考；当前归档未找到原始 S 阶段解析 CSV,UAGMC_SOURCE passenger-only + LQ,63.61,65.21,exp11 同包曲线；训练种子 1；评估种子 123-125,需核对同物理/guard/轨迹；解析值为交接参考，非本次独立复算
exp08,S1__R_GAMMA,S1,R_GAMMA,1,100000,61.12444444444444,33.54888888888889,6.616666666666667,20.06222222222222,1.0,True,3,3,0.0,0.0,0.0,0.0,serial_runs/uam_lit57p6m_nohold_seed1_20260923_010453/S1__R_GAMMA/analysis/checkpoint_curve.csv,QTTI2,58.24,项目交接参考；当前归档未找到原始 S 阶段解析 CSV,UAGMC_SOURCE passenger-only + LQ,63.61,65.21,exp11 同包曲线；训练种子 1；评估种子 123-125,需核对同物理/guard/轨迹；解析值为交接参考，非本次独立复算
exp08,S1__R_GAMMA,S1,R_GAMMA,1,150000,72.85666666666667,43.58888888888888,7.454444444444444,20.897777777777776,1.0,True,3,3,0.0,0.0,0.0,0.0,serial_runs/uam_lit57p6m_nohold_seed1_20260923_010453/S1__R_GAMMA/analysis/checkpoint_curve.csv,QTTI2,58.24,项目交接参考；当前归档未找到原始 S 阶段解析 CSV,UAGMC_SOURCE passenger-only + LQ,63.61,65.21,exp11 同包曲线；训练种子 1；评估种子 123-125,需核对同物理/guard/轨迹；解析值为交接参考，非本次独立复算
exp08,S1__R_GAMMA,S1,R_GAMMA,1,200000,63.62444444444444,34.86666666666667,7.272222222222223,20.582222222222224,1.0,True,3,3,0.0,0.0,0.0,0.0,serial_runs/uam_lit57p6m_nohold_seed1_20260923_010453/S1__R_GAMMA/analysis/checkpoint_curve.csv,QTTI2,58.24,项目交接参考；当前归档未找到原始 S 阶段解析 CSV,UAGMC_SOURCE passenger-only + LQ,63.61,65.21,exp11 同包曲线；训练种子 1；评估种子 123-125,需核对同物理/guard/轨迹；解析值为交接参考，非本次独立复算
exp08,S1__R_GAMMA,S1,R_GAMMA,1,250000,64.49,36.553333333333335,6.783333333333334,20.28,1.0,True,3,3,0.0,0.0,0.0,0.0,serial_runs/uam_lit57p6m_nohold_seed1_20260923_010453/S1__R_GAMMA/analysis/checkpoint_curve.csv,QTTI2,58.24,项目交接参考；当前归档未找到原始 S 阶段解析 CSV,UAGMC_SOURCE passenger-only + LQ,63.61,65.21,exp11 同包曲线；训练种子 1；评估种子 123-125,需核对同物理/guard/轨迹；解析值为交接参考，非本次独立复算
exp08,S1__R_GAMMA,S1,R_GAMMA,1,300000,66.29666666666667,37.85666666666667,7.038888888888889,20.497777777777777,1.0,True,3,3,0.0,0.0,0.0,0.0,serial_runs/uam_lit57p6m_nohold_seed1_20260923_010453/S1__R_GAMMA/analysis/checkpoint_curve.csv,QTTI2,58.24,项目交接参考；当前归档未找到原始 S 阶段解析 CSV,UAGMC_SOURCE passenger-only + LQ,63.61,65.21,exp11 同包曲线；训练种子 1；评估种子 123-125,需核对同物理/guard/轨迹；解析值为交接参考，非本次独立复算
exp08,S1__R_GAMMA,S1,R_GAMMA,1,350000,67.10444444444445,38.053333333333335,7.354444444444446,20.79111111111111,1.0,True,3,3,0.0,0.0,0.0,0.0,serial_runs/uam_lit57p6m_nohold_seed1_20260923_010453/S1__R_GAMMA/analysis/checkpoint_curve.csv,QTTI2,58.24,项目交接参考；当前归档未找到原始 S 阶段解析 CSV,UAGMC_SOURCE passenger-only + LQ,63.61,65.21,exp11 同包曲线；训练种子 1；评估种子 123-125,需核对同物理/guard/轨迹；解析值为交接参考，非本次独立复算
exp08,S1__R_GAMMA,S1,R_GAMMA,1,400000,78.19777777777777,48.53,7.592222222222222,21.12888888888889,1.0,True,3,3,0.0,0.0,0.0,0.0,serial_runs/uam_lit57p6m_nohold_seed1_20260923_010453/S1__R_GAMMA/analysis/checkpoint_curve.csv,QTTI2,58.24,项目交接参考；当前归档未找到原始 S 阶段解析 CSV,UAGMC_SOURCE passenger-only + LQ,63.61,65.21,exp11 同包曲线；训练种子 1；评估种子 123-125,需核对同物理/guard/轨迹；解析值为交接参考，非本次独立复算
exp08,S1__R_GAMMA,S1,R_GAMMA,1,450000,73.28888888888889,44.077777777777776,7.401111111111111,20.92888888888889,1.0,True,3,3,0.0,0.0,0.0,0.0,serial_runs/uam_lit57p6m_nohold_seed1_20260923_010453/S1__R_GAMMA/analysis/checkpoint_curve.csv,QTTI2,58.24,项目交接参考；当前归档未找到原始 S 阶段解析 CSV,UAGMC_SOURCE passenger-only + LQ,63.61,65.21,exp11 同包曲线；训练种子 1；评估种子 123-125,需核对同物理/guard/轨迹；解析值为交接参考，非本次独立复算
exp08,S1__R_GAMMA,S1,R_GAMMA,1,500000,76.19,46.55444444444444,7.536666666666666,21.15111111111111,1.0,True,3,3,0.0,0.0,0.0,0.0,serial_runs/uam_lit57p6m_nohold_seed1_20260923_010453/S1__R_GAMMA/analysis/checkpoint_curve.csv,QTTI2,58.24,项目交接参考；当前归档未找到原始 S 阶段解析 CSV,UAGMC_SOURCE passenger-only + LQ,63.61,65.21,exp11 同包曲线；训练种子 1；评估种子 123-125,需核对同物理/guard/轨迹；解析值为交接参考，非本次独立复算
exp08,S1__R_GAMMA,S1,R_GAMMA,1,550000,134.99,108.0188888888889,6.646666666666666,19.400000000000002,1.0,True,3,3,0.0,0.0,0.0,0.0,serial_runs/uam_lit57p6m_nohold_seed1_20260923_010453/S1__R_GAMMA/analysis/checkpoint_curve.csv,QTTI2,58.24,项目交接参考；当前归档未找到原始 S 阶段解析 CSV,UAGMC_SOURCE passenger-only + LQ,63.61,65.21,exp11 同包曲线；训练种子 1；评估种子 123-125,需核对同物理/guard/轨迹；解析值为交接参考，非本次独立复算
exp08,S1__R_GAMMA,S1,R_GAMMA,1,600000,150.04333333333332,122.75333333333333,6.836666666666667,19.546666666666667,1.0,True,3,3,0.0,0.0,0.0,0.0,serial_runs/uam_lit57p6m_nohold_seed1_20260923_010453/S1__R_GAMMA/analysis/checkpoint_curve.csv,QTTI2,58.24,项目交接参考；当前归档未找到原始 S 阶段解析 CSV,UAGMC_SOURCE passenger-only + LQ,63.61,65.21,exp11 同包曲线；训练种子 1；评估种子 123-125,需核对同物理/guard/轨迹；解析值为交接参考，非本次独立复算
exp08,S1__R_SRAC,S1,R_SRAC,1,50000,69.64444444444445,40.77555555555555,7.372222222222223,20.57777777777778,1.0,True,3,3,0.0,0.0,0.0,0.0,serial_runs/uam_lit57p6m_nohold_seed1_20260923_010453/S1__R_SRAC/analysis/checkpoint_curve.csv,QTTI2,58.24,项目交接参考；当前归档未找到原始 S 阶段解析 CSV,UAGMC_SOURCE passenger-only + LQ,63.61,65.21,exp11 同包曲线；训练种子 1；评估种子 123-125,需核对同物理/guard/轨迹；解析值为交接参考，非本次独立复算
exp08,S1__R_SRAC,S1,R_SRAC,1,100000,69.19333333333333,39.64555555555555,7.557777777777777,21.075555555555553,1.0,True,3,3,0.0,0.0,0.0,0.0,serial_runs/uam_lit57p6m_nohold_seed1_20260923_010453/S1__R_SRAC/analysis/checkpoint_curve.csv,QTTI2,58.24,项目交接参考；当前归档未找到原始 S 阶段解析 CSV,UAGMC_SOURCE passenger-only + LQ,63.61,65.21,exp11 同包曲线；训练种子 1；评估种子 123-125,需核对同物理/guard/轨迹；解析值为交接参考，非本次独立复算
exp08,S1__R_SRAC,S1,R_SRAC,1,150000,71.94555555555556,42.544444444444444,7.412222222222222,21.080000000000002,1.0,True,3,3,0.0,0.0,0.0,0.0,serial_runs/uam_lit57p6m_nohold_seed1_20260923_010453/S1__R_SRAC/analysis/checkpoint_curve.csv,QTTI2,58.24,项目交接参考；当前归档未找到原始 S 阶段解析 CSV,UAGMC_SOURCE passenger-only + LQ,63.61,65.21,exp11 同包曲线；训练种子 1；评估种子 123-125,需核对同物理/guard/轨迹；解析值为交接参考，非本次独立复算
exp08,S1__R_SRAC,S1,R_SRAC,1,200000,67.97222222222223,39.11111111111111,7.151111111111111,20.79111111111111,1.0,True,3,3,0.0,0.0,0.0,0.0,serial_runs/uam_lit57p6m_nohold_seed1_20260923_010453/S1__R_SRAC/analysis/checkpoint_curve.csv,QTTI2,58.24,项目交接参考；当前归档未找到原始 S 阶段解析 CSV,UAGMC_SOURCE passenger-only + LQ,63.61,65.21,exp11 同包曲线；训练种子 1；评估种子 123-125,需核对同物理/guard/轨迹；解析值为交接参考，非本次独立复算
exp08,S1__R_SRAC,S1,R_SRAC,1,250000,65.40666666666667,36.99,7.036666666666666,20.466666666666665,1.0,True,3,3,0.0,0.0,0.0,0.0,serial_runs/uam_lit57p6m_nohold_seed1_20260923_010453/S1__R_SRAC/analysis/checkpoint_curve.csv,QTTI2,58.24,项目交接参考；当前归档未找到原始 S 阶段解析 CSV,UAGMC_SOURCE passenger-only + LQ,63.61,65.21,exp11 同包曲线；训练种子 1；评估种子 123-125,需核对同物理/guard/轨迹；解析值为交接参考，非本次独立复算
exp08,S1__R_SRAC,S1,R_SRAC,1,300000,64.61,36.35,6.973333333333333,20.37777777777778,1.0,True,3,3,0.0,0.0,0.0,0.0,serial_runs/uam_lit57p6m_nohold_seed1_20260923_010453/S1__R_SRAC/analysis/checkpoint_curve.csv,QTTI2,58.24,项目交接参考；当前归档未找到原始 S 阶段解析 CSV,UAGMC_SOURCE passenger-only + LQ,63.61,65.21,exp11 同包曲线；训练种子 1；评估种子 123-125,需核对同物理/guard/轨迹；解析值为交接参考，非本次独立复算
exp08,S1__R_SRAC,S1,R_SRAC,1,350000,69.03,40.675555555555555,6.983333333333333,20.448888888888888,1.0,True,3,3,0.0,0.0,0.0,0.0,serial_runs/uam_lit57p6m_nohold_seed1_20260923_010453/S1__R_SRAC/analysis/checkpoint_curve.csv,QTTI2,58.24,项目交接参考；当前归档未找到原始 S 阶段解析 CSV,UAGMC_SOURCE passenger-only + LQ,63.61,65.21,exp11 同包曲线；训练种子 1；评估种子 123-125,需核对同物理/guard/轨迹；解析值为交接参考，非本次独立复算
exp08,S1__R_SRAC,S1,R_SRAC,1,400000,70.52,42.157777777777774,6.935555555555556,20.502222222222223,1.0,True,3,3,0.0,0.0,0.0,0.0,serial_runs/uam_lit57p6m_nohold_seed1_20260923_010453/S1__R_SRAC/analysis/checkpoint_curve.csv,QTTI2,58.24,项目交接参考；当前归档未找到原始 S 阶段解析 CSV,UAGMC_SOURCE passenger-only + LQ,63.61,65.21,exp11 同包曲线；训练种子 1；评估种子 123-125,需核对同物理/guard/轨迹；解析值为交接参考，非本次独立复算
exp08,S1__R_SRAC,S1,R_SRAC,1,450000,72.85333333333334,44.24222222222222,7.0822222222222235,20.613333333333333,1.0,True,3,3,0.0,0.0,0.0,0.0,serial_runs/uam_lit57p6m_nohold_seed1_20260923_010453/S1__R_SRAC/analysis/checkpoint_curve.csv,QTTI2,58.24,项目交接参考；当前归档未找到原始 S 阶段解析 CSV,UAGMC_SOURCE passenger-only + LQ,63.61,65.21,exp11 同包曲线；训练种子 1；评估种子 123-125,需核对同物理/guard/轨迹；解析值为交接参考，非本次独立复算
exp08,S1__R_SRAC,S1,R_SRAC,1,500000,71.36,42.45111111111111,7.277777777777779,20.702222222222222,1.0,True,3,3,0.0,0.0,0.0,0.0,serial_runs/uam_lit57p6m_nohold_seed1_20260923_010453/S1__R_SRAC/analysis/checkpoint_curve.csv,QTTI2,58.24,项目交接参考；当前归档未找到原始 S 阶段解析 CSV,UAGMC_SOURCE passenger-only + LQ,63.61,65.21,exp11 同包曲线；训练种子 1；评估种子 123-125,需核对同物理/guard/轨迹；解析值为交接参考，非本次独立复算
exp08,S1__R_SRAC,S1,R_SRAC,1,550000,72.25333333333333,43.56444444444444,7.192222222222223,20.591111111111108,1.0,True,3,3,0.0,0.0,0.0,0.0,serial_runs/uam_lit57p6m_nohold_seed1_20260923_010453/S1__R_SRAC/analysis/checkpoint_curve.csv,QTTI2,58.24,项目交接参考；当前归档未找到原始 S 阶段解析 CSV,UAGMC_SOURCE passenger-only + LQ,63.61,65.21,exp11 同包曲线；训练种子 1；评估种子 123-125,需核对同物理/guard/轨迹；解析值为交接参考，非本次独立复算
exp08,S1__R_SRAC,S1,R_SRAC,1,600000,79.51,50.25,7.29,21.013333333333332,1.0,True,3,3,0.0,0.0,0.0,0.0,serial_runs/uam_lit57p6m_nohold_seed1_20260923_010453/S1__R_SRAC/analysis/checkpoint_curve.csv,QTTI2,58.24,项目交接参考；当前归档未找到原始 S 阶段解析 CSV,UAGMC_SOURCE passenger-only + LQ,63.61,65.21,exp11 同包曲线；训练种子 1；评估种子 123-125,需核对同物理/guard/轨迹；解析值为交接参考，非本次独立复算
exp08,S1__R_TDM,S1,R_TDM,1,50000,66.96,39.48,6.696666666666666,19.85333333333333,1.0,True,3,3,0.0,0.0,0.0,0.0,serial_runs/uam_lit57p6m_nohold_seed1_20260923_010453/S1__R_TDM/analysis/checkpoint_curve.csv,QTTI2,58.24,项目交接参考；当前归档未找到原始 S 阶段解析 CSV,UAGMC_SOURCE passenger-only + LQ,63.61,65.21,exp11 同包曲线；训练种子 1；评估种子 123-125,需核对同物理/guard/轨迹；解析值为交接参考，非本次独立复算
exp08,S1__R_TDM,S1,R_TDM,1,100000,56.94,30.073333333333334,6.4366666666666665,19.506666666666668,1.0,True,3,3,0.0,0.0,0.0,0.0,serial_runs/uam_lit57p6m_nohold_seed1_20260923_010453/S1__R_TDM/analysis/checkpoint_curve.csv,QTTI2,58.24,项目交接参考；当前归档未找到原始 S 阶段解析 CSV,UAGMC_SOURCE passenger-only + LQ,63.61,65.21,exp11 同包曲线；训练种子 1；评估种子 123-125,需核对同物理/guard/轨迹；解析值为交接参考，非本次独立复算
exp08,S1__R_TDM,S1,R_TDM,1,150000,68.53333333333333,39.36333333333334,7.526666666666666,20.72,1.0,True,3,3,0.0,0.0,0.0,0.0,serial_runs/uam_lit57p6m_nohold_seed1_20260923_010453/S1__R_TDM/analysis/checkpoint_curve.csv,QTTI2,58.24,项目交接参考；当前归档未找到原始 S 阶段解析 CSV,UAGMC_SOURCE passenger-only + LQ,63.61,65.21,exp11 同包曲线；训练种子 1；评估种子 123-125,需核对同物理/guard/轨迹；解析值为交接参考，非本次独立复算
exp08,S1__R_TDM,S1,R_TDM,1,200000,61.92111111111112,33.40111111111111,7.161111111111111,20.45777777777778,1.0,True,3,3,0.0,0.0,0.0,0.0,serial_runs/uam_lit57p6m_nohold_seed1_20260923_010453/S1__R_TDM/analysis/checkpoint_curve.csv,QTTI2,58.24,项目交接参考；当前归档未找到原始 S 阶段解析 CSV,UAGMC_SOURCE passenger-only + LQ,63.61,65.21,exp11 同包曲线；训练种子 1；评估种子 123-125,需核对同物理/guard/轨迹；解析值为交接参考，非本次独立复算
exp08,S1__R_TDM,S1,R_TDM,1,250000,66.92444444444443,38.27666666666667,7.191111111111112,20.56888888888889,1.0,True,3,3,0.0,0.0,0.0,0.0,serial_runs/uam_lit57p6m_nohold_seed1_20260923_010453/S1__R_TDM/analysis/checkpoint_curve.csv,QTTI2,58.24,项目交接参考；当前归档未找到原始 S 阶段解析 CSV,UAGMC_SOURCE passenger-only + LQ,63.61,65.21,exp11 同包曲线；训练种子 1；评估种子 123-125,需核对同物理/guard/轨迹；解析值为交接参考，非本次独立复算
exp08,S1__R_TDM,S1,R_TDM,1,300000,65.32444444444444,36.74333333333333,7.032222222222223,20.657777777777778,1.0,True,3,3,0.0,0.0,0.0,0.0,serial_runs/uam_lit57p6m_nohold_seed1_20260923_010453/S1__R_TDM/analysis/checkpoint_curve.csv,QTTI2,58.24,项目交接参考；当前归档未找到原始 S 阶段解析 CSV,UAGMC_SOURCE passenger-only + LQ,63.61,65.21,exp11 同包曲线；训练种子 1；评估种子 123-125,需核对同物理/guard/轨迹；解析值为交接参考，非本次独立复算
exp08,S1__R_TDM,S1,R_TDM,1,350000,70.78444444444445,41.77444444444444,7.174444444444444,20.959999999999997,1.0,True,3,3,0.0,0.0,0.0,0.0,serial_runs/uam_lit57p6m_nohold_seed1_20260923_010453/S1__R_TDM/analysis/checkpoint_curve.csv,QTTI2,58.24,项目交接参考；当前归档未找到原始 S 阶段解析 CSV,UAGMC_SOURCE passenger-only + LQ,63.61,65.21,exp11 同包曲线；训练种子 1；评估种子 123-125,需核对同物理/guard/轨迹；解析值为交接参考，非本次独立复算
exp08,S1__R_TDM,S1,R_TDM,1,400000,70.82000000000001,41.74777777777778,7.1499999999999995,21.008888888888887,1.0,True,3,3,0.0,0.0,0.0,0.0,serial_runs/uam_lit57p6m_nohold_seed1_20260923_010453/S1__R_TDM/analysis/checkpoint_curve.csv,QTTI2,58.24,项目交接参考；当前归档未找到原始 S 阶段解析 CSV,UAGMC_SOURCE passenger-only + LQ,63.61,65.21,exp11 同包曲线；训练种子 1；评估种子 123-125,需核对同物理/guard/轨迹；解析值为交接参考，非本次独立复算
exp08,S1__R_TDM,S1,R_TDM,1,450000,80.50999999999999,51.78444444444444,7.068888888888889,20.76888888888889,1.0,True,3,3,0.0,0.0,0.0,0.0,serial_runs/uam_lit57p6m_nohold_seed1_20260923_010453/S1__R_TDM/analysis/checkpoint_curve.csv,QTTI2,58.24,项目交接参考；当前归档未找到原始 S 阶段解析 CSV,UAGMC_SOURCE passenger-only + LQ,63.61,65.21,exp11 同包曲线；训练种子 1；评估种子 123-125,需核对同物理/guard/轨迹；解析值为交接参考，非本次独立复算
exp08,S1__R_TDM,S1,R_TDM,1,500000,168.17111111111112,136.27666666666667,8.317777777777778,22.679999999999996,1.0,True,3,3,0.0,0.0,0.0,0.0,serial_runs/uam_lit57p6m_nohold_seed1_20260923_010453/S1__R_TDM/analysis/checkpoint_curve.csv,QTTI2,58.24,项目交接参考；当前归档未找到原始 S 阶段解析 CSV,UAGMC_SOURCE passenger-only + LQ,63.61,65.21,exp11 同包曲线；训练种子 1；评估种子 123-125,需核对同物理/guard/轨迹；解析值为交接参考，非本次独立复算
exp08,S1__R_TDM,S1,R_TDM,1,550000,79.39777777777779,50.18666666666667,7.207777777777778,21.11111111111111,1.0,True,3,3,0.0,0.0,0.0,0.0,serial_runs/uam_lit57p6m_nohold_seed1_20260923_010453/S1__R_TDM/analysis/checkpoint_curve.csv,QTTI2,58.24,项目交接参考；当前归档未找到原始 S 阶段解析 CSV,UAGMC_SOURCE passenger-only + LQ,63.61,65.21,exp11 同包曲线；训练种子 1；评估种子 123-125,需核对同物理/guard/轨迹；解析值为交接参考，非本次独立复算
exp08,S1__R_TDM,S1,R_TDM,1,600000,85.33,55.580000000000005,7.326666666666667,21.533333333333335,1.0,True,3,3,0.0,0.0,0.0,0.0,serial_runs/uam_lit57p6m_nohold_seed1_20260923_010453/S1__R_TDM/analysis/checkpoint_curve.csv,QTTI2,58.24,项目交接参考；当前归档未找到原始 S 阶段解析 CSV,UAGMC_SOURCE passenger-only + LQ,63.61,65.21,exp11 同包曲线；训练种子 1；评估种子 123-125,需核对同物理/guard/轨迹；解析值为交接参考，非本次独立复算
exp08,S2__R_CQM,S2,R_CQM,1,50000,82.64,51.59666666666667,8.29888888888889,21.822222222222223,1.0,True,3,3,0.0,0.0,0.0,0.0,serial_runs/uam_lit57p6m_nohold_seed1_20260923_010453/S2__R_CQM/analysis/checkpoint_curve.csv,STTF,66.19,项目交接参考；当前归档未找到原始 S 阶段解析 CSV,UAGMC_SOURCE passenger-only + LQ,64.31,67.17,exp11 同包曲线；训练种子 1；评估种子 123-125,需核对同物理/guard/轨迹；解析值为交接参考，非本次独立复算
exp08,S2__R_CQM,S2,R_CQM,1,100000,72.40666666666665,42.73111111111111,7.6000000000000005,21.146666666666665,1.0,True,3,3,0.0,0.0,0.0,0.0,serial_runs/uam_lit57p6m_nohold_seed1_20260923_010453/S2__R_CQM/analysis/checkpoint_curve.csv,STTF,66.19,项目交接参考；当前归档未找到原始 S 阶段解析 CSV,UAGMC_SOURCE passenger-only + LQ,64.31,67.17,exp11 同包曲线；训练种子 1；评估种子 123-125,需核对同物理/guard/轨迹；解析值为交接参考，非本次独立复算
exp08,S2__R_CQM,S2,R_CQM,1,150000,72.66222222222221,42.84444444444444,7.696666666666666,21.186666666666664,1.0,True,3,3,0.0,0.0,0.0,0.0,serial_runs/uam_lit57p6m_nohold_seed1_20260923_010453/S2__R_CQM/analysis/checkpoint_curve.csv,STTF,66.19,项目交接参考；当前归档未找到原始 S 阶段解析 CSV,UAGMC_SOURCE passenger-only + LQ,64.31,67.17,exp11 同包曲线；训练种子 1；评估种子 123-125,需核对同物理/guard/轨迹；解析值为交接参考，非本次独立复算
exp08,S2__R_CQM,S2,R_CQM,1,200000,70.39555555555556,40.95777777777778,7.3933333333333335,21.09777777777778,1.0,True,3,3,0.0,0.0,0.0,0.0,serial_runs/uam_lit57p6m_nohold_seed1_20260923_010453/S2__R_CQM/analysis/checkpoint_curve.csv,STTF,66.19,项目交接参考；当前归档未找到原始 S 阶段解析 CSV,UAGMC_SOURCE passenger-only + LQ,64.31,67.17,exp11 同包曲线；训练种子 1；评估种子 123-125,需核对同物理/guard/轨迹；解析值为交接参考，非本次独立复算
exp08,S2__R_CQM,S2,R_CQM,1,250000,72.11333333333333,42.80666666666667,7.286666666666666,21.075555555555557,1.0,True,3,3,0.0,0.0,0.0,0.0,serial_runs/uam_lit57p6m_nohold_seed1_20260923_010453/S2__R_CQM/analysis/checkpoint_curve.csv,STTF,66.19,项目交接参考；当前归档未找到原始 S 阶段解析 CSV,UAGMC_SOURCE passenger-only + LQ,64.31,67.17,exp11 同包曲线；训练种子 1；评估种子 123-125,需核对同物理/guard/轨迹；解析值为交接参考，非本次独立复算
exp08,S2__R_CQM,S2,R_CQM,1,300000,74.95666666666666,45.443333333333335,7.275555555555556,21.275555555555556,1.0,True,3,3,0.0,0.0,0.0,0.0,serial_runs/uam_lit57p6m_nohold_seed1_20260923_010453/S2__R_CQM/analysis/checkpoint_curve.csv,STTF,66.19,项目交接参考；当前归档未找到原始 S 阶段解析 CSV,UAGMC_SOURCE passenger-only + LQ,64.31,67.17,exp11 同包曲线；训练种子 1；评估种子 123-125,需核对同物理/guard/轨迹；解析值为交接参考，非本次独立复算
exp08,S2__R_CQM,S2,R_CQM,1,350000,75.53333333333335,46.14222222222222,7.314444444444444,21.14222222222222,1.0,True,3,3,0.0,0.0,0.0,0.0,serial_runs/uam_lit57p6m_nohold_seed1_20260923_010453/S2__R_CQM/analysis/checkpoint_curve.csv,STTF,66.19,项目交接参考；当前归档未找到原始 S 阶段解析 CSV,UAGMC_SOURCE passenger-only + LQ,64.31,67.17,exp11 同包曲线；训练种子 1；评估种子 123-125,需核对同物理/guard/轨迹；解析值为交接参考，非本次独立复算
exp08,S2__R_CQM,S2,R_CQM,1,400000,81.29555555555557,52.056666666666665,7.1322222222222225,21.186666666666667,1.0,True,3,3,0.0,0.0,0.0,0.0,serial_runs/uam_lit57p6m_nohold_seed1_20260923_010453/S2__R_CQM/analysis/checkpoint_curve.csv,STTF,66.19,项目交接参考；当前归档未找到原始 S 阶段解析 CSV,UAGMC_SOURCE passenger-only + LQ,64.31,67.17,exp11 同包曲线；训练种子 1；评估种子 123-125,需核对同物理/guard/轨迹；解析值为交接参考，非本次独立复算
exp08,S2__R_CQM,S2,R_CQM,1,450000,75.5911111111111,45.77111111111111,7.4444444444444455,21.453333333333333,1.0,True,3,3,0.0,0.0,0.0,0.0,serial_runs/uam_lit57p6m_nohold_seed1_20260923_010453/S2__R_CQM/analysis/checkpoint_curve.csv,STTF,66.19,项目交接参考；当前归档未找到原始 S 阶段解析 CSV,UAGMC_SOURCE passenger-only + LQ,64.31,67.17,exp11 同包曲线；训练种子 1；评估种子 123-125,需核对同物理/guard/轨迹；解析值为交接参考，非本次独立复算
exp08,S2__R_CQM,S2,R_CQM,1,500000,79.5311111111111,49.321111111111115,7.664444444444444,21.58666666666667,1.0,True,3,3,0.0,0.0,0.0,0.0,serial_runs/uam_lit57p6m_nohold_seed1_20260923_010453/S2__R_CQM/analysis/checkpoint_curve.csv,STTF,66.19,项目交接参考；当前归档未找到原始 S 阶段解析 CSV,UAGMC_SOURCE passenger-only + LQ,64.31,67.17,exp11 同包曲线；训练种子 1；评估种子 123-125,需核对同物理/guard/轨迹；解析值为交接参考，非本次独立复算
exp08,S2__R_CQM,S2,R_CQM,1,550000,78.16333333333334,48.23222222222222,7.428888888888889,21.551111111111112,1.0,True,3,3,0.0,0.0,0.0,0.0,serial_runs/uam_lit57p6m_nohold_seed1_20260923_010453/S2__R_CQM/analysis/checkpoint_curve.csv,STTF,66.19,项目交接参考；当前归档未找到原始 S 阶段解析 CSV,UAGMC_SOURCE passenger-only + LQ,64.31,67.17,exp11 同包曲线；训练种子 1；评估种子 123-125,需核对同物理/guard/轨迹；解析值为交接参考，非本次独立复算
exp08,S2__R_CQM,S2,R_CQM,1,600000,79.97222222222223,49.864444444444445,7.465555555555556,21.679999999999996,1.0,True,3,3,0.0,0.0,0.0,0.0,serial_runs/uam_lit57p6m_nohold_seed1_20260923_010453/S2__R_CQM/analysis/checkpoint_curve.csv,STTF,66.19,项目交接参考；当前归档未找到原始 S 阶段解析 CSV,UAGMC_SOURCE passenger-only + LQ,64.31,67.17,exp11 同包曲线；训练种子 1；评估种子 123-125,需核对同物理/guard/轨迹；解析值为交接参考，非本次独立复算
exp08,S2__R_EVENTQ,S2,R_EVENTQ,1,50000,146.30777777777777,113.76444444444445,8.556666666666667,23.0,1.0,True,3,3,0.0,0.0,0.0,0.0,serial_runs/uam_lit57p6m_nohold_seed1_20260923_010453/S2__R_EVENTQ/analysis/checkpoint_curve.csv,STTF,66.19,项目交接参考；当前归档未找到原始 S 阶段解析 CSV,UAGMC_SOURCE passenger-only + LQ,64.31,67.17,exp11 同包曲线；训练种子 1；评估种子 123-125,需核对同物理/guard/轨迹；解析值为交接参考，非本次独立复算
exp08,S2__R_EVENTQ,S2,R_EVENTQ,1,100000,82.04444444444444,51.87777777777777,7.7811111111111115,21.42222222222222,1.0,True,3,3,0.0,0.0,0.0,0.0,serial_runs/uam_lit57p6m_nohold_seed1_20260923_010453/S2__R_EVENTQ/analysis/checkpoint_curve.csv,STTF,66.19,项目交接参考；当前归档未找到原始 S 阶段解析 CSV,UAGMC_SOURCE passenger-only + LQ,64.31,67.17,exp11 同包曲线；训练种子 1；评估种子 123-125,需核对同物理/guard/轨迹；解析值为交接参考，非本次独立复算
exp08,S2__R_EVENTQ,S2,R_EVENTQ,1,150000,75.78222222222223,46.03888888888889,7.57,21.213333333333335,1.0,True,3,3,0.0,0.0,0.0,0.0,serial_runs/uam_lit57p6m_nohold_seed1_20260923_010453/S2__R_EVENTQ/analysis/checkpoint_curve.csv,STTF,66.19,项目交接参考；当前归档未找到原始 S 阶段解析 CSV,UAGMC_SOURCE passenger-only + LQ,64.31,67.17,exp11 同包曲线；训练种子 1；评估种子 123-125,需核对同物理/guard/轨迹；解析值为交接参考，非本次独立复算
exp08,S2__R_EVENTQ,S2,R_EVENTQ,1,200000,72.13666666666667,42.898888888888884,7.326666666666667,20.964444444444442,1.0,True,3,3,0.0,0.0,0.0,0.0,serial_runs/uam_lit57p6m_nohold_seed1_20260923_010453/S2__R_EVENTQ/analysis/checkpoint_curve.csv,STTF,66.19,项目交接参考；当前归档未找到原始 S 阶段解析 CSV,UAGMC_SOURCE passenger-only + LQ,64.31,67.17,exp11 同包曲线；训练种子 1；评估种子 123-125,需核对同物理/guard/轨迹；解析值为交接参考，非本次独立复算
exp08,S2__R_EVENTQ,S2,R_EVENTQ,1,250000,71.24333333333334,42.077777777777776,7.25,20.973333333333333,1.0,True,3,3,0.0,0.0,0.0,0.0,serial_runs/uam_lit57p6m_nohold_seed1_20260923_010453/S2__R_EVENTQ/analysis/checkpoint_curve.csv,STTF,66.19,项目交接参考；当前归档未找到原始 S 阶段解析 CSV,UAGMC_SOURCE passenger-only + LQ,64.31,67.17,exp11 同包曲线；训练种子 1；评估种子 123-125,需核对同物理/guard/轨迹；解析值为交接参考，非本次独立复算
exp08,S2__R_EVENTQ,S2,R_EVENTQ,1,300000,71.61,42.48444444444444,7.342222222222222,20.866666666666667,1.0,True,3,3,0.0,0.0,0.0,0.0,serial_runs/uam_lit57p6m_nohold_seed1_20260923_010453/S2__R_EVENTQ/analysis/checkpoint_curve.csv,STTF,66.19,项目交接参考；当前归档未找到原始 S 阶段解析 CSV,UAGMC_SOURCE passenger-only + LQ,64.31,67.17,exp11 同包曲线；训练种子 1；评估种子 123-125,需核对同物理/guard/轨迹；解析值为交接参考，非本次独立复算
exp08,S2__R_EVENTQ,S2,R_EVENTQ,1,350000,73.38222222222221,43.74333333333333,7.431111111111111,21.25333333333333,1.0,True,3,3,0.0,0.0,0.0,0.0,serial_runs/uam_lit57p6m_nohold_seed1_20260923_010453/S2__R_EVENTQ/analysis/checkpoint_curve.csv,STTF,66.19,项目交接参考；当前归档未找到原始 S 阶段解析 CSV,UAGMC_SOURCE passenger-only + LQ,64.31,67.17,exp11 同包曲线；训练种子 1；评估种子 123-125,需核对同物理/guard/轨迹；解析值为交接参考，非本次独立复算
exp08,S2__R_EVENTQ,S2,R_EVENTQ,1,400000,72.55333333333334,43.09444444444444,7.385555555555555,21.12888888888889,1.0,True,3,3,0.0,0.0,0.0,0.0,serial_runs/uam_lit57p6m_nohold_seed1_20260923_010453/S2__R_EVENTQ/analysis/checkpoint_curve.csv,STTF,66.19,项目交接参考；当前归档未找到原始 S 阶段解析 CSV,UAGMC_SOURCE passenger-only + LQ,64.31,67.17,exp11 同包曲线；训练种子 1；评估种子 123-125,需核对同物理/guard/轨迹；解析值为交接参考，非本次独立复算
exp08,S2__R_EVENTQ,S2,R_EVENTQ,1,450000,73.49333333333334,44.39111111111111,7.301111111111112,20.92888888888889,1.0,True,3,3,0.0,0.0,0.0,0.0,serial_runs/uam_lit57p6m_nohold_seed1_20260923_010453/S2__R_EVENTQ/analysis/checkpoint_curve.csv,STTF,66.19,项目交接参考；当前归档未找到原始 S 阶段解析 CSV,UAGMC_SOURCE passenger-only + LQ,64.31,67.17,exp11 同包曲线；训练种子 1；评估种子 123-125,需核对同物理/guard/轨迹；解析值为交接参考，非本次独立复算
exp08,S2__R_EVENTQ,S2,R_EVENTQ,1,500000,75.86777777777779,46.86555555555555,7.109999999999999,20.995555555555555,1.0,True,3,3,0.0,0.0,0.0,0.0,serial_runs/uam_lit57p6m_nohold_seed1_20260923_010453/S2__R_EVENTQ/analysis/checkpoint_curve.csv,STTF,66.19,项目交接参考；当前归档未找到原始 S 阶段解析 CSV,UAGMC_SOURCE passenger-only + LQ,64.31,67.17,exp11 同包曲线；训练种子 1；评估种子 123-125,需核对同物理/guard/轨迹；解析值为交接参考，非本次独立复算
exp08,S2__R_EVENTQ,S2,R_EVENTQ,1,550000,74.97111111111111,45.54555555555555,7.292222222222222,21.16888888888889,1.0,True,3,3,0.0,0.0,0.0,0.0,serial_runs/uam_lit57p6m_nohold_seed1_20260923_010453/S2__R_EVENTQ/analysis/checkpoint_curve.csv,STTF,66.19,项目交接参考；当前归档未找到原始 S 阶段解析 CSV,UAGMC_SOURCE passenger-only + LQ,64.31,67.17,exp11 同包曲线；训练种子 1；评估种子 123-125,需核对同物理/guard/轨迹；解析值为交接参考，非本次独立复算
exp08,S2__R_EVENTQ,S2,R_EVENTQ,1,600000,78.61444444444444,48.843333333333334,7.373333333333334,21.435555555555553,1.0,True,3,3,0.0,0.0,0.0,0.0,serial_runs/uam_lit57p6m_nohold_seed1_20260923_010453/S2__R_EVENTQ/analysis/checkpoint_curve.csv,STTF,66.19,项目交接参考；当前归档未找到原始 S 阶段解析 CSV,UAGMC_SOURCE passenger-only + LQ,64.31,67.17,exp11 同包曲线；训练种子 1；评估种子 123-125,需核对同物理/guard/轨迹；解析值为交接参考，非本次独立复算
exp08,S2__R_FIRST,S2,R_FIRST,1,50000,79.39555555555556,49.28333333333333,7.715555555555556,21.43111111111111,1.0,True,3,3,0.0,0.0,0.0,0.0,serial_runs/uam_lit57p6m_nohold_seed1_20260923_010453/S2__R_FIRST/analysis/checkpoint_curve.csv,STTF,66.19,项目交接参考；当前归档未找到原始 S 阶段解析 CSV,UAGMC_SOURCE passenger-only + LQ,64.31,67.17,exp11 同包曲线；训练种子 1；评估种子 123-125,需核对同物理/guard/轨迹；解析值为交接参考，非本次独立复算
exp08,S2__R_FIRST,S2,R_FIRST,1,100000,79.13777777777777,48.88444444444445,7.811111111111111,21.48,1.0,True,3,3,0.0,0.0,0.0,0.0,serial_runs/uam_lit57p6m_nohold_seed1_20260923_010453/S2__R_FIRST/analysis/checkpoint_curve.csv,STTF,66.19,项目交接参考；当前归档未找到原始 S 阶段解析 CSV,UAGMC_SOURCE passenger-only + LQ,64.31,67.17,exp11 同包曲线；训练种子 1；评估种子 123-125,需核对同物理/guard/轨迹；解析值为交接参考，非本次独立复算
exp08,S2__R_FIRST,S2,R_FIRST,1,150000,74.91666666666667,45.058888888888895,7.6177777777777775,21.311111111111114,1.0,True,3,3,0.0,0.0,0.0,0.0,serial_runs/uam_lit57p6m_nohold_seed1_20260923_010453/S2__R_FIRST/analysis/checkpoint_curve.csv,STTF,66.19,项目交接参考；当前归档未找到原始 S 阶段解析 CSV,UAGMC_SOURCE passenger-only + LQ,64.31,67.17,exp11 同包曲线；训练种子 1；评估种子 123-125,需核对同物理/guard/轨迹；解析值为交接参考，非本次独立复算
exp08,S2__R_FIRST,S2,R_FIRST,1,200000,74.95444444444445,45.02111111111111,7.674444444444444,21.302222222222223,1.0,True,3,3,0.0,0.0,0.0,0.0,serial_runs/uam_lit57p6m_nohold_seed1_20260923_010453/S2__R_FIRST/analysis/checkpoint_curve.csv,STTF,66.19,项目交接参考；当前归档未找到原始 S 阶段解析 CSV,UAGMC_SOURCE passenger-only + LQ,64.31,67.17,exp11 同包曲线；训练种子 1；评估种子 123-125,需核对同物理/guard/轨迹；解析值为交接参考，非本次独立复算
exp08,S2__R_FIRST,S2,R_FIRST,1,250000,78.7,48.53666666666667,7.653333333333333,21.551111111111112,1.0,True,3,3,0.0,0.0,0.0,0.0,serial_runs/uam_lit57p6m_nohold_seed1_20260923_010453/S2__R_FIRST/analysis/checkpoint_curve.csv,STTF,66.19,项目交接参考；当前归档未找到原始 S 阶段解析 CSV,UAGMC_SOURCE passenger-only + LQ,64.31,67.17,exp11 同包曲线；训练种子 1；评估种子 123-125,需核对同物理/guard/轨迹；解析值为交接参考，非本次独立复算
exp08,S2__R_FIRST,S2,R_FIRST,1,300000,78.11777777777779,47.96333333333333,7.627777777777777,21.564444444444444,1.0,True,3,3,0.0,0.0,0.0,0.0,serial_runs/uam_lit57p6m_nohold_seed1_20260923_010453/S2__R_FIRST/analysis/checkpoint_curve.csv,STTF,66.19,项目交接参考；当前归档未找到原始 S 阶段解析 CSV,UAGMC_SOURCE passenger-only + LQ,64.31,67.17,exp11 同包曲线；训练种子 1；评估种子 123-125,需核对同物理/guard/轨迹；解析值为交接参考，非本次独立复算
exp08,S2__R_FIRST,S2,R_FIRST,1,350000,76.22888888888889,46.33555555555555,7.491111111111111,21.45777777777778,1.0,True,3,3,0.0,0.0,0.0,0.0,serial_runs/uam_lit57p6m_nohold_seed1_20260923_010453/S2__R_FIRST/analysis/checkpoint_curve.csv,STTF,66.19,项目交接参考；当前归档未找到原始 S 阶段解析 CSV,UAGMC_SOURCE passenger-only + LQ,64.31,67.17,exp11 同包曲线；训练种子 1；评估种子 123-125,需核对同物理/guard/轨迹；解析值为交接参考，非本次独立复算
exp08,S2__R_FIRST,S2,R_FIRST,1,400000,77.95444444444445,48.404444444444444,7.238888888888888,21.364444444444445,1.0,True,3,3,0.0,0.0,0.0,0.0,serial_runs/uam_lit57p6m_nohold_seed1_20260923_010453/S2__R_FIRST/analysis/checkpoint_curve.csv,STTF,66.19,项目交接参考；当前归档未找到原始 S 阶段解析 CSV,UAGMC_SOURCE passenger-only + LQ,64.31,67.17,exp11 同包曲线；训练种子 1；评估种子 123-125,需核对同物理/guard/轨迹；解析值为交接参考，非本次独立复算
exp08,S2__R_FIRST,S2,R_FIRST,1,450000,78.87222222222222,49.20333333333334,7.2877777777777775,21.475555555555555,1.0,True,3,3,0.0,0.0,0.0,0.0,serial_runs/uam_lit57p6m_nohold_seed1_20260923_010453/S2__R_FIRST/analysis/checkpoint_curve.csv,STTF,66.19,项目交接参考；当前归档未找到原始 S 阶段解析 CSV,UAGMC_SOURCE passenger-only + LQ,64.31,67.17,exp11 同包曲线；训练种子 1；评估种子 123-125,需核对同物理/guard/轨迹；解析值为交接参考，非本次独立复算
exp08,S2__R_FIRST,S2,R_FIRST,1,500000,80.05666666666666,50.04666666666666,7.456666666666666,21.622222222222224,1.0,True,3,3,0.0,0.0,0.0,0.0,serial_runs/uam_lit57p6m_nohold_seed1_20260923_010453/S2__R_FIRST/analysis/checkpoint_curve.csv,STTF,66.19,项目交接参考；当前归档未找到原始 S 阶段解析 CSV,UAGMC_SOURCE passenger-only + LQ,64.31,67.17,exp11 同包曲线；训练种子 1；评估种子 123-125,需核对同物理/guard/轨迹；解析值为交接参考，非本次独立复算
exp08,S2__R_FIRST,S2,R_FIRST,1,550000,77.88666666666667,48.12222222222223,7.32,21.528888888888886,1.0,True,3,3,0.0,0.0,0.0,0.0,serial_runs/uam_lit57p6m_nohold_seed1_20260923_010453/S2__R_FIRST/analysis/checkpoint_curve.csv,STTF,66.19,项目交接参考；当前归档未找到原始 S 阶段解析 CSV,UAGMC_SOURCE passenger-only + LQ,64.31,67.17,exp11 同包曲线；训练种子 1；评估种子 123-125,需核对同物理/guard/轨迹；解析值为交接参考，非本次独立复算
exp08,S2__R_FIRST,S2,R_FIRST,1,600000,83.70222222222223,53.97444444444445,7.314444444444445,21.49777777777778,1.0,True,3,3,0.0,0.0,0.0,0.0,serial_runs/uam_lit57p6m_nohold_seed1_20260923_010453/S2__R_FIRST/analysis/checkpoint_curve.csv,STTF,66.19,项目交接参考；当前归档未找到原始 S 阶段解析 CSV,UAGMC_SOURCE passenger-only + LQ,64.31,67.17,exp11 同包曲线；训练种子 1；评估种子 123-125,需核对同物理/guard/轨迹；解析值为交接参考，非本次独立复算
exp08,S2__R_GAMMA,S2,R_GAMMA,1,50000,94.39333333333333,62.19555555555556,8.541111111111112,22.688888888888886,1.0,True,3,3,0.0,0.0,0.0,0.0,serial_runs/uam_lit57p6m_nohold_seed1_20260923_010453/S2__R_GAMMA/analysis/checkpoint_curve.csv,STTF,66.19,项目交接参考；当前归档未找到原始 S 阶段解析 CSV,UAGMC_SOURCE passenger-only + LQ,64.31,67.17,exp11 同包曲线；训练种子 1；评估种子 123-125,需核对同物理/guard/轨迹；解析值为交接参考，非本次独立复算
exp08,S2__R_GAMMA,S2,R_GAMMA,1,100000,86.83,55.48666666666667,8.410000000000002,21.968888888888888,1.0,True,3,3,0.0,0.0,0.0,0.0,serial_runs/uam_lit57p6m_nohold_seed1_20260923_010453/S2__R_GAMMA/analysis/checkpoint_curve.csv,STTF,66.19,项目交接参考；当前归档未找到原始 S 阶段解析 CSV,UAGMC_SOURCE passenger-only + LQ,64.31,67.17,exp11 同包曲线；训练种子 1；评估种子 123-125,需核对同物理/guard/轨迹；解析值为交接参考，非本次独立复算
exp08,S2__R_GAMMA,S2,R_GAMMA,1,150000,74.66888888888889,44.19888888888889,8.113333333333335,21.400000000000002,1.0,True,3,3,0.0,0.0,0.0,0.0,serial_runs/uam_lit57p6m_nohold_seed1_20260923_010453/S2__R_GAMMA/analysis/checkpoint_curve.csv,STTF,66.19,项目交接参考；当前归档未找到原始 S 阶段解析 CSV,UAGMC_SOURCE passenger-only + LQ,64.31,67.17,exp11 同包曲线；训练种子 1；评估种子 123-125,需核对同物理/guard/轨迹；解析值为交接参考，非本次独立复算
exp08,S2__R_GAMMA,S2,R_GAMMA,1,200000,75.19444444444444,45.12555555555556,7.8677777777777775,21.24,1.0,True,3,3,0.0,0.0,0.0,0.0,serial_runs/uam_lit57p6m_nohold_seed1_20260923_010453/S2__R_GAMMA/analysis/checkpoint_curve.csv,STTF,66.19,项目交接参考；当前归档未找到原始 S 阶段解析 CSV,UAGMC_SOURCE passenger-only + LQ,64.31,67.17,exp11 同包曲线；训练种子 1；评估种子 123-125,需核对同物理/guard/轨迹；解析值为交接参考，非本次独立复算
exp08,S2__R_GAMMA,S2,R_GAMMA,1,250000,78.39111111111112,49.123333333333335,7.396666666666666,20.955555555555556,1.0,True,3,3,0.0,0.0,0.0,0.0,serial_runs/uam_lit57p6m_nohold_seed1_20260923_010453/S2__R_GAMMA/analysis/checkpoint_curve.csv,STTF,66.19,项目交接参考；当前归档未找到原始 S 阶段解析 CSV,UAGMC_SOURCE passenger-only + LQ,64.31,67.17,exp11 同包曲线；训练种子 1；评估种子 123-125,需核对同物理/guard/轨迹；解析值为交接参考，非本次独立复算
exp08,S2__R_GAMMA,S2,R_GAMMA,1,300000,74.2811111111111,44.36777777777778,7.716666666666668,21.284444444444443,1.0,True,3,3,0.0,0.0,0.0,0.0,serial_runs/uam_lit57p6m_nohold_seed1_20260923_010453/S2__R_GAMMA/analysis/checkpoint_curve.csv,STTF,66.19,项目交接参考；当前归档未找到原始 S 阶段解析 CSV,UAGMC_SOURCE passenger-only + LQ,64.31,67.17,exp11 同包曲线；训练种子 1；评估种子 123-125,需核对同物理/guard/轨迹；解析值为交接参考，非本次独立复算
exp08,S2__R_GAMMA,S2,R_GAMMA,1,350000,74.31333333333333,44.78444444444445,7.626666666666668,21.013333333333335,1.0,True,3,3,0.0,0.0,0.0,0.0,serial_runs/uam_lit57p6m_nohold_seed1_20260923_010453/S2__R_GAMMA/analysis/checkpoint_curve.csv,STTF,66.19,项目交接参考；当前归档未找到原始 S 阶段解析 CSV,UAGMC_SOURCE passenger-only + LQ,64.31,67.17,exp11 同包曲线；训练种子 1；评估种子 123-125,需核对同物理/guard/轨迹；解析值为交接参考，非本次独立复算
exp08,S2__R_GAMMA,S2,R_GAMMA,1,400000,75.71555555555555,46.669999999999995,7.273333333333333,20.866666666666664,1.0,True,3,3,0.0,0.0,0.0,0.0,serial_runs/uam_lit57p6m_nohold_seed1_20260923_010453/S2__R_GAMMA/analysis/checkpoint_curve.csv,STTF,66.19,项目交接参考；当前归档未找到原始 S 阶段解析 CSV,UAGMC_SOURCE passenger-only + LQ,64.31,67.17,exp11 同包曲线；训练种子 1；评估种子 123-125,需核对同物理/guard/轨迹；解析值为交接参考，非本次独立复算
exp08,S2__R_GAMMA,S2,R_GAMMA,1,450000,81.14555555555556,51.50999999999999,7.566666666666666,21.182222222222222,1.0,True,3,3,0.0,0.0,0.0,0.0,serial_runs/uam_lit57p6m_nohold_seed1_20260923_010453/S2__R_GAMMA/analysis/checkpoint_curve.csv,STTF,66.19,项目交接参考；当前归档未找到原始 S 阶段解析 CSV,UAGMC_SOURCE passenger-only + LQ,64.31,67.17,exp11 同包曲线；训练种子 1；评估种子 123-125,需核对同物理/guard/轨迹；解析值为交接参考，非本次独立复算
exp08,S2__R_GAMMA,S2,R_GAMMA,1,500000,83.38222222222223,53.80444444444444,7.481111111111112,21.182222222222222,1.0,True,3,3,0.0,0.0,0.0,0.0,serial_runs/uam_lit57p6m_nohold_seed1_20260923_010453/S2__R_GAMMA/analysis/checkpoint_curve.csv,STTF,66.19,项目交接参考；当前归档未找到原始 S 阶段解析 CSV,UAGMC_SOURCE passenger-only + LQ,64.31,67.17,exp11 同包曲线；训练种子 1；评估种子 123-125,需核对同物理/guard/轨迹；解析值为交接参考，非本次独立复算
exp08,S2__R_GAMMA,S2,R_GAMMA,1,550000,80.02666666666666,49.83555555555555,7.802222222222222,21.448888888888888,1.0,True,3,3,0.0,0.0,0.0,0.0,serial_runs/uam_lit57p6m_nohold_seed1_20260923_010453/S2__R_GAMMA/analysis/checkpoint_curve.csv,STTF,66.19,项目交接参考；当前归档未找到原始 S 阶段解析 CSV,UAGMC_SOURCE passenger-only + LQ,64.31,67.17,exp11 同包曲线；训练种子 1；评估种子 123-125,需核对同物理/guard/轨迹；解析值为交接参考，非本次独立复算
exp08,S2__R_GAMMA,S2,R_GAMMA,1,600000,80.78666666666666,50.20444444444445,7.992222222222222,21.626666666666665,1.0,True,3,3,0.0,0.0,0.0,0.0,serial_runs/uam_lit57p6m_nohold_seed1_20260923_010453/S2__R_GAMMA/analysis/checkpoint_curve.csv,STTF,66.19,项目交接参考；当前归档未找到原始 S 阶段解析 CSV,UAGMC_SOURCE passenger-only + LQ,64.31,67.17,exp11 同包曲线；训练种子 1；评估种子 123-125,需核对同物理/guard/轨迹；解析值为交接参考，非本次独立复算
exp08,S2__R_SRAC,S2,R_SRAC,1,50000,64.75,37.71555555555555,6.484444444444445,19.604444444444443,1.0,True,3,3,0.0,0.0,0.0,0.0,serial_runs/uam_lit57p6m_nohold_seed1_20260923_010453/S2__R_SRAC/analysis/checkpoint_curve.csv,STTF,66.19,项目交接参考；当前归档未找到原始 S 阶段解析 CSV,UAGMC_SOURCE passenger-only + LQ,64.31,67.17,exp11 同包曲线；训练种子 1；评估种子 123-125,需核对同物理/guard/轨迹；解析值为交接参考，非本次独立复算
exp08,S2__R_SRAC,S2,R_SRAC,1,100000,70.82222222222221,41.663333333333334,7.4688888888888885,20.724444444444444,1.0,True,3,3,0.0,0.0,0.0,0.0,serial_runs/uam_lit57p6m_nohold_seed1_20260923_010453/S2__R_SRAC/analysis/checkpoint_curve.csv,STTF,66.19,项目交接参考；当前归档未找到原始 S 阶段解析 CSV,UAGMC_SOURCE passenger-only + LQ,64.31,67.17,exp11 同包曲线；训练种子 1；评估种子 123-125,需核对同物理/guard/轨迹；解析值为交接参考，非本次独立复算
exp08,S2__R_SRAC,S2,R_SRAC,1,150000,75.16888888888889,45.51,7.57888888888889,21.124444444444443,1.0,True,3,3,0.0,0.0,0.0,0.0,serial_runs/uam_lit57p6m_nohold_seed1_20260923_010453/S2__R_SRAC/analysis/checkpoint_curve.csv,STTF,66.19,项目交接参考；当前归档未找到原始 S 阶段解析 CSV,UAGMC_SOURCE passenger-only + LQ,64.31,67.17,exp11 同包曲线；训练种子 1；评估种子 123-125,需核对同物理/guard/轨迹；解析值为交接参考，非本次独立复算
exp08,S2__R_SRAC,S2,R_SRAC,1,200000,75.20111111111112,45.9,7.42111111111111,20.92888888888889,1.0,True,3,3,0.0,0.0,0.0,0.0,serial_runs/uam_lit57p6m_nohold_seed1_20260923_010453/S2__R_SRAC/analysis/checkpoint_curve.csv,STTF,66.19,项目交接参考；当前归档未找到原始 S 阶段解析 CSV,UAGMC_SOURCE passenger-only + LQ,64.31,67.17,exp11 同包曲线；训练种子 1；评估种子 123-125,需核对同物理/guard/轨迹；解析值为交接参考，非本次独立复算
exp08,S2__R_SRAC,S2,R_SRAC,1,250000,68.60666666666667,39.52111111111111,7.354444444444444,20.8,1.0,True,3,3,0.0,0.0,0.0,0.0,serial_runs/uam_lit57p6m_nohold_seed1_20260923_010453/S2__R_SRAC/analysis/checkpoint_curve.csv,STTF,66.19,项目交接参考；当前归档未找到原始 S 阶段解析 CSV,UAGMC_SOURCE passenger-only + LQ,64.31,67.17,exp11 同包曲线；训练种子 1；评估种子 123-125,需核对同物理/guard/轨迹；解析值为交接参考，非本次独立复算
exp08,S2__R_SRAC,S2,R_SRAC,1,300000,69.55333333333333,40.32222222222222,7.381111111111111,20.902222222222225,1.0,True,3,3,0.0,0.0,0.0,0.0,serial_runs/uam_lit57p6m_nohold_seed1_20260923_010453/S2__R_SRAC/analysis/checkpoint_curve.csv,STTF,66.19,项目交接参考；当前归档未找到原始 S 阶段解析 CSV,UAGMC_SOURCE passenger-only + LQ,64.31,67.17,exp11 同包曲线；训练种子 1；评估种子 123-125,需核对同物理/guard/轨迹；解析值为交接参考，非本次独立复算
exp08,S2__R_SRAC,S2,R_SRAC,1,350000,72.65888888888888,43.26222222222222,7.43,21.048888888888886,1.0,True,3,3,0.0,0.0,0.0,0.0,serial_runs/uam_lit57p6m_nohold_seed1_20260923_010453/S2__R_SRAC/analysis/checkpoint_curve.csv,STTF,66.19,项目交接参考；当前归档未找到原始 S 阶段解析 CSV,UAGMC_SOURCE passenger-only + LQ,64.31,67.17,exp11 同包曲线；训练种子 1；评估种子 123-125,需核对同物理/guard/轨迹；解析值为交接参考，非本次独立复算
exp08,S2__R_SRAC,S2,R_SRAC,1,400000,75.00666666666666,45.46,7.451111111111111,21.15111111111111,1.0,True,3,3,0.0,0.0,0.0,0.0,serial_runs/uam_lit57p6m_nohold_seed1_20260923_010453/S2__R_SRAC/analysis/checkpoint_curve.csv,STTF,66.19,项目交接参考；当前归档未找到原始 S 阶段解析 CSV,UAGMC_SOURCE passenger-only + LQ,64.31,67.17,exp11 同包曲线；训练种子 1；评估种子 123-125,需核对同物理/guard/轨迹；解析值为交接参考，非本次独立复算
exp08,S2__R_SRAC,S2,R_SRAC,1,450000,71.47333333333334,42.19555555555556,7.419999999999999,20.924444444444447,1.0,True,3,3,0.0,0.0,0.0,0.0,serial_runs/uam_lit57p6m_nohold_seed1_20260923_010453/S2__R_SRAC/analysis/checkpoint_curve.csv,STTF,66.19,项目交接参考；当前归档未找到原始 S 阶段解析 CSV,UAGMC_SOURCE passenger-only + LQ,64.31,67.17,exp11 同包曲线；训练种子 1；评估种子 123-125,需核对同物理/guard/轨迹；解析值为交接参考，非本次独立复算
exp08,S2__R_SRAC,S2,R_SRAC,1,500000,74.35666666666667,44.91444444444445,7.366666666666666,21.155555555555555,1.0,True,3,3,0.0,0.0,0.0,0.0,serial_runs/uam_lit57p6m_nohold_seed1_20260923_010453/S2__R_SRAC/analysis/checkpoint_curve.csv,STTF,66.19,项目交接参考；当前归档未找到原始 S 阶段解析 CSV,UAGMC_SOURCE passenger-only + LQ,64.31,67.17,exp11 同包曲线；训练种子 1；评估种子 123-125,需核对同物理/guard/轨迹；解析值为交接参考，非本次独立复算
exp08,S2__R_SRAC,S2,R_SRAC,1,550000,75.54555555555555,46.07,7.391111111111111,21.155555555555555,1.0,True,3,3,0.0,0.0,0.0,0.0,serial_runs/uam_lit57p6m_nohold_seed1_20260923_010453/S2__R_SRAC/analysis/checkpoint_curve.csv,STTF,66.19,项目交接参考；当前归档未找到原始 S 阶段解析 CSV,UAGMC_SOURCE passenger-only + LQ,64.31,67.17,exp11 同包曲线；训练种子 1；评估种子 123-125,需核对同物理/guard/轨迹；解析值为交接参考，非本次独立复算
exp08,S2__R_SRAC,S2,R_SRAC,1,600000,77.14444444444443,47.53888888888889,7.3933333333333335,21.275555555555556,1.0,True,3,3,0.0,0.0,0.0,0.0,serial_runs/uam_lit57p6m_nohold_seed1_20260923_010453/S2__R_SRAC/analysis/checkpoint_curve.csv,STTF,66.19,项目交接参考；当前归档未找到原始 S 阶段解析 CSV,UAGMC_SOURCE passenger-only + LQ,64.31,67.17,exp11 同包曲线；训练种子 1；评估种子 123-125,需核对同物理/guard/轨迹；解析值为交接参考，非本次独立复算
exp08,S2__R_TDM,S2,R_TDM,1,50000,125.75777777777778,93.35000000000001,8.54888888888889,22.897777777777776,1.0,True,3,3,0.0,0.0,0.0,0.0,serial_runs/uam_lit57p6m_nohold_seed1_20260923_010453/S2__R_TDM/analysis/checkpoint_curve.csv,STTF,66.19,项目交接参考；当前归档未找到原始 S 阶段解析 CSV,UAGMC_SOURCE passenger-only + LQ,64.31,67.17,exp11 同包曲线；训练种子 1；评估种子 123-125,需核对同物理/guard/轨迹；解析值为交接参考，非本次独立复算
exp08,S2__R_TDM,S2,R_TDM,1,100000,74.91777777777777,45.44,7.483333333333333,21.035555555555554,1.0,True,3,3,0.0,0.0,0.0,0.0,serial_runs/uam_lit57p6m_nohold_seed1_20260923_010453/S2__R_TDM/analysis/checkpoint_curve.csv,STTF,66.19,项目交接参考；当前归档未找到原始 S 阶段解析 CSV,UAGMC_SOURCE passenger-only + LQ,64.31,67.17,exp11 同包曲线；训练种子 1；评估种子 123-125,需核对同物理/guard/轨迹；解析值为交接参考，非本次独立复算
exp08,S2__R_TDM,S2,R_TDM,1,150000,70.06666666666666,40.65111111111111,7.377777777777777,21.09777777777778,1.0,True,3,3,0.0,0.0,0.0,0.0,serial_runs/uam_lit57p6m_nohold_seed1_20260923_010453/S2__R_TDM/analysis/checkpoint_curve.csv,STTF,66.19,项目交接参考；当前归档未找到原始 S 阶段解析 CSV,UAGMC_SOURCE passenger-only + LQ,64.31,67.17,exp11 同包曲线；训练种子 1；评估种子 123-125,需核对同物理/guard/轨迹；解析值为交接参考，非本次独立复算
exp08,S2__R_TDM,S2,R_TDM,1,200000,68.83444444444444,39.79222222222222,7.362222222222222,20.76,1.0,True,3,3,0.0,0.0,0.0,0.0,serial_runs/uam_lit57p6m_nohold_seed1_20260923_010453/S2__R_TDM/analysis/checkpoint_curve.csv,STTF,66.19,项目交接参考；当前归档未找到原始 S 阶段解析 CSV,UAGMC_SOURCE passenger-only + LQ,64.31,67.17,exp11 同包曲线；训练种子 1；评估种子 123-125,需核对同物理/guard/轨迹；解析值为交接参考，非本次独立复算
exp08,S2__R_TDM,S2,R_TDM,1,250000,69.4588888888889,40.34111111111111,7.411111111111111,20.826666666666668,1.0,True,3,3,0.0,0.0,0.0,0.0,serial_runs/uam_lit57p6m_nohold_seed1_20260923_010453/S2__R_TDM/analysis/checkpoint_curve.csv,STTF,66.19,项目交接参考；当前归档未找到原始 S 阶段解析 CSV,UAGMC_SOURCE passenger-only + LQ,64.31,67.17,exp11 同包曲线；训练种子 1；评估种子 123-125,需核对同物理/guard/轨迹；解析值为交接参考，非本次独立复算
exp08,S2__R_TDM,S2,R_TDM,1,300000,73.87777777777778,44.74333333333333,7.2877777777777775,20.915555555555553,1.0,True,3,3,0.0,0.0,0.0,0.0,serial_runs/uam_lit57p6m_nohold_seed1_20260923_010453/S2__R_TDM/analysis/checkpoint_curve.csv,STTF,66.19,项目交接参考；当前归档未找到原始 S 阶段解析 CSV,UAGMC_SOURCE passenger-only + LQ,64.31,67.17,exp11 同包曲线；训练种子 1；评估种子 123-125,需核对同物理/guard/轨迹；解析值为交接参考，非本次独立复算
exp08,S2__R_TDM,S2,R_TDM,1,350000,68.52444444444444,39.36666666666667,7.366666666666667,20.853333333333335,1.0,True,3,3,0.0,0.0,0.0,0.0,serial_runs/uam_lit57p6m_nohold_seed1_20260923_010453/S2__R_TDM/analysis/checkpoint_curve.csv,STTF,66.19,项目交接参考；当前归档未找到原始 S 阶段解析 CSV,UAGMC_SOURCE passenger-only + LQ,64.31,67.17,exp11 同包曲线；训练种子 1；评估种子 123-125,需核对同物理/guard/轨迹；解析值为交接参考，非本次独立复算
exp08,S2__R_TDM,S2,R_TDM,1,400000,72.31111111111112,42.841111111111104,7.41,21.10222222222222,1.0,True,3,3,0.0,0.0,0.0,0.0,serial_runs/uam_lit57p6m_nohold_seed1_20260923_010453/S2__R_TDM/analysis/checkpoint_curve.csv,STTF,66.19,项目交接参考；当前归档未找到原始 S 阶段解析 CSV,UAGMC_SOURCE passenger-only + LQ,64.31,67.17,exp11 同包曲线；训练种子 1；评估种子 123-125,需核对同物理/guard/轨迹；解析值为交接参考，非本次独立复算
exp08,S2__R_TDM,S2,R_TDM,1,450000,76.30111111111113,46.92111111111111,7.412222222222223,21.06222222222222,1.0,True,3,3,0.0,0.0,0.0,0.0,serial_runs/uam_lit57p6m_nohold_seed1_20260923_010453/S2__R_TDM/analysis/checkpoint_curve.csv,STTF,66.19,项目交接参考；当前归档未找到原始 S 阶段解析 CSV,UAGMC_SOURCE passenger-only + LQ,64.31,67.17,exp11 同包曲线；训练种子 1；评估种子 123-125,需核对同物理/guard/轨迹；解析值为交接参考，非本次独立复算
exp08,S2__R_TDM,S2,R_TDM,1,500000,79.5988888888889,49.88222222222222,7.7188888888888885,21.09777777777778,1.0,True,3,3,0.0,0.0,0.0,0.0,serial_runs/uam_lit57p6m_nohold_seed1_20260923_010453/S2__R_TDM/analysis/checkpoint_curve.csv,STTF,66.19,项目交接参考；当前归档未找到原始 S 阶段解析 CSV,UAGMC_SOURCE passenger-only + LQ,64.31,67.17,exp11 同包曲线；训练种子 1；评估种子 123-125,需核对同物理/guard/轨迹；解析值为交接参考，非本次独立复算
exp08,S2__R_TDM,S2,R_TDM,1,550000,79.55444444444444,49.446666666666665,7.705555555555556,21.475555555555555,1.0,True,3,3,0.0,0.0,0.0,0.0,serial_runs/uam_lit57p6m_nohold_seed1_20260923_010453/S2__R_TDM/analysis/checkpoint_curve.csv,STTF,66.19,项目交接参考；当前归档未找到原始 S 阶段解析 CSV,UAGMC_SOURCE passenger-only + LQ,64.31,67.17,exp11 同包曲线；训练种子 1；评估种子 123-125,需核对同物理/guard/轨迹；解析值为交接参考，非本次独立复算
exp08,S2__R_TDM,S2,R_TDM,1,600000,100.04555555555555,68.42333333333333,8.374444444444444,22.28888888888889,1.0,True,3,3,0.0,0.0,0.0,0.0,serial_runs/uam_lit57p6m_nohold_seed1_20260923_010453/S2__R_TDM/analysis/checkpoint_curve.csv,STTF,66.19,项目交接参考；当前归档未找到原始 S 阶段解析 CSV,UAGMC_SOURCE passenger-only + LQ,64.31,67.17,exp11 同包曲线；训练种子 1；评估种子 123-125,需核对同物理/guard/轨迹；解析值为交接参考，非本次独立复算
exp08,S3__R_CQM,S3,R_CQM,1,50000,126.42555555555556,99.7,6.492222222222222,19.275555555555556,1.0,True,3,3,0.0,0.0,0.0,0.0,serial_runs/uam_lit57p6m_nohold_seed1_20260923_010453/S3__R_CQM/analysis/checkpoint_curve.csv,MPTC,85.33,项目交接参考；当前归档未找到原始 S 阶段解析 CSV,UAGMC_SOURCE passenger-only + LQ,84.19,128.76,exp11 同包曲线；训练种子 1；评估种子 123-125,需核对同物理/guard/轨迹；解析值为交接参考，非本次独立复算
exp08,S3__R_CQM,S3,R_CQM,1,100000,108.1111111111111,81.5311111111111,6.344444444444444,19.284444444444446,1.0,True,3,3,0.0,0.0,0.0,0.0,serial_runs/uam_lit57p6m_nohold_seed1_20260923_010453/S3__R_CQM/analysis/checkpoint_curve.csv,MPTC,85.33,项目交接参考；当前归档未找到原始 S 阶段解析 CSV,UAGMC_SOURCE passenger-only + LQ,84.19,128.76,exp11 同包曲线；训练种子 1；评估种子 123-125,需核对同物理/guard/轨迹；解析值为交接参考，非本次独立复算
exp08,S3__R_CQM,S3,R_CQM,1,150000,132.96555555555554,106.31666666666666,6.46,19.24888888888889,1.0,True,3,3,0.0,0.0,0.0,0.0,serial_runs/uam_lit57p6m_nohold_seed1_20260923_010453/S3__R_CQM/analysis/checkpoint_curve.csv,MPTC,85.33,项目交接参考；当前归档未找到原始 S 阶段解析 CSV,UAGMC_SOURCE passenger-only + LQ,84.19,128.76,exp11 同包曲线；训练种子 1；评估种子 123-125,需核对同物理/guard/轨迹；解析值为交接参考，非本次独立复算
exp08,S3__R_CQM,S3,R_CQM,1,200000,118.82555555555557,92.17,6.4366666666666665,19.275555555555556,1.0,True,3,3,0.0,0.0,0.0,0.0,serial_runs/uam_lit57p6m_nohold_seed1_20260923_010453/S3__R_CQM/analysis/checkpoint_curve.csv,MPTC,85.33,项目交接参考；当前归档未找到原始 S 阶段解析 CSV,UAGMC_SOURCE passenger-only + LQ,84.19,128.76,exp11 同包曲线；训练种子 1；评估种子 123-125,需核对同物理/guard/轨迹；解析值为交接参考，非本次独立复算
exp08,S3__R_CQM,S3,R_CQM,1,250000,135.44333333333336,108.84444444444443,6.401111111111111,19.25777777777778,1.0,True,3,3,0.0,0.0,0.0,0.0,serial_runs/uam_lit57p6m_nohold_seed1_20260923_010453/S3__R_CQM/analysis/checkpoint_curve.csv,MPTC,85.33,项目交接参考；当前归档未找到原始 S 阶段解析 CSV,UAGMC_SOURCE passenger-only + LQ,84.19,128.76,exp11 同包曲线；训练种子 1；评估种子 123-125,需核对同物理/guard/轨迹；解析值为交接参考，非本次独立复算
exp08,S3__R_CQM,S3,R_CQM,1,300000,108.66222222222223,81.93666666666667,6.452222222222223,19.346666666666668,1.0,True,3,3,0.0,0.0,0.0,0.0,serial_runs/uam_lit57p6m_nohold_seed1_20260923_010453/S3__R_CQM/analysis/checkpoint_curve.csv,MPTC,85.33,项目交接参考；当前归档未找到原始 S 阶段解析 CSV,UAGMC_SOURCE passenger-only + LQ,84.19,128.76,exp11 同包曲线；训练种子 1；评估种子 123-125,需核对同物理/guard/轨迹；解析值为交接参考，非本次独立复算
exp08,S3__R_CQM,S3,R_CQM,1,350000,92.76666666666667,65.93888888888888,6.493333333333333,19.404444444444447,1.0,True,3,3,0.0,0.0,0.0,0.0,serial_runs/uam_lit57p6m_nohold_seed1_20260923_010453/S3__R_CQM/analysis/checkpoint_curve.csv,MPTC,85.33,项目交接参考；当前归档未找到原始 S 阶段解析 CSV,UAGMC_SOURCE passenger-only + LQ,84.19,128.76,exp11 同包曲线；训练种子 1；评估种子 123-125,需核对同物理/guard/轨迹；解析值为交接参考，非本次独立复算
exp08,S3__R_CQM,S3,R_CQM,1,400000,110.85444444444444,82.58222222222223,6.985555555555556,20.36888888888889,1.0,True,3,3,0.0,0.0,0.0,0.0,serial_runs/uam_lit57p6m_nohold_seed1_20260923_010453/S3__R_CQM/analysis/checkpoint_curve.csv,MPTC,85.33,项目交接参考；当前归档未找到原始 S 阶段解析 CSV,UAGMC_SOURCE passenger-only + LQ,84.19,128.76,exp11 同包曲线；训练种子 1；评估种子 123-125,需核对同物理/guard/轨迹；解析值为交接参考，非本次独立复算
exp08,S3__R_CQM,S3,R_CQM,1,450000,144.62444444444444,115.56111111111112,7.273333333333333,20.87111111111111,1.0,True,3,3,0.0,0.0,0.0,0.0,serial_runs/uam_lit57p6m_nohold_seed1_20260923_010453/S3__R_CQM/analysis/checkpoint_curve.csv,MPTC,85.33,项目交接参考；当前归档未找到原始 S 阶段解析 CSV,UAGMC_SOURCE passenger-only + LQ,84.19,128.76,exp11 同包曲线；训练种子 1；评估种子 123-125,需核对同物理/guard/轨迹；解析值为交接参考，非本次独立复算
exp08,S3__R_CQM,S3,R_CQM,1,500000,100.07555555555557,72.27444444444444,6.828888888888888,20.04888888888889,1.0,True,3,3,0.0,0.0,0.0,0.0,serial_runs/uam_lit57p6m_nohold_seed1_20260923_010453/S3__R_CQM/analysis/checkpoint_curve.csv,MPTC,85.33,项目交接参考；当前归档未找到原始 S 阶段解析 CSV,UAGMC_SOURCE passenger-only + LQ,84.19,128.76,exp11 同包曲线；训练种子 1；评估种子 123-125,需核对同物理/guard/轨迹；解析值为交接参考，非本次独立复算
exp08,S3__R_CQM,S3,R_CQM,1,550000,89.49888888888889,62.16555555555556,6.645555555555556,19.755555555555556,1.0,True,3,3,0.0,0.0,0.0,0.0,serial_runs/uam_lit57p6m_nohold_seed1_20260923_010453/S3__R_CQM/analysis/checkpoint_curve.csv,MPTC,85.33,项目交接参考；当前归档未找到原始 S 阶段解析 CSV,UAGMC_SOURCE passenger-only + LQ,84.19,128.76,exp11 同包曲线；训练种子 1；评估种子 123-125,需核对同物理/guard/轨迹；解析值为交接参考，非本次独立复算
exp08,S3__R_CQM,S3,R_CQM,1,600000,148.19333333333336,121.57666666666667,6.401111111111111,19.27111111111111,1.0,True,3,3,0.0,0.0,0.0,0.0,serial_runs/uam_lit57p6m_nohold_seed1_20260923_010453/S3__R_CQM/analysis/checkpoint_curve.csv,MPTC,85.33,项目交接参考；当前归档未找到原始 S 阶段解析 CSV,UAGMC_SOURCE passenger-only + LQ,84.19,128.76,exp11 同包曲线；训练种子 1；评估种子 123-125,需核对同物理/guard/轨迹；解析值为交接参考，非本次独立复算
exp08,S3__R_EVENTQ,S3,R_EVENTQ,1,50000,118.50999999999999,91.79777777777777,6.414444444444444,19.355555555555554,1.0,True,3,3,0.0,0.0,0.0,0.0,serial_runs/uam_lit57p6m_nohold_seed1_20260923_010453/S3__R_EVENTQ/analysis/checkpoint_curve.csv,MPTC,85.33,项目交接参考；当前归档未找到原始 S 阶段解析 CSV,UAGMC_SOURCE passenger-only + LQ,84.19,128.76,exp11 同包曲线；训练种子 1；评估种子 123-125,需核对同物理/guard/轨迹；解析值为交接参考，非本次独立复算
exp08,S3__R_EVENTQ,S3,R_EVENTQ,1,100000,82.00999999999999,54.952222222222225,6.50111111111111,19.61777777777778,1.0,True,3,3,0.0,0.0,0.0,0.0,serial_runs/uam_lit57p6m_nohold_seed1_20260923_010453/S3__R_EVENTQ/analysis/checkpoint_curve.csv,MPTC,85.33,项目交接参考；当前归档未找到原始 S 阶段解析 CSV,UAGMC_SOURCE passenger-only + LQ,84.19,128.76,exp11 同包曲线；训练种子 1；评估种子 123-125,需核对同物理/guard/轨迹；解析值为交接参考，非本次独立复算
exp08,S3__R_EVENTQ,S3,R_EVENTQ,1,150000,79.49888888888889,52.592222222222226,6.544444444444444,19.43111111111111,1.0,True,3,3,0.0,0.0,0.0,0.0,serial_runs/uam_lit57p6m_nohold_seed1_20260923_010453/S3__R_EVENTQ/analysis/checkpoint_curve.csv,MPTC,85.33,项目交接参考；当前归档未找到原始 S 阶段解析 CSV,UAGMC_SOURCE passenger-only + LQ,84.19,128.76,exp11 同包曲线；训练种子 1；评估种子 123-125,需核对同物理/guard/轨迹；解析值为交接参考，非本次独立复算
exp08,S3__R_EVENTQ,S3,R_EVENTQ,1,200000,78.93555555555555,52.10333333333333,6.5055555555555555,19.395555555555557,1.0,True,3,3,0.0,0.0,0.0,0.0,serial_runs/uam_lit57p6m_nohold_seed1_20260923_010453/S3__R_EVENTQ/analysis/checkpoint_curve.csv,MPTC,85.33,项目交接参考；当前归档未找到原始 S 阶段解析 CSV,UAGMC_SOURCE passenger-only + LQ,84.19,128.76,exp11 同包曲线；训练种子 1；评估种子 123-125,需核对同物理/guard/轨迹；解析值为交接参考，非本次独立复算
exp08,S3__R_EVENTQ,S3,R_EVENTQ,1,250000,85.83333333333333,59.06333333333333,6.46,19.386666666666667,1.0,True,3,3,0.0,0.0,0.0,0.0,serial_runs/uam_lit57p6m_nohold_seed1_20260923_010453/S3__R_EVENTQ/analysis/checkpoint_curve.csv,MPTC,85.33,项目交接参考；当前归档未找到原始 S 阶段解析 CSV,UAGMC_SOURCE passenger-only + LQ,84.19,128.76,exp11 同包曲线；训练种子 1；评估种子 123-125,需核对同物理/guard/轨迹；解析值为交接参考，非本次独立复算
exp08,S3__R_EVENTQ,S3,R_EVENTQ,1,300000,107.66111111111111,79.62444444444445,6.948888888888888,20.173333333333332,1.0,True,3,3,0.0,0.0,0.0,0.0,serial_runs/uam_lit57p6m_nohold_seed1_20260923_010453/S3__R_EVENTQ/analysis/checkpoint_curve.csv,MPTC,85.33,项目交接参考；当前归档未找到原始 S 阶段解析 CSV,UAGMC_SOURCE passenger-only + LQ,84.19,128.76,exp11 同包曲线；训练种子 1；评估种子 123-125,需核对同物理/guard/轨迹；解析值为交接参考，非本次独立复算
exp08,S3__R_EVENTQ,S3,R_EVENTQ,1,350000,119.97777777777777,91.87777777777778,7.003333333333333,20.182222222222222,1.0,True,3,3,0.0,0.0,0.0,0.0,serial_runs/uam_lit57p6m_nohold_seed1_20260923_010453/S3__R_EVENTQ/analysis/checkpoint_curve.csv,MPTC,85.33,项目交接参考；当前归档未找到原始 S 阶段解析 CSV,UAGMC_SOURCE passenger-only + LQ,84.19,128.76,exp11 同包曲线；训练种子 1；评估种子 123-125,需核对同物理/guard/轨迹；解析值为交接参考，非本次独立复算
exp08,S3__R_EVENTQ,S3,R_EVENTQ,1,400000,116.75666666666666,88.46888888888888,6.961111111111111,20.404444444444444,1.0,True,3,3,0.0,0.0,0.0,0.0,serial_runs/uam_lit57p6m_nohold_seed1_20260923_010453/S3__R_EVENTQ/analysis/checkpoint_curve.csv,MPTC,85.33,项目交接参考；当前归档未找到原始 S 阶段解析 CSV,UAGMC_SOURCE passenger-only + LQ,84.19,128.76,exp11 同包曲线；训练种子 1；评估种子 123-125,需核对同物理/guard/轨迹；解析值为交接参考，非本次独立复算
exp08,S3__R_EVENTQ,S3,R_EVENTQ,1,450000,122.4588888888889,94.06888888888888,7.105555555555555,20.36444444444444,1.0,True,3,3,0.0,0.0,0.0,0.0,serial_runs/uam_lit57p6m_nohold_seed1_20260923_010453/S3__R_EVENTQ/analysis/checkpoint_curve.csv,MPTC,85.33,项目交接参考；当前归档未找到原始 S 阶段解析 CSV,UAGMC_SOURCE passenger-only + LQ,84.19,128.76,exp11 同包曲线；训练种子 1；评估种子 123-125,需核对同物理/guard/轨迹；解析值为交接参考，非本次独立复算
exp08,S3__R_EVENTQ,S3,R_EVENTQ,1,500000,122.63333333333333,94.40666666666665,6.903333333333332,20.40444444444444,1.0,True,3,3,0.0,0.0,0.0,0.0,serial_runs/uam_lit57p6m_nohold_seed1_20260923_010453/S3__R_EVENTQ/analysis/checkpoint_curve.csv,MPTC,85.33,项目交接参考；当前归档未找到原始 S 阶段解析 CSV,UAGMC_SOURCE passenger-only + LQ,84.19,128.76,exp11 同包曲线；训练种子 1；评估种子 123-125,需核对同物理/guard/轨迹；解析值为交接参考，非本次独立复算
exp08,S3__R_EVENTQ,S3,R_EVENTQ,1,550000,125.03888888888889,96.7788888888889,6.935555555555556,20.386666666666667,1.0,True,3,3,0.0,0.0,0.0,0.0,serial_runs/uam_lit57p6m_nohold_seed1_20260923_010453/S3__R_EVENTQ/analysis/checkpoint_curve.csv,MPTC,85.33,项目交接参考；当前归档未找到原始 S 阶段解析 CSV,UAGMC_SOURCE passenger-only + LQ,84.19,128.76,exp11 同包曲线；训练种子 1；评估种子 123-125,需核对同物理/guard/轨迹；解析值为交接参考，非本次独立复算
exp08,S3__R_EVENTQ,S3,R_EVENTQ,1,600000,106.74888888888889,78.76,6.86,20.182222222222222,1.0,True,3,3,0.0,0.0,0.0,0.0,serial_runs/uam_lit57p6m_nohold_seed1_20260923_010453/S3__R_EVENTQ/analysis/checkpoint_curve.csv,MPTC,85.33,项目交接参考；当前归档未找到原始 S 阶段解析 CSV,UAGMC_SOURCE passenger-only + LQ,84.19,128.76,exp11 同包曲线；训练种子 1；评估种子 123-125,需核对同物理/guard/轨迹；解析值为交接参考，非本次独立复算
exp08,S3__R_EVENTQ__W_COCO,S3,R_EVENTQ__W_COCO,1,50000,105.33111111111111,78.18555555555555,6.458888888888889,19.74222222222222,1.0,True,3,3,0.0,0.0,0.0,0.0,serial_runs/uam_lit57p6m_nohold_seed1_20260923_010453/S3__R_EVENTQ__W_COCO/analysis/checkpoint_curve.csv,MPTC,85.33,项目交接参考；当前归档未找到原始 S 阶段解析 CSV,UAGMC_SOURCE passenger-only + LQ,84.19,128.76,exp11 同包曲线；训练种子 1；评估种子 123-125,需核对同物理/guard/轨迹；解析值为交接参考，非本次独立复算
exp08,S3__R_EVENTQ__W_COCO,S3,R_EVENTQ__W_COCO,1,100000,99.02777777777779,71.82222222222221,6.498888888888889,19.786666666666665,1.0,True,3,3,0.0,0.0,0.0,0.0,serial_runs/uam_lit57p6m_nohold_seed1_20260923_010453/S3__R_EVENTQ__W_COCO/analysis/checkpoint_curve.csv,MPTC,85.33,项目交接参考；当前归档未找到原始 S 阶段解析 CSV,UAGMC_SOURCE passenger-only + LQ,84.19,128.76,exp11 同包曲线；训练种子 1；评估种子 123-125,需核对同物理/guard/轨迹；解析值为交接参考，非本次独立复算
exp08,S3__R_EVENTQ__W_COCO,S3,R_EVENTQ__W_COCO,1,150000,117.45666666666666,90.77111111111111,6.366666666666667,19.404444444444444,1.0,True,3,3,0.0,0.0,0.0,0.0,serial_runs/uam_lit57p6m_nohold_seed1_20260923_010453/S3__R_EVENTQ__W_COCO/analysis/checkpoint_curve.csv,MPTC,85.33,项目交接参考；当前归档未找到原始 S 阶段解析 CSV,UAGMC_SOURCE passenger-only + LQ,84.19,128.76,exp11 同包曲线；训练种子 1；评估种子 123-125,需核对同物理/guard/轨迹；解析值为交接参考，非本次独立复算
exp08,S3__R_EVENTQ__W_COCO,S3,R_EVENTQ__W_COCO,1,200000,108.8288888888889,81.78111111111112,6.508888888888889,19.626666666666665,1.0,True,3,3,0.0,0.0,0.0,0.0,serial_runs/uam_lit57p6m_nohold_seed1_20260923_010453/S3__R_EVENTQ__W_COCO/analysis/checkpoint_curve.csv,MPTC,85.33,项目交接参考；当前归档未找到原始 S 阶段解析 CSV,UAGMC_SOURCE passenger-only + LQ,84.19,128.76,exp11 同包曲线；训练种子 1；评估种子 123-125,需核对同物理/guard/轨迹；解析值为交接参考，非本次独立复算
exp08,S3__R_EVENTQ__W_COCO,S3,R_EVENTQ__W_COCO,1,250000,120.65444444444445,91.83555555555556,7.19,20.702222222222222,1.0,True,3,3,0.0,0.0,0.0,0.0,serial_runs/uam_lit57p6m_nohold_seed1_20260923_010453/S3__R_EVENTQ__W_COCO/analysis/checkpoint_curve.csv,MPTC,85.33,项目交接参考；当前归档未找到原始 S 阶段解析 CSV,UAGMC_SOURCE passenger-only + LQ,84.19,128.76,exp11 同包曲线；训练种子 1；评估种子 123-125,需核对同物理/guard/轨迹；解析值为交接参考，非本次独立复算
exp08,S3__R_EVENTQ__W_COCO,S3,R_EVENTQ__W_COCO,1,300000,111.08666666666666,82.89333333333333,6.921111111111112,20.342222222222222,1.0,True,3,3,0.0,0.0,0.0,0.0,serial_runs/uam_lit57p6m_nohold_seed1_20260923_010453/S3__R_EVENTQ__W_COCO/analysis/checkpoint_curve.csv,MPTC,85.33,项目交接参考；当前归档未找到原始 S 阶段解析 CSV,UAGMC_SOURCE passenger-only + LQ,84.19,128.76,exp11 同包曲线；训练种子 1；评估种子 123-125,需核对同物理/guard/轨迹；解析值为交接参考，非本次独立复算
exp08,S3__R_EVENTQ__W_COCO,S3,R_EVENTQ__W_COCO,1,350000,96.43777777777778,68.79,6.713333333333334,20.00444444444444,1.0,True,3,3,0.0,0.0,0.0,0.0,serial_runs/uam_lit57p6m_nohold_seed1_20260923_010453/S3__R_EVENTQ__W_COCO/analysis/checkpoint_curve.csv,MPTC,85.33,项目交接参考；当前归档未找到原始 S 阶段解析 CSV,UAGMC_SOURCE passenger-only + LQ,84.19,128.76,exp11 同包曲线；训练种子 1；评估种子 123-125,需核对同物理/guard/轨迹；解析值为交接参考，非本次独立复算
exp08,S3__R_EVENTQ__W_COCO,S3,R_EVENTQ__W_COCO,1,400000,124.38111111111111,95.73444444444443,7.1677777777777765,20.49333333333333,1.0,True,3,3,0.0,0.0,0.0,0.0,serial_runs/uam_lit57p6m_nohold_seed1_20260923_010453/S3__R_EVENTQ__W_COCO/analysis/checkpoint_curve.csv,MPTC,85.33,项目交接参考；当前归档未找到原始 S 阶段解析 CSV,UAGMC_SOURCE passenger-only + LQ,84.19,128.76,exp11 同包曲线；训练种子 1；评估种子 123-125,需核对同物理/guard/轨迹；解析值为交接参考，非本次独立复算
exp08,S3__R_EVENTQ__W_COCO,S3,R_EVENTQ__W_COCO,1,450000,91.08444444444444,64.13333333333333,6.5055555555555555,19.52,1.0,True,3,3,0.0,0.0,0.0,0.0,serial_runs/uam_lit57p6m_nohold_seed1_20260923_010453/S3__R_EVENTQ__W_COCO/analysis/checkpoint_curve.csv,MPTC,85.33,项目交接参考；当前归档未找到原始 S 阶段解析 CSV,UAGMC_SOURCE passenger-only + LQ,84.19,128.76,exp11 同包曲线；训练种子 1；评估种子 123-125,需核对同物理/guard/轨迹；解析值为交接参考，非本次独立复算
exp08,S3__R_EVENTQ__W_COCO,S3,R_EVENTQ__W_COCO,1,500000,84.51555555555555,57.80666666666667,6.398888888888888,19.391111111111112,1.0,True,3,3,0.0,0.0,0.0,0.0,serial_runs/uam_lit57p6m_nohold_seed1_20260923_010453/S3__R_EVENTQ__W_COCO/analysis/checkpoint_curve.csv,MPTC,85.33,项目交接参考；当前归档未找到原始 S 阶段解析 CSV,UAGMC_SOURCE passenger-only + LQ,84.19,128.76,exp11 同包曲线；训练种子 1；评估种子 123-125,需核对同物理/guard/轨迹；解析值为交接参考，非本次独立复算
exp08,S3__R_EVENTQ__W_COCO,S3,R_EVENTQ__W_COCO,1,550000,76.9011111111111,49.937777777777775,6.507777777777778,19.488888888888887,1.0,True,3,3,0.0,0.0,0.0,0.0,serial_runs/uam_lit57p6m_nohold_seed1_20260923_010453/S3__R_EVENTQ__W_COCO/analysis/checkpoint_curve.csv,MPTC,85.33,项目交接参考；当前归档未找到原始 S 阶段解析 CSV,UAGMC_SOURCE passenger-only + LQ,84.19,128.76,exp11 同包曲线；训练种子 1；评估种子 123-125,需核对同物理/guard/轨迹；解析值为交接参考，非本次独立复算
exp08,S3__R_EVENTQ__W_COCO,S3,R_EVENTQ__W_COCO,1,600000,131.58888888888887,103.77666666666666,6.767777777777777,20.124444444444446,1.0,True,3,3,0.0,0.0,0.0,0.0,serial_runs/uam_lit57p6m_nohold_seed1_20260923_010453/S3__R_EVENTQ__W_COCO/analysis/checkpoint_curve.csv,MPTC,85.33,项目交接参考；当前归档未找到原始 S 阶段解析 CSV,UAGMC_SOURCE passenger-only + LQ,84.19,128.76,exp11 同包曲线；训练种子 1；评估种子 123-125,需核对同物理/guard/轨迹；解析值为交接参考，非本次独立复算
exp08,S3__R_EVENTQ__W_PETS,S3,R_EVENTQ__W_PETS,1,50000,116.73,89.35333333333334,6.698888888888888,19.76,1.0,True,3,3,0.0,0.0,0.0,0.0,serial_runs/uam_lit57p6m_nohold_seed1_20260923_010453/S3__R_EVENTQ__W_PETS/analysis/checkpoint_curve.csv,MPTC,85.33,项目交接参考；当前归档未找到原始 S 阶段解析 CSV,UAGMC_SOURCE passenger-only + LQ,84.19,128.76,exp11 同包曲线；训练种子 1；评估种子 123-125,需核对同物理/guard/轨迹；解析值为交接参考，非本次独立复算
exp08,S3__R_EVENTQ__W_PETS,S3,R_EVENTQ__W_PETS,1,100000,81.65111111111112,54.57555555555556,6.644444444444445,19.497777777777777,1.0,True,3,3,0.0,0.0,0.0,0.0,serial_runs/uam_lit57p6m_nohold_seed1_20260923_010453/S3__R_EVENTQ__W_PETS/analysis/checkpoint_curve.csv,MPTC,85.33,项目交接参考；当前归档未找到原始 S 阶段解析 CSV,UAGMC_SOURCE passenger-only + LQ,84.19,128.76,exp11 同包曲线；训练种子 1；评估种子 123-125,需核对同物理/guard/轨迹；解析值为交接参考，非本次独立复算
exp08,S3__R_EVENTQ__W_PETS,S3,R_EVENTQ__W_PETS,1,150000,103.98333333333333,75.67444444444443,7.132222222222222,20.253333333333334,1.0,True,3,3,0.0,0.0,0.0,0.0,serial_runs/uam_lit57p6m_nohold_seed1_20260923_010453/S3__R_EVENTQ__W_PETS/analysis/checkpoint_curve.csv,MPTC,85.33,项目交接参考；当前归档未找到原始 S 阶段解析 CSV,UAGMC_SOURCE passenger-only + LQ,84.19,128.76,exp11 同包曲线；训练种子 1；评估种子 123-125,需核对同物理/guard/轨迹；解析值为交接参考，非本次独立复算
exp08,S3__R_EVENTQ__W_PETS,S3,R_EVENTQ__W_PETS,1,200000,116.46666666666665,87.9588888888889,7.195555555555555,20.391111111111112,1.0,True,3,3,0.0,0.0,0.0,0.0,serial_runs/uam_lit57p6m_nohold_seed1_20260923_010453/S3__R_EVENTQ__W_PETS/analysis/checkpoint_curve.csv,MPTC,85.33,项目交接参考；当前归档未找到原始 S 阶段解析 CSV,UAGMC_SOURCE passenger-only + LQ,84.19,128.76,exp11 同包曲线；训练种子 1；评估种子 123-125,需核对同物理/guard/轨迹；解析值为交接参考，非本次独立复算
exp08,S3__R_EVENTQ__W_PETS,S3,R_EVENTQ__W_PETS,1,250000,95.12111111111112,67.20555555555556,6.9944444444444445,20.013333333333335,1.0,True,3,3,0.0,0.0,0.0,0.0,serial_runs/uam_lit57p6m_nohold_seed1_20260923_010453/S3__R_EVENTQ__W_PETS/analysis/checkpoint_curve.csv,MPTC,85.33,项目交接参考；当前归档未找到原始 S 阶段解析 CSV,UAGMC_SOURCE passenger-only + LQ,84.19,128.76,exp11 同包曲线；训练种子 1；评估种子 123-125,需核对同物理/guard/轨迹；解析值为交接参考，非本次独立复算
exp08,S3__R_EVENTQ__W_PETS,S3,R_EVENTQ__W_PETS,1,300000,124.67222222222222,96.06111111111112,7.127777777777777,20.564444444444444,1.0,True,3,3,0.0,0.0,0.0,0.0,serial_runs/uam_lit57p6m_nohold_seed1_20260923_010453/S3__R_EVENTQ__W_PETS/analysis/checkpoint_curve.csv,MPTC,85.33,项目交接参考；当前归档未找到原始 S 阶段解析 CSV,UAGMC_SOURCE passenger-only + LQ,84.19,128.76,exp11 同包曲线；训练种子 1；评估种子 123-125,需核对同物理/guard/轨迹；解析值为交接参考，非本次独立复算
exp08,S3__R_EVENTQ__W_PETS,S3,R_EVENTQ__W_PETS,1,350000,125.74111111111112,97.06444444444445,7.2188888888888885,20.53777777777778,1.0,True,3,3,0.0,0.0,0.0,0.0,serial_runs/uam_lit57p6m_nohold_seed1_20260923_010453/S3__R_EVENTQ__W_PETS/analysis/checkpoint_curve.csv,MPTC,85.33,项目交接参考；当前归档未找到原始 S 阶段解析 CSV,UAGMC_SOURCE passenger-only + LQ,84.19,128.76,exp11 同包曲线；训练种子 1；评估种子 123-125,需核对同物理/guard/轨迹；解析值为交接参考，非本次独立复算
exp08,S3__R_EVENTQ__W_PETS,S3,R_EVENTQ__W_PETS,1,400000,118.9088888888889,90.67555555555555,6.984444444444445,20.333333333333332,1.0,True,3,3,0.0,0.0,0.0,0.0,serial_runs/uam_lit57p6m_nohold_seed1_20260923_010453/S3__R_EVENTQ__W_PETS/analysis/checkpoint_curve.csv,MPTC,85.33,项目交接参考；当前归档未找到原始 S 阶段解析 CSV,UAGMC_SOURCE passenger-only + LQ,84.19,128.76,exp11 同包曲线；训练种子 1；评估种子 123-125,需核对同物理/guard/轨迹；解析值为交接参考，非本次独立复算
exp08,S3__R_EVENTQ__W_PETS,S3,R_EVENTQ__W_PETS,1,450000,106.32555555555557,78.23777777777778,6.906666666666666,20.26222222222222,1.0,True,3,3,0.0,0.0,0.0,0.0,serial_runs/uam_lit57p6m_nohold_seed1_20260923_010453/S3__R_EVENTQ__W_PETS/analysis/checkpoint_curve.csv,MPTC,85.33,项目交接参考；当前归档未找到原始 S 阶段解析 CSV,UAGMC_SOURCE passenger-only + LQ,84.19,128.76,exp11 同包曲线；训练种子 1；评估种子 123-125,需核对同物理/guard/轨迹；解析值为交接参考，非本次独立复算
exp08,S3__R_EVENTQ__W_PETS,S3,R_EVENTQ__W_PETS,1,500000,107.40666666666668,79.35222222222222,6.9255555555555555,20.182222222222222,1.0,True,3,3,0.0,0.0,0.0,0.0,serial_runs/uam_lit57p6m_nohold_seed1_20260923_010453/S3__R_EVENTQ__W_PETS/analysis/checkpoint_curve.csv,MPTC,85.33,项目交接参考；当前归档未找到原始 S 阶段解析 CSV,UAGMC_SOURCE passenger-only + LQ,84.19,128.76,exp11 同包曲线；训练种子 1；评估种子 123-125,需核对同物理/guard/轨迹；解析值为交接参考，非本次独立复算
exp08,S3__R_EVENTQ__W_PETS,S3,R_EVENTQ__W_PETS,1,550000,84.97222222222221,57.61222222222222,6.651111111111111,19.795555555555556,1.0,True,3,3,0.0,0.0,0.0,0.0,serial_runs/uam_lit57p6m_nohold_seed1_20260923_010453/S3__R_EVENTQ__W_PETS/analysis/checkpoint_curve.csv,MPTC,85.33,项目交接参考；当前归档未找到原始 S 阶段解析 CSV,UAGMC_SOURCE passenger-only + LQ,84.19,128.76,exp11 同包曲线；训练种子 1；评估种子 123-125,需核对同物理/guard/轨迹；解析值为交接参考，非本次独立复算
exp08,S3__R_EVENTQ__W_PETS,S3,R_EVENTQ__W_PETS,1,600000,113.55777777777776,86.32777777777778,6.56,19.76,1.0,True,3,3,0.0,0.0,0.0,0.0,serial_runs/uam_lit57p6m_nohold_seed1_20260923_010453/S3__R_EVENTQ__W_PETS/analysis/checkpoint_curve.csv,MPTC,85.33,项目交接参考；当前归档未找到原始 S 阶段解析 CSV,UAGMC_SOURCE passenger-only + LQ,84.19,128.76,exp11 同包曲线；训练种子 1；评估种子 123-125,需核对同物理/guard/轨迹；解析值为交接参考，非本次独立复算
exp08,S3__R_EVENTQ__W_TAU,S3,R_EVENTQ__W_TAU,1,50000,99.07111111111112,71.76666666666667,6.525555555555555,19.862222222222222,1.0,True,3,3,0.0,0.0,0.0,0.0,serial_runs/uam_lit57p6m_nohold_seed1_20260923_010453/S3__R_EVENTQ__W_TAU/analysis/checkpoint_curve.csv,MPTC,85.33,项目交接参考；当前归档未找到原始 S 阶段解析 CSV,UAGMC_SOURCE passenger-only + LQ,84.19,128.76,exp11 同包曲线；训练种子 1；评估种子 123-125,需核对同物理/guard/轨迹；解析值为交接参考，非本次独立复算
exp08,S3__R_EVENTQ__W_TAU,S3,R_EVENTQ__W_TAU,1,100000,90.39666666666666,63.18222222222223,6.552222222222222,19.74222222222222,1.0,True,3,3,0.0,0.0,0.0,0.0,serial_runs/uam_lit57p6m_nohold_seed1_20260923_010453/S3__R_EVENTQ__W_TAU/analysis/checkpoint_curve.csv,MPTC,85.33,项目交接参考；当前归档未找到原始 S 阶段解析 CSV,UAGMC_SOURCE passenger-only + LQ,84.19,128.76,exp11 同包曲线；训练种子 1；评估种子 123-125,需核对同物理/guard/轨迹；解析值为交接参考，非本次独立复算
exp08,S3__R_EVENTQ__W_TAU,S3,R_EVENTQ__W_TAU,1,150000,142.80999999999997,114.00222222222222,7.075555555555556,20.804444444444442,1.0,True,3,3,0.0,0.0,0.0,0.0,serial_runs/uam_lit57p6m_nohold_seed1_20260923_010453/S3__R_EVENTQ__W_TAU/analysis/checkpoint_curve.csv,MPTC,85.33,项目交接参考；当前归档未找到原始 S 阶段解析 CSV,UAGMC_SOURCE passenger-only + LQ,84.19,128.76,exp11 同包曲线；训练种子 1；评估种子 123-125,需核对同物理/guard/轨迹；解析值为交接参考，非本次独立复算
exp08,S3__R_EVENTQ__W_TAU,S3,R_EVENTQ__W_TAU,1,200000,141.80444444444444,113.11444444444446,7.0377777777777775,20.728888888888886,1.0,True,3,3,0.0,0.0,0.0,0.0,serial_runs/uam_lit57p6m_nohold_seed1_20260923_010453/S3__R_EVENTQ__W_TAU/analysis/checkpoint_curve.csv,MPTC,85.33,项目交接参考；当前归档未找到原始 S 阶段解析 CSV,UAGMC_SOURCE passenger-only + LQ,84.19,128.76,exp11 同包曲线；训练种子 1；评估种子 123-125,需核对同物理/guard/轨迹；解析值为交接参考，非本次独立复算
exp08,S3__R_EVENTQ__W_TAU,S3,R_EVENTQ__W_TAU,1,250000,112.45777777777778,84.25333333333333,6.888888888888888,20.395555555555553,1.0,True,3,3,0.0,0.0,0.0,0.0,serial_runs/uam_lit57p6m_nohold_seed1_20260923_010453/S3__R_EVENTQ__W_TAU/analysis/checkpoint_curve.csv,MPTC,85.33,项目交接参考；当前归档未找到原始 S 阶段解析 CSV,UAGMC_SOURCE passenger-only + LQ,84.19,128.76,exp11 同包曲线；训练种子 1；评估种子 123-125,需核对同物理/guard/轨迹；解析值为交接参考，非本次独立复算
exp08,S3__R_EVENTQ__W_TAU,S3,R_EVENTQ__W_TAU,1,300000,132.44,103.71555555555555,7.102222222222223,20.702222222222222,1.0,True,3,3,0.0,0.0,0.0,0.0,serial_runs/uam_lit57p6m_nohold_seed1_20260923_010453/S3__R_EVENTQ__W_TAU/analysis/checkpoint_curve.csv,MPTC,85.33,项目交接参考；当前归档未找到原始 S 阶段解析 CSV,UAGMC_SOURCE passenger-only + LQ,84.19,128.76,exp11 同包曲线；训练种子 1；评估种子 123-125,需核对同物理/guard/轨迹；解析值为交接参考，非本次独立复算
exp08,S3__R_EVENTQ__W_TAU,S3,R_EVENTQ__W_TAU,1,350000,188.40555555555557,158.29111111111112,7.685555555555555,21.444444444444446,1.0,True,3,3,0.0,0.0,0.0,0.0,serial_runs/uam_lit57p6m_nohold_seed1_20260923_010453/S3__R_EVENTQ__W_TAU/analysis/checkpoint_curve.csv,MPTC,85.33,项目交接参考；当前归档未找到原始 S 阶段解析 CSV,UAGMC_SOURCE passenger-only + LQ,84.19,128.76,exp11 同包曲线；训练种子 1；评估种子 123-125,需核对同物理/guard/轨迹；解析值为交接参考，非本次独立复算
exp08,S3__R_EVENTQ__W_TAU,S3,R_EVENTQ__W_TAU,1,400000,126.28111111111112,97.32444444444444,7.277777777777778,20.702222222222222,1.0,True,3,3,0.0,0.0,0.0,0.0,serial_runs/uam_lit57p6m_nohold_seed1_20260923_010453/S3__R_EVENTQ__W_TAU/analysis/checkpoint_curve.csv,MPTC,85.33,项目交接参考；当前归档未找到原始 S 阶段解析 CSV,UAGMC_SOURCE passenger-only + LQ,84.19,128.76,exp11 同包曲线；训练种子 1；评估种子 123-125,需核对同物理/guard/轨迹；解析值为交接参考，非本次独立复算
exp08,S3__R_EVENTQ__W_TAU,S3,R_EVENTQ__W_TAU,1,450000,95.18333333333332,67.53777777777778,6.79,19.92888888888889,1.0,True,3,3,0.0,0.0,0.0,0.0,serial_runs/uam_lit57p6m_nohold_seed1_20260923_010453/S3__R_EVENTQ__W_TAU/analysis/checkpoint_curve.csv,MPTC,85.33,项目交接参考；当前归档未找到原始 S 阶段解析 CSV,UAGMC_SOURCE passenger-only + LQ,84.19,128.76,exp11 同包曲线；训练种子 1；评估种子 123-125,需核对同物理/guard/轨迹；解析值为交接参考，非本次独立复算
exp08,S3__R_EVENTQ__W_TAU,S3,R_EVENTQ__W_TAU,1,500000,132.76444444444442,103.82333333333334,7.314444444444444,20.697777777777777,1.0,True,3,3,0.0,0.0,0.0,0.0,serial_runs/uam_lit57p6m_nohold_seed1_20260923_010453/S3__R_EVENTQ__W_TAU/analysis/checkpoint_curve.csv,MPTC,85.33,项目交接参考；当前归档未找到原始 S 阶段解析 CSV,UAGMC_SOURCE passenger-only + LQ,84.19,128.76,exp11 同包曲线；训练种子 1；评估种子 123-125,需核对同物理/guard/轨迹；解析值为交接参考，非本次独立复算
exp08,S3__R_EVENTQ__W_TAU,S3,R_EVENTQ__W_TAU,1,550000,123.44000000000001,94.67555555555555,7.263333333333333,20.586666666666666,1.0,True,3,3,0.0,0.0,0.0,0.0,serial_runs/uam_lit57p6m_nohold_seed1_20260923_010453/S3__R_EVENTQ__W_TAU/analysis/checkpoint_curve.csv,MPTC,85.33,项目交接参考；当前归档未找到原始 S 阶段解析 CSV,UAGMC_SOURCE passenger-only + LQ,84.19,128.76,exp11 同包曲线；训练种子 1；评估种子 123-125,需核对同物理/guard/轨迹；解析值为交接参考，非本次独立复算
exp08,S3__R_EVENTQ__W_TAU,S3,R_EVENTQ__W_TAU,1,600000,104.85444444444444,77.01222222222223,6.841111111111111,20.075555555555553,1.0,True,3,3,0.0,0.0,0.0,0.0,serial_runs/uam_lit57p6m_nohold_seed1_20260923_010453/S3__R_EVENTQ__W_TAU/analysis/checkpoint_curve.csv,MPTC,85.33,项目交接参考；当前归档未找到原始 S 阶段解析 CSV,UAGMC_SOURCE passenger-only + LQ,84.19,128.76,exp11 同包曲线；训练种子 1；评估种子 123-125,需核对同物理/guard/轨迹；解析值为交接参考，非本次独立复算
exp08,S3__R_EVENTQ__W_VE,S3,R_EVENTQ__W_VE,1,50000,232.07666666666668,201.16,7.888888888888889,22.06222222222222,1.0,True,3,3,0.0,0.0,0.0,0.0,serial_runs/uam_lit57p6m_nohold_seed1_20260923_010453/S3__R_EVENTQ__W_VE/analysis/checkpoint_curve.csv,MPTC,85.33,项目交接参考；当前归档未找到原始 S 阶段解析 CSV,UAGMC_SOURCE passenger-only + LQ,84.19,128.76,exp11 同包曲线；训练种子 1；评估种子 123-125,需核对同物理/guard/轨迹；解析值为交接参考，非本次独立复算
exp08,S3__R_EVENTQ__W_VE,S3,R_EVENTQ__W_VE,1,100000,93.36888888888889,66.18555555555555,6.482222222222222,19.78222222222222,1.0,True,3,3,0.0,0.0,0.0,0.0,serial_runs/uam_lit57p6m_nohold_seed1_20260923_010453/S3__R_EVENTQ__W_VE/analysis/checkpoint_curve.csv,MPTC,85.33,项目交接参考；当前归档未找到原始 S 阶段解析 CSV,UAGMC_SOURCE passenger-only + LQ,84.19,128.76,exp11 同包曲线；训练种子 1；评估种子 123-125,需核对同物理/guard/轨迹；解析值为交接参考，非本次独立复算
exp08,S3__R_EVENTQ__W_VE,S3,R_EVENTQ__W_VE,1,150000,88.88666666666666,61.797777777777775,6.506666666666668,19.648888888888887,1.0,True,3,3,0.0,0.0,0.0,0.0,serial_runs/uam_lit57p6m_nohold_seed1_20260923_010453/S3__R_EVENTQ__W_VE/analysis/checkpoint_curve.csv,MPTC,85.33,项目交接参考；当前归档未找到原始 S 阶段解析 CSV,UAGMC_SOURCE passenger-only + LQ,84.19,128.76,exp11 同包曲线；训练种子 1；评估种子 123-125,需核对同物理/guard/轨迹；解析值为交接参考，非本次独立复算
exp08,S3__R_EVENTQ__W_VE,S3,R_EVENTQ__W_VE,1,200000,94.80222222222223,68.0,6.432222222222222,19.44,1.0,True,3,3,0.0,0.0,0.0,0.0,serial_runs/uam_lit57p6m_nohold_seed1_20260923_010453/S3__R_EVENTQ__W_VE/analysis/checkpoint_curve.csv,MPTC,85.33,项目交接参考；当前归档未找到原始 S 阶段解析 CSV,UAGMC_SOURCE passenger-only + LQ,84.19,128.76,exp11 同包曲线；训练种子 1；评估种子 123-125,需核对同物理/guard/轨迹；解析值为交接参考，非本次独立复算
exp08,S3__R_EVENTQ__W_VE,S3,R_EVENTQ__W_VE,1,250000,96.79333333333334,69.48888888888888,6.561111111111111,19.826666666666664,1.0,True,3,3,0.0,0.0,0.0,0.0,serial_runs/uam_lit57p6m_nohold_seed1_20260923_010453/S3__R_EVENTQ__W_VE/analysis/checkpoint_curve.csv,MPTC,85.33,项目交接参考；当前归档未找到原始 S 阶段解析 CSV,UAGMC_SOURCE passenger-only + LQ,84.19,128.76,exp11 同包曲线；训练种子 1；评估种子 123-125,需核对同物理/guard/轨迹；解析值为交接参考，非本次独立复算
exp08,S3__R_EVENTQ__W_VE,S3,R_EVENTQ__W_VE,1,300000,120.9088888888889,92.62888888888888,7.046666666666667,20.324444444444442,1.0,True,3,3,0.0,0.0,0.0,0.0,serial_runs/uam_lit57p6m_nohold_seed1_20260923_010453/S3__R_EVENTQ__W_VE/analysis/checkpoint_curve.csv,MPTC,85.33,项目交接参考；当前归档未找到原始 S 阶段解析 CSV,UAGMC_SOURCE passenger-only + LQ,84.19,128.76,exp11 同包曲线；训练种子 1；评估种子 123-125,需核对同物理/guard/轨迹；解析值为交接参考，非本次独立复算
exp08,S3__R_EVENTQ__W_VE,S3,R_EVENTQ__W_VE,1,350000,82.57222222222221,55.46555555555555,6.483333333333333,19.697777777777777,1.0,True,3,3,0.0,0.0,0.0,0.0,serial_runs/uam_lit57p6m_nohold_seed1_20260923_010453/S3__R_EVENTQ__W_VE/analysis/checkpoint_curve.csv,MPTC,85.33,项目交接参考；当前归档未找到原始 S 阶段解析 CSV,UAGMC_SOURCE passenger-only + LQ,84.19,128.76,exp11 同包曲线；训练种子 1；评估种子 123-125,需核对同物理/guard/轨迹；解析值为交接参考，非本次独立复算
exp08,S3__R_EVENTQ__W_VE,S3,R_EVENTQ__W_VE,1,400000,96.49444444444445,69.69444444444444,6.445555555555555,19.435555555555556,1.0,True,3,3,0.0,0.0,0.0,0.0,serial_runs/uam_lit57p6m_nohold_seed1_20260923_010453/S3__R_EVENTQ__W_VE/analysis/checkpoint_curve.csv,MPTC,85.33,项目交接参考；当前归档未找到原始 S 阶段解析 CSV,UAGMC_SOURCE passenger-only + LQ,84.19,128.76,exp11 同包曲线；训练种子 1；评估种子 123-125,需核对同物理/guard/轨迹；解析值为交接参考，非本次独立复算
exp08,S3__R_EVENTQ__W_VE,S3,R_EVENTQ__W_VE,1,450000,77.21,50.17666666666667,6.552222222222222,19.555555555555554,1.0,True,3,3,0.0,0.0,0.0,0.0,serial_runs/uam_lit57p6m_nohold_seed1_20260923_010453/S3__R_EVENTQ__W_VE/analysis/checkpoint_curve.csv,MPTC,85.33,项目交接参考；当前归档未找到原始 S 阶段解析 CSV,UAGMC_SOURCE passenger-only + LQ,84.19,128.76,exp11 同包曲线；训练种子 1；评估种子 123-125,需核对同物理/guard/轨迹；解析值为交接参考，非本次独立复算
exp08,S3__R_EVENTQ__W_VE,S3,R_EVENTQ__W_VE,1,500000,120.50777777777778,93.86555555555556,6.405555555555555,19.30666666666667,1.0,True,3,3,0.0,0.0,0.0,0.0,serial_runs/uam_lit57p6m_nohold_seed1_20260923_010453/S3__R_EVENTQ__W_VE/analysis/checkpoint_curve.csv,MPTC,85.33,项目交接参考；当前归档未找到原始 S 阶段解析 CSV,UAGMC_SOURCE passenger-only + LQ,84.19,128.76,exp11 同包曲线；训练种子 1；评估种子 123-125,需核对同物理/guard/轨迹；解析值为交接参考，非本次独立复算
exp08,S3__R_EVENTQ__W_VE,S3,R_EVENTQ__W_VE,1,550000,101.43111111111112,74.74555555555555,6.396666666666666,19.373333333333335,1.0,True,3,3,0.0,0.0,0.0,0.0,serial_runs/uam_lit57p6m_nohold_seed1_20260923_010453/S3__R_EVENTQ__W_VE/analysis/checkpoint_curve.csv,MPTC,85.33,项目交接参考；当前归档未找到原始 S 阶段解析 CSV,UAGMC_SOURCE passenger-only + LQ,84.19,128.76,exp11 同包曲线；训练种子 1；评估种子 123-125,需核对同物理/guard/轨迹；解析值为交接参考，非本次独立复算
exp08,S3__R_EVENTQ__W_VE,S3,R_EVENTQ__W_VE,1,600000,127.25333333333333,100.55666666666666,6.432222222222222,19.346666666666668,1.0,True,3,3,0.0,0.0,0.0,0.0,serial_runs/uam_lit57p6m_nohold_seed1_20260923_010453/S3__R_EVENTQ__W_VE/analysis/checkpoint_curve.csv,MPTC,85.33,项目交接参考；当前归档未找到原始 S 阶段解析 CSV,UAGMC_SOURCE passenger-only + LQ,84.19,128.76,exp11 同包曲线；训练种子 1；评估种子 123-125,需核对同物理/guard/轨迹；解析值为交接参考，非本次独立复算
exp08,S3__R_FIRST,S3,R_FIRST,1,50000,203.51,177.14555555555557,6.2188888888888885,19.19111111111111,1.0,True,3,3,0.0,0.0,0.0,0.0,serial_runs/uam_lit57p6m_nohold_seed1_20260923_010453/S3__R_FIRST/analysis/checkpoint_curve.csv,MPTC,85.33,项目交接参考；当前归档未找到原始 S 阶段解析 CSV,UAGMC_SOURCE passenger-only + LQ,84.19,128.76,exp11 同包曲线；训练种子 1；评估种子 123-125,需核对同物理/guard/轨迹；解析值为交接参考，非本次独立复算
exp08,S3__R_FIRST,S3,R_FIRST,1,100000,90.00777777777778,62.52555555555555,6.5122222222222215,20.004444444444445,1.0,True,3,3,0.0,0.0,0.0,0.0,serial_runs/uam_lit57p6m_nohold_seed1_20260923_010453/S3__R_FIRST/analysis/checkpoint_curve.csv,MPTC,85.33,项目交接参考；当前归档未找到原始 S 阶段解析 CSV,UAGMC_SOURCE passenger-only + LQ,84.19,128.76,exp11 同包曲线；训练种子 1；评估种子 123-125,需核对同物理/guard/轨迹；解析值为交接参考，非本次独立复算
exp08,S3__R_FIRST,S3,R_FIRST,1,150000,111.54222222222222,83.20777777777778,7.006666666666667,20.368888888888886,1.0,True,3,3,0.0,0.0,0.0,0.0,serial_runs/uam_lit57p6m_nohold_seed1_20260923_010453/S3__R_FIRST/analysis/checkpoint_curve.csv,MPTC,85.33,项目交接参考；当前归档未找到原始 S 阶段解析 CSV,UAGMC_SOURCE passenger-only + LQ,84.19,128.76,exp11 同包曲线；训练种子 1；评估种子 123-125,需核对同物理/guard/轨迹；解析值为交接参考，非本次独立复算
exp08,S3__R_FIRST,S3,R_FIRST,1,200000,90.06222222222222,62.91777777777778,6.510000000000001,19.697777777777777,1.0,True,3,3,0.0,0.0,0.0,0.0,serial_runs/uam_lit57p6m_nohold_seed1_20260923_010453/S3__R_FIRST/analysis/checkpoint_curve.csv,MPTC,85.33,项目交接参考；当前归档未找到原始 S 阶段解析 CSV,UAGMC_SOURCE passenger-only + LQ,84.19,128.76,exp11 同包曲线；训练种子 1；评估种子 123-125,需核对同物理/guard/轨迹；解析值为交接参考，非本次独立复算
exp08,S3__R_FIRST,S3,R_FIRST,1,250000,111.17444444444443,83.69888888888889,6.786666666666666,19.773333333333337,1.0,True,3,3,0.0,0.0,0.0,0.0,serial_runs/uam_lit57p6m_nohold_seed1_20260923_010453/S3__R_FIRST/analysis/checkpoint_curve.csv,MPTC,85.33,项目交接参考；当前归档未找到原始 S 阶段解析 CSV,UAGMC_SOURCE passenger-only + LQ,84.19,128.76,exp11 同包曲线；训练种子 1；评估种子 123-125,需核对同物理/guard/轨迹；解析值为交接参考，非本次独立复算
exp08,S3__R_FIRST,S3,R_FIRST,1,300000,153.26666666666665,125.19,6.892222222222222,20.27111111111111,1.0,True,3,3,0.0,0.0,0.0,0.0,serial_runs/uam_lit57p6m_nohold_seed1_20260923_010453/S3__R_FIRST/analysis/checkpoint_curve.csv,MPTC,85.33,项目交接参考；当前归档未找到原始 S 阶段解析 CSV,UAGMC_SOURCE passenger-only + LQ,84.19,128.76,exp11 同包曲线；训练种子 1；评估种子 123-125,需核对同物理/guard/轨迹；解析值为交接参考，非本次独立复算
exp08,S3__R_FIRST,S3,R_FIRST,1,350000,124.72333333333334,95.7622222222222,7.286666666666666,20.74222222222222,1.0,True,3,3,0.0,0.0,0.0,0.0,serial_runs/uam_lit57p6m_nohold_seed1_20260923_010453/S3__R_FIRST/analysis/checkpoint_curve.csv,MPTC,85.33,项目交接参考；当前归档未找到原始 S 阶段解析 CSV,UAGMC_SOURCE passenger-only + LQ,84.19,128.76,exp11 同包曲线；训练种子 1；评估种子 123-125,需核对同物理/guard/轨迹；解析值为交接参考，非本次独立复算
exp08,S3__R_FIRST,S3,R_FIRST,1,400000,145.61333333333334,116.46333333333332,7.348888888888889,20.866666666666667,1.0,True,3,3,0.0,0.0,0.0,0.0,serial_runs/uam_lit57p6m_nohold_seed1_20260923_010453/S3__R_FIRST/analysis/checkpoint_curve.csv,MPTC,85.33,项目交接参考；当前归档未找到原始 S 阶段解析 CSV,UAGMC_SOURCE passenger-only + LQ,84.19,128.76,exp11 同包曲线；训练种子 1；评估种子 123-125,需核对同物理/guard/轨迹；解析值为交接参考，非本次独立复算
exp08,S3__R_FIRST,S3,R_FIRST,1,450000,172.58555555555554,143.23444444444445,7.372222222222223,21.031111111111112,1.0,True,3,3,0.0,0.0,0.0,0.0,serial_runs/uam_lit57p6m_nohold_seed1_20260923_010453/S3__R_FIRST/analysis/checkpoint_curve.csv,MPTC,85.33,项目交接参考；当前归档未找到原始 S 阶段解析 CSV,UAGMC_SOURCE passenger-only + LQ,84.19,128.76,exp11 同包曲线；训练种子 1；评估种子 123-125,需核对同物理/guard/轨迹；解析值为交接参考，非本次独立复算
exp08,S3__R_FIRST,S3,R_FIRST,1,500000,132.78555555555556,103.86666666666667,7.315555555555555,20.666666666666668,1.0,True,3,3,0.0,0.0,0.0,0.0,serial_runs/uam_lit57p6m_nohold_seed1_20260923_010453/S3__R_FIRST/analysis/checkpoint_curve.csv,MPTC,85.33,项目交接参考；当前归档未找到原始 S 阶段解析 CSV,UAGMC_SOURCE passenger-only + LQ,84.19,128.76,exp11 同包曲线；训练种子 1；评估种子 123-125,需核对同物理/guard/轨迹；解析值为交接参考，非本次独立复算
exp08,S3__R_FIRST,S3,R_FIRST,1,550000,128.42,99.84444444444445,7.127777777777777,20.524444444444445,1.0,True,3,3,0.0,0.0,0.0,0.0,serial_runs/uam_lit57p6m_nohold_seed1_20260923_010453/S3__R_FIRST/analysis/checkpoint_curve.csv,MPTC,85.33,项目交接参考；当前归档未找到原始 S 阶段解析 CSV,UAGMC_SOURCE passenger-only + LQ,84.19,128.76,exp11 同包曲线；训练种子 1；评估种子 123-125,需核对同物理/guard/轨迹；解析值为交接参考，非本次独立复算
exp08,S3__R_FIRST,S3,R_FIRST,1,600000,122.68777777777778,94.40555555555557,6.864444444444445,20.493333333333336,1.0,True,3,3,0.0,0.0,0.0,0.0,serial_runs/uam_lit57p6m_nohold_seed1_20260923_010453/S3__R_FIRST/analysis/checkpoint_curve.csv,MPTC,85.33,项目交接参考；当前归档未找到原始 S 阶段解析 CSV,UAGMC_SOURCE passenger-only + LQ,84.19,128.76,exp11 同包曲线；训练种子 1；评估种子 123-125,需核对同物理/guard/轨迹；解析值为交接参考，非本次独立复算
exp08,S3__R_GAMMA,S3,R_GAMMA,1,50000,149.14555555555555,119.03666666666668,8.007777777777777,21.173333333333332,1.0,True,3,3,0.0,0.0,0.0,0.0,serial_runs/uam_lit57p6m_nohold_seed1_20260923_010453/S3__R_GAMMA/analysis/checkpoint_curve.csv,MPTC,85.33,项目交接参考；当前归档未找到原始 S 阶段解析 CSV,UAGMC_SOURCE passenger-only + LQ,84.19,128.76,exp11 同包曲线；训练种子 1；评估种子 123-125,需核对同物理/guard/轨迹；解析值为交接参考，非本次独立复算
exp08,S3__R_GAMMA,S3,R_GAMMA,1,100000,130.23,101.27444444444444,7.4255555555555555,20.599999999999998,1.0,True,3,3,0.0,0.0,0.0,0.0,serial_runs/uam_lit57p6m_nohold_seed1_20260923_010453/S3__R_GAMMA/analysis/checkpoint_curve.csv,MPTC,85.33,项目交接参考；当前归档未找到原始 S 阶段解析 CSV,UAGMC_SOURCE passenger-only + LQ,84.19,128.76,exp11 同包曲线；训练种子 1；评估种子 123-125,需核对同物理/guard/轨迹；解析值为交接参考，非本次独立复算
exp08,S3__R_GAMMA,S3,R_GAMMA,1,150000,197.5111111111111,167.3688888888889,7.792222222222222,21.413333333333338,1.0,True,3,3,0.0,0.0,0.0,0.0,serial_runs/uam_lit57p6m_nohold_seed1_20260923_010453/S3__R_GAMMA/analysis/checkpoint_curve.csv,MPTC,85.33,项目交接参考；当前归档未找到原始 S 阶段解析 CSV,UAGMC_SOURCE passenger-only + LQ,84.19,128.76,exp11 同包曲线；训练种子 1；评估种子 123-125,需核对同物理/guard/轨迹；解析值为交接参考，非本次独立复算
exp08,S3__R_GAMMA,S3,R_GAMMA,1,200000,165.75000000000003,135.83888888888887,7.731111111111112,21.24888888888889,1.0,True,3,3,0.0,0.0,0.0,0.0,serial_runs/uam_lit57p6m_nohold_seed1_20260923_010453/S3__R_GAMMA/analysis/checkpoint_curve.csv,MPTC,85.33,项目交接参考；当前归档未找到原始 S 阶段解析 CSV,UAGMC_SOURCE passenger-only + LQ,84.19,128.76,exp11 同包曲线；训练种子 1；评估种子 123-125,需核对同物理/guard/轨迹；解析值为交接参考，非本次独立复算
exp08,S3__R_GAMMA,S3,R_GAMMA,1,250000,132.76444444444442,103.46,7.647777777777777,20.737777777777776,1.0,True,3,3,0.0,0.0,0.0,0.0,serial_runs/uam_lit57p6m_nohold_seed1_20260923_010453/S3__R_GAMMA/analysis/checkpoint_curve.csv,MPTC,85.33,项目交接参考；当前归档未找到原始 S 阶段解析 CSV,UAGMC_SOURCE passenger-only + LQ,84.19,128.76,exp11 同包曲线；训练种子 1；评估种子 123-125,需核对同物理/guard/轨迹；解析值为交接参考，非本次独立复算
exp08,S3__R_GAMMA,S3,R_GAMMA,1,300000,118.57111111111112,90.10333333333334,7.121111111111111,20.435555555555556,1.0,True,3,3,0.0,0.0,0.0,0.0,serial_runs/uam_lit57p6m_nohold_seed1_20260923_010453/S3__R_GAMMA/analysis/checkpoint_curve.csv,MPTC,85.33,项目交接参考；当前归档未找到原始 S 阶段解析 CSV,UAGMC_SOURCE passenger-only + LQ,84.19,128.76,exp11 同包曲线；训练种子 1；评估种子 123-125,需核对同物理/guard/轨迹；解析值为交接参考，非本次独立复算
exp08,S3__R_GAMMA,S3,R_GAMMA,1,350000,85.44999999999999,58.11222222222222,6.704444444444444,19.715555555555557,1.0,True,3,3,0.0,0.0,0.0,0.0,serial_runs/uam_lit57p6m_nohold_seed1_20260923_010453/S3__R_GAMMA/analysis/checkpoint_curve.csv,MPTC,85.33,项目交接参考；当前归档未找到原始 S 阶段解析 CSV,UAGMC_SOURCE passenger-only + LQ,84.19,128.76,exp11 同包曲线；训练种子 1；评估种子 123-125,需核对同物理/guard/轨迹；解析值为交接参考，非本次独立复算
exp08,S3__R_GAMMA,S3,R_GAMMA,1,400000,84.89111111111112,57.48666666666667,6.704444444444444,19.786666666666665,1.0,True,3,3,0.0,0.0,0.0,0.0,serial_runs/uam_lit57p6m_nohold_seed1_20260923_010453/S3__R_GAMMA/analysis/checkpoint_curve.csv,MPTC,85.33,项目交接参考；当前归档未找到原始 S 阶段解析 CSV,UAGMC_SOURCE passenger-only + LQ,84.19,128.76,exp11 同包曲线；训练种子 1；评估种子 123-125,需核对同物理/guard/轨迹；解析值为交接参考，非本次独立复算
exp08,S3__R_GAMMA,S3,R_GAMMA,1,450000,93.36444444444446,66.56666666666666,6.506666666666667,19.36888888888889,1.0,True,3,3,0.0,0.0,0.0,0.0,serial_runs/uam_lit57p6m_nohold_seed1_20260923_010453/S3__R_GAMMA/analysis/checkpoint_curve.csv,MPTC,85.33,项目交接参考；当前归档未找到原始 S 阶段解析 CSV,UAGMC_SOURCE passenger-only + LQ,84.19,128.76,exp11 同包曲线；训练种子 1；评估种子 123-125,需核对同物理/guard/轨迹；解析值为交接参考，非本次独立复算
exp08,S3__R_GAMMA,S3,R_GAMMA,1,500000,122.7911111111111,96.19777777777777,6.344444444444445,19.328888888888887,1.0,True,3,3,0.0,0.0,0.0,0.0,serial_runs/uam_lit57p6m_nohold_seed1_20260923_010453/S3__R_GAMMA/analysis/checkpoint_curve.csv,MPTC,85.33,项目交接参考；当前归档未找到原始 S 阶段解析 CSV,UAGMC_SOURCE passenger-only + LQ,84.19,128.76,exp11 同包曲线；训练种子 1；评估种子 123-125,需核对同物理/guard/轨迹；解析值为交接参考，非本次独立复算
exp08,S3__R_GAMMA,S3,R_GAMMA,1,550000,130.38,103.86333333333333,6.278888888888889,19.30666666666667,1.0,True,3,3,0.0,0.0,0.0,0.0,serial_runs/uam_lit57p6m_nohold_seed1_20260923_010453/S3__R_GAMMA/analysis/checkpoint_curve.csv,MPTC,85.33,项目交接参考；当前归档未找到原始 S 阶段解析 CSV,UAGMC_SOURCE passenger-only + LQ,84.19,128.76,exp11 同包曲线；训练种子 1；评估种子 123-125,需核对同物理/guard/轨迹；解析值为交接参考，非本次独立复算
exp08,S3__R_GAMMA,S3,R_GAMMA,1,600000,149.66444444444446,123.22555555555556,6.25,19.244444444444444,1.0,True,3,3,0.0,0.0,0.0,0.0,serial_runs/uam_lit57p6m_nohold_seed1_20260923_010453/S3__R_GAMMA/analysis/checkpoint_curve.csv,MPTC,85.33,项目交接参考；当前归档未找到原始 S 阶段解析 CSV,UAGMC_SOURCE passenger-only + LQ,84.19,128.76,exp11 同包曲线；训练种子 1；评估种子 123-125,需核对同物理/guard/轨迹；解析值为交接参考，非本次独立复算
exp08,S3__R_GAMMA__W_PETS,S3,R_GAMMA__W_PETS,1,50000,80.12666666666667,53.13666666666666,6.623333333333334,19.448888888888888,1.0,True,3,3,0.0,0.0,0.0,0.0,serial_runs/uam_lit57p6m_nohold_seed1_20260923_010453/S3__R_GAMMA__W_PETS/analysis/checkpoint_curve.csv,MPTC,85.33,项目交接参考；当前归档未找到原始 S 阶段解析 CSV,UAGMC_SOURCE passenger-only + LQ,84.19,128.76,exp11 同包曲线；训练种子 1；评估种子 123-125,需核对同物理/guard/轨迹；解析值为交接参考，非本次独立复算
exp08,S3__R_GAMMA__W_PETS,S3,R_GAMMA__W_PETS,1,100000,87.0,60.1788888888889,6.4944444444444445,19.404444444444444,1.0,True,3,3,0.0,0.0,0.0,0.0,serial_runs/uam_lit57p6m_nohold_seed1_20260923_010453/S3__R_GAMMA__W_PETS/analysis/checkpoint_curve.csv,MPTC,85.33,项目交接参考；当前归档未找到原始 S 阶段解析 CSV,UAGMC_SOURCE passenger-only + LQ,84.19,128.76,exp11 同包曲线；训练种子 1；评估种子 123-125,需核对同物理/guard/轨迹；解析值为交接参考，非本次独立复算
exp08,S3__R_GAMMA__W_PETS,S3,R_GAMMA__W_PETS,1,150000,83.01333333333334,55.87555555555556,6.636666666666667,19.573333333333334,1.0,True,3,3,0.0,0.0,0.0,0.0,serial_runs/uam_lit57p6m_nohold_seed1_20260923_010453/S3__R_GAMMA__W_PETS/analysis/checkpoint_curve.csv,MPTC,85.33,项目交接参考；当前归档未找到原始 S 阶段解析 CSV,UAGMC_SOURCE passenger-only + LQ,84.19,128.76,exp11 同包曲线；训练种子 1；评估种子 123-125,需核对同物理/guard/轨迹；解析值为交接参考，非本次独立复算
exp08,S3__R_GAMMA__W_PETS,S3,R_GAMMA__W_PETS,1,200000,81.02,54.208888888888886,6.487777777777777,19.413333333333338,1.0,True,3,3,0.0,0.0,0.0,0.0,serial_runs/uam_lit57p6m_nohold_seed1_20260923_010453/S3__R_GAMMA__W_PETS/analysis/checkpoint_curve.csv,MPTC,85.33,项目交接参考；当前归档未找到原始 S 阶段解析 CSV,UAGMC_SOURCE passenger-only + LQ,84.19,128.76,exp11 同包曲线；训练种子 1；评估种子 123-125,需核对同物理/guard/轨迹；解析值为交接参考，非本次独立复算
exp08,S3__R_GAMMA__W_PETS,S3,R_GAMMA__W_PETS,1,250000,86.77555555555556,60.1011111111111,6.392222222222222,19.373333333333335,1.0,True,3,3,0.0,0.0,0.0,0.0,serial_runs/uam_lit57p6m_nohold_seed1_20260923_010453/S3__R_GAMMA__W_PETS/analysis/checkpoint_curve.csv,MPTC,85.33,项目交接参考；当前归档未找到原始 S 阶段解析 CSV,UAGMC_SOURCE passenger-only + LQ,84.19,128.76,exp11 同包曲线；训练种子 1；评估种子 123-125,需核对同物理/guard/轨迹；解析值为交接参考，非本次独立复算
exp08,S3__R_GAMMA__W_PETS,S3,R_GAMMA__W_PETS,1,300000,101.20555555555556,73.65444444444445,6.73,19.89777777777778,1.0,True,3,3,0.0,0.0,0.0,0.0,serial_runs/uam_lit57p6m_nohold_seed1_20260923_010453/S3__R_GAMMA__W_PETS/analysis/checkpoint_curve.csv,MPTC,85.33,项目交接参考；当前归档未找到原始 S 阶段解析 CSV,UAGMC_SOURCE passenger-only + LQ,84.19,128.76,exp11 同包曲线；训练种子 1；评估种子 123-125,需核对同物理/guard/轨迹；解析值为交接参考，非本次独立复算
exp08,S3__R_GAMMA__W_PETS,S3,R_GAMMA__W_PETS,1,350000,83.82777777777777,56.34,6.812222222222222,19.74222222222222,1.0,True,3,3,0.0,0.0,0.0,0.0,serial_runs/uam_lit57p6m_nohold_seed1_20260923_010453/S3__R_GAMMA__W_PETS/analysis/checkpoint_curve.csv,MPTC,85.33,项目交接参考；当前归档未找到原始 S 阶段解析 CSV,UAGMC_SOURCE passenger-only + LQ,84.19,128.76,exp11 同包曲线；训练种子 1；评估种子 123-125,需核对同物理/guard/轨迹；解析值为交接参考，非本次独立复算
exp08,S3__R_GAMMA__W_PETS,S3,R_GAMMA__W_PETS,1,400000,79.26333333333334,52.07555555555556,6.627777777777777,19.635555555555555,1.0,True,3,3,0.0,0.0,0.0,0.0,serial_runs/uam_lit57p6m_nohold_seed1_20260923_010453/S3__R_GAMMA__W_PETS/analysis/checkpoint_curve.csv,MPTC,85.33,项目交接参考；当前归档未找到原始 S 阶段解析 CSV,UAGMC_SOURCE passenger-only + LQ,84.19,128.76,exp11 同包曲线；训练种子 1；评估种子 123-125,需核对同物理/guard/轨迹；解析值为交接参考，非本次独立复算
exp08,S3__R_GAMMA__W_PETS,S3,R_GAMMA__W_PETS,1,450000,78.79444444444444,51.87444444444444,6.445555555555555,19.555555555555557,1.0,True,3,3,0.0,0.0,0.0,0.0,serial_runs/uam_lit57p6m_nohold_seed1_20260923_010453/S3__R_GAMMA__W_PETS/analysis/checkpoint_curve.csv,MPTC,85.33,项目交接参考；当前归档未找到原始 S 阶段解析 CSV,UAGMC_SOURCE passenger-only + LQ,84.19,128.76,exp11 同包曲线；训练种子 1；评估种子 123-125,需核对同物理/guard/轨迹；解析值为交接参考，非本次独立复算
exp08,S3__R_GAMMA__W_PETS,S3,R_GAMMA__W_PETS,1,500000,81.1388888888889,54.16777777777778,6.4944444444444445,19.564444444444444,1.0,True,3,3,0.0,0.0,0.0,0.0,serial_runs/uam_lit57p6m_nohold_seed1_20260923_010453/S3__R_GAMMA__W_PETS/analysis/checkpoint_curve.csv,MPTC,85.33,项目交接参考；当前归档未找到原始 S 阶段解析 CSV,UAGMC_SOURCE passenger-only + LQ,84.19,128.76,exp11 同包曲线；训练种子 1；评估种子 123-125,需核对同物理/guard/轨迹；解析值为交接参考，非本次独立复算
exp08,S3__R_GAMMA__W_PETS,S3,R_GAMMA__W_PETS,1,550000,91.27333333333333,64.49222222222222,6.408888888888889,19.462222222222223,1.0,True,3,3,0.0,0.0,0.0,0.0,serial_runs/uam_lit57p6m_nohold_seed1_20260923_010453/S3__R_GAMMA__W_PETS/analysis/checkpoint_curve.csv,MPTC,85.33,项目交接参考；当前归档未找到原始 S 阶段解析 CSV,UAGMC_SOURCE passenger-only + LQ,84.19,128.76,exp11 同包曲线；训练种子 1；评估种子 123-125,需核对同物理/guard/轨迹；解析值为交接参考，非本次独立复算
exp08,S3__R_GAMMA__W_PETS,S3,R_GAMMA__W_PETS,1,600000,152.42999999999998,125.83666666666666,6.366666666666667,19.28888888888889,1.0,True,3,3,0.0,0.0,0.0,0.0,serial_runs/uam_lit57p6m_nohold_seed1_20260923_010453/S3__R_GAMMA__W_PETS/analysis/checkpoint_curve.csv,MPTC,85.33,项目交接参考；当前归档未找到原始 S 阶段解析 CSV,UAGMC_SOURCE passenger-only + LQ,84.19,128.76,exp11 同包曲线；训练种子 1；评估种子 123-125,需核对同物理/guard/轨迹；解析值为交接参考，非本次独立复算
exp08,S3__R_GAMMA__W_TAU,S3,R_GAMMA__W_TAU,1,50000,168.45,141.9622222222222,6.330000000000001,19.2,1.0,True,3,3,0.0,0.0,0.0,0.0,serial_runs/uam_lit57p6m_nohold_seed1_20260923_010453/S3__R_GAMMA__W_TAU/analysis/checkpoint_curve.csv,MPTC,85.33,项目交接参考；当前归档未找到原始 S 阶段解析 CSV,UAGMC_SOURCE passenger-only + LQ,84.19,128.76,exp11 同包曲线；训练种子 1；评估种子 123-125,需核对同物理/guard/轨迹；解析值为交接参考，非本次独立复算
exp08,S3__R_GAMMA__W_TAU,S3,R_GAMMA__W_TAU,1,100000,112.99111111111112,86.38444444444444,6.359999999999999,19.302222222222223,1.0,True,3,3,0.0,0.0,0.0,0.0,serial_runs/uam_lit57p6m_nohold_seed1_20260923_010453/S3__R_GAMMA__W_TAU/analysis/checkpoint_curve.csv,MPTC,85.33,项目交接参考；当前归档未找到原始 S 阶段解析 CSV,UAGMC_SOURCE passenger-only + LQ,84.19,128.76,exp11 同包曲线；训练种子 1；评估种子 123-125,需核对同物理/guard/轨迹；解析值为交接参考，非本次独立复算
exp08,S3__R_GAMMA__W_TAU,S3,R_GAMMA__W_TAU,1,150000,136.29555555555555,109.81666666666666,6.276666666666666,19.26222222222222,1.0,True,3,3,0.0,0.0,0.0,0.0,serial_runs/uam_lit57p6m_nohold_seed1_20260923_010453/S3__R_GAMMA__W_TAU/analysis/checkpoint_curve.csv,MPTC,85.33,项目交接参考；当前归档未找到原始 S 阶段解析 CSV,UAGMC_SOURCE passenger-only + LQ,84.19,128.76,exp11 同包曲线；训练种子 1；评估种子 123-125,需核对同物理/guard/轨迹；解析值为交接参考，非本次独立复算
exp08,S3__R_GAMMA__W_TAU,S3,R_GAMMA__W_TAU,1,200000,107.50888888888888,80.52111111111111,6.4799999999999995,19.591111111111108,1.0,True,3,3,0.0,0.0,0.0,0.0,serial_runs/uam_lit57p6m_nohold_seed1_20260923_010453/S3__R_GAMMA__W_TAU/analysis/checkpoint_curve.csv,MPTC,85.33,项目交接参考；当前归档未找到原始 S 阶段解析 CSV,UAGMC_SOURCE passenger-only + LQ,84.19,128.76,exp11 同包曲线；训练种子 1；评估种子 123-125,需核对同物理/guard/轨迹；解析值为交接参考，非本次独立复算
exp08,S3__R_GAMMA__W_TAU,S3,R_GAMMA__W_TAU,1,250000,91.92,64.29888888888888,6.751111111111111,19.96,1.0,True,3,3,0.0,0.0,0.0,0.0,serial_runs/uam_lit57p6m_nohold_seed1_20260923_010453/S3__R_GAMMA__W_TAU/analysis/checkpoint_curve.csv,MPTC,85.33,项目交接参考；当前归档未找到原始 S 阶段解析 CSV,UAGMC_SOURCE passenger-only + LQ,84.19,128.76,exp11 同包曲线；训练种子 1；评估种子 123-125,需核对同物理/guard/轨迹；解析值为交接参考，非本次独立复算
exp08,S3__R_GAMMA__W_TAU,S3,R_GAMMA__W_TAU,1,300000,94.33111111111111,67.23444444444443,6.449999999999999,19.733333333333334,1.0,True,3,3,0.0,0.0,0.0,0.0,serial_runs/uam_lit57p6m_nohold_seed1_20260923_010453/S3__R_GAMMA__W_TAU/analysis/checkpoint_curve.csv,MPTC,85.33,项目交接参考；当前归档未找到原始 S 阶段解析 CSV,UAGMC_SOURCE passenger-only + LQ,84.19,128.76,exp11 同包曲线；训练种子 1；评估种子 123-125,需核对同物理/guard/轨迹；解析值为交接参考，非本次独立复算
exp08,S3__R_GAMMA__W_TAU,S3,R_GAMMA__W_TAU,1,350000,155.91555555555556,126.24,7.535555555555557,21.20888888888889,1.0,True,3,3,0.0,0.0,0.0,0.0,serial_runs/uam_lit57p6m_nohold_seed1_20260923_010453/S3__R_GAMMA__W_TAU/analysis/checkpoint_curve.csv,MPTC,85.33,项目交接参考；当前归档未找到原始 S 阶段解析 CSV,UAGMC_SOURCE passenger-only + LQ,84.19,128.76,exp11 同包曲线；训练种子 1；评估种子 123-125,需核对同物理/guard/轨迹；解析值为交接参考，非本次独立复算
exp08,S3__R_GAMMA__W_TAU,S3,R_GAMMA__W_TAU,1,400000,125.93888888888888,97.40333333333335,6.975555555555555,20.61777777777778,1.0,True,3,3,0.0,0.0,0.0,0.0,serial_runs/uam_lit57p6m_nohold_seed1_20260923_010453/S3__R_GAMMA__W_TAU/analysis/checkpoint_curve.csv,MPTC,85.33,项目交接参考；当前归档未找到原始 S 阶段解析 CSV,UAGMC_SOURCE passenger-only + LQ,84.19,128.76,exp11 同包曲线；训练种子 1；评估种子 123-125,需核对同物理/guard/轨迹；解析值为交接参考，非本次独立复算
exp08,S3__R_GAMMA__W_TAU,S3,R_GAMMA__W_TAU,1,450000,102.86666666666667,74.75,6.913333333333334,20.279999999999998,1.0,True,3,3,0.0,0.0,0.0,0.0,serial_runs/uam_lit57p6m_nohold_seed1_20260923_010453/S3__R_GAMMA__W_TAU/analysis/checkpoint_curve.csv,MPTC,85.33,项目交接参考；当前归档未找到原始 S 阶段解析 CSV,UAGMC_SOURCE passenger-only + LQ,84.19,128.76,exp11 同包曲线；训练种子 1；评估种子 123-125,需核对同物理/guard/轨迹；解析值为交接参考，非本次独立复算
exp08,S3__R_GAMMA__W_TAU,S3,R_GAMMA__W_TAU,1,500000,118.23222222222222,90.28000000000002,6.664444444444444,20.373333333333335,1.0,True,3,3,0.0,0.0,0.0,0.0,serial_runs/uam_lit57p6m_nohold_seed1_20260923_010453/S3__R_GAMMA__W_TAU/analysis/checkpoint_curve.csv,MPTC,85.33,项目交接参考；当前归档未找到原始 S 阶段解析 CSV,UAGMC_SOURCE passenger-only + LQ,84.19,128.76,exp11 同包曲线；训练种子 1；评估种子 123-125,需核对同物理/guard/轨迹；解析值为交接参考，非本次独立复算
exp08,S3__R_GAMMA__W_TAU,S3,R_GAMMA__W_TAU,1,550000,110.11222222222221,82.99777777777778,6.244444444444444,19.959999999999997,1.0,True,3,3,0.0,0.0,0.0,0.0,serial_runs/uam_lit57p6m_nohold_seed1_20260923_010453/S3__R_GAMMA__W_TAU/analysis/checkpoint_curve.csv,MPTC,85.33,项目交接参考；当前归档未找到原始 S 阶段解析 CSV,UAGMC_SOURCE passenger-only + LQ,84.19,128.76,exp11 同包曲线；训练种子 1；评估种子 123-125,需核对同物理/guard/轨迹；解析值为交接参考，非本次独立复算
exp08,S3__R_GAMMA__W_TAU,S3,R_GAMMA__W_TAU,1,600000,115.56888888888888,88.75,6.0055555555555555,19.897777777777776,1.0,True,3,3,0.0,0.0,0.0,0.0,serial_runs/uam_lit57p6m_nohold_seed1_20260923_010453/S3__R_GAMMA__W_TAU/analysis/checkpoint_curve.csv,MPTC,85.33,项目交接参考；当前归档未找到原始 S 阶段解析 CSV,UAGMC_SOURCE passenger-only + LQ,84.19,128.76,exp11 同包曲线；训练种子 1；评估种子 123-125,需核对同物理/guard/轨迹；解析值为交接参考，非本次独立复算
exp08,S3__R_GAMMA__W_VE,S3,R_GAMMA__W_VE,1,50000,137.3711111111111,107.65222222222224,7.742222222222222,21.022222222222222,1.0,True,3,3,0.0,0.0,0.0,0.0,serial_runs/uam_lit57p6m_nohold_seed1_20260923_010453/S3__R_GAMMA__W_VE/analysis/checkpoint_curve.csv,MPTC,85.33,项目交接参考；当前归档未找到原始 S 阶段解析 CSV,UAGMC_SOURCE passenger-only + LQ,84.19,128.76,exp11 同包曲线；训练种子 1；评估种子 123-125,需核对同物理/guard/轨迹；解析值为交接参考，非本次独立复算
exp08,S3__R_GAMMA__W_VE,S3,R_GAMMA__W_VE,1,100000,134.76222222222222,105.25222222222222,7.7299999999999995,20.853333333333335,1.0,True,3,3,0.0,0.0,0.0,0.0,serial_runs/uam_lit57p6m_nohold_seed1_20260923_010453/S3__R_GAMMA__W_VE/analysis/checkpoint_curve.csv,MPTC,85.33,项目交接参考；当前归档未找到原始 S 阶段解析 CSV,UAGMC_SOURCE passenger-only + LQ,84.19,128.76,exp11 同包曲线；训练种子 1；评估种子 123-125,需核对同物理/guard/轨迹；解析值为交接参考，非本次独立复算
exp08,S3__R_GAMMA__W_VE,S3,R_GAMMA__W_VE,1,150000,97.96,69.24666666666667,7.528888888888889,20.266666666666666,1.0,True,3,3,0.0,0.0,0.0,0.0,serial_runs/uam_lit57p6m_nohold_seed1_20260923_010453/S3__R_GAMMA__W_VE/analysis/checkpoint_curve.csv,MPTC,85.33,项目交接参考；当前归档未找到原始 S 阶段解析 CSV,UAGMC_SOURCE passenger-only + LQ,84.19,128.76,exp11 同包曲线；训练种子 1；评估种子 123-125,需核对同物理/guard/轨迹；解析值为交接参考，非本次独立复算
exp08,S3__R_GAMMA__W_VE,S3,R_GAMMA__W_VE,1,200000,130.69333333333333,101.44555555555554,7.566666666666666,20.75111111111111,1.0,True,3,3,0.0,0.0,0.0,0.0,serial_runs/uam_lit57p6m_nohold_seed1_20260923_010453/S3__R_GAMMA__W_VE/analysis/checkpoint_curve.csv,MPTC,85.33,项目交接参考；当前归档未找到原始 S 阶段解析 CSV,UAGMC_SOURCE passenger-only + LQ,84.19,128.76,exp11 同包曲线；训练种子 1；评估种子 123-125,需核对同物理/guard/轨迹；解析值为交接参考，非本次独立复算
exp08,S3__R_GAMMA__W_VE,S3,R_GAMMA__W_VE,1,250000,117.73222222222222,89.08111111111111,7.294444444444444,20.444444444444443,1.0,True,3,3,0.0,0.0,0.0,0.0,serial_runs/uam_lit57p6m_nohold_seed1_20260923_010453/S3__R_GAMMA__W_VE/analysis/checkpoint_curve.csv,MPTC,85.33,项目交接参考；当前归档未找到原始 S 阶段解析 CSV,UAGMC_SOURCE passenger-only + LQ,84.19,128.76,exp11 同包曲线；训练种子 1；评估种子 123-125,需核对同物理/guard/轨迹；解析值为交接参考，非本次独立复算
exp08,S3__R_GAMMA__W_VE,S3,R_GAMMA__W_VE,1,300000,101.05888888888889,73.11,6.8999999999999995,20.115555555555556,1.0,True,3,3,0.0,0.0,0.0,0.0,serial_runs/uam_lit57p6m_nohold_seed1_20260923_010453/S3__R_GAMMA__W_VE/analysis/checkpoint_curve.csv,MPTC,85.33,项目交接参考；当前归档未找到原始 S 阶段解析 CSV,UAGMC_SOURCE passenger-only + LQ,84.19,128.76,exp11 同包曲线；训练种子 1；评估种子 123-125,需核对同物理/guard/轨迹；解析值为交接参考，非本次独立复算
exp08,S3__R_GAMMA__W_VE,S3,R_GAMMA__W_VE,1,350000,90.98555555555556,64.11222222222223,6.251111111111111,19.706666666666667,1.0,True,3,3,0.0,0.0,0.0,0.0,serial_runs/uam_lit57p6m_nohold_seed1_20260923_010453/S3__R_GAMMA__W_VE/analysis/checkpoint_curve.csv,MPTC,85.33,项目交接参考；当前归档未找到原始 S 阶段解析 CSV,UAGMC_SOURCE passenger-only + LQ,84.19,128.76,exp11 同包曲线；训练种子 1；评估种子 123-125,需核对同物理/guard/轨迹；解析值为交接参考，非本次独立复算
exp08,S3__R_GAMMA__W_VE,S3,R_GAMMA__W_VE,1,400000,96.60333333333334,69.88444444444444,6.298888888888889,19.506666666666668,1.0,True,3,3,0.0,0.0,0.0,0.0,serial_runs/uam_lit57p6m_nohold_seed1_20260923_010453/S3__R_GAMMA__W_VE/analysis/checkpoint_curve.csv,MPTC,85.33,项目交接参考；当前归档未找到原始 S 阶段解析 CSV,UAGMC_SOURCE passenger-only + LQ,84.19,128.76,exp11 同包曲线；训练种子 1；评估种子 123-125,需核对同物理/guard/轨迹；解析值为交接参考，非本次独立复算
exp08,S3__R_GAMMA__W_VE,S3,R_GAMMA__W_VE,1,450000,88.98666666666668,61.916666666666664,6.483333333333333,19.666666666666668,1.0,True,3,3,0.0,0.0,0.0,0.0,serial_runs/uam_lit57p6m_nohold_seed1_20260923_010453/S3__R_GAMMA__W_VE/analysis/checkpoint_curve.csv,MPTC,85.33,项目交接参考；当前归档未找到原始 S 阶段解析 CSV,UAGMC_SOURCE passenger-only + LQ,84.19,128.76,exp11 同包曲线；训练种子 1；评估种子 123-125,需核对同物理/guard/轨迹；解析值为交接参考，非本次独立复算
exp08,S3__R_GAMMA__W_VE,S3,R_GAMMA__W_VE,1,500000,94.47111111111111,67.62555555555555,6.411111111111111,19.51111111111111,1.0,True,3,3,0.0,0.0,0.0,0.0,serial_runs/uam_lit57p6m_nohold_seed1_20260923_010453/S3__R_GAMMA__W_VE/analysis/checkpoint_curve.csv,MPTC,85.33,项目交接参考；当前归档未找到原始 S 阶段解析 CSV,UAGMC_SOURCE passenger-only + LQ,84.19,128.76,exp11 同包曲线；训练种子 1；评估种子 123-125,需核对同物理/guard/轨迹；解析值为交接参考，非本次独立复算
exp08,S3__R_GAMMA__W_VE,S3,R_GAMMA__W_VE,1,550000,114.1511111111111,87.16111111111111,6.5311111111111115,19.546666666666667,1.0,True,3,3,0.0,0.0,0.0,0.0,serial_runs/uam_lit57p6m_nohold_seed1_20260923_010453/S3__R_GAMMA__W_VE/analysis/checkpoint_curve.csv,MPTC,85.33,项目交接参考；当前归档未找到原始 S 阶段解析 CSV,UAGMC_SOURCE passenger-only + LQ,84.19,128.76,exp11 同包曲线；训练种子 1；评估种子 123-125,需核对同物理/guard/轨迹；解析值为交接参考，非本次独立复算
exp08,S3__R_GAMMA__W_VE,S3,R_GAMMA__W_VE,1,600000,143.43444444444447,116.45666666666666,6.43,19.635555555555555,1.0,True,3,3,0.0,0.0,0.0,0.0,serial_runs/uam_lit57p6m_nohold_seed1_20260923_010453/S3__R_GAMMA__W_VE/analysis/checkpoint_curve.csv,MPTC,85.33,项目交接参考；当前归档未找到原始 S 阶段解析 CSV,UAGMC_SOURCE passenger-only + LQ,84.19,128.76,exp11 同包曲线；训练种子 1；评估种子 123-125,需核对同物理/guard/轨迹；解析值为交接参考，非本次独立复算
exp08,S3__R_SRAC,S3,R_SRAC,1,50000,180.1088888888889,150.4188888888889,7.705555555555556,21.057777777777776,1.0,True,3,3,0.0,0.0,0.0,0.0,serial_runs/uam_lit57p6m_nohold_seed1_20260923_010453/S3__R_SRAC/analysis/checkpoint_curve.csv,MPTC,85.33,项目交接参考；当前归档未找到原始 S 阶段解析 CSV,UAGMC_SOURCE passenger-only + LQ,84.19,128.76,exp11 同包曲线；训练种子 1；评估种子 123-125,需核对同物理/guard/轨迹；解析值为交接参考，非本次独立复算
exp08,S3__R_SRAC,S3,R_SRAC,1,100000,181.38666666666666,150.01666666666668,8.466666666666667,21.933333333333334,1.0,True,3,3,0.0,0.0,0.0,0.0,serial_runs/uam_lit57p6m_nohold_seed1_20260923_010453/S3__R_SRAC/analysis/checkpoint_curve.csv,MPTC,85.33,项目交接参考；当前归档未找到原始 S 阶段解析 CSV,UAGMC_SOURCE passenger-only + LQ,84.19,128.76,exp11 同包曲线；训练种子 1；评估种子 123-125,需核对同物理/guard/轨迹；解析值为交接参考，非本次独立复算
exp08,S3__R_SRAC,S3,R_SRAC,1,150000,188.9766666666667,157.6188888888889,8.217777777777776,22.164444444444445,1.0,True,3,3,0.0,0.0,0.0,0.0,serial_runs/uam_lit57p6m_nohold_seed1_20260923_010453/S3__R_SRAC/analysis/checkpoint_curve.csv,MPTC,85.33,项目交接参考；当前归档未找到原始 S 阶段解析 CSV,UAGMC_SOURCE passenger-only + LQ,84.19,128.76,exp11 同包曲线；训练种子 1；评估种子 123-125,需核对同物理/guard/轨迹；解析值为交接参考，非本次独立复算
exp08,S3__R_SRAC,S3,R_SRAC,1,200000,138.86666666666667,109.3188888888889,7.601111111111112,21.022222222222222,1.0,True,3,3,0.0,0.0,0.0,0.0,serial_runs/uam_lit57p6m_nohold_seed1_20260923_010453/S3__R_SRAC/analysis/checkpoint_curve.csv,MPTC,85.33,项目交接参考；当前归档未找到原始 S 阶段解析 CSV,UAGMC_SOURCE passenger-only + LQ,84.19,128.76,exp11 同包曲线；训练种子 1；评估种子 123-125,需核对同物理/guard/轨迹；解析值为交接参考，非本次独立复算
exp08,S3__R_SRAC,S3,R_SRAC,1,250000,120.70444444444445,92.04555555555555,7.122222222222223,20.608888888888888,1.0,True,3,3,0.0,0.0,0.0,0.0,serial_runs/uam_lit57p6m_nohold_seed1_20260923_010453/S3__R_SRAC/analysis/checkpoint_curve.csv,MPTC,85.33,项目交接参考；当前归档未找到原始 S 阶段解析 CSV,UAGMC_SOURCE passenger-only + LQ,84.19,128.76,exp11 同包曲线；训练种子 1；评估种子 123-125,需核对同物理/guard/轨迹；解析值为交接参考，非本次独立复算
exp08,S3__R_SRAC,S3,R_SRAC,1,300000,134.04444444444445,104.85444444444444,7.397777777777777,20.875555555555557,1.0,True,3,3,0.0,0.0,0.0,0.0,serial_runs/uam_lit57p6m_nohold_seed1_20260923_010453/S3__R_SRAC/analysis/checkpoint_curve.csv,MPTC,85.33,项目交接参考；当前归档未找到原始 S 阶段解析 CSV,UAGMC_SOURCE passenger-only + LQ,84.19,128.76,exp11 同包曲线；训练种子 1；评估种子 123-125,需核对同物理/guard/轨迹；解析值为交接参考，非本次独立复算
exp08,S3__R_SRAC,S3,R_SRAC,1,350000,139.09222222222223,109.84222222222222,7.396666666666666,20.93777777777778,1.0,True,3,3,0.0,0.0,0.0,0.0,serial_runs/uam_lit57p6m_nohold_seed1_20260923_010453/S3__R_SRAC/analysis/checkpoint_curve.csv,MPTC,85.33,项目交接参考；当前归档未找到原始 S 阶段解析 CSV,UAGMC_SOURCE passenger-only + LQ,84.19,128.76,exp11 同包曲线；训练种子 1；评估种子 123-125,需核对同物理/guard/轨迹；解析值为交接参考，非本次独立复算
exp08,S3__R_SRAC,S3,R_SRAC,1,400000,134.56222222222223,105.35333333333334,7.362222222222222,20.924444444444443,1.0,True,3,3,0.0,0.0,0.0,0.0,serial_runs/uam_lit57p6m_nohold_seed1_20260923_010453/S3__R_SRAC/analysis/checkpoint_curve.csv,MPTC,85.33,项目交接参考；当前归档未找到原始 S 阶段解析 CSV,UAGMC_SOURCE passenger-only + LQ,84.19,128.76,exp11 同包曲线；训练种子 1；评估种子 123-125,需核对同物理/guard/轨迹；解析值为交接参考，非本次独立复算
exp08,S3__R_SRAC,S3,R_SRAC,1,450000,126.69222222222221,97.94555555555554,7.205555555555556,20.626666666666665,1.0,True,3,3,0.0,0.0,0.0,0.0,serial_runs/uam_lit57p6m_nohold_seed1_20260923_010453/S3__R_SRAC/analysis/checkpoint_curve.csv,MPTC,85.33,项目交接参考；当前归档未找到原始 S 阶段解析 CSV,UAGMC_SOURCE passenger-only + LQ,84.19,128.76,exp11 同包曲线；训练种子 1；评估种子 123-125,需核对同物理/guard/轨迹；解析值为交接参考，非本次独立复算
exp08,S3__R_SRAC,S3,R_SRAC,1,500000,127.03888888888889,98.15444444444444,7.210000000000001,20.75111111111111,1.0,True,3,3,0.0,0.0,0.0,0.0,serial_runs/uam_lit57p6m_nohold_seed1_20260923_010453/S3__R_SRAC/analysis/checkpoint_curve.csv,MPTC,85.33,项目交接参考；当前归档未找到原始 S 阶段解析 CSV,UAGMC_SOURCE passenger-only + LQ,84.19,128.76,exp11 同包曲线；训练种子 1；评估种子 123-125,需核对同物理/guard/轨迹；解析值为交接参考，非本次独立复算
exp08,S3__R_SRAC,S3,R_SRAC,1,550000,143.39555555555555,114.46888888888888,7.152222222222222,20.844444444444445,1.0,True,3,3,0.0,0.0,0.0,0.0,serial_runs/uam_lit57p6m_nohold_seed1_20260923_010453/S3__R_SRAC/analysis/checkpoint_curve.csv,MPTC,85.33,项目交接参考；当前归档未找到原始 S 阶段解析 CSV,UAGMC_SOURCE passenger-only + LQ,84.19,128.76,exp11 同包曲线；训练种子 1；评估种子 123-125,需核对同物理/guard/轨迹；解析值为交接参考，非本次独立复算
exp08,S3__R_SRAC,S3,R_SRAC,1,600000,130.3811111111111,101.73555555555556,6.983333333333334,20.702222222222222,1.0,True,3,3,0.0,0.0,0.0,0.0,serial_runs/uam_lit57p6m_nohold_seed1_20260923_010453/S3__R_SRAC/analysis/checkpoint_curve.csv,MPTC,85.33,项目交接参考；当前归档未找到原始 S 阶段解析 CSV,UAGMC_SOURCE passenger-only + LQ,84.19,128.76,exp11 同包曲线；训练种子 1；评估种子 123-125,需核对同物理/guard/轨迹；解析值为交接参考，非本次独立复算
exp08,S3__R_TDM,S3,R_TDM,1,50000,133.06555555555556,104.53000000000002,7.016666666666667,20.573333333333334,1.0,True,3,3,0.0,0.0,0.0,0.0,serial_runs/uam_lit57p6m_nohold_seed1_20260923_010453/S3__R_TDM/analysis/checkpoint_curve.csv,MPTC,85.33,项目交接参考；当前归档未找到原始 S 阶段解析 CSV,UAGMC_SOURCE passenger-only + LQ,84.19,128.76,exp11 同包曲线；训练种子 1；评估种子 123-125,需核对同物理/guard/轨迹；解析值为交接参考，非本次独立复算
exp08,S3__R_TDM,S3,R_TDM,1,100000,131.47,102.85666666666667,6.998888888888889,20.644444444444446,1.0,True,3,3,0.0,0.0,0.0,0.0,serial_runs/uam_lit57p6m_nohold_seed1_20260923_010453/S3__R_TDM/analysis/checkpoint_curve.csv,MPTC,85.33,项目交接参考；当前归档未找到原始 S 阶段解析 CSV,UAGMC_SOURCE passenger-only + LQ,84.19,128.76,exp11 同包曲线；训练种子 1；评估种子 123-125,需核对同物理/guard/轨迹；解析值为交接参考，非本次独立复算
exp08,S3__R_TDM,S3,R_TDM,1,150000,84.9088888888889,57.57666666666666,6.536666666666666,19.866666666666664,1.0,True,3,3,0.0,0.0,0.0,0.0,serial_runs/uam_lit57p6m_nohold_seed1_20260923_010453/S3__R_TDM/analysis/checkpoint_curve.csv,MPTC,85.33,项目交接参考；当前归档未找到原始 S 阶段解析 CSV,UAGMC_SOURCE passenger-only + LQ,84.19,128.76,exp11 同包曲线；训练种子 1；评估种子 123-125,需核对同物理/guard/轨迹；解析值为交接参考，非本次独立复算
exp08,S3__R_TDM,S3,R_TDM,1,200000,92.74444444444445,65.36555555555556,6.605555555555555,19.844444444444445,1.0,True,3,3,0.0,0.0,0.0,0.0,serial_runs/uam_lit57p6m_nohold_seed1_20260923_010453/S3__R_TDM/analysis/checkpoint_curve.csv,MPTC,85.33,项目交接参考；当前归档未找到原始 S 阶段解析 CSV,UAGMC_SOURCE passenger-only + LQ,84.19,128.76,exp11 同包曲线；训练种子 1；评估种子 123-125,需核对同物理/guard/轨迹；解析值为交接参考，非本次独立复算
exp08,S3__R_TDM,S3,R_TDM,1,250000,117.96777777777777,89.94333333333334,6.731111111111112,20.360000000000003,1.0,True,3,3,0.0,0.0,0.0,0.0,serial_runs/uam_lit57p6m_nohold_seed1_20260923_010453/S3__R_TDM/analysis/checkpoint_curve.csv,MPTC,85.33,项目交接参考；当前归档未找到原始 S 阶段解析 CSV,UAGMC_SOURCE passenger-only + LQ,84.19,128.76,exp11 同包曲线；训练种子 1；评估种子 123-125,需核对同物理/guard/轨迹；解析值为交接参考，非本次独立复算
exp08,S3__R_TDM,S3,R_TDM,1,300000,102.66555555555556,75.1988888888889,6.53,20.017777777777777,1.0,True,3,3,0.0,0.0,0.0,0.0,serial_runs/uam_lit57p6m_nohold_seed1_20260923_010453/S3__R_TDM/analysis/checkpoint_curve.csv,MPTC,85.33,项目交接参考；当前归档未找到原始 S 阶段解析 CSV,UAGMC_SOURCE passenger-only + LQ,84.19,128.76,exp11 同包曲线；训练种子 1；评估种子 123-125,需核对同物理/guard/轨迹；解析值为交接参考，非本次独立复算
exp08,S3__R_TDM,S3,R_TDM,1,350000,93.7688888888889,65.78888888888889,6.854444444444444,20.2,1.0,True,3,3,0.0,0.0,0.0,0.0,serial_runs/uam_lit57p6m_nohold_seed1_20260923_010453/S3__R_TDM/analysis/checkpoint_curve.csv,MPTC,85.33,项目交接参考；当前归档未找到原始 S 阶段解析 CSV,UAGMC_SOURCE passenger-only + LQ,84.19,128.76,exp11 同包曲线；训练种子 1；评估种子 123-125,需核对同物理/guard/轨迹；解析值为交接参考，非本次独立复算
exp08,S3__R_TDM,S3,R_TDM,1,400000,78.7688888888889,51.428888888888885,6.622222222222223,19.804444444444446,1.0,True,3,3,0.0,0.0,0.0,0.0,serial_runs/uam_lit57p6m_nohold_seed1_20260923_010453/S3__R_TDM/analysis/checkpoint_curve.csv,MPTC,85.33,项目交接参考；当前归档未找到原始 S 阶段解析 CSV,UAGMC_SOURCE passenger-only + LQ,84.19,128.76,exp11 同包曲线；训练种子 1；评估种子 123-125,需核对同物理/guard/轨迹；解析值为交接参考，非本次独立复算
exp08,S3__R_TDM,S3,R_TDM,1,450000,93.21111111111111,65.99333333333333,6.5,19.80888888888889,1.0,True,3,3,0.0,0.0,0.0,0.0,serial_runs/uam_lit57p6m_nohold_seed1_20260923_010453/S3__R_TDM/analysis/checkpoint_curve.csv,MPTC,85.33,项目交接参考；当前归档未找到原始 S 阶段解析 CSV,UAGMC_SOURCE passenger-only + LQ,84.19,128.76,exp11 同包曲线；训练种子 1；评估种子 123-125,需核对同物理/guard/轨迹；解析值为交接参考，非本次独立复算
exp08,S3__R_TDM,S3,R_TDM,1,500000,102.35555555555555,75.17666666666668,6.422222222222222,19.844444444444445,1.0,True,3,3,0.0,0.0,0.0,0.0,serial_runs/uam_lit57p6m_nohold_seed1_20260923_010453/S3__R_TDM/analysis/checkpoint_curve.csv,MPTC,85.33,项目交接参考；当前归档未找到原始 S 阶段解析 CSV,UAGMC_SOURCE passenger-only + LQ,84.19,128.76,exp11 同包曲线；训练种子 1；评估种子 123-125,需核对同物理/guard/轨迹；解析值为交接参考，非本次独立复算
exp08,S3__R_TDM,S3,R_TDM,1,550000,79.47222222222221,52.19,6.609999999999999,19.746666666666666,1.0,True,3,3,0.0,0.0,0.0,0.0,serial_runs/uam_lit57p6m_nohold_seed1_20260923_010453/S3__R_TDM/analysis/checkpoint_curve.csv,MPTC,85.33,项目交接参考；当前归档未找到原始 S 阶段解析 CSV,UAGMC_SOURCE passenger-only + LQ,84.19,128.76,exp11 同包曲线；训练种子 1；评估种子 123-125,需核对同物理/guard/轨迹；解析值为交接参考，非本次独立复算
exp08,S3__R_TDM,S3,R_TDM,1,600000,99.61333333333334,72.19555555555554,6.627777777777777,19.86666666666667,1.0,True,3,3,0.0,0.0,0.0,0.0,serial_runs/uam_lit57p6m_nohold_seed1_20260923_010453/S3__R_TDM/analysis/checkpoint_curve.csv,MPTC,85.33,项目交接参考；当前归档未找到原始 S 阶段解析 CSV,UAGMC_SOURCE passenger-only + LQ,84.19,128.76,exp11 同包曲线；训练种子 1；评估种子 123-125,需核对同物理/guard/轨迹；解析值为交接参考，非本次独立复算
exp08,S3__R_TDM__W_COCO,S3,R_TDM__W_COCO,1,50000,196.63,166.88444444444445,7.433333333333334,21.364444444444445,1.0,True,3,3,0.0,0.0,0.0,0.0,serial_runs/uam_lit57p6m_nohold_seed1_20260923_010453/S3__R_TDM__W_COCO/analysis/checkpoint_curve.csv,MPTC,85.33,项目交接参考；当前归档未找到原始 S 阶段解析 CSV,UAGMC_SOURCE passenger-only + LQ,84.19,128.76,exp11 同包曲线；训练种子 1；评估种子 123-125,需核对同物理/guard/轨迹；解析值为交接参考，非本次独立复算
exp08,S3__R_TDM__W_COCO,S3,R_TDM__W_COCO,1,100000,101.17333333333333,73.94666666666667,6.665555555555556,19.63111111111111,1.0,True,3,3,0.0,0.0,0.0,0.0,serial_runs/uam_lit57p6m_nohold_seed1_20260923_010453/S3__R_TDM__W_COCO/analysis/checkpoint_curve.csv,MPTC,85.33,项目交接参考；当前归档未找到原始 S 阶段解析 CSV,UAGMC_SOURCE passenger-only + LQ,84.19,128.76,exp11 同包曲线；训练种子 1；评估种子 123-125,需核对同物理/guard/轨迹；解析值为交接参考，非本次独立复算
exp08,S3__R_TDM__W_COCO,S3,R_TDM__W_COCO,1,150000,248.70444444444445,218.07000000000002,7.801111111111111,21.866666666666664,1.0,True,3,3,0.0,0.0,0.0,0.0,serial_runs/uam_lit57p6m_nohold_seed1_20260923_010453/S3__R_TDM__W_COCO/analysis/checkpoint_curve.csv,MPTC,85.33,项目交接参考；当前归档未找到原始 S 阶段解析 CSV,UAGMC_SOURCE passenger-only + LQ,84.19,128.76,exp11 同包曲线；训练种子 1；评估种子 123-125,需核对同物理/guard/轨迹；解析值为交接参考，非本次独立复算
exp08,S3__R_TDM__W_COCO,S3,R_TDM__W_COCO,1,200000,117.08111111111111,88.89888888888889,7.085555555555556,20.164444444444445,1.0,True,3,3,0.0,0.0,0.0,0.0,serial_runs/uam_lit57p6m_nohold_seed1_20260923_010453/S3__R_TDM__W_COCO/analysis/checkpoint_curve.csv,MPTC,85.33,项目交接参考；当前归档未找到原始 S 阶段解析 CSV,UAGMC_SOURCE passenger-only + LQ,84.19,128.76,exp11 同包曲线；训练种子 1；评估种子 123-125,需核对同物理/guard/轨迹；解析值为交接参考，非本次独立复算
exp08,S3__R_TDM__W_COCO,S3,R_TDM__W_COCO,1,250000,126.8288888888889,97.94555555555557,7.312222222222222,20.648888888888887,1.0,True,3,3,0.0,0.0,0.0,0.0,serial_runs/uam_lit57p6m_nohold_seed1_20260923_010453/S3__R_TDM__W_COCO/analysis/checkpoint_curve.csv,MPTC,85.33,项目交接参考；当前归档未找到原始 S 阶段解析 CSV,UAGMC_SOURCE passenger-only + LQ,84.19,128.76,exp11 同包曲线；训练种子 1；评估种子 123-125,需核对同物理/guard/轨迹；解析值为交接参考，非本次独立复算
exp08,S3__R_TDM__W_COCO,S3,R_TDM__W_COCO,1,300000,98.11888888888889,70.01222222222222,7.035555555555557,20.14222222222222,1.0,True,3,3,0.0,0.0,0.0,0.0,serial_runs/uam_lit57p6m_nohold_seed1_20260923_010453/S3__R_TDM__W_COCO/analysis/checkpoint_curve.csv,MPTC,85.33,项目交接参考；当前归档未找到原始 S 阶段解析 CSV,UAGMC_SOURCE passenger-only + LQ,84.19,128.76,exp11 同包曲线；训练种子 1；评估种子 123-125,需核对同物理/guard/轨迹；解析值为交接参考，非本次独立复算
exp08,S3__R_TDM__W_COCO,S3,R_TDM__W_COCO,1,350000,89.0111111111111,61.904444444444444,6.63,19.56,1.0,True,3,3,0.0,0.0,0.0,0.0,serial_runs/uam_lit57p6m_nohold_seed1_20260923_010453/S3__R_TDM__W_COCO/analysis/checkpoint_curve.csv,MPTC,85.33,项目交接参考；当前归档未找到原始 S 阶段解析 CSV,UAGMC_SOURCE passenger-only + LQ,84.19,128.76,exp11 同包曲线；训练种子 1；评估种子 123-125,需核对同物理/guard/轨迹；解析值为交接参考，非本次独立复算
exp08,S3__R_TDM__W_COCO,S3,R_TDM__W_COCO,1,400000,97.43777777777778,69.71111111111111,6.816666666666667,19.986666666666665,1.0,True,3,3,0.0,0.0,0.0,0.0,serial_runs/uam_lit57p6m_nohold_seed1_20260923_010453/S3__R_TDM__W_COCO/analysis/checkpoint_curve.csv,MPTC,85.33,项目交接参考；当前归档未找到原始 S 阶段解析 CSV,UAGMC_SOURCE passenger-only + LQ,84.19,128.76,exp11 同包曲线；训练种子 1；评估种子 123-125,需核对同物理/guard/轨迹；解析值为交接参考，非本次独立复算
exp08,S3__R_TDM__W_COCO,S3,R_TDM__W_COCO,1,450000,109.69111111111111,81.68444444444445,6.814444444444444,20.275555555555556,1.0,True,3,3,0.0,0.0,0.0,0.0,serial_runs/uam_lit57p6m_nohold_seed1_20260923_010453/S3__R_TDM__W_COCO/analysis/checkpoint_curve.csv,MPTC,85.33,项目交接参考；当前归档未找到原始 S 阶段解析 CSV,UAGMC_SOURCE passenger-only + LQ,84.19,128.76,exp11 同包曲线；训练种子 1；评估种子 123-125,需核对同物理/guard/轨迹；解析值为交接参考，非本次独立复算
exp08,S3__R_TDM__W_COCO,S3,R_TDM__W_COCO,1,500000,103.71444444444444,75.81222222222222,6.833333333333333,20.14666666666667,1.0,True,3,3,0.0,0.0,0.0,0.0,serial_runs/uam_lit57p6m_nohold_seed1_20260923_010453/S3__R_TDM__W_COCO/analysis/checkpoint_curve.csv,MPTC,85.33,项目交接参考；当前归档未找到原始 S 阶段解析 CSV,UAGMC_SOURCE passenger-only + LQ,84.19,128.76,exp11 同包曲线；训练种子 1；评估种子 123-125,需核对同物理/guard/轨迹；解析值为交接参考，非本次独立复算
exp08,S3__R_TDM__W_COCO,S3,R_TDM__W_COCO,1,550000,84.46111111111111,57.06777777777777,6.646666666666666,19.835555555555555,1.0,True,3,3,0.0,0.0,0.0,0.0,serial_runs/uam_lit57p6m_nohold_seed1_20260923_010453/S3__R_TDM__W_COCO/analysis/checkpoint_curve.csv,MPTC,85.33,项目交接参考；当前归档未找到原始 S 阶段解析 CSV,UAGMC_SOURCE passenger-only + LQ,84.19,128.76,exp11 同包曲线；训练种子 1；评估种子 123-125,需核对同物理/guard/轨迹；解析值为交接参考，非本次独立复算
exp08,S3__R_TDM__W_COCO,S3,R_TDM__W_COCO,1,600000,98.00111111111111,71.12,6.3311111111111105,19.635555555555555,1.0,True,3,3,0.0,0.0,0.0,0.0,serial_runs/uam_lit57p6m_nohold_seed1_20260923_010453/S3__R_TDM__W_COCO/analysis/checkpoint_curve.csv,MPTC,85.33,项目交接参考；当前归档未找到原始 S 阶段解析 CSV,UAGMC_SOURCE passenger-only + LQ,84.19,128.76,exp11 同包曲线；训练种子 1；评估种子 123-125,需核对同物理/guard/轨迹；解析值为交接参考，非本次独立复算
exp08,S3__R_TDM__W_PETS,S3,R_TDM__W_PETS,1,50000,160.22333333333333,133.77555555555554,6.282222222222221,19.20888888888889,1.0,True,3,3,0.0,0.0,0.0,0.0,serial_runs/uam_lit57p6m_nohold_seed1_20260923_010453/S3__R_TDM__W_PETS/analysis/checkpoint_curve.csv,MPTC,85.33,项目交接参考；当前归档未找到原始 S 阶段解析 CSV,UAGMC_SOURCE passenger-only + LQ,84.19,128.76,exp11 同包曲线；训练种子 1；评估种子 123-125,需核对同物理/guard/轨迹；解析值为交接参考，非本次独立复算
exp08,S3__R_TDM__W_PETS,S3,R_TDM__W_PETS,1,100000,83.47666666666667,56.35333333333333,6.579999999999999,19.622222222222224,1.0,True,3,3,0.0,0.0,0.0,0.0,serial_runs/uam_lit57p6m_nohold_seed1_20260923_010453/S3__R_TDM__W_PETS/analysis/checkpoint_curve.csv,MPTC,85.33,项目交接参考；当前归档未找到原始 S 阶段解析 CSV,UAGMC_SOURCE passenger-only + LQ,84.19,128.76,exp11 同包曲线；训练种子 1；评估种子 123-125,需核对同物理/guard/轨迹；解析值为交接参考，非本次独立复算
exp08,S3__R_TDM__W_PETS,S3,R_TDM__W_PETS,1,150000,117.42555555555555,88.82222222222221,7.162222222222223,20.50666666666667,1.0,True,3,3,0.0,0.0,0.0,0.0,serial_runs/uam_lit57p6m_nohold_seed1_20260923_010453/S3__R_TDM__W_PETS/analysis/checkpoint_curve.csv,MPTC,85.33,项目交接参考；当前归档未找到原始 S 阶段解析 CSV,UAGMC_SOURCE passenger-only + LQ,84.19,128.76,exp11 同包曲线；训练种子 1；评估种子 123-125,需核对同物理/guard/轨迹；解析值为交接参考，非本次独立复算
exp08,S3__R_TDM__W_PETS,S3,R_TDM__W_PETS,1,200000,88.93666666666667,61.544444444444444,6.658888888888889,19.804444444444442,1.0,True,3,3,0.0,0.0,0.0,0.0,serial_runs/uam_lit57p6m_nohold_seed1_20260923_010453/S3__R_TDM__W_PETS/analysis/checkpoint_curve.csv,MPTC,85.33,项目交接参考；当前归档未找到原始 S 阶段解析 CSV,UAGMC_SOURCE passenger-only + LQ,84.19,128.76,exp11 同包曲线；训练种子 1；评估种子 123-125,需核对同物理/guard/轨迹；解析值为交接参考，非本次独立复算
exp08,S3__R_TDM__W_PETS,S3,R_TDM__W_PETS,1,250000,80.76777777777778,53.43333333333334,6.636666666666667,19.75111111111111,1.0,True,3,3,0.0,0.0,0.0,0.0,serial_runs/uam_lit57p6m_nohold_seed1_20260923_010453/S3__R_TDM__W_PETS/analysis/checkpoint_curve.csv,MPTC,85.33,项目交接参考；当前归档未找到原始 S 阶段解析 CSV,UAGMC_SOURCE passenger-only + LQ,84.19,128.76,exp11 同包曲线；训练种子 1；评估种子 123-125,需核对同物理/guard/轨迹；解析值为交接参考，非本次独立复算
exp08,S3__R_TDM__W_PETS,S3,R_TDM__W_PETS,1,300000,90.11222222222221,62.17444444444445,6.996666666666667,19.96,1.0,True,3,3,0.0,0.0,0.0,0.0,serial_runs/uam_lit57p6m_nohold_seed1_20260923_010453/S3__R_TDM__W_PETS/analysis/checkpoint_curve.csv,MPTC,85.33,项目交接参考；当前归档未找到原始 S 阶段解析 CSV,UAGMC_SOURCE passenger-only + LQ,84.19,128.76,exp11 同包曲线；训练种子 1；评估种子 123-125,需核对同物理/guard/轨迹；解析值为交接参考，非本次独立复算
exp08,S3__R_TDM__W_PETS,S3,R_TDM__W_PETS,1,350000,85.96555555555555,59.132222222222225,6.359999999999999,19.56,1.0,True,3,3,0.0,0.0,0.0,0.0,serial_runs/uam_lit57p6m_nohold_seed1_20260923_010453/S3__R_TDM__W_PETS/analysis/checkpoint_curve.csv,MPTC,85.33,项目交接参考；当前归档未找到原始 S 阶段解析 CSV,UAGMC_SOURCE passenger-only + LQ,84.19,128.76,exp11 同包曲线；训练种子 1；评估种子 123-125,需核对同物理/guard/轨迹；解析值为交接参考，非本次独立复算
exp08,S3__R_TDM__W_PETS,S3,R_TDM__W_PETS,1,400000,106.22444444444444,78.33888888888889,6.765555555555555,20.191111111111113,1.0,True,3,3,0.0,0.0,0.0,0.0,serial_runs/uam_lit57p6m_nohold_seed1_20260923_010453/S3__R_TDM__W_PETS/analysis/checkpoint_curve.csv,MPTC,85.33,项目交接参考；当前归档未找到原始 S 阶段解析 CSV,UAGMC_SOURCE passenger-only + LQ,84.19,128.76,exp11 同包曲线；训练种子 1；评估种子 123-125,需核对同物理/guard/轨迹；解析值为交接参考，非本次独立复算
exp08,S3__R_TDM__W_PETS,S3,R_TDM__W_PETS,1,450000,129.75444444444443,101.30777777777779,6.967777777777779,20.560000000000002,1.0,True,3,3,0.0,0.0,0.0,0.0,serial_runs/uam_lit57p6m_nohold_seed1_20260923_010453/S3__R_TDM__W_PETS/analysis/checkpoint_curve.csv,MPTC,85.33,项目交接参考；当前归档未找到原始 S 阶段解析 CSV,UAGMC_SOURCE passenger-only + LQ,84.19,128.76,exp11 同包曲线；训练种子 1；评估种子 123-125,需核对同物理/guard/轨迹；解析值为交接参考，非本次独立复算
exp08,S3__R_TDM__W_PETS,S3,R_TDM__W_PETS,1,500000,95.96444444444444,68.8888888888889,6.445555555555555,19.711111111111112,1.0,True,3,3,0.0,0.0,0.0,0.0,serial_runs/uam_lit57p6m_nohold_seed1_20260923_010453/S3__R_TDM__W_PETS/analysis/checkpoint_curve.csv,MPTC,85.33,项目交接参考；当前归档未找到原始 S 阶段解析 CSV,UAGMC_SOURCE passenger-only + LQ,84.19,128.76,exp11 同包曲线；训练种子 1；评估种子 123-125,需核对同物理/guard/轨迹；解析值为交接参考，非本次独立复算
exp08,S3__R_TDM__W_PETS,S3,R_TDM__W_PETS,1,550000,92.19444444444446,65.32222222222224,6.375555555555555,19.582222222222224,1.0,True,3,3,0.0,0.0,0.0,0.0,serial_runs/uam_lit57p6m_nohold_seed1_20260923_010453/S3__R_TDM__W_PETS/analysis/checkpoint_curve.csv,MPTC,85.33,项目交接参考；当前归档未找到原始 S 阶段解析 CSV,UAGMC_SOURCE passenger-only + LQ,84.19,128.76,exp11 同包曲线；训练种子 1；评估种子 123-125,需核对同物理/guard/轨迹；解析值为交接参考，非本次独立复算
exp08,S3__R_TDM__W_PETS,S3,R_TDM__W_PETS,1,600000,133.74444444444444,107.24555555555555,6.215555555555556,19.36888888888889,1.0,True,3,3,0.0,0.0,0.0,0.0,serial_runs/uam_lit57p6m_nohold_seed1_20260923_010453/S3__R_TDM__W_PETS/analysis/checkpoint_curve.csv,MPTC,85.33,项目交接参考；当前归档未找到原始 S 阶段解析 CSV,UAGMC_SOURCE passenger-only + LQ,84.19,128.76,exp11 同包曲线；训练种子 1；评估种子 123-125,需核对同物理/guard/轨迹；解析值为交接参考，非本次独立复算
exp08,S3__R_TDM__W_TAU,S3,R_TDM__W_TAU,1,50000,131.79444444444445,104.77,6.141111111111111,19.977777777777778,1.0,True,3,3,0.0,0.0,0.0,0.0,serial_runs/uam_lit57p6m_nohold_seed1_20260923_010453/S3__R_TDM__W_TAU/analysis/checkpoint_curve.csv,MPTC,85.33,项目交接参考；当前归档未找到原始 S 阶段解析 CSV,UAGMC_SOURCE passenger-only + LQ,84.19,128.76,exp11 同包曲线；训练种子 1；评估种子 123-125,需核对同物理/guard/轨迹；解析值为交接参考，非本次独立复算
exp08,S3__R_TDM__W_TAU,S3,R_TDM__W_TAU,1,100000,143.04777777777778,114.53444444444445,6.894444444444445,20.706666666666667,1.0,True,3,3,0.0,0.0,0.0,0.0,serial_runs/uam_lit57p6m_nohold_seed1_20260923_010453/S3__R_TDM__W_TAU/analysis/checkpoint_curve.csv,MPTC,85.33,项目交接参考；当前归档未找到原始 S 阶段解析 CSV,UAGMC_SOURCE passenger-only + LQ,84.19,128.76,exp11 同包曲线；训练种子 1；评估种子 123-125,需核对同物理/guard/轨迹；解析值为交接参考，非本次独立复算
exp08,S3__R_TDM__W_TAU,S3,R_TDM__W_TAU,1,150000,112.68555555555555,85.34333333333332,6.566666666666667,19.87111111111111,1.0,True,3,3,0.0,0.0,0.0,0.0,serial_runs/uam_lit57p6m_nohold_seed1_20260923_010453/S3__R_TDM__W_TAU/analysis/checkpoint_curve.csv,MPTC,85.33,项目交接参考；当前归档未找到原始 S 阶段解析 CSV,UAGMC_SOURCE passenger-only + LQ,84.19,128.76,exp11 同包曲线；训练种子 1；评估种子 123-125,需核对同物理/guard/轨迹；解析值为交接参考，非本次独立复算
exp08,S3__R_TDM__W_TAU,S3,R_TDM__W_TAU,1,200000,117.74444444444445,89.77111111111111,6.7988888888888885,20.262222222222224,1.0,True,3,3,0.0,0.0,0.0,0.0,serial_runs/uam_lit57p6m_nohold_seed1_20260923_010453/S3__R_TDM__W_TAU/analysis/checkpoint_curve.csv,MPTC,85.33,项目交接参考；当前归档未找到原始 S 阶段解析 CSV,UAGMC_SOURCE passenger-only + LQ,84.19,128.76,exp11 同包曲线；训练种子 1；评估种子 123-125,需核对同物理/guard/轨迹；解析值为交接参考，非本次独立复算
exp08,S3__R_TDM__W_TAU,S3,R_TDM__W_TAU,1,250000,83.17333333333333,55.76333333333334,6.753333333333333,19.720000000000002,1.0,True,3,3,0.0,0.0,0.0,0.0,serial_runs/uam_lit57p6m_nohold_seed1_20260923_010453/S3__R_TDM__W_TAU/analysis/checkpoint_curve.csv,MPTC,85.33,项目交接参考；当前归档未找到原始 S 阶段解析 CSV,UAGMC_SOURCE passenger-only + LQ,84.19,128.76,exp11 同包曲线；训练种子 1；评估种子 123-125,需核对同物理/guard/轨迹；解析值为交接参考，非本次独立复算
exp08,S3__R_TDM__W_TAU,S3,R_TDM__W_TAU,1,300000,85.74333333333334,57.958888888888886,6.916666666666667,19.942222222222224,1.0,True,3,3,0.0,0.0,0.0,0.0,serial_runs/uam_lit57p6m_nohold_seed1_20260923_010453/S3__R_TDM__W_TAU/analysis/checkpoint_curve.csv,MPTC,85.33,项目交接参考；当前归档未找到原始 S 阶段解析 CSV,UAGMC_SOURCE passenger-only + LQ,84.19,128.76,exp11 同包曲线；训练种子 1；评估种子 123-125,需核对同物理/guard/轨迹；解析值为交接参考，非本次独立复算
exp08,S3__R_TDM__W_TAU,S3,R_TDM__W_TAU,1,350000,149.0811111111111,119.6811111111111,7.381111111111111,21.084444444444443,1.0,True,3,3,0.0,0.0,0.0,0.0,serial_runs/uam_lit57p6m_nohold_seed1_20260923_010453/S3__R_TDM__W_TAU/analysis/checkpoint_curve.csv,MPTC,85.33,项目交接参考；当前归档未找到原始 S 阶段解析 CSV,UAGMC_SOURCE passenger-only + LQ,84.19,128.76,exp11 同包曲线；训练种子 1；评估种子 123-125,需核对同物理/guard/轨迹；解析值为交接参考，非本次独立复算
exp08,S3__R_TDM__W_TAU,S3,R_TDM__W_TAU,1,400000,116.71333333333332,88.37777777777778,6.955555555555556,20.462222222222223,1.0,True,3,3,0.0,0.0,0.0,0.0,serial_runs/uam_lit57p6m_nohold_seed1_20260923_010453/S3__R_TDM__W_TAU/analysis/checkpoint_curve.csv,MPTC,85.33,项目交接参考；当前归档未找到原始 S 阶段解析 CSV,UAGMC_SOURCE passenger-only + LQ,84.19,128.76,exp11 同包曲线；训练种子 1；评估种子 123-125,需核对同物理/guard/轨迹；解析值为交接参考，非本次独立复算
exp08,S3__R_TDM__W_TAU,S3,R_TDM__W_TAU,1,450000,123.45333333333333,94.90222222222224,6.988888888888888,20.635555555555555,1.0,True,3,3,0.0,0.0,0.0,0.0,serial_runs/uam_lit57p6m_nohold_seed1_20260923_010453/S3__R_TDM__W_TAU/analysis/checkpoint_curve.csv,MPTC,85.33,项目交接参考；当前归档未找到原始 S 阶段解析 CSV,UAGMC_SOURCE passenger-only + LQ,84.19,128.76,exp11 同包曲线；训练种子 1；评估种子 123-125,需核对同物理/guard/轨迹；解析值为交接参考，非本次独立复算
exp08,S3__R_TDM__W_TAU,S3,R_TDM__W_TAU,1,500000,128.02666666666667,99.25888888888888,7.184444444444445,20.648888888888887,1.0,True,3,3,0.0,0.0,0.0,0.0,serial_runs/uam_lit57p6m_nohold_seed1_20260923_010453/S3__R_TDM__W_TAU/analysis/checkpoint_curve.csv,MPTC,85.33,项目交接参考；当前归档未找到原始 S 阶段解析 CSV,UAGMC_SOURCE passenger-only + LQ,84.19,128.76,exp11 同包曲线；训练种子 1；评估种子 123-125,需核对同物理/guard/轨迹；解析值为交接参考，非本次独立复算
exp08,S3__R_TDM__W_TAU,S3,R_TDM__W_TAU,1,550000,114.11777777777776,85.59555555555556,7.080000000000001,20.524444444444445,1.0,True,3,3,0.0,0.0,0.0,0.0,serial_runs/uam_lit57p6m_nohold_seed1_20260923_010453/S3__R_TDM__W_TAU/analysis/checkpoint_curve.csv,MPTC,85.33,项目交接参考；当前归档未找到原始 S 阶段解析 CSV,UAGMC_SOURCE passenger-only + LQ,84.19,128.76,exp11 同包曲线；训练种子 1；评估种子 123-125,需核对同物理/guard/轨迹；解析值为交接参考，非本次独立复算
exp08,S3__R_TDM__W_TAU,S3,R_TDM__W_TAU,1,600000,158.15,128.70777777777778,7.46,21.057777777777776,1.0,True,3,3,0.0,0.0,0.0,0.0,serial_runs/uam_lit57p6m_nohold_seed1_20260923_010453/S3__R_TDM__W_TAU/analysis/checkpoint_curve.csv,MPTC,85.33,项目交接参考；当前归档未找到原始 S 阶段解析 CSV,UAGMC_SOURCE passenger-only + LQ,84.19,128.76,exp11 同包曲线；训练种子 1；评估种子 123-125,需核对同物理/guard/轨迹；解析值为交接参考，非本次独立复算
exp08,S3__R_TDM__W_VE,S3,R_TDM__W_VE,1,50000,99.30888888888889,72.58666666666666,6.282222222222223,19.52,1.0,True,3,3,0.0,0.0,0.0,0.0,serial_runs/uam_lit57p6m_nohold_seed1_20260923_010453/S3__R_TDM__W_VE/analysis/checkpoint_curve.csv,MPTC,85.33,项目交接参考；当前归档未找到原始 S 阶段解析 CSV,UAGMC_SOURCE passenger-only + LQ,84.19,128.76,exp11 同包曲线；训练种子 1；评估种子 123-125,需核对同物理/guard/轨迹；解析值为交接参考，非本次独立复算
exp08,S3__R_TDM__W_VE,S3,R_TDM__W_VE,1,100000,99.78555555555556,71.98777777777777,6.601111111111112,20.213333333333335,1.0,True,3,3,0.0,0.0,0.0,0.0,serial_runs/uam_lit57p6m_nohold_seed1_20260923_010453/S3__R_TDM__W_VE/analysis/checkpoint_curve.csv,MPTC,85.33,项目交接参考；当前归档未找到原始 S 阶段解析 CSV,UAGMC_SOURCE passenger-only + LQ,84.19,128.76,exp11 同包曲线；训练种子 1；评估种子 123-125,需核对同物理/guard/轨迹；解析值为交接参考，非本次独立复算
exp08,S3__R_TDM__W_VE,S3,R_TDM__W_VE,1,150000,81.7688888888889,54.77111111111111,6.4877777777777785,19.53777777777778,1.0,True,3,3,0.0,0.0,0.0,0.0,serial_runs/uam_lit57p6m_nohold_seed1_20260923_010453/S3__R_TDM__W_VE/analysis/checkpoint_curve.csv,MPTC,85.33,项目交接参考；当前归档未找到原始 S 阶段解析 CSV,UAGMC_SOURCE passenger-only + LQ,84.19,128.76,exp11 同包曲线；训练种子 1；评估种子 123-125,需核对同物理/guard/轨迹；解析值为交接参考，非本次独立复算
exp08,S3__R_TDM__W_VE,S3,R_TDM__W_VE,1,200000,82.92888888888889,55.66,6.635555555555555,19.662222222222223,1.0,True,3,3,0.0,0.0,0.0,0.0,serial_runs/uam_lit57p6m_nohold_seed1_20260923_010453/S3__R_TDM__W_VE/analysis/checkpoint_curve.csv,MPTC,85.33,项目交接参考；当前归档未找到原始 S 阶段解析 CSV,UAGMC_SOURCE passenger-only + LQ,84.19,128.76,exp11 同包曲线；训练种子 1；评估种子 123-125,需核对同物理/guard/轨迹；解析值为交接参考，非本次独立复算
exp08,S3__R_TDM__W_VE,S3,R_TDM__W_VE,1,250000,81.32111111111111,54.342222222222226,6.553333333333334,19.49777777777778,1.0,True,3,3,0.0,0.0,0.0,0.0,serial_runs/uam_lit57p6m_nohold_seed1_20260923_010453/S3__R_TDM__W_VE/analysis/checkpoint_curve.csv,MPTC,85.33,项目交接参考；当前归档未找到原始 S 阶段解析 CSV,UAGMC_SOURCE passenger-only + LQ,84.19,128.76,exp11 同包曲线；训练种子 1；评估种子 123-125,需核对同物理/guard/轨迹；解析值为交接参考，非本次独立复算
exp08,S3__R_TDM__W_VE,S3,R_TDM__W_VE,1,300000,77.25888888888889,50.21333333333333,6.566666666666667,19.52888888888889,1.0,True,3,3,0.0,0.0,0.0,0.0,serial_runs/uam_lit57p6m_nohold_seed1_20260923_010453/S3__R_TDM__W_VE/analysis/checkpoint_curve.csv,MPTC,85.33,项目交接参考；当前归档未找到原始 S 阶段解析 CSV,UAGMC_SOURCE passenger-only + LQ,84.19,128.76,exp11 同包曲线；训练种子 1；评估种子 123-125,需核对同物理/guard/轨迹；解析值为交接参考，非本次独立复算
exp08,S3__R_TDM__W_VE,S3,R_TDM__W_VE,1,350000,135.18111111111114,106.19666666666667,7.204444444444444,20.853333333333335,1.0,True,3,3,0.0,0.0,0.0,0.0,serial_runs/uam_lit57p6m_nohold_seed1_20260923_010453/S3__R_TDM__W_VE/analysis/checkpoint_curve.csv,MPTC,85.33,项目交接参考；当前归档未找到原始 S 阶段解析 CSV,UAGMC_SOURCE passenger-only + LQ,84.19,128.76,exp11 同包曲线；训练种子 1；评估种子 123-125,需核对同物理/guard/轨迹；解析值为交接参考，非本次独立复算
exp08,S3__R_TDM__W_VE,S3,R_TDM__W_VE,1,400000,123.67333333333333,95.05999999999999,7.208888888888889,20.48,1.0,True,3,3,0.0,0.0,0.0,0.0,serial_runs/uam_lit57p6m_nohold_seed1_20260923_010453/S3__R_TDM__W_VE/analysis/checkpoint_curve.csv,MPTC,85.33,项目交接参考；当前归档未找到原始 S 阶段解析 CSV,UAGMC_SOURCE passenger-only + LQ,84.19,128.76,exp11 同包曲线；训练种子 1；评估种子 123-125,需核对同物理/guard/轨迹；解析值为交接参考，非本次独立复算
exp08,S3__R_TDM__W_VE,S3,R_TDM__W_VE,1,450000,110.83111111111111,82.12555555555555,7.323333333333333,20.462222222222223,1.0,True,3,3,0.0,0.0,0.0,0.0,serial_runs/uam_lit57p6m_nohold_seed1_20260923_010453/S3__R_TDM__W_VE/analysis/checkpoint_curve.csv,MPTC,85.33,项目交接参考；当前归档未找到原始 S 阶段解析 CSV,UAGMC_SOURCE passenger-only + LQ,84.19,128.76,exp11 同包曲线；训练种子 1；评估种子 123-125,需核对同物理/guard/轨迹；解析值为交接参考，非本次独立复算
exp08,S3__R_TDM__W_VE,S3,R_TDM__W_VE,1,500000,136.25777777777776,107.21222222222222,7.345555555555555,20.733333333333334,1.0,True,3,3,0.0,0.0,0.0,0.0,serial_runs/uam_lit57p6m_nohold_seed1_20260923_010453/S3__R_TDM__W_VE/analysis/checkpoint_curve.csv,MPTC,85.33,项目交接参考；当前归档未找到原始 S 阶段解析 CSV,UAGMC_SOURCE passenger-only + LQ,84.19,128.76,exp11 同包曲线；训练种子 1；评估种子 123-125,需核对同物理/guard/轨迹；解析值为交接参考，非本次独立复算
exp08,S3__R_TDM__W_VE,S3,R_TDM__W_VE,1,550000,120.17888888888888,91.77,7.108888888888889,20.377777777777776,1.0,True,3,3,0.0,0.0,0.0,0.0,serial_runs/uam_lit57p6m_nohold_seed1_20260923_010453/S3__R_TDM__W_VE/analysis/checkpoint_curve.csv,MPTC,85.33,项目交接参考；当前归档未找到原始 S 阶段解析 CSV,UAGMC_SOURCE passenger-only + LQ,84.19,128.76,exp11 同包曲线；训练种子 1；评估种子 123-125,需核对同物理/guard/轨迹；解析值为交接参考，非本次独立复算
exp08,S3__R_TDM__W_VE,S3,R_TDM__W_VE,1,600000,118.04777777777777,89.79777777777777,6.961111111111111,20.36,1.0,True,3,3,0.0,0.0,0.0,0.0,serial_runs/uam_lit57p6m_nohold_seed1_20260923_010453/S3__R_TDM__W_VE/analysis/checkpoint_curve.csv,MPTC,85.33,项目交接参考；当前归档未找到原始 S 阶段解析 CSV,UAGMC_SOURCE passenger-only + LQ,84.19,128.76,exp11 同包曲线；训练种子 1；评估种子 123-125,需核对同物理/guard/轨迹；解析值为交接参考，非本次独立复算
