experiment,cell,env,method,train_seed,step,att_min,awt_min,agt_min,aft_min,completion_rate,full_completion,n_eval_seeds,n_valid,passenger_v0_share,passenger_v1_share,aircraft_v0_share,aircraft_v1_share,source,analytic_baseline,analytic_att_min,analytic_evidence,uagmc_baseline,uagmc_best_att_min,uagmc_final_att_min,uagmc_evidence,baseline_comparability_note
exp11,S1__UAGMC_SOURCE,S1,UAGMC_SOURCE,1,50000,66.37333333333333,38.806666666666665,,,1.0,True,,3,,,,,exp11_s3_litupgrade20_12m__analysis.zip!BASELINE_S123_1/uagmc/S1__UAGMC_SOURCE/analysis/checkpoint_curve.csv,QTTI2,58.24,项目交接参考；当前归档未找到原始 S 阶段解析 CSV,UAGMC_SOURCE passenger-only + LQ,63.61,65.21,本矩阵同包实测；训练种子 1；评估种子 123-125,需核对同物理/guard/轨迹；解析值为交接参考，非本次独立复算
exp11,S1__UAGMC_SOURCE,S1,UAGMC_SOURCE,1,100000,69.06,41.577777777777776,,,1.0,True,,3,,,,,exp11_s3_litupgrade20_12m__analysis.zip!BASELINE_S123_1/uagmc/S1__UAGMC_SOURCE/analysis/checkpoint_curve.csv,QTTI2,58.24,项目交接参考；当前归档未找到原始 S 阶段解析 CSV,UAGMC_SOURCE passenger-only + LQ,63.61,65.21,本矩阵同包实测；训练种子 1；评估种子 123-125,需核对同物理/guard/轨迹；解析值为交接参考，非本次独立复算
exp11,S1__UAGMC_SOURCE,S1,UAGMC_SOURCE,1,150000,69.73333333333333,40.51,,,1.0,True,,3,,,,,exp11_s3_litupgrade20_12m__analysis.zip!BASELINE_S123_1/uagmc/S1__UAGMC_SOURCE/analysis/checkpoint_curve.csv,QTTI2,58.24,项目交接参考；当前归档未找到原始 S 阶段解析 CSV,UAGMC_SOURCE passenger-only + LQ,63.61,65.21,本矩阵同包实测；训练种子 1；评估种子 123-125,需核对同物理/guard/轨迹；解析值为交接参考，非本次独立复算
exp11,S1__UAGMC_SOURCE,S1,UAGMC_SOURCE,1,200000,69.83333333333333,40.6,,,1.0,True,,3,,,,,exp11_s3_litupgrade20_12m__analysis.zip!BASELINE_S123_1/uagmc/S1__UAGMC_SOURCE/analysis/checkpoint_curve.csv,QTTI2,58.24,项目交接参考；当前归档未找到原始 S 阶段解析 CSV,UAGMC_SOURCE passenger-only + LQ,63.61,65.21,本矩阵同包实测；训练种子 1；评估种子 123-125,需核对同物理/guard/轨迹；解析值为交接参考，非本次独立复算
exp11,S1__UAGMC_SOURCE,S1,UAGMC_SOURCE,1,250000,71.66333333333333,41.653333333333336,,,1.0,True,,3,,,,,exp11_s3_litupgrade20_12m__analysis.zip!BASELINE_S123_1/uagmc/S1__UAGMC_SOURCE/analysis/checkpoint_curve.csv,QTTI2,58.24,项目交接参考；当前归档未找到原始 S 阶段解析 CSV,UAGMC_SOURCE passenger-only + LQ,63.61,65.21,本矩阵同包实测；训练种子 1；评估种子 123-125,需核对同物理/guard/轨迹；解析值为交接参考，非本次独立复算
exp11,S1__UAGMC_SOURCE,S1,UAGMC_SOURCE,1,300000,65.70777777777778,35.87444444444444,,,1.0,True,,3,,,,,exp11_s3_litupgrade20_12m__analysis.zip!BASELINE_S123_1/uagmc/S1__UAGMC_SOURCE/analysis/checkpoint_curve.csv,QTTI2,58.24,项目交接参考；当前归档未找到原始 S 阶段解析 CSV,UAGMC_SOURCE passenger-only + LQ,63.61,65.21,本矩阵同包实测；训练种子 1；评估种子 123-125,需核对同物理/guard/轨迹；解析值为交接参考，非本次独立复算
exp11,S1__UAGMC_SOURCE,S1,UAGMC_SOURCE,1,350000,69.07777777777778,39.29555555555555,,,1.0,True,,3,,,,,exp11_s3_litupgrade20_12m__analysis.zip!BASELINE_S123_1/uagmc/S1__UAGMC_SOURCE/analysis/checkpoint_curve.csv,QTTI2,58.24,项目交接参考；当前归档未找到原始 S 阶段解析 CSV,UAGMC_SOURCE passenger-only + LQ,63.61,65.21,本矩阵同包实测；训练种子 1；评估种子 123-125,需核对同物理/guard/轨迹；解析值为交接参考，非本次独立复算
exp11,S1__UAGMC_SOURCE,S1,UAGMC_SOURCE,1,400000,63.84,34.39666666666667,,,1.0,True,,3,,,,,exp11_s3_litupgrade20_12m__analysis.zip!BASELINE_S123_1/uagmc/S1__UAGMC_SOURCE/analysis/checkpoint_curve.csv,QTTI2,58.24,项目交接参考；当前归档未找到原始 S 阶段解析 CSV,UAGMC_SOURCE passenger-only + LQ,63.61,65.21,本矩阵同包实测；训练种子 1；评估种子 123-125,需核对同物理/guard/轨迹；解析值为交接参考，非本次独立复算
exp11,S1__UAGMC_SOURCE,S1,UAGMC_SOURCE,1,450000,66.97666666666667,37.29,,,1.0,True,,3,,,,,exp11_s3_litupgrade20_12m__analysis.zip!BASELINE_S123_1/uagmc/S1__UAGMC_SOURCE/analysis/checkpoint_curve.csv,QTTI2,58.24,项目交接参考；当前归档未找到原始 S 阶段解析 CSV,UAGMC_SOURCE passenger-only + LQ,63.61,65.21,本矩阵同包实测；训练种子 1；评估种子 123-125,需核对同物理/guard/轨迹；解析值为交接参考，非本次独立复算
exp11,S1__UAGMC_SOURCE,S1,UAGMC_SOURCE,1,500000,65.98888888888888,36.19777777777778,,,1.0,True,,3,,,,,exp11_s3_litupgrade20_12m__analysis.zip!BASELINE_S123_1/uagmc/S1__UAGMC_SOURCE/analysis/checkpoint_curve.csv,QTTI2,58.24,项目交接参考；当前归档未找到原始 S 阶段解析 CSV,UAGMC_SOURCE passenger-only + LQ,63.61,65.21,本矩阵同包实测；训练种子 1；评估种子 123-125,需核对同物理/guard/轨迹；解析值为交接参考，非本次独立复算
exp11,S1__UAGMC_SOURCE,S1,UAGMC_SOURCE,1,550000,63.60666666666666,33.98111111111111,,,1.0,True,,3,,,,,exp11_s3_litupgrade20_12m__analysis.zip!BASELINE_S123_1/uagmc/S1__UAGMC_SOURCE/analysis/checkpoint_curve.csv,QTTI2,58.24,项目交接参考；当前归档未找到原始 S 阶段解析 CSV,UAGMC_SOURCE passenger-only + LQ,63.61,65.21,本矩阵同包实测；训练种子 1；评估种子 123-125,需核对同物理/guard/轨迹；解析值为交接参考，非本次独立复算
exp11,S1__UAGMC_SOURCE,S1,UAGMC_SOURCE,1,600000,65.21333333333334,35.97666666666667,,,1.0,True,,3,,,,,exp11_s3_litupgrade20_12m__analysis.zip!BASELINE_S123_1/uagmc/S1__UAGMC_SOURCE/analysis/checkpoint_curve.csv,QTTI2,58.24,项目交接参考；当前归档未找到原始 S 阶段解析 CSV,UAGMC_SOURCE passenger-only + LQ,63.61,65.21,本矩阵同包实测；训练种子 1；评估种子 123-125,需核对同物理/guard/轨迹；解析值为交接参考，非本次独立复算
exp11,S2__UAGMC_SOURCE,S2,UAGMC_SOURCE,1,50000,69.01222222222223,40.550000000000004,,,1.0,True,,3,,,,,exp11_s3_litupgrade20_12m__analysis.zip!BASELINE_S123_1/uagmc/S2__UAGMC_SOURCE/analysis/checkpoint_curve.csv,STTF,66.19,项目交接参考；当前归档未找到原始 S 阶段解析 CSV,UAGMC_SOURCE passenger-only + LQ,64.31,67.17,本矩阵同包实测；训练种子 1；评估种子 123-125,需核对同物理/guard/轨迹；解析值为交接参考，非本次独立复算
exp11,S2__UAGMC_SOURCE,S2,UAGMC_SOURCE,1,100000,67.06111111111112,39.99888888888889,,,1.0,True,,3,,,,,exp11_s3_litupgrade20_12m__analysis.zip!BASELINE_S123_1/uagmc/S2__UAGMC_SOURCE/analysis/checkpoint_curve.csv,STTF,66.19,项目交接参考；当前归档未找到原始 S 阶段解析 CSV,UAGMC_SOURCE passenger-only + LQ,64.31,67.17,本矩阵同包实测；训练种子 1；评估种子 123-125,需核对同物理/guard/轨迹；解析值为交接参考，非本次独立复算
exp11,S2__UAGMC_SOURCE,S2,UAGMC_SOURCE,1,150000,66.65333333333332,38.71,,,1.0,True,,3,,,,,exp11_s3_litupgrade20_12m__analysis.zip!BASELINE_S123_1/uagmc/S2__UAGMC_SOURCE/analysis/checkpoint_curve.csv,STTF,66.19,项目交接参考；当前归档未找到原始 S 阶段解析 CSV,UAGMC_SOURCE passenger-only + LQ,64.31,67.17,本矩阵同包实测；训练种子 1；评估种子 123-125,需核对同物理/guard/轨迹；解析值为交接参考，非本次独立复算
exp11,S2__UAGMC_SOURCE,S2,UAGMC_SOURCE,1,200000,64.31333333333333,36.336666666666666,,,1.0,True,,3,,,,,exp11_s3_litupgrade20_12m__analysis.zip!BASELINE_S123_1/uagmc/S2__UAGMC_SOURCE/analysis/checkpoint_curve.csv,STTF,66.19,项目交接参考；当前归档未找到原始 S 阶段解析 CSV,UAGMC_SOURCE passenger-only + LQ,64.31,67.17,本矩阵同包实测；训练种子 1；评估种子 123-125,需核对同物理/guard/轨迹；解析值为交接参考，非本次独立复算
exp11,S2__UAGMC_SOURCE,S2,UAGMC_SOURCE,1,250000,68.65777777777777,40.46,,,1.0,True,,3,,,,,exp11_s3_litupgrade20_12m__analysis.zip!BASELINE_S123_1/uagmc/S2__UAGMC_SOURCE/analysis/checkpoint_curve.csv,STTF,66.19,项目交接参考；当前归档未找到原始 S 阶段解析 CSV,UAGMC_SOURCE passenger-only + LQ,64.31,67.17,本矩阵同包实测；训练种子 1；评估种子 123-125,需核对同物理/guard/轨迹；解析值为交接参考，非本次独立复算
exp11,S2__UAGMC_SOURCE,S2,UAGMC_SOURCE,1,300000,67.75666666666666,39.40111111111111,,,1.0,True,,3,,,,,exp11_s3_litupgrade20_12m__analysis.zip!BASELINE_S123_1/uagmc/S2__UAGMC_SOURCE/analysis/checkpoint_curve.csv,STTF,66.19,项目交接参考；当前归档未找到原始 S 阶段解析 CSV,UAGMC_SOURCE passenger-only + LQ,64.31,67.17,本矩阵同包实测；训练种子 1；评估种子 123-125,需核对同物理/guard/轨迹；解析值为交接参考，非本次独立复算
exp11,S2__UAGMC_SOURCE,S2,UAGMC_SOURCE,1,350000,74.45555555555556,44.54888888888889,,,1.0,True,,3,,,,,exp11_s3_litupgrade20_12m__analysis.zip!BASELINE_S123_1/uagmc/S2__UAGMC_SOURCE/analysis/checkpoint_curve.csv,STTF,66.19,项目交接参考；当前归档未找到原始 S 阶段解析 CSV,UAGMC_SOURCE passenger-only + LQ,64.31,67.17,本矩阵同包实测；训练种子 1；评估种子 123-125,需核对同物理/guard/轨迹；解析值为交接参考，非本次独立复算
exp11,S2__UAGMC_SOURCE,S2,UAGMC_SOURCE,1,400000,70.12444444444445,41.22111111111111,,,1.0,True,,3,,,,,exp11_s3_litupgrade20_12m__analysis.zip!BASELINE_S123_1/uagmc/S2__UAGMC_SOURCE/analysis/checkpoint_curve.csv,STTF,66.19,项目交接参考；当前归档未找到原始 S 阶段解析 CSV,UAGMC_SOURCE passenger-only + LQ,64.31,67.17,本矩阵同包实测；训练种子 1；评估种子 123-125,需核对同物理/guard/轨迹；解析值为交接参考，非本次独立复算
exp11,S2__UAGMC_SOURCE,S2,UAGMC_SOURCE,1,450000,77.73333333333333,46.75777777777777,,,1.0,True,,3,,,,,exp11_s3_litupgrade20_12m__analysis.zip!BASELINE_S123_1/uagmc/S2__UAGMC_SOURCE/analysis/checkpoint_curve.csv,STTF,66.19,项目交接参考；当前归档未找到原始 S 阶段解析 CSV,UAGMC_SOURCE passenger-only + LQ,64.31,67.17,本矩阵同包实测；训练种子 1；评估种子 123-125,需核对同物理/guard/轨迹；解析值为交接参考，非本次独立复算
exp11,S2__UAGMC_SOURCE,S2,UAGMC_SOURCE,1,500000,80.76222222222223,49.69666666666666,,,1.0,True,,3,,,,,exp11_s3_litupgrade20_12m__analysis.zip!BASELINE_S123_1/uagmc/S2__UAGMC_SOURCE/analysis/checkpoint_curve.csv,STTF,66.19,项目交接参考；当前归档未找到原始 S 阶段解析 CSV,UAGMC_SOURCE passenger-only + LQ,64.31,67.17,本矩阵同包实测；训练种子 1；评估种子 123-125,需核对同物理/guard/轨迹；解析值为交接参考，非本次独立复算
exp11,S2__UAGMC_SOURCE,S2,UAGMC_SOURCE,1,550000,65.21222222222222,37.092222222222226,,,1.0,True,,3,,,,,exp11_s3_litupgrade20_12m__analysis.zip!BASELINE_S123_1/uagmc/S2__UAGMC_SOURCE/analysis/checkpoint_curve.csv,STTF,66.19,项目交接参考；当前归档未找到原始 S 阶段解析 CSV,UAGMC_SOURCE passenger-only + LQ,64.31,67.17,本矩阵同包实测；训练种子 1；评估种子 123-125,需核对同物理/guard/轨迹；解析值为交接参考，非本次独立复算
exp11,S2__UAGMC_SOURCE,S2,UAGMC_SOURCE,1,600000,67.16555555555556,39.87444444444444,,,1.0,True,,3,,,,,exp11_s3_litupgrade20_12m__analysis.zip!BASELINE_S123_1/uagmc/S2__UAGMC_SOURCE/analysis/checkpoint_curve.csv,STTF,66.19,项目交接参考；当前归档未找到原始 S 阶段解析 CSV,UAGMC_SOURCE passenger-only + LQ,64.31,67.17,本矩阵同包实测；训练种子 1；评估种子 123-125,需核对同物理/guard/轨迹；解析值为交接参考，非本次独立复算
exp11,S3__AW_ANCHORQ_VALUECTRL,S3,AW_ANCHORQ_VALUECTRL,1,50000,137.14000000000001,110.43222222222221,5.785555555555555,20.00888888888889,1.0,True,3,3,0.0,0.0,0.0,0.0,exp11_s3_litupgrade20_12m__analysis.zip!LITUPGRADE20/S3__AW_ANCHORQ_VALUECTRL/analysis/checkpoint_curve.csv,MPTC,85.33,项目交接参考；当前归档未找到原始 S 阶段解析 CSV,UAGMC_SOURCE passenger-only + LQ,84.19,128.76,本矩阵同包实测；训练种子 1；评估种子 123-125,需核对同物理/guard/轨迹；解析值为交接参考，非本次独立复算
exp11,S3__AW_ANCHORQ_VALUECTRL,S3,AW_ANCHORQ_VALUECTRL,1,100000,117.42333333333333,88.86555555555556,6.723333333333334,20.88,1.0,True,3,3,0.0,0.0,0.0,0.0,exp11_s3_litupgrade20_12m__analysis.zip!LITUPGRADE20/S3__AW_ANCHORQ_VALUECTRL/analysis/checkpoint_curve.csv,MPTC,85.33,项目交接参考；当前归档未找到原始 S 阶段解析 CSV,UAGMC_SOURCE passenger-only + LQ,84.19,128.76,本矩阵同包实测；训练种子 1；评估种子 123-125,需核对同物理/guard/轨迹；解析值为交接参考，非本次独立复算
exp11,S3__AW_ANCHORQ_VALUECTRL,S3,AW_ANCHORQ_VALUECTRL,1,150000,136.90555555555557,108.44777777777777,6.6066666666666665,20.884444444444444,1.0,True,3,3,0.0,0.0,0.0,0.0,exp11_s3_litupgrade20_12m__analysis.zip!LITUPGRADE20/S3__AW_ANCHORQ_VALUECTRL/analysis/checkpoint_curve.csv,MPTC,85.33,项目交接参考；当前归档未找到原始 S 阶段解析 CSV,UAGMC_SOURCE passenger-only + LQ,84.19,128.76,本矩阵同包实测；训练种子 1；评估种子 123-125,需核对同物理/guard/轨迹；解析值为交接参考，非本次独立复算
exp11,S3__AW_ANCHORQ_VALUECTRL,S3,AW_ANCHORQ_VALUECTRL,1,200000,150.86444444444444,121.53222222222223,7.075555555555556,21.28,1.0,True,3,3,0.0,0.0,0.0,0.0,exp11_s3_litupgrade20_12m__analysis.zip!LITUPGRADE20/S3__AW_ANCHORQ_VALUECTRL/analysis/checkpoint_curve.csv,MPTC,85.33,项目交接参考；当前归档未找到原始 S 阶段解析 CSV,UAGMC_SOURCE passenger-only + LQ,84.19,128.76,本矩阵同包实测；训练种子 1；评估种子 123-125,需核对同物理/guard/轨迹；解析值为交接参考，非本次独立复算
exp11,S3__AW_ANCHORQ_VALUECTRL,S3,AW_ANCHORQ_VALUECTRL,1,250000,169.9011111111111,140.21666666666667,7.334444444444444,21.373333333333335,1.0,True,3,3,0.0,0.0,0.0,0.0,exp11_s3_litupgrade20_12m__analysis.zip!LITUPGRADE20/S3__AW_ANCHORQ_VALUECTRL/analysis/checkpoint_curve.csv,MPTC,85.33,项目交接参考；当前归档未找到原始 S 阶段解析 CSV,UAGMC_SOURCE passenger-only + LQ,84.19,128.76,本矩阵同包实测；训练种子 1；评估种子 123-125,需核对同物理/guard/轨迹；解析值为交接参考，非本次独立复算
exp11,S3__AW_ANCHORQ_VALUECTRL,S3,AW_ANCHORQ_VALUECTRL,1,300000,186.26666666666668,155.92111111111112,7.647777777777779,21.71111111111111,1.0,True,3,3,0.0,0.0,0.0,0.0,exp11_s3_litupgrade20_12m__analysis.zip!LITUPGRADE20/S3__AW_ANCHORQ_VALUECTRL/analysis/checkpoint_curve.csv,MPTC,85.33,项目交接参考；当前归档未找到原始 S 阶段解析 CSV,UAGMC_SOURCE passenger-only + LQ,84.19,128.76,本矩阵同包实测；训练种子 1；评估种子 123-125,需核对同物理/guard/轨迹；解析值为交接参考，非本次独立复算
exp11,S3__AW_ANCHORQ_VALUECTRL,S3,AW_ANCHORQ_VALUECTRL,1,350000,181.45222222222222,151.04,7.72,21.706666666666667,1.0,True,3,3,0.0,0.0,0.0,0.0,exp11_s3_litupgrade20_12m__analysis.zip!LITUPGRADE20/S3__AW_ANCHORQ_VALUECTRL/analysis/checkpoint_curve.csv,MPTC,85.33,项目交接参考；当前归档未找到原始 S 阶段解析 CSV,UAGMC_SOURCE passenger-only + LQ,84.19,128.76,本矩阵同包实测；训练种子 1；评估种子 123-125,需核对同物理/guard/轨迹；解析值为交接参考，非本次独立复算
exp11,S3__AW_ANCHORQ_VALUECTRL,S3,AW_ANCHORQ_VALUECTRL,1,400000,161.55555555555554,131.7722222222222,7.521111111111111,21.275555555555552,1.0,True,3,3,0.0,0.0,0.0,0.0,exp11_s3_litupgrade20_12m__analysis.zip!LITUPGRADE20/S3__AW_ANCHORQ_VALUECTRL/analysis/checkpoint_curve.csv,MPTC,85.33,项目交接参考；当前归档未找到原始 S 阶段解析 CSV,UAGMC_SOURCE passenger-only + LQ,84.19,128.76,本矩阵同包实测；训练种子 1；评估种子 123-125,需核对同物理/guard/轨迹；解析值为交接参考，非本次独立复算
exp11,S3__AW_ANCHORQ_VALUECTRL,S3,AW_ANCHORQ_VALUECTRL,1,450000,161.5588888888889,132.23,7.207777777777778,21.15111111111111,1.0,True,3,3,0.0,0.0,0.0,0.0,exp11_s3_litupgrade20_12m__analysis.zip!LITUPGRADE20/S3__AW_ANCHORQ_VALUECTRL/analysis/checkpoint_curve.csv,MPTC,85.33,项目交接参考；当前归档未找到原始 S 阶段解析 CSV,UAGMC_SOURCE passenger-only + LQ,84.19,128.76,本矩阵同包实测；训练种子 1；评估种子 123-125,需核对同物理/guard/轨迹；解析值为交接参考，非本次独立复算
exp11,S3__AW_ANCHORQ_VALUECTRL,S3,AW_ANCHORQ_VALUECTRL,1,500000,156.39333333333335,127.20555555555556,7.172222222222222,21.04444444444444,1.0,True,3,3,0.0,0.0,0.0,0.0,exp11_s3_litupgrade20_12m__analysis.zip!LITUPGRADE20/S3__AW_ANCHORQ_VALUECTRL/analysis/checkpoint_curve.csv,MPTC,85.33,项目交接参考；当前归档未找到原始 S 阶段解析 CSV,UAGMC_SOURCE passenger-only + LQ,84.19,128.76,本矩阵同包实测；训练种子 1；评估种子 123-125,需核对同物理/guard/轨迹；解析值为交接参考，非本次独立复算
exp11,S3__AW_ANCHORQ_VALUECTRL,S3,AW_ANCHORQ_VALUECTRL,1,550000,137.4311111111111,108.64444444444445,6.984444444444445,20.84,1.0,True,3,3,0.0,0.0,0.0,0.0,exp11_s3_litupgrade20_12m__analysis.zip!LITUPGRADE20/S3__AW_ANCHORQ_VALUECTRL/analysis/checkpoint_curve.csv,MPTC,85.33,项目交接参考；当前归档未找到原始 S 阶段解析 CSV,UAGMC_SOURCE passenger-only + LQ,84.19,128.76,本矩阵同包实测；训练种子 1；评估种子 123-125,需核对同物理/guard/轨迹；解析值为交接参考，非本次独立复算
exp11,S3__AW_ANCHORQ_VALUECTRL,S3,AW_ANCHORQ_VALUECTRL,1,600000,160.35444444444445,131.0388888888889,7.3,21.05333333333333,1.0,True,3,3,0.0,0.0,0.0,0.0,exp11_s3_litupgrade20_12m__analysis.zip!LITUPGRADE20/S3__AW_ANCHORQ_VALUECTRL/analysis/checkpoint_curve.csv,MPTC,85.33,项目交接参考；当前归档未找到原始 S 阶段解析 CSV,UAGMC_SOURCE passenger-only + LQ,84.19,128.76,本矩阵同包实测；训练种子 1；评估种子 123-125,需核对同物理/guard/轨迹；解析值为交接参考，非本次独立复算
exp11,S3__A_ANCHOR_QUOTIENT,S3,A_ANCHOR_QUOTIENT,1,50000,142.93666666666667,116.43333333333332,6.3066666666666675,19.231111111111108,1.0,True,3,3,0.0,0.0,0.0,0.0,exp11_s3_litupgrade20_12m__analysis.zip!LITUPGRADE20/S3__A_ANCHOR_QUOTIENT/analysis/checkpoint_curve.csv,MPTC,85.33,项目交接参考；当前归档未找到原始 S 阶段解析 CSV,UAGMC_SOURCE passenger-only + LQ,84.19,128.76,本矩阵同包实测；训练种子 1；评估种子 123-125,需核对同物理/guard/轨迹；解析值为交接参考，非本次独立复算
exp11,S3__A_ANCHOR_QUOTIENT,S3,A_ANCHOR_QUOTIENT,1,100000,117.25777777777778,89.79666666666667,6.2555555555555555,20.28,1.0,True,3,3,0.0,0.0,0.0,0.0,exp11_s3_litupgrade20_12m__analysis.zip!LITUPGRADE20/S3__A_ANCHOR_QUOTIENT/analysis/checkpoint_curve.csv,MPTC,85.33,项目交接参考；当前归档未找到原始 S 阶段解析 CSV,UAGMC_SOURCE passenger-only + LQ,84.19,128.76,本矩阵同包实测；训练种子 1；评估种子 123-125,需核对同物理/guard/轨迹；解析值为交接参考，非本次独立复算
exp11,S3__A_ANCHOR_QUOTIENT,S3,A_ANCHOR_QUOTIENT,1,150000,120.74333333333334,93.02444444444444,6.437777777777778,20.360000000000003,1.0,True,3,3,0.0,0.0,0.0,0.0,exp11_s3_litupgrade20_12m__analysis.zip!LITUPGRADE20/S3__A_ANCHOR_QUOTIENT/analysis/checkpoint_curve.csv,MPTC,85.33,项目交接参考；当前归档未找到原始 S 阶段解析 CSV,UAGMC_SOURCE passenger-only + LQ,84.19,128.76,本矩阵同包实测；训练种子 1；评估种子 123-125,需核对同物理/guard/轨迹；解析值为交接参考，非本次独立复算
exp11,S3__A_ANCHOR_QUOTIENT,S3,A_ANCHOR_QUOTIENT,1,200000,136.99777777777777,108.52555555555557,6.734444444444445,20.813333333333336,1.0,True,3,3,0.0,0.0,0.0,0.0,exp11_s3_litupgrade20_12m__analysis.zip!LITUPGRADE20/S3__A_ANCHOR_QUOTIENT/analysis/checkpoint_curve.csv,MPTC,85.33,项目交接参考；当前归档未找到原始 S 阶段解析 CSV,UAGMC_SOURCE passenger-only + LQ,84.19,128.76,本矩阵同包实测；训练种子 1；评估种子 123-125,需核对同物理/guard/轨迹；解析值为交接参考，非本次独立复算
exp11,S3__A_ANCHOR_QUOTIENT,S3,A_ANCHOR_QUOTIENT,1,250000,125.13111111111111,96.95777777777778,6.638888888888889,20.613333333333333,1.0,True,3,3,0.0,0.0,0.0,0.0,exp11_s3_litupgrade20_12m__analysis.zip!LITUPGRADE20/S3__A_ANCHOR_QUOTIENT/analysis/checkpoint_curve.csv,MPTC,85.33,项目交接参考；当前归档未找到原始 S 阶段解析 CSV,UAGMC_SOURCE passenger-only + LQ,84.19,128.76,本矩阵同包实测；训练种子 1；评估种子 123-125,需核对同物理/guard/轨迹；解析值为交接参考，非本次独立复算
exp11,S3__A_ANCHOR_QUOTIENT,S3,A_ANCHOR_QUOTIENT,1,300000,146.43888888888887,117.34222222222223,7.087777777777777,21.08888888888889,1.0,True,3,3,0.0,0.0,0.0,0.0,exp11_s3_litupgrade20_12m__analysis.zip!LITUPGRADE20/S3__A_ANCHOR_QUOTIENT/analysis/checkpoint_curve.csv,MPTC,85.33,项目交接参考；当前归档未找到原始 S 阶段解析 CSV,UAGMC_SOURCE passenger-only + LQ,84.19,128.76,本矩阵同包实测；训练种子 1；评估种子 123-125,需核对同物理/guard/轨迹；解析值为交接参考，非本次独立复算
exp11,S3__A_ANCHOR_QUOTIENT,S3,A_ANCHOR_QUOTIENT,1,350000,138.05666666666664,109.29666666666667,6.951111111111111,20.884444444444444,1.0,True,3,3,0.0,0.0,0.0,0.0,exp11_s3_litupgrade20_12m__analysis.zip!LITUPGRADE20/S3__A_ANCHOR_QUOTIENT/analysis/checkpoint_curve.csv,MPTC,85.33,项目交接参考；当前归档未找到原始 S 阶段解析 CSV,UAGMC_SOURCE passenger-only + LQ,84.19,128.76,本矩阵同包实测；训练种子 1；评估种子 123-125,需核对同物理/guard/轨迹；解析值为交接参考，非本次独立复算
exp11,S3__A_ANCHOR_QUOTIENT,S3,A_ANCHOR_QUOTIENT,1,400000,146.13,117.18444444444445,7.06,20.968888888888888,1.0,True,3,3,0.0,0.0,0.0,0.0,exp11_s3_litupgrade20_12m__analysis.zip!LITUPGRADE20/S3__A_ANCHOR_QUOTIENT/analysis/checkpoint_curve.csv,MPTC,85.33,项目交接参考；当前归档未找到原始 S 阶段解析 CSV,UAGMC_SOURCE passenger-only + LQ,84.19,128.76,本矩阵同包实测；训练种子 1；评估种子 123-125,需核对同物理/guard/轨迹；解析值为交接参考，非本次独立复算
exp11,S3__A_ANCHOR_QUOTIENT,S3,A_ANCHOR_QUOTIENT,1,450000,147.1088888888889,118.05999999999999,7.215555555555556,20.906666666666666,1.0,True,3,3,0.0,0.0,0.0,0.0,exp11_s3_litupgrade20_12m__analysis.zip!LITUPGRADE20/S3__A_ANCHOR_QUOTIENT/analysis/checkpoint_curve.csv,MPTC,85.33,项目交接参考；当前归档未找到原始 S 阶段解析 CSV,UAGMC_SOURCE passenger-only + LQ,84.19,128.76,本矩阵同包实测；训练种子 1；评估种子 123-125,需核对同物理/guard/轨迹；解析值为交接参考，非本次独立复算
exp11,S3__A_ANCHOR_QUOTIENT,S3,A_ANCHOR_QUOTIENT,1,500000,130.69000000000003,102.11222222222221,7.084444444444444,20.57777777777778,1.0,True,3,3,0.0,0.0,0.0,0.0,exp11_s3_litupgrade20_12m__analysis.zip!LITUPGRADE20/S3__A_ANCHOR_QUOTIENT/analysis/checkpoint_curve.csv,MPTC,85.33,项目交接参考；当前归档未找到原始 S 阶段解析 CSV,UAGMC_SOURCE passenger-only + LQ,84.19,128.76,本矩阵同包实测；训练种子 1；评估种子 123-125,需核对同物理/guard/轨迹；解析值为交接参考，非本次独立复算
exp11,S3__A_ANCHOR_QUOTIENT,S3,A_ANCHOR_QUOTIENT,1,550000,127.31333333333333,98.69777777777779,7.128888888888889,20.573333333333334,1.0,True,3,3,0.0,0.0,0.0,0.0,exp11_s3_litupgrade20_12m__analysis.zip!LITUPGRADE20/S3__A_ANCHOR_QUOTIENT/analysis/checkpoint_curve.csv,MPTC,85.33,项目交接参考；当前归档未找到原始 S 阶段解析 CSV,UAGMC_SOURCE passenger-only + LQ,84.19,128.76,本矩阵同包实测；训练种子 1；评估种子 123-125,需核对同物理/guard/轨迹；解析值为交接参考，非本次独立复算
exp11,S3__A_ANCHOR_QUOTIENT,S3,A_ANCHOR_QUOTIENT,1,600000,108.89888888888889,80.79666666666667,6.997777777777778,20.191111111111113,1.0,True,3,3,0.0,0.0,0.0,0.0,exp11_s3_litupgrade20_12m__analysis.zip!LITUPGRADE20/S3__A_ANCHOR_QUOTIENT/analysis/checkpoint_curve.csv,MPTC,85.33,项目交接参考；当前归档未找到原始 S 阶段解析 CSV,UAGMC_SOURCE passenger-only + LQ,84.19,128.76,本矩阵同包实测；训练种子 1；评估种子 123-125,需核对同物理/guard/轨迹；解析值为交接参考，非本次独立复算
exp11,S3__A_COMA_AC,S3,A_COMA_AC,1,50000,134.4888888888889,106.09555555555555,6.804444444444445,20.61777777777778,1.0,True,3,3,0.0,0.0,0.0,0.0,exp11_s3_litupgrade20_12m__analysis.zip!LITUPGRADE20/S3__A_COMA_AC/analysis/checkpoint_curve.csv,MPTC,85.33,项目交接参考；当前归档未找到原始 S 阶段解析 CSV,UAGMC_SOURCE passenger-only + LQ,84.19,128.76,本矩阵同包实测；训练种子 1；评估种子 123-125,需核对同物理/guard/轨迹；解析值为交接参考，非本次独立复算
exp11,S3__A_COMA_AC,S3,A_COMA_AC,1,100000,191.85666666666665,160.9677777777778,7.827777777777778,22.075555555555557,1.0,True,3,3,0.0,0.0,0.0,0.0,exp11_s3_litupgrade20_12m__analysis.zip!LITUPGRADE20/S3__A_COMA_AC/analysis/checkpoint_curve.csv,MPTC,85.33,项目交接参考；当前归档未找到原始 S 阶段解析 CSV,UAGMC_SOURCE passenger-only + LQ,84.19,128.76,本矩阵同包实测；训练种子 1；评估种子 123-125,需核对同物理/guard/轨迹；解析值为交接参考，非本次独立复算
exp11,S3__A_COMA_AC,S3,A_COMA_AC,1,150000,169.6011111111111,139.53888888888892,7.274444444444444,21.822222222222223,1.0,True,3,3,0.0,0.0,0.0,0.0,exp11_s3_litupgrade20_12m__analysis.zip!LITUPGRADE20/S3__A_COMA_AC/analysis/checkpoint_curve.csv,MPTC,85.33,项目交接参考；当前归档未找到原始 S 阶段解析 CSV,UAGMC_SOURCE passenger-only + LQ,84.19,128.76,本矩阵同包实测；训练种子 1；评估种子 123-125,需核对同物理/guard/轨迹；解析值为交接参考，非本次独立复算
exp11,S3__A_COMA_AC,S3,A_COMA_AC,1,200000,187.29999999999998,155.90555555555557,7.8999999999999995,22.524444444444445,1.0,True,3,3,0.0,0.0,0.0,0.0,exp11_s3_litupgrade20_12m__analysis.zip!LITUPGRADE20/S3__A_COMA_AC/analysis/checkpoint_curve.csv,MPTC,85.33,项目交接参考；当前归档未找到原始 S 阶段解析 CSV,UAGMC_SOURCE passenger-only + LQ,84.19,128.76,本矩阵同包实测；训练种子 1；评估种子 123-125,需核对同物理/guard/轨迹；解析值为交接参考，非本次独立复算
exp11,S3__A_COMA_AC,S3,A_COMA_AC,1,250000,158.21555555555554,128.69555555555556,7.141111111111111,21.417777777777776,1.0,True,3,3,0.0,0.0,0.0,0.0,exp11_s3_litupgrade20_12m__analysis.zip!LITUPGRADE20/S3__A_COMA_AC/analysis/checkpoint_curve.csv,MPTC,85.33,项目交接参考；当前归档未找到原始 S 阶段解析 CSV,UAGMC_SOURCE passenger-only + LQ,84.19,128.76,本矩阵同包实测；训练种子 1；评估种子 123-125,需核对同物理/guard/轨迹；解析值为交接参考，非本次独立复算
exp11,S3__A_COMA_AC,S3,A_COMA_AC,1,300000,163.78,134.0877777777778,7.233333333333333,21.49777777777778,1.0,True,3,3,0.0,0.0,0.0,0.0,exp11_s3_litupgrade20_12m__analysis.zip!LITUPGRADE20/S3__A_COMA_AC/analysis/checkpoint_curve.csv,MPTC,85.33,项目交接参考；当前归档未找到原始 S 阶段解析 CSV,UAGMC_SOURCE passenger-only + LQ,84.19,128.76,本矩阵同包实测；训练种子 1；评估种子 123-125,需核对同物理/guard/轨迹；解析值为交接参考，非本次独立复算
exp11,S3__A_COMA_AC,S3,A_COMA_AC,1,350000,166.84666666666666,137.09888888888887,7.2811111111111115,21.50222222222222,1.0,True,3,3,0.0,0.0,0.0,0.0,exp11_s3_litupgrade20_12m__analysis.zip!LITUPGRADE20/S3__A_COMA_AC/analysis/checkpoint_curve.csv,MPTC,85.33,项目交接参考；当前归档未找到原始 S 阶段解析 CSV,UAGMC_SOURCE passenger-only + LQ,84.19,128.76,本矩阵同包实测；训练种子 1；评估种子 123-125,需核对同物理/guard/轨迹；解析值为交接参考，非本次独立复算
exp11,S3__A_COMA_AC,S3,A_COMA_AC,1,400000,164.47888888888892,134.7588888888889,7.318888888888889,21.43111111111111,1.0,True,3,3,0.0,0.0,0.0,0.0,exp11_s3_litupgrade20_12m__analysis.zip!LITUPGRADE20/S3__A_COMA_AC/analysis/checkpoint_curve.csv,MPTC,85.33,项目交接参考；当前归档未找到原始 S 阶段解析 CSV,UAGMC_SOURCE passenger-only + LQ,84.19,128.76,本矩阵同包实测；训练种子 1；评估种子 123-125,需核对同物理/guard/轨迹；解析值为交接参考，非本次独立复算
exp11,S3__A_COMA_AC,S3,A_COMA_AC,1,450000,143.7122222222222,114.59333333333332,7.268888888888888,20.875555555555557,1.0,True,3,3,0.0,0.0,0.0,0.0,exp11_s3_litupgrade20_12m__analysis.zip!LITUPGRADE20/S3__A_COMA_AC/analysis/checkpoint_curve.csv,MPTC,85.33,项目交接参考；当前归档未找到原始 S 阶段解析 CSV,UAGMC_SOURCE passenger-only + LQ,84.19,128.76,本矩阵同包实测；训练种子 1；评估种子 123-125,需核对同物理/guard/轨迹；解析值为交接参考，非本次独立复算
exp11,S3__A_COMA_AC,S3,A_COMA_AC,1,500000,157.45333333333335,127.28777777777778,7.7700000000000005,21.417777777777776,1.0,True,3,3,0.0,0.0,0.0,0.0,exp11_s3_litupgrade20_12m__analysis.zip!LITUPGRADE20/S3__A_COMA_AC/analysis/checkpoint_curve.csv,MPTC,85.33,项目交接参考；当前归档未找到原始 S 阶段解析 CSV,UAGMC_SOURCE passenger-only + LQ,84.19,128.76,本矩阵同包实测；训练种子 1；评估种子 123-125,需核对同物理/guard/轨迹；解析值为交接参考，非本次独立复算
exp11,S3__A_COMA_AC,S3,A_COMA_AC,1,550000,154.2877777777778,124.42777777777776,7.692222222222223,21.186666666666667,1.0,True,3,3,0.0,0.0,0.0,0.0,exp11_s3_litupgrade20_12m__analysis.zip!LITUPGRADE20/S3__A_COMA_AC/analysis/checkpoint_curve.csv,MPTC,85.33,项目交接参考；当前归档未找到原始 S 阶段解析 CSV,UAGMC_SOURCE passenger-only + LQ,84.19,128.76,本矩阵同包实测；训练种子 1；评估种子 123-125,需核对同物理/guard/轨迹；解析值为交接参考，非本次独立复算
exp11,S3__A_COMA_AC,S3,A_COMA_AC,1,600000,161.9311111111111,132.01444444444445,7.742222222222222,21.204444444444444,1.0,True,3,3,0.0,0.0,0.0,0.0,exp11_s3_litupgrade20_12m__analysis.zip!LITUPGRADE20/S3__A_COMA_AC/analysis/checkpoint_curve.csv,MPTC,85.33,项目交接参考；当前归档未找到原始 S 阶段解析 CSV,UAGMC_SOURCE passenger-only + LQ,84.19,128.76,本矩阵同包实测；训练种子 1；评估种子 123-125,需核对同物理/guard/轨迹；解析值为交接参考，非本次独立复算
exp11,S3__A_DENOISED_VALUE,S3,A_DENOISED_VALUE,1,50000,82.46,55.19777777777778,6.655555555555555,19.635555555555555,1.0,True,3,3,0.0,0.0,0.0,0.0,exp11_s3_litupgrade20_12m__analysis.zip!LITUPGRADE20/S3__A_DENOISED_VALUE/analysis/checkpoint_curve.csv,MPTC,85.33,项目交接参考；当前归档未找到原始 S 阶段解析 CSV,UAGMC_SOURCE passenger-only + LQ,84.19,128.76,本矩阵同包实测；训练种子 1；评估种子 123-125,需核对同物理/guard/轨迹；解析值为交接参考，非本次独立复算
exp11,S3__A_DENOISED_VALUE,S3,A_DENOISED_VALUE,1,100000,127.26,98.52111111111111,7.277777777777778,20.493333333333336,1.0,True,3,3,0.0,0.0,0.0,0.0,exp11_s3_litupgrade20_12m__analysis.zip!LITUPGRADE20/S3__A_DENOISED_VALUE/analysis/checkpoint_curve.csv,MPTC,85.33,项目交接参考；当前归档未找到原始 S 阶段解析 CSV,UAGMC_SOURCE passenger-only + LQ,84.19,128.76,本矩阵同包实测；训练种子 1；评估种子 123-125,需核对同物理/guard/轨迹；解析值为交接参考，非本次独立复算
exp11,S3__A_DENOISED_VALUE,S3,A_DENOISED_VALUE,1,150000,184.67222222222222,153.99444444444444,7.898888888888888,21.8,1.0,True,3,3,0.0,0.0,0.0,0.0,exp11_s3_litupgrade20_12m__analysis.zip!LITUPGRADE20/S3__A_DENOISED_VALUE/analysis/checkpoint_curve.csv,MPTC,85.33,项目交接参考；当前归档未找到原始 S 阶段解析 CSV,UAGMC_SOURCE passenger-only + LQ,84.19,128.76,本矩阵同包实测；训练种子 1；评估种子 123-125,需核对同物理/guard/轨迹；解析值为交接参考，非本次独立复算
exp11,S3__A_DENOISED_VALUE,S3,A_DENOISED_VALUE,1,200000,177.9177777777778,147.61555555555557,7.754444444444445,21.56888888888889,1.0,True,3,3,0.0,0.0,0.0,0.0,exp11_s3_litupgrade20_12m__analysis.zip!LITUPGRADE20/S3__A_DENOISED_VALUE/analysis/checkpoint_curve.csv,MPTC,85.33,项目交接参考；当前归档未找到原始 S 阶段解析 CSV,UAGMC_SOURCE passenger-only + LQ,84.19,128.76,本矩阵同包实测；训练种子 1；评估种子 123-125,需核对同物理/guard/轨迹；解析值为交接参考，非本次独立复算
exp11,S3__A_DENOISED_VALUE,S3,A_DENOISED_VALUE,1,250000,201.75333333333333,169.66333333333333,8.394444444444444,22.715555555555554,1.0,True,3,3,0.0,0.0,0.0,0.0,exp11_s3_litupgrade20_12m__analysis.zip!LITUPGRADE20/S3__A_DENOISED_VALUE/analysis/checkpoint_curve.csv,MPTC,85.33,项目交接参考；当前归档未找到原始 S 阶段解析 CSV,UAGMC_SOURCE passenger-only + LQ,84.19,128.76,本矩阵同包实测；训练种子 1；评估种子 123-125,需核对同物理/guard/轨迹；解析值为交接参考，非本次独立复算
exp11,S3__A_DENOISED_VALUE,S3,A_DENOISED_VALUE,1,300000,193.81111111111113,161.68555555555554,8.457777777777777,22.688888888888886,1.0,True,3,3,0.0,0.0,0.0,0.0,exp11_s3_litupgrade20_12m__analysis.zip!LITUPGRADE20/S3__A_DENOISED_VALUE/analysis/checkpoint_curve.csv,MPTC,85.33,项目交接参考；当前归档未找到原始 S 阶段解析 CSV,UAGMC_SOURCE passenger-only + LQ,84.19,128.76,本矩阵同包实测；训练种子 1；评估种子 123-125,需核对同物理/guard/轨迹；解析值为交接参考，非本次独立复算
exp11,S3__A_DENOISED_VALUE,S3,A_DENOISED_VALUE,1,350000,209.66555555555556,177.18555555555554,8.549999999999999,22.951111111111107,1.0,True,3,3,0.0,0.0,0.0,0.0,exp11_s3_litupgrade20_12m__analysis.zip!LITUPGRADE20/S3__A_DENOISED_VALUE/analysis/checkpoint_curve.csv,MPTC,85.33,项目交接参考；当前归档未找到原始 S 阶段解析 CSV,UAGMC_SOURCE passenger-only + LQ,84.19,128.76,本矩阵同包实测；训练种子 1；评估种子 123-125,需核对同物理/guard/轨迹；解析值为交接参考，非本次独立复算
exp11,S3__A_DENOISED_VALUE,S3,A_DENOISED_VALUE,1,400000,196.22444444444446,163.79888888888888,8.582222222222223,22.875555555555554,1.0,True,3,3,0.0,0.0,0.0,0.0,exp11_s3_litupgrade20_12m__analysis.zip!LITUPGRADE20/S3__A_DENOISED_VALUE/analysis/checkpoint_curve.csv,MPTC,85.33,项目交接参考；当前归档未找到原始 S 阶段解析 CSV,UAGMC_SOURCE passenger-only + LQ,84.19,128.76,本矩阵同包实测；训练种子 1；评估种子 123-125,需核对同物理/guard/轨迹；解析值为交接参考，非本次独立复算
exp11,S3__A_DENOISED_VALUE,S3,A_DENOISED_VALUE,1,450000,176.99444444444444,146.35000000000002,7.965555555555555,21.706666666666667,1.0,True,3,3,0.0,0.0,0.0,0.0,exp11_s3_litupgrade20_12m__analysis.zip!LITUPGRADE20/S3__A_DENOISED_VALUE/analysis/checkpoint_curve.csv,MPTC,85.33,项目交接参考；当前归档未找到原始 S 阶段解析 CSV,UAGMC_SOURCE passenger-only + LQ,84.19,128.76,本矩阵同包实测；训练种子 1；评估种子 123-125,需核对同物理/guard/轨迹；解析值为交接参考，非本次独立复算
exp11,S3__A_DENOISED_VALUE,S3,A_DENOISED_VALUE,1,500000,151.14333333333335,121.43444444444445,7.6688888888888895,21.062222222222225,1.0,True,3,3,0.0,0.0,0.0,0.0,exp11_s3_litupgrade20_12m__analysis.zip!LITUPGRADE20/S3__A_DENOISED_VALUE/analysis/checkpoint_curve.csv,MPTC,85.33,项目交接参考；当前归档未找到原始 S 阶段解析 CSV,UAGMC_SOURCE passenger-only + LQ,84.19,128.76,本矩阵同包实测；训练种子 1；评估种子 123-125,需核对同物理/guard/轨迹；解析值为交接参考，非本次独立复算
exp11,S3__A_DENOISED_VALUE,S3,A_DENOISED_VALUE,1,550000,182.4077777777778,152.07111111111112,7.855555555555555,21.50222222222222,1.0,True,3,3,0.0,0.0,0.0,0.0,exp11_s3_litupgrade20_12m__analysis.zip!LITUPGRADE20/S3__A_DENOISED_VALUE/analysis/checkpoint_curve.csv,MPTC,85.33,项目交接参考；当前归档未找到原始 S 阶段解析 CSV,UAGMC_SOURCE passenger-only + LQ,84.19,128.76,本矩阵同包实测；训练种子 1；评估种子 123-125,需核对同物理/guard/轨迹；解析值为交接参考，非本次独立复算
exp11,S3__A_DENOISED_VALUE,S3,A_DENOISED_VALUE,1,600000,136.53555555555553,107.42444444444443,7.224444444444444,20.906666666666666,1.0,True,3,3,0.0,0.0,0.0,0.0,exp11_s3_litupgrade20_12m__analysis.zip!LITUPGRADE20/S3__A_DENOISED_VALUE/analysis/checkpoint_curve.csv,MPTC,85.33,项目交接参考；当前归档未找到原始 S 阶段解析 CSV,UAGMC_SOURCE passenger-only + LQ,84.19,128.76,本矩阵同包实测；训练种子 1；评估种子 123-125,需核对同物理/guard/轨迹；解析值为交接参考，非本次独立复算
exp11,S3__A_ICM_AC,S3,A_ICM_AC,1,50000,222.4677777777778,189.92444444444445,8.556666666666667,23.0,1.0,True,3,3,0.0,0.0,0.0,0.0,exp11_s3_litupgrade20_12m__analysis.zip!LITUPGRADE20/S3__A_ICM_AC/analysis/checkpoint_curve.csv,MPTC,85.33,项目交接参考；当前归档未找到原始 S 阶段解析 CSV,UAGMC_SOURCE passenger-only + LQ,84.19,128.76,本矩阵同包实测；训练种子 1；评估种子 123-125,需核对同物理/guard/轨迹；解析值为交接参考，非本次独立复算
exp11,S3__A_ICM_AC,S3,A_ICM_AC,1,100000,222.4677777777778,189.92444444444445,8.556666666666667,23.0,1.0,True,3,3,0.0,0.0,0.0,0.0,exp11_s3_litupgrade20_12m__analysis.zip!LITUPGRADE20/S3__A_ICM_AC/analysis/checkpoint_curve.csv,MPTC,85.33,项目交接参考；当前归档未找到原始 S 阶段解析 CSV,UAGMC_SOURCE passenger-only + LQ,84.19,128.76,本矩阵同包实测；训练种子 1；评估种子 123-125,需核对同物理/guard/轨迹；解析值为交接参考，非本次独立复算
exp11,S3__A_ICM_AC,S3,A_ICM_AC,1,150000,222.4677777777778,189.92444444444445,8.556666666666667,23.0,1.0,True,3,3,0.0,0.0,0.0,0.0,exp11_s3_litupgrade20_12m__analysis.zip!LITUPGRADE20/S3__A_ICM_AC/analysis/checkpoint_curve.csv,MPTC,85.33,项目交接参考；当前归档未找到原始 S 阶段解析 CSV,UAGMC_SOURCE passenger-only + LQ,84.19,128.76,本矩阵同包实测；训练种子 1；评估种子 123-125,需核对同物理/guard/轨迹；解析值为交接参考，非本次独立复算
exp11,S3__A_ICM_AC,S3,A_ICM_AC,1,200000,222.4677777777778,189.92444444444445,8.556666666666667,23.0,1.0,True,3,3,0.0,0.0,0.0,0.0,exp11_s3_litupgrade20_12m__analysis.zip!LITUPGRADE20/S3__A_ICM_AC/analysis/checkpoint_curve.csv,MPTC,85.33,项目交接参考；当前归档未找到原始 S 阶段解析 CSV,UAGMC_SOURCE passenger-only + LQ,84.19,128.76,本矩阵同包实测；训练种子 1；评估种子 123-125,需核对同物理/guard/轨迹；解析值为交接参考，非本次独立复算
exp11,S3__A_ICM_AC,S3,A_ICM_AC,1,250000,217.44555555555556,184.96444444444444,8.537777777777777,22.96444444444445,1.0,True,3,3,0.0,0.0,0.0,0.0,exp11_s3_litupgrade20_12m__analysis.zip!LITUPGRADE20/S3__A_ICM_AC/analysis/checkpoint_curve.csv,MPTC,85.33,项目交接参考；当前归档未找到原始 S 阶段解析 CSV,UAGMC_SOURCE passenger-only + LQ,84.19,128.76,本矩阵同包实测；训练种子 1；评估种子 123-125,需核对同物理/guard/轨迹；解析值为交接参考，非本次独立复算
exp11,S3__A_ICM_AC,S3,A_ICM_AC,1,300000,195.27777777777774,163.71555555555554,8.141111111111112,22.448888888888888,1.0,True,3,3,0.0,0.0,0.0,0.0,exp11_s3_litupgrade20_12m__analysis.zip!LITUPGRADE20/S3__A_ICM_AC/analysis/checkpoint_curve.csv,MPTC,85.33,项目交接参考；当前归档未找到原始 S 阶段解析 CSV,UAGMC_SOURCE passenger-only + LQ,84.19,128.76,本矩阵同包实测；训练种子 1；评估种子 123-125,需核对同物理/guard/轨迹；解析值为交接参考，非本次独立复算
exp11,S3__A_ICM_AC,S3,A_ICM_AC,1,350000,183.72444444444446,153.10111111111112,7.875555555555555,21.764444444444447,1.0,True,3,3,0.0,0.0,0.0,0.0,exp11_s3_litupgrade20_12m__analysis.zip!LITUPGRADE20/S3__A_ICM_AC/analysis/checkpoint_curve.csv,MPTC,85.33,项目交接参考；当前归档未找到原始 S 阶段解析 CSV,UAGMC_SOURCE passenger-only + LQ,84.19,128.76,本矩阵同包实测；训练种子 1；评估种子 123-125,需核对同物理/guard/轨迹；解析值为交接参考，非本次独立复算
exp11,S3__A_ICM_AC,S3,A_ICM_AC,1,400000,177.92222222222222,146.6822222222222,8.030000000000001,22.24,1.0,True,3,3,0.0,0.0,0.0,0.0,exp11_s3_litupgrade20_12m__analysis.zip!LITUPGRADE20/S3__A_ICM_AC/analysis/checkpoint_curve.csv,MPTC,85.33,项目交接参考；当前归档未找到原始 S 阶段解析 CSV,UAGMC_SOURCE passenger-only + LQ,84.19,128.76,本矩阵同包实测；训练种子 1；评估种子 123-125,需核对同物理/guard/轨迹；解析值为交接参考，非本次独立复算
exp11,S3__A_ICM_AC,S3,A_ICM_AC,1,450000,181.59333333333336,150.15,8.143333333333333,22.320000000000004,1.0,True,3,3,0.0,0.0,0.0,0.0,exp11_s3_litupgrade20_12m__analysis.zip!LITUPGRADE20/S3__A_ICM_AC/analysis/checkpoint_curve.csv,MPTC,85.33,项目交接参考；当前归档未找到原始 S 阶段解析 CSV,UAGMC_SOURCE passenger-only + LQ,84.19,128.76,本矩阵同包实测；训练种子 1；评估种子 123-125,需核对同物理/guard/轨迹；解析值为交接参考，非本次独立复算
exp11,S3__A_ICM_AC,S3,A_ICM_AC,1,500000,167.33,137.54777777777778,7.427777777777777,21.37777777777778,1.0,True,3,3,0.0,0.0,0.0,0.0,exp11_s3_litupgrade20_12m__analysis.zip!LITUPGRADE20/S3__A_ICM_AC/analysis/checkpoint_curve.csv,MPTC,85.33,项目交接参考；当前归档未找到原始 S 阶段解析 CSV,UAGMC_SOURCE passenger-only + LQ,84.19,128.76,本矩阵同包实测；训练种子 1；评估种子 123-125,需核对同物理/guard/轨迹；解析值为交接参考，非本次独立复算
exp11,S3__A_ICM_AC,S3,A_ICM_AC,1,550000,163.26888888888888,133.47666666666666,7.508888888888889,21.30666666666667,1.0,True,3,3,0.0,0.0,0.0,0.0,exp11_s3_litupgrade20_12m__analysis.zip!LITUPGRADE20/S3__A_ICM_AC/analysis/checkpoint_curve.csv,MPTC,85.33,项目交接参考；当前归档未找到原始 S 阶段解析 CSV,UAGMC_SOURCE passenger-only + LQ,84.19,128.76,本矩阵同包实测；训练种子 1；评估种子 123-125,需核对同物理/guard/轨迹；解析值为交接参考，非本次独立复算
exp11,S3__A_ICM_AC,S3,A_ICM_AC,1,600000,157.51999999999998,128.00777777777776,7.397777777777779,21.133333333333336,1.0,True,3,3,0.0,0.0,0.0,0.0,exp11_s3_litupgrade20_12m__analysis.zip!LITUPGRADE20/S3__A_ICM_AC/analysis/checkpoint_curve.csv,MPTC,85.33,项目交接参考；当前归档未找到原始 S 阶段解析 CSV,UAGMC_SOURCE passenger-only + LQ,84.19,128.76,本矩阵同包实测；训练种子 1；评估种子 123-125,需核对同物理/guard/轨迹；解析值为交接参考，非本次独立复算
exp11,S3__CURRENT,S3,CURRENT,1,50000,173.12555555555556,143.0811111111111,7.427777777777777,21.64,1.0,True,3,3,0.0,0.0,0.0,0.0,exp11_s3_litupgrade20_12m__analysis.zip!LITUPGRADE20/S3__CURRENT/analysis/checkpoint_curve.csv,MPTC,85.33,项目交接参考；当前归档未找到原始 S 阶段解析 CSV,UAGMC_SOURCE passenger-only + LQ,84.19,128.76,本矩阵同包实测；训练种子 1；评估种子 123-125,需核对同物理/guard/轨迹；解析值为交接参考，非本次独立复算
exp11,S3__CURRENT,S3,CURRENT,1,100000,178.40333333333334,148.25,7.6577777777777785,21.52,1.0,True,3,3,0.0,0.0,0.0,0.0,exp11_s3_litupgrade20_12m__analysis.zip!LITUPGRADE20/S3__CURRENT/analysis/checkpoint_curve.csv,MPTC,85.33,项目交接参考；当前归档未找到原始 S 阶段解析 CSV,UAGMC_SOURCE passenger-only + LQ,84.19,128.76,本矩阵同包实测；训练种子 1；评估种子 123-125,需核对同物理/guard/轨迹；解析值为交接参考，非本次独立复算
exp11,S3__CURRENT,S3,CURRENT,1,150000,172.96888888888887,143.27333333333334,7.335555555555556,21.373333333333335,1.0,True,3,3,0.0,0.0,0.0,0.0,exp11_s3_litupgrade20_12m__analysis.zip!LITUPGRADE20/S3__CURRENT/analysis/checkpoint_curve.csv,MPTC,85.33,项目交接参考；当前归档未找到原始 S 阶段解析 CSV,UAGMC_SOURCE passenger-only + LQ,84.19,128.76,本矩阵同包实测；训练种子 1；评估种子 123-125,需核对同物理/guard/轨迹；解析值为交接参考，非本次独立复算
exp11,S3__CURRENT,S3,CURRENT,1,200000,177.50444444444443,147.4788888888889,7.473333333333334,21.573333333333334,1.0,True,3,3,0.0,0.0,0.0,0.0,exp11_s3_litupgrade20_12m__analysis.zip!LITUPGRADE20/S3__CURRENT/analysis/checkpoint_curve.csv,MPTC,85.33,项目交接参考；当前归档未找到原始 S 阶段解析 CSV,UAGMC_SOURCE passenger-only + LQ,84.19,128.76,本矩阵同包实测；训练种子 1；评估种子 123-125,需核对同物理/guard/轨迹；解析值为交接参考，非本次独立复算
exp11,S3__CURRENT,S3,CURRENT,1,250000,184.26222222222222,153.64333333333335,7.800000000000001,21.84888888888889,1.0,True,3,3,0.0,0.0,0.0,0.0,exp11_s3_litupgrade20_12m__analysis.zip!LITUPGRADE20/S3__CURRENT/analysis/checkpoint_curve.csv,MPTC,85.33,项目交接参考；当前归档未找到原始 S 阶段解析 CSV,UAGMC_SOURCE passenger-only + LQ,84.19,128.76,本矩阵同包实测；训练种子 1；评估种子 123-125,需核对同物理/guard/轨迹；解析值为交接参考，非本次独立复算
exp11,S3__CURRENT,S3,CURRENT,1,300000,183.67666666666665,153.35444444444445,7.5555555555555545,21.786666666666665,1.0,True,3,3,0.0,0.0,0.0,0.0,exp11_s3_litupgrade20_12m__analysis.zip!LITUPGRADE20/S3__CURRENT/analysis/checkpoint_curve.csv,MPTC,85.33,项目交接参考；当前归档未找到原始 S 阶段解析 CSV,UAGMC_SOURCE passenger-only + LQ,84.19,128.76,本矩阵同包实测；训练种子 1；评估种子 123-125,需核对同物理/guard/轨迹；解析值为交接参考，非本次独立复算
exp11,S3__CURRENT,S3,CURRENT,1,350000,178.97444444444446,148.82222222222222,7.535555555555557,21.644444444444446,1.0,True,3,3,0.0,0.0,0.0,0.0,exp11_s3_litupgrade20_12m__analysis.zip!LITUPGRADE20/S3__CURRENT/analysis/checkpoint_curve.csv,MPTC,85.33,项目交接参考；当前归档未找到原始 S 阶段解析 CSV,UAGMC_SOURCE passenger-only + LQ,84.19,128.76,本矩阵同包实测；训练种子 1；评估种子 123-125,需核对同物理/guard/轨迹；解析值为交接参考，非本次独立复算
exp11,S3__CURRENT,S3,CURRENT,1,400000,153.8422222222222,124.44222222222224,7.272222222222222,21.16,1.0,True,3,3,0.0,0.0,0.0,0.0,exp11_s3_litupgrade20_12m__analysis.zip!LITUPGRADE20/S3__CURRENT/analysis/checkpoint_curve.csv,MPTC,85.33,项目交接参考；当前归档未找到原始 S 阶段解析 CSV,UAGMC_SOURCE passenger-only + LQ,84.19,128.76,本矩阵同包实测；训练种子 1；评估种子 123-125,需核对同物理/guard/轨迹；解析值为交接参考，非本次独立复算
exp11,S3__CURRENT,S3,CURRENT,1,450000,115.45666666666666,87.28555555555556,6.866666666666666,20.333333333333332,1.0,True,3,3,0.0,0.0,0.0,0.0,exp11_s3_litupgrade20_12m__analysis.zip!LITUPGRADE20/S3__CURRENT/analysis/checkpoint_curve.csv,MPTC,85.33,项目交接参考；当前归档未找到原始 S 阶段解析 CSV,UAGMC_SOURCE passenger-only + LQ,84.19,128.76,本矩阵同包实测；训练种子 1；评估种子 123-125,需核对同物理/guard/轨迹；解析值为交接参考，非本次独立复算
exp11,S3__CURRENT,S3,CURRENT,1,500000,131.8788888888889,102.87,7.246666666666666,20.786666666666665,1.0,True,3,3,0.0,0.0,0.0,0.0,exp11_s3_litupgrade20_12m__analysis.zip!LITUPGRADE20/S3__CURRENT/analysis/checkpoint_curve.csv,MPTC,85.33,项目交接参考；当前归档未找到原始 S 阶段解析 CSV,UAGMC_SOURCE passenger-only + LQ,84.19,128.76,本矩阵同包实测；训练种子 1；评估种子 123-125,需核对同物理/guard/轨迹；解析值为交接参考，非本次独立复算
exp11,S3__CURRENT,S3,CURRENT,1,550000,213.36555555555557,182.61555555555557,7.784444444444444,21.99111111111111,1.0,True,3,3,0.0,0.0,0.0,0.0,exp11_s3_litupgrade20_12m__analysis.zip!LITUPGRADE20/S3__CURRENT/analysis/checkpoint_curve.csv,MPTC,85.33,项目交接参考；当前归档未找到原始 S 阶段解析 CSV,UAGMC_SOURCE passenger-only + LQ,84.19,128.76,本矩阵同包实测；训练种子 1；评估种子 123-125,需核对同物理/guard/轨迹；解析值为交接参考，非本次独立复算
exp11,S3__CURRENT,S3,CURRENT,1,600000,196.57000000000002,164.96444444444444,8.22888888888889,22.400000000000002,1.0,True,3,3,0.0,0.0,0.0,0.0,exp11_s3_litupgrade20_12m__analysis.zip!LITUPGRADE20/S3__CURRENT/analysis/checkpoint_curve.csv,MPTC,85.33,项目交接参考；当前归档未找到原始 S 阶段解析 CSV,UAGMC_SOURCE passenger-only + LQ,84.19,128.76,本矩阵同包实测；训练种子 1；评估种子 123-125,需核对同物理/guard/轨迹；解析值为交接参考，非本次独立复算
exp11,S3__R_EVENTQ,S3,R_EVENTQ,1,50000,187.0666666666667,156.41111111111113,7.777777777777778,21.906666666666666,1.0,True,3,3,0.0,0.0,0.0,0.0,exp11_s3_litupgrade20_12m__analysis.zip!LITUPGRADE20/S3__R_EVENTQ/analysis/checkpoint_curve.csv,MPTC,85.33,项目交接参考；当前归档未找到原始 S 阶段解析 CSV,UAGMC_SOURCE passenger-only + LQ,84.19,128.76,本矩阵同包实测；训练种子 1；评估种子 123-125,需核对同物理/guard/轨迹；解析值为交接参考，非本次独立复算
exp11,S3__R_EVENTQ,S3,R_EVENTQ,1,100000,191.42444444444445,160.23111111111112,8.103333333333333,22.10666666666667,1.0,True,3,3,0.0,0.0,0.0,0.0,exp11_s3_litupgrade20_12m__analysis.zip!LITUPGRADE20/S3__R_EVENTQ/analysis/checkpoint_curve.csv,MPTC,85.33,项目交接参考；当前归档未找到原始 S 阶段解析 CSV,UAGMC_SOURCE passenger-only + LQ,84.19,128.76,本矩阵同包实测；训练种子 1；评估种子 123-125,需核对同物理/guard/轨迹；解析值为交接参考，非本次独立复算
exp11,S3__R_EVENTQ,S3,R_EVENTQ,1,150000,203.41222222222223,171.82444444444445,8.264444444444445,22.342222222222222,1.0,True,3,3,0.0,0.0,0.0,0.0,exp11_s3_litupgrade20_12m__analysis.zip!LITUPGRADE20/S3__R_EVENTQ/analysis/checkpoint_curve.csv,MPTC,85.33,项目交接参考；当前归档未找到原始 S 阶段解析 CSV,UAGMC_SOURCE passenger-only + LQ,84.19,128.76,本矩阵同包实测；训练种子 1；评估种子 123-125,需核对同物理/guard/轨迹；解析值为交接参考，非本次独立复算
exp11,S3__R_EVENTQ,S3,R_EVENTQ,1,200000,205.18666666666664,173.40444444444447,8.297777777777778,22.50222222222222,1.0,True,3,3,0.0,0.0,0.0,0.0,exp11_s3_litupgrade20_12m__analysis.zip!LITUPGRADE20/S3__R_EVENTQ/analysis/checkpoint_curve.csv,MPTC,85.33,项目交接参考；当前归档未找到原始 S 阶段解析 CSV,UAGMC_SOURCE passenger-only + LQ,84.19,128.76,本矩阵同包实测；训练种子 1；评估种子 123-125,需核对同物理/guard/轨迹；解析值为交接参考，非本次独立复算
exp11,S3__R_EVENTQ,S3,R_EVENTQ,1,250000,222.4677777777778,189.92444444444445,8.556666666666667,23.0,1.0,True,3,3,0.0,0.0,0.0,0.0,exp11_s3_litupgrade20_12m__analysis.zip!LITUPGRADE20/S3__R_EVENTQ/analysis/checkpoint_curve.csv,MPTC,85.33,项目交接参考；当前归档未找到原始 S 阶段解析 CSV,UAGMC_SOURCE passenger-only + LQ,84.19,128.76,本矩阵同包实测；训练种子 1；评估种子 123-125,需核对同物理/guard/轨迹；解析值为交接参考，非本次独立复算
exp11,S3__R_EVENTQ,S3,R_EVENTQ,1,300000,192.4555555555556,161.2122222222222,8.200000000000001,22.057777777777776,1.0,True,3,3,0.0,0.0,0.0,0.0,exp11_s3_litupgrade20_12m__analysis.zip!LITUPGRADE20/S3__R_EVENTQ/analysis/checkpoint_curve.csv,MPTC,85.33,项目交接参考；当前归档未找到原始 S 阶段解析 CSV,UAGMC_SOURCE passenger-only + LQ,84.19,128.76,本矩阵同包实测；训练种子 1；评估种子 123-125,需核对同物理/guard/轨迹；解析值为交接参考，非本次独立复算
exp11,S3__R_EVENTQ,S3,R_EVENTQ,1,350000,147.15555555555557,117.54888888888888,7.576666666666667,21.048888888888886,1.0,True,3,3,0.0,0.0,0.0,0.0,exp11_s3_litupgrade20_12m__analysis.zip!LITUPGRADE20/S3__R_EVENTQ/analysis/checkpoint_curve.csv,MPTC,85.33,项目交接参考；当前归档未找到原始 S 阶段解析 CSV,UAGMC_SOURCE passenger-only + LQ,84.19,128.76,本矩阵同包实测；训练种子 1；评估种子 123-125,需核对同物理/guard/轨迹；解析值为交接参考，非本次独立复算
exp11,S3__R_EVENTQ,S3,R_EVENTQ,1,400000,157.27,126.99333333333334,8.02111111111111,21.293333333333337,1.0,True,3,3,0.0,0.0,0.0,0.0,exp11_s3_litupgrade20_12m__analysis.zip!LITUPGRADE20/S3__R_EVENTQ/analysis/checkpoint_curve.csv,MPTC,85.33,项目交接参考；当前归档未找到原始 S 阶段解析 CSV,UAGMC_SOURCE passenger-only + LQ,84.19,128.76,本矩阵同包实测；训练种子 1；评估种子 123-125,需核对同物理/guard/轨迹；解析值为交接参考，非本次独立复算
exp11,S3__R_EVENTQ,S3,R_EVENTQ,1,450000,150.1511111111111,120.64222222222223,7.525555555555556,21.00888888888889,1.0,True,3,3,0.0,0.0,0.0,0.0,exp11_s3_litupgrade20_12m__analysis.zip!LITUPGRADE20/S3__R_EVENTQ/analysis/checkpoint_curve.csv,MPTC,85.33,项目交接参考；当前归档未找到原始 S 阶段解析 CSV,UAGMC_SOURCE passenger-only + LQ,84.19,128.76,本矩阵同包实测；训练种子 1；评估种子 123-125,需核对同物理/guard/轨迹；解析值为交接参考，非本次独立复算
exp11,S3__R_EVENTQ,S3,R_EVENTQ,1,500000,169.8322222222222,140.32555555555555,7.454444444444444,21.11111111111111,1.0,True,3,3,0.0,0.0,0.0,0.0,exp11_s3_litupgrade20_12m__analysis.zip!LITUPGRADE20/S3__R_EVENTQ/analysis/checkpoint_curve.csv,MPTC,85.33,项目交接参考；当前归档未找到原始 S 阶段解析 CSV,UAGMC_SOURCE passenger-only + LQ,84.19,128.76,本矩阵同包实测；训练种子 1；评估种子 123-125,需核对同物理/guard/轨迹；解析值为交接参考，非本次独立复算
exp11,S3__R_EVENTQ,S3,R_EVENTQ,1,550000,174.54111111111112,144.6611111111111,7.636666666666667,21.302222222222223,1.0,True,3,3,0.0,0.0,0.0,0.0,exp11_s3_litupgrade20_12m__analysis.zip!LITUPGRADE20/S3__R_EVENTQ/analysis/checkpoint_curve.csv,MPTC,85.33,项目交接参考；当前归档未找到原始 S 阶段解析 CSV,UAGMC_SOURCE passenger-only + LQ,84.19,128.76,本矩阵同包实测；训练种子 1；评估种子 123-125,需核对同物理/guard/轨迹；解析值为交接参考，非本次独立复算
exp11,S3__R_EVENTQ,S3,R_EVENTQ,1,600000,77.65777777777778,50.397777777777776,6.66,19.657777777777778,1.0,True,3,3,0.0,0.0,0.0,0.0,exp11_s3_litupgrade20_12m__analysis.zip!LITUPGRADE20/S3__R_EVENTQ/analysis/checkpoint_curve.csv,MPTC,85.33,项目交接参考；当前归档未找到原始 S 阶段解析 CSV,UAGMC_SOURCE passenger-only + LQ,84.19,128.76,本矩阵同包实测；训练种子 1；评估种子 123-125,需核对同物理/guard/轨迹；解析值为交接参考，非本次独立复算
exp11,S3__SA_GATV2_COMA,S3,SA_GATV2_COMA,1,50000,372.56444444444446,346.3066666666667,6.181111111111111,19.102222222222224,1.0,True,3,3,0.0,0.0,0.0,0.0,exp11_s3_litupgrade20_12m__analysis.zip!LITUPGRADE20/S3__SA_GATV2_COMA/analysis/checkpoint_curve.csv,MPTC,85.33,项目交接参考；当前归档未找到原始 S 阶段解析 CSV,UAGMC_SOURCE passenger-only + LQ,84.19,128.76,本矩阵同包实测；训练种子 1；评估种子 123-125,需核对同物理/guard/轨迹；解析值为交接参考，非本次独立复算
exp11,S3__SA_GATV2_COMA,S3,SA_GATV2_COMA,1,100000,617.9966666666668,591.8333333333334,6.163333333333333,19.0,1.0,True,3,3,0.0,0.0,0.0,0.0,exp11_s3_litupgrade20_12m__analysis.zip!LITUPGRADE20/S3__SA_GATV2_COMA/analysis/checkpoint_curve.csv,MPTC,85.33,项目交接参考；当前归档未找到原始 S 阶段解析 CSV,UAGMC_SOURCE passenger-only + LQ,84.19,128.76,本矩阵同包实测；训练种子 1；评估种子 123-125,需核对同物理/guard/轨迹；解析值为交接参考，非本次独立复算
exp11,S3__SA_GATV2_COMA,S3,SA_GATV2_COMA,1,150000,390.4144444444444,364.1922222222222,6.152222222222222,19.093333333333334,1.0,True,3,3,0.0,0.0,0.0,0.0,exp11_s3_litupgrade20_12m__analysis.zip!LITUPGRADE20/S3__SA_GATV2_COMA/analysis/checkpoint_curve.csv,MPTC,85.33,项目交接参考；当前归档未找到原始 S 阶段解析 CSV,UAGMC_SOURCE passenger-only + LQ,84.19,128.76,本矩阵同包实测；训练种子 1；评估种子 123-125,需核对同物理/guard/轨迹；解析值为交接参考，非本次独立复算
exp11,S3__SA_GATV2_COMA,S3,SA_GATV2_COMA,1,200000,469.18,443.0,6.150000000000001,19.04,1.0,True,3,3,0.0,0.0,0.0,0.0,exp11_s3_litupgrade20_12m__analysis.zip!LITUPGRADE20/S3__SA_GATV2_COMA/analysis/checkpoint_curve.csv,MPTC,85.33,项目交接参考；当前归档未找到原始 S 阶段解析 CSV,UAGMC_SOURCE passenger-only + LQ,84.19,128.76,本矩阵同包实测；训练种子 1；评估种子 123-125,需核对同物理/guard/轨迹；解析值为交接参考，非本次独立复算
exp11,S3__SA_GATV2_COMA,S3,SA_GATV2_COMA,1,250000,313.3722222222222,287.1188888888889,6.1499999999999995,19.137777777777774,1.0,True,3,3,0.0,0.0,0.0,0.0,exp11_s3_litupgrade20_12m__analysis.zip!LITUPGRADE20/S3__SA_GATV2_COMA/analysis/checkpoint_curve.csv,MPTC,85.33,项目交接参考；当前归档未找到原始 S 阶段解析 CSV,UAGMC_SOURCE passenger-only + LQ,84.19,128.76,本矩阵同包实测；训练种子 1；评估种子 123-125,需核对同物理/guard/轨迹；解析值为交接参考，非本次独立复算
exp11,S3__SA_GATV2_COMA,S3,SA_GATV2_COMA,1,300000,304.65777777777777,278.37555555555554,6.181111111111111,19.133333333333333,1.0,True,3,3,0.0,0.0,0.0,0.0,exp11_s3_litupgrade20_12m__analysis.zip!LITUPGRADE20/S3__SA_GATV2_COMA/analysis/checkpoint_curve.csv,MPTC,85.33,项目交接参考；当前归档未找到原始 S 阶段解析 CSV,UAGMC_SOURCE passenger-only + LQ,84.19,128.76,本矩阵同包实测；训练种子 1；评估种子 123-125,需核对同物理/guard/轨迹；解析值为交接参考，非本次独立复算
exp11,S3__SA_GATV2_COMA,S3,SA_GATV2_COMA,1,350000,155.86111111111111,128.67666666666668,6.490000000000001,19.79111111111111,1.0,True,3,3,0.0,0.0,0.0,0.0,exp11_s3_litupgrade20_12m__analysis.zip!LITUPGRADE20/S3__SA_GATV2_COMA/analysis/checkpoint_curve.csv,MPTC,85.33,项目交接参考；当前归档未找到原始 S 阶段解析 CSV,UAGMC_SOURCE passenger-only + LQ,84.19,128.76,本矩阵同包实测；训练种子 1；评估种子 123-125,需核对同物理/guard/轨迹；解析值为交接参考，非本次独立复算
exp11,S3__SA_GATV2_COMA,S3,SA_GATV2_COMA,1,400000,134.23666666666668,105.79777777777777,7.024444444444445,20.50222222222222,1.0,True,3,3,0.0,0.0,0.0,0.0,exp11_s3_litupgrade20_12m__analysis.zip!LITUPGRADE20/S3__SA_GATV2_COMA/analysis/checkpoint_curve.csv,MPTC,85.33,项目交接参考；当前归档未找到原始 S 阶段解析 CSV,UAGMC_SOURCE passenger-only + LQ,84.19,128.76,本矩阵同包实测；训练种子 1；评估种子 123-125,需核对同物理/guard/轨迹；解析值为交接参考，非本次独立复算
exp11,S3__SA_GATV2_COMA,S3,SA_GATV2_COMA,1,450000,107.2688888888889,79.85111111111111,6.634444444444445,19.88,1.0,True,3,3,0.0,0.0,0.0,0.0,exp11_s3_litupgrade20_12m__analysis.zip!LITUPGRADE20/S3__SA_GATV2_COMA/analysis/checkpoint_curve.csv,MPTC,85.33,项目交接参考；当前归档未找到原始 S 阶段解析 CSV,UAGMC_SOURCE passenger-only + LQ,84.19,128.76,本矩阵同包实测；训练种子 1；评估种子 123-125,需核对同物理/guard/轨迹；解析值为交接参考，非本次独立复算
exp11,S3__SA_GATV2_COMA,S3,SA_GATV2_COMA,1,500000,124.7911111111111,96.21888888888888,6.961111111111111,20.697777777777777,1.0,True,3,3,0.0,0.0,0.0,0.0,exp11_s3_litupgrade20_12m__analysis.zip!LITUPGRADE20/S3__SA_GATV2_COMA/analysis/checkpoint_curve.csv,MPTC,85.33,项目交接参考；当前归档未找到原始 S 阶段解析 CSV,UAGMC_SOURCE passenger-only + LQ,84.19,128.76,本矩阵同包实测；训练种子 1；评估种子 123-125,需核对同物理/guard/轨迹；解析值为交接参考，非本次独立复算
exp11,S3__SA_GATV2_COMA,S3,SA_GATV2_COMA,1,550000,120.14888888888889,91.99666666666667,6.791111111111111,20.417777777777776,1.0,True,3,3,0.0,0.0,0.0,0.0,exp11_s3_litupgrade20_12m__analysis.zip!LITUPGRADE20/S3__SA_GATV2_COMA/analysis/checkpoint_curve.csv,MPTC,85.33,项目交接参考；当前归档未找到原始 S 阶段解析 CSV,UAGMC_SOURCE passenger-only + LQ,84.19,128.76,本矩阵同包实测；训练种子 1；评估种子 123-125,需核对同物理/guard/轨迹；解析值为交接参考，非本次独立复算
exp11,S3__SA_GATV2_COMA,S3,SA_GATV2_COMA,1,600000,119.87333333333333,91.49333333333334,6.986666666666667,20.46222222222222,1.0,True,3,3,0.0,0.0,0.0,0.0,exp11_s3_litupgrade20_12m__analysis.zip!LITUPGRADE20/S3__SA_GATV2_COMA/analysis/checkpoint_curve.csv,MPTC,85.33,项目交接参考；当前归档未找到原始 S 阶段解析 CSV,UAGMC_SOURCE passenger-only + LQ,84.19,128.76,本矩阵同包实测；训练种子 1；评估种子 123-125,需核对同物理/guard/轨迹；解析值为交接参考，非本次独立复算
exp11,S3__SA_TGAT_DENOISED,S3,SA_TGAT_DENOISED,1,50000,224.26555555555555,194.00555555555556,7.682222222222222,21.626666666666665,1.0,True,3,3,0.0,0.0,0.0,0.0,exp11_s3_litupgrade20_12m__analysis.zip!LITUPGRADE20/S3__SA_TGAT_DENOISED/analysis/checkpoint_curve.csv,MPTC,85.33,项目交接参考；当前归档未找到原始 S 阶段解析 CSV,UAGMC_SOURCE passenger-only + LQ,84.19,128.76,本矩阵同包实测；训练种子 1；评估种子 123-125,需核对同物理/guard/轨迹；解析值为交接参考，非本次独立复算
exp11,S3__SA_TGAT_DENOISED,S3,SA_TGAT_DENOISED,1,100000,222.4677777777778,189.92444444444445,8.556666666666667,23.0,1.0,True,3,3,0.0,0.0,0.0,0.0,exp11_s3_litupgrade20_12m__analysis.zip!LITUPGRADE20/S3__SA_TGAT_DENOISED/analysis/checkpoint_curve.csv,MPTC,85.33,项目交接参考；当前归档未找到原始 S 阶段解析 CSV,UAGMC_SOURCE passenger-only + LQ,84.19,128.76,本矩阵同包实测；训练种子 1；评估种子 123-125,需核对同物理/guard/轨迹；解析值为交接参考，非本次独立复算
exp11,S3__SA_TGAT_DENOISED,S3,SA_TGAT_DENOISED,1,150000,230.34444444444443,197.87111111111108,8.51,22.973333333333333,1.0,True,3,3,0.0,0.0,0.0,0.0,exp11_s3_litupgrade20_12m__analysis.zip!LITUPGRADE20/S3__SA_TGAT_DENOISED/analysis/checkpoint_curve.csv,MPTC,85.33,项目交接参考；当前归档未找到原始 S 阶段解析 CSV,UAGMC_SOURCE passenger-only + LQ,84.19,128.76,本矩阵同包实测；训练种子 1；评估种子 123-125,需核对同物理/guard/轨迹；解析值为交接参考，非本次独立复算
exp11,S3__SA_TGAT_DENOISED,S3,SA_TGAT_DENOISED,1,200000,230.34444444444443,197.87111111111108,8.51,22.973333333333333,1.0,True,3,3,0.0,0.0,0.0,0.0,exp11_s3_litupgrade20_12m__analysis.zip!LITUPGRADE20/S3__SA_TGAT_DENOISED/analysis/checkpoint_curve.csv,MPTC,85.33,项目交接参考；当前归档未找到原始 S 阶段解析 CSV,UAGMC_SOURCE passenger-only + LQ,84.19,128.76,本矩阵同包实测；训练种子 1；评估种子 123-125,需核对同物理/guard/轨迹；解析值为交接参考，非本次独立复算
exp11,S3__SA_TGAT_DENOISED,S3,SA_TGAT_DENOISED,1,250000,227.6977777777778,195.23111111111112,8.513333333333334,22.964444444444442,1.0,True,3,3,0.0,0.0,0.0,0.0,exp11_s3_litupgrade20_12m__analysis.zip!LITUPGRADE20/S3__SA_TGAT_DENOISED/analysis/checkpoint_curve.csv,MPTC,85.33,项目交接参考；当前归档未找到原始 S 阶段解析 CSV,UAGMC_SOURCE passenger-only + LQ,84.19,128.76,本矩阵同包实测；训练种子 1；评估种子 123-125,需核对同物理/guard/轨迹；解析值为交接参考，非本次独立复算
exp11,S3__SA_TGAT_DENOISED,S3,SA_TGAT_DENOISED,1,300000,207.0377777777778,174.98444444444445,8.385555555555557,22.688888888888886,1.0,True,3,3,0.0,0.0,0.0,0.0,exp11_s3_litupgrade20_12m__analysis.zip!LITUPGRADE20/S3__SA_TGAT_DENOISED/analysis/checkpoint_curve.csv,MPTC,85.33,项目交接参考；当前归档未找到原始 S 阶段解析 CSV,UAGMC_SOURCE passenger-only + LQ,84.19,128.76,本矩阵同包实测；训练种子 1；评估种子 123-125,需核对同物理/guard/轨迹；解析值为交接参考，非本次独立复算
exp11,S3__SA_TGAT_DENOISED,S3,SA_TGAT_DENOISED,1,350000,206.48555555555558,174.7122222222222,8.336666666666668,22.453333333333333,1.0,True,3,3,0.0,0.0,0.0,0.0,exp11_s3_litupgrade20_12m__analysis.zip!LITUPGRADE20/S3__SA_TGAT_DENOISED/analysis/checkpoint_curve.csv,MPTC,85.33,项目交接参考；当前归档未找到原始 S 阶段解析 CSV,UAGMC_SOURCE passenger-only + LQ,84.19,128.76,本矩阵同包实测；训练种子 1；评估种子 123-125,需核对同物理/guard/轨迹；解析值为交接参考，非本次独立复算
exp11,S3__SA_TGAT_DENOISED,S3,SA_TGAT_DENOISED,1,400000,190.53111111111113,159.35555555555553,8.145555555555555,22.05333333333333,1.0,True,3,3,0.0,0.0,0.0,0.0,exp11_s3_litupgrade20_12m__analysis.zip!LITUPGRADE20/S3__SA_TGAT_DENOISED/analysis/checkpoint_curve.csv,MPTC,85.33,项目交接参考；当前归档未找到原始 S 阶段解析 CSV,UAGMC_SOURCE passenger-only + LQ,84.19,128.76,本矩阵同包实测；训练种子 1；评估种子 123-125,需核对同物理/guard/轨迹；解析值为交接参考，非本次独立复算
exp11,S3__SA_TGAT_DENOISED,S3,SA_TGAT_DENOISED,1,450000,185.97222222222226,155.36777777777777,7.958888888888889,21.671111111111113,1.0,True,3,3,0.0,0.0,0.0,0.0,exp11_s3_litupgrade20_12m__analysis.zip!LITUPGRADE20/S3__SA_TGAT_DENOISED/analysis/checkpoint_curve.csv,MPTC,85.33,项目交接参考；当前归档未找到原始 S 阶段解析 CSV,UAGMC_SOURCE passenger-only + LQ,84.19,128.76,本矩阵同包实测；训练种子 1；评估种子 123-125,需核对同物理/guard/轨迹；解析值为交接参考，非本次独立复算
exp11,S3__SA_TGAT_DENOISED,S3,SA_TGAT_DENOISED,1,500000,167.13555555555556,137.1822222222222,7.645555555555556,21.337777777777777,1.0,True,3,3,0.0,0.0,0.0,0.0,exp11_s3_litupgrade20_12m__analysis.zip!LITUPGRADE20/S3__SA_TGAT_DENOISED/analysis/checkpoint_curve.csv,MPTC,85.33,项目交接参考；当前归档未找到原始 S 阶段解析 CSV,UAGMC_SOURCE passenger-only + LQ,84.19,128.76,本矩阵同包实测；训练种子 1；评估种子 123-125,需核对同物理/guard/轨迹；解析值为交接参考，非本次独立复算
exp11,S3__SA_TGAT_DENOISED,S3,SA_TGAT_DENOISED,1,550000,200.0911111111111,169.67777777777778,7.835555555555556,21.604444444444443,1.0,True,3,3,0.0,0.0,0.0,0.0,exp11_s3_litupgrade20_12m__analysis.zip!LITUPGRADE20/S3__SA_TGAT_DENOISED/analysis/checkpoint_curve.csv,MPTC,85.33,项目交接参考；当前归档未找到原始 S 阶段解析 CSV,UAGMC_SOURCE passenger-only + LQ,84.19,128.76,本矩阵同包实测；训练种子 1；评估种子 123-125,需核对同物理/guard/轨迹；解析值为交接参考，非本次独立复算
exp11,S3__SA_TGAT_DENOISED,S3,SA_TGAT_DENOISED,1,600000,147.83333333333334,117.96666666666665,7.615555555555556,21.275555555555556,1.0,True,3,3,0.0,0.0,0.0,0.0,exp11_s3_litupgrade20_12m__analysis.zip!LITUPGRADE20/S3__SA_TGAT_DENOISED/analysis/checkpoint_curve.csv,MPTC,85.33,项目交接参考；当前归档未找到原始 S 阶段解析 CSV,UAGMC_SOURCE passenger-only + LQ,84.19,128.76,本矩阵同包实测；训练种子 1；评估种子 123-125,需核对同物理/guard/轨迹；解析值为交接参考，非本次独立复算
exp11,S3__SW_GATV2_UNCVALUE,S3,SW_GATV2_UNCVALUE,1,50000,93.88777777777777,66.83888888888889,6.444444444444444,19.697777777777777,1.0,True,3,3,0.0,0.0,0.0,0.0,exp11_s3_litupgrade20_12m__analysis.zip!LITUPGRADE20/S3__SW_GATV2_UNCVALUE/analysis/checkpoint_curve.csv,MPTC,85.33,项目交接参考；当前归档未找到原始 S 阶段解析 CSV,UAGMC_SOURCE passenger-only + LQ,84.19,128.76,本矩阵同包实测；训练种子 1；评估种子 123-125,需核对同物理/guard/轨迹；解析值为交接参考，非本次独立复算
exp11,S3__SW_GATV2_UNCVALUE,S3,SW_GATV2_UNCVALUE,1,100000,132.69,106.05333333333333,6.363333333333333,19.36,1.0,True,3,3,0.0,0.0,0.0,0.0,exp11_s3_litupgrade20_12m__analysis.zip!LITUPGRADE20/S3__SW_GATV2_UNCVALUE/analysis/checkpoint_curve.csv,MPTC,85.33,项目交接参考；当前归档未找到原始 S 阶段解析 CSV,UAGMC_SOURCE passenger-only + LQ,84.19,128.76,本矩阵同包实测；训练种子 1；评估种子 123-125,需核对同物理/guard/轨迹；解析值为交接参考，非本次独立复算
exp11,S3__SW_GATV2_UNCVALUE,S3,SW_GATV2_UNCVALUE,1,150000,129.11333333333334,102.55000000000001,6.252222222222223,19.40888888888889,1.0,True,3,3,0.0,0.0,0.0,0.0,exp11_s3_litupgrade20_12m__analysis.zip!LITUPGRADE20/S3__SW_GATV2_UNCVALUE/analysis/checkpoint_curve.csv,MPTC,85.33,项目交接参考；当前归档未找到原始 S 阶段解析 CSV,UAGMC_SOURCE passenger-only + LQ,84.19,128.76,本矩阵同包实测；训练种子 1；评估种子 123-125,需核对同物理/guard/轨迹；解析值为交接参考，非本次独立复算
exp11,S3__SW_GATV2_UNCVALUE,S3,SW_GATV2_UNCVALUE,1,200000,153.8311111111111,127.21,6.275555555555556,19.42222222222222,1.0,True,3,3,0.0,0.0,0.0,0.0,exp11_s3_litupgrade20_12m__analysis.zip!LITUPGRADE20/S3__SW_GATV2_UNCVALUE/analysis/checkpoint_curve.csv,MPTC,85.33,项目交接参考；当前归档未找到原始 S 阶段解析 CSV,UAGMC_SOURCE passenger-only + LQ,84.19,128.76,本矩阵同包实测；训练种子 1；评估种子 123-125,需核对同物理/guard/轨迹；解析值为交接参考，非本次独立复算
exp11,S3__SW_GATV2_UNCVALUE,S3,SW_GATV2_UNCVALUE,1,250000,150.3811111111111,122.93777777777778,6.607777777777778,19.924444444444443,1.0,True,3,3,0.0,0.0,0.0,0.0,exp11_s3_litupgrade20_12m__analysis.zip!LITUPGRADE20/S3__SW_GATV2_UNCVALUE/analysis/checkpoint_curve.csv,MPTC,85.33,项目交接参考；当前归档未找到原始 S 阶段解析 CSV,UAGMC_SOURCE passenger-only + LQ,84.19,128.76,本矩阵同包实测；训练种子 1；评估种子 123-125,需核对同物理/guard/轨迹；解析值为交接参考，非本次独立复算
exp11,S3__SW_GATV2_UNCVALUE,S3,SW_GATV2_UNCVALUE,1,300000,146.1577777777778,118.38666666666666,6.735555555555556,20.12888888888889,1.0,True,3,3,0.0,0.0,0.0,0.0,exp11_s3_litupgrade20_12m__analysis.zip!LITUPGRADE20/S3__SW_GATV2_UNCVALUE/analysis/checkpoint_curve.csv,MPTC,85.33,项目交接参考；当前归档未找到原始 S 阶段解析 CSV,UAGMC_SOURCE passenger-only + LQ,84.19,128.76,本矩阵同包实测；训练种子 1；评估种子 123-125,需核对同物理/guard/轨迹；解析值为交接参考，非本次独立复算
exp11,S3__SW_GATV2_UNCVALUE,S3,SW_GATV2_UNCVALUE,1,350000,137.6822222222222,108.81333333333333,7.318888888888889,20.64,1.0,True,3,3,0.0,0.0,0.0,0.0,exp11_s3_litupgrade20_12m__analysis.zip!LITUPGRADE20/S3__SW_GATV2_UNCVALUE/analysis/checkpoint_curve.csv,MPTC,85.33,项目交接参考；当前归档未找到原始 S 阶段解析 CSV,UAGMC_SOURCE passenger-only + LQ,84.19,128.76,本矩阵同包实测；训练种子 1；评估种子 123-125,需核对同物理/guard/轨迹；解析值为交接参考，非本次独立复算
exp11,S3__SW_GATV2_UNCVALUE,S3,SW_GATV2_UNCVALUE,1,400000,153.83888888888887,124.33444444444444,7.508888888888888,21.06222222222222,1.0,True,3,3,0.0,0.0,0.0,0.0,exp11_s3_litupgrade20_12m__analysis.zip!LITUPGRADE20/S3__SW_GATV2_UNCVALUE/analysis/checkpoint_curve.csv,MPTC,85.33,项目交接参考；当前归档未找到原始 S 阶段解析 CSV,UAGMC_SOURCE passenger-only + LQ,84.19,128.76,本矩阵同包实测；训练种子 1；评估种子 123-125,需核对同物理/guard/轨迹；解析值为交接参考，非本次独立复算
exp11,S3__SW_GATV2_UNCVALUE,S3,SW_GATV2_UNCVALUE,1,450000,157.74,128.4488888888889,7.388888888888888,20.99111111111111,1.0,True,3,3,0.0,0.0,0.0,0.0,exp11_s3_litupgrade20_12m__analysis.zip!LITUPGRADE20/S3__SW_GATV2_UNCVALUE/analysis/checkpoint_curve.csv,MPTC,85.33,项目交接参考；当前归档未找到原始 S 阶段解析 CSV,UAGMC_SOURCE passenger-only + LQ,84.19,128.76,本矩阵同包实测；训练种子 1；评估种子 123-125,需核对同物理/guard/轨迹；解析值为交接参考，非本次独立复算
exp11,S3__SW_GATV2_UNCVALUE,S3,SW_GATV2_UNCVALUE,1,500000,153.7288888888889,124.14999999999999,7.57,21.07111111111111,1.0,True,3,3,0.0,0.0,0.0,0.0,exp11_s3_litupgrade20_12m__analysis.zip!LITUPGRADE20/S3__SW_GATV2_UNCVALUE/analysis/checkpoint_curve.csv,MPTC,85.33,项目交接参考；当前归档未找到原始 S 阶段解析 CSV,UAGMC_SOURCE passenger-only + LQ,84.19,128.76,本矩阵同包实测；训练种子 1；评估种子 123-125,需核对同物理/guard/轨迹；解析值为交接参考，非本次独立复算
exp11,S3__SW_GATV2_UNCVALUE,S3,SW_GATV2_UNCVALUE,1,550000,144.54888888888888,115.63777777777779,7.1433333333333335,20.84,1.0,True,3,3,0.0,0.0,0.0,0.0,exp11_s3_litupgrade20_12m__analysis.zip!LITUPGRADE20/S3__SW_GATV2_UNCVALUE/analysis/checkpoint_curve.csv,MPTC,85.33,项目交接参考；当前归档未找到原始 S 阶段解析 CSV,UAGMC_SOURCE passenger-only + LQ,84.19,128.76,本矩阵同包实测；训练种子 1；评估种子 123-125,需核对同物理/guard/轨迹；解析值为交接参考，非本次独立复算
exp11,S3__SW_GATV2_UNCVALUE,S3,SW_GATV2_UNCVALUE,1,600000,162.51555555555558,132.8788888888889,7.432222222222222,21.244444444444444,1.0,True,3,3,0.0,0.0,0.0,0.0,exp11_s3_litupgrade20_12m__analysis.zip!LITUPGRADE20/S3__SW_GATV2_UNCVALUE/analysis/checkpoint_curve.csv,MPTC,85.33,项目交接参考；当前归档未找到原始 S 阶段解析 CSV,UAGMC_SOURCE passenger-only + LQ,84.19,128.76,本矩阵同包实测；训练种子 1；评估种子 123-125,需核对同物理/guard/轨迹；解析值为交接参考，非本次独立复算
exp11,S3__SW_TGAT_VALUECTRL,S3,SW_TGAT_VALUECTRL,1,50000,222.4677777777778,189.92444444444445,8.556666666666667,23.0,1.0,True,3,3,0.0,0.0,0.0,0.0,exp11_s3_litupgrade20_12m__analysis.zip!LITUPGRADE20/S3__SW_TGAT_VALUECTRL/analysis/checkpoint_curve.csv,MPTC,85.33,项目交接参考；当前归档未找到原始 S 阶段解析 CSV,UAGMC_SOURCE passenger-only + LQ,84.19,128.76,本矩阵同包实测；训练种子 1；评估种子 123-125,需核对同物理/guard/轨迹；解析值为交接参考，非本次独立复算
exp11,S3__SW_TGAT_VALUECTRL,S3,SW_TGAT_VALUECTRL,1,100000,213.61555555555557,181.18555555555554,8.497777777777777,22.951111111111107,1.0,True,3,3,0.0,0.0,0.0,0.0,exp11_s3_litupgrade20_12m__analysis.zip!LITUPGRADE20/S3__SW_TGAT_VALUECTRL/analysis/checkpoint_curve.csv,MPTC,85.33,项目交接参考；当前归档未找到原始 S 阶段解析 CSV,UAGMC_SOURCE passenger-only + LQ,84.19,128.76,本矩阵同包实测；训练种子 1；评估种子 123-125,需核对同物理/guard/轨迹；解析值为交接参考，非本次独立复算
exp11,S3__SW_TGAT_VALUECTRL,S3,SW_TGAT_VALUECTRL,1,150000,190.33555555555554,159.11111111111111,7.913333333333334,22.342222222222222,1.0,True,3,3,0.0,0.0,0.0,0.0,exp11_s3_litupgrade20_12m__analysis.zip!LITUPGRADE20/S3__SW_TGAT_VALUECTRL/analysis/checkpoint_curve.csv,MPTC,85.33,项目交接参考；当前归档未找到原始 S 阶段解析 CSV,UAGMC_SOURCE passenger-only + LQ,84.19,128.76,本矩阵同包实测；训练种子 1；评估种子 123-125,需核对同物理/guard/轨迹；解析值为交接参考，非本次独立复算
exp11,S3__SW_TGAT_VALUECTRL,S3,SW_TGAT_VALUECTRL,1,200000,164.20666666666668,134.28222222222223,7.473333333333333,21.47555555555556,1.0,True,3,3,0.0,0.0,0.0,0.0,exp11_s3_litupgrade20_12m__analysis.zip!LITUPGRADE20/S3__SW_TGAT_VALUECTRL/analysis/checkpoint_curve.csv,MPTC,85.33,项目交接参考；当前归档未找到原始 S 阶段解析 CSV,UAGMC_SOURCE passenger-only + LQ,84.19,128.76,本矩阵同包实测；训练种子 1；评估种子 123-125,需核对同物理/guard/轨迹；解析值为交接参考，非本次独立复算
exp11,S3__SW_TGAT_VALUECTRL,S3,SW_TGAT_VALUECTRL,1,250000,164.31222222222223,134.3588888888889,7.5311111111111115,21.444444444444443,1.0,True,3,3,0.0,0.0,0.0,0.0,exp11_s3_litupgrade20_12m__analysis.zip!LITUPGRADE20/S3__SW_TGAT_VALUECTRL/analysis/checkpoint_curve.csv,MPTC,85.33,项目交接参考；当前归档未找到原始 S 阶段解析 CSV,UAGMC_SOURCE passenger-only + LQ,84.19,128.76,本矩阵同包实测；训练种子 1；评估种子 123-125,需核对同物理/guard/轨迹；解析值为交接参考，非本次独立复算
exp11,S3__SW_TGAT_VALUECTRL,S3,SW_TGAT_VALUECTRL,1,300000,184.06333333333336,152.19222222222223,8.292222222222222,22.613333333333333,1.0,True,3,3,0.0,0.0,0.0,0.0,exp11_s3_litupgrade20_12m__analysis.zip!LITUPGRADE20/S3__SW_TGAT_VALUECTRL/analysis/checkpoint_curve.csv,MPTC,85.33,项目交接参考；当前归档未找到原始 S 阶段解析 CSV,UAGMC_SOURCE passenger-only + LQ,84.19,128.76,本矩阵同包实测；训练种子 1；评估种子 123-125,需核对同物理/guard/轨迹；解析值为交接参考，非本次独立复算
exp11,S3__SW_TGAT_VALUECTRL,S3,SW_TGAT_VALUECTRL,1,350000,180.18555555555554,149.32444444444445,8.022222222222222,21.871111111111116,1.0,True,3,3,0.0,0.0,0.0,0.0,exp11_s3_litupgrade20_12m__analysis.zip!LITUPGRADE20/S3__SW_TGAT_VALUECTRL/analysis/checkpoint_curve.csv,MPTC,85.33,项目交接参考；当前归档未找到原始 S 阶段解析 CSV,UAGMC_SOURCE passenger-only + LQ,84.19,128.76,本矩阵同包实测；训练种子 1；评估种子 123-125,需核对同物理/guard/轨迹；解析值为交接参考，非本次独立复算
exp11,S3__SW_TGAT_VALUECTRL,S3,SW_TGAT_VALUECTRL,1,400000,172.8122222222222,142.3477777777778,7.8566666666666665,21.63111111111111,1.0,True,3,3,0.0,0.0,0.0,0.0,exp11_s3_litupgrade20_12m__analysis.zip!LITUPGRADE20/S3__SW_TGAT_VALUECTRL/analysis/checkpoint_curve.csv,MPTC,85.33,项目交接参考；当前归档未找到原始 S 阶段解析 CSV,UAGMC_SOURCE passenger-only + LQ,84.19,128.76,本矩阵同包实测；训练种子 1；评估种子 123-125,需核对同物理/guard/轨迹；解析值为交接参考，非本次独立复算
exp11,S3__SW_TGAT_VALUECTRL,S3,SW_TGAT_VALUECTRL,1,450000,184.0377777777778,153.52555555555554,7.885555555555555,21.657777777777778,1.0,True,3,3,0.0,0.0,0.0,0.0,exp11_s3_litupgrade20_12m__analysis.zip!LITUPGRADE20/S3__SW_TGAT_VALUECTRL/analysis/checkpoint_curve.csv,MPTC,85.33,项目交接参考；当前归档未找到原始 S 阶段解析 CSV,UAGMC_SOURCE passenger-only + LQ,84.19,128.76,本矩阵同包实测；训练种子 1；评估种子 123-125,需核对同物理/guard/轨迹；解析值为交接参考，非本次独立复算
exp11,S3__SW_TGAT_VALUECTRL,S3,SW_TGAT_VALUECTRL,1,500000,119.12555555555555,90.89111111111112,6.864444444444445,20.386666666666667,1.0,True,3,3,0.0,0.0,0.0,0.0,exp11_s3_litupgrade20_12m__analysis.zip!LITUPGRADE20/S3__SW_TGAT_VALUECTRL/analysis/checkpoint_curve.csv,MPTC,85.33,项目交接参考；当前归档未找到原始 S 阶段解析 CSV,UAGMC_SOURCE passenger-only + LQ,84.19,128.76,本矩阵同包实测；训练种子 1；评估种子 123-125,需核对同物理/guard/轨迹；解析值为交接参考，非本次独立复算
exp11,S3__SW_TGAT_VALUECTRL,S3,SW_TGAT_VALUECTRL,1,550000,96.90555555555557,69.15555555555555,6.640000000000001,20.133333333333336,1.0,True,3,3,0.0,0.0,0.0,0.0,exp11_s3_litupgrade20_12m__analysis.zip!LITUPGRADE20/S3__SW_TGAT_VALUECTRL/analysis/checkpoint_curve.csv,MPTC,85.33,项目交接参考；当前归档未找到原始 S 阶段解析 CSV,UAGMC_SOURCE passenger-only + LQ,84.19,128.76,本矩阵同包实测；训练种子 1；评估种子 123-125,需核对同物理/guard/轨迹；解析值为交接参考，非本次独立复算
exp11,S3__SW_TGAT_VALUECTRL,S3,SW_TGAT_VALUECTRL,1,600000,88.93111111111112,61.50333333333333,6.54111111111111,19.933333333333334,1.0,True,3,3,0.0,0.0,0.0,0.0,exp11_s3_litupgrade20_12m__analysis.zip!LITUPGRADE20/S3__SW_TGAT_VALUECTRL/analysis/checkpoint_curve.csv,MPTC,85.33,项目交接参考；当前归档未找到原始 S 阶段解析 CSV,UAGMC_SOURCE passenger-only + LQ,84.19,128.76,本矩阵同包实测；训练种子 1；评估种子 123-125,需核对同物理/guard/轨迹；解析值为交接参考，非本次独立复算
exp11,S3__S_ADAPTIVE_EFFECT_HORIZON,S3,S_ADAPTIVE_EFFECT_HORIZON,1,50000,163.91333333333333,136.9088888888889,6.383333333333333,19.702222222222222,1.0,True,3,3,0.0,0.0,0.0,0.0,exp11_s3_litupgrade20_12m__analysis.zip!LITUPGRADE20/S3__S_ADAPTIVE_EFFECT_HORIZON/analysis/checkpoint_curve.csv,MPTC,85.33,项目交接参考；当前归档未找到原始 S 阶段解析 CSV,UAGMC_SOURCE passenger-only + LQ,84.19,128.76,本矩阵同包实测；训练种子 1；评估种子 123-125,需核对同物理/guard/轨迹；解析值为交接参考，非本次独立复算
exp11,S3__S_ADAPTIVE_EFFECT_HORIZON,S3,S_ADAPTIVE_EFFECT_HORIZON,1,100000,113.48444444444443,85.55222222222221,6.57,20.435555555555556,1.0,True,3,3,0.0,0.0,0.0,0.0,exp11_s3_litupgrade20_12m__analysis.zip!LITUPGRADE20/S3__S_ADAPTIVE_EFFECT_HORIZON/analysis/checkpoint_curve.csv,MPTC,85.33,项目交接参考；当前归档未找到原始 S 阶段解析 CSV,UAGMC_SOURCE passenger-only + LQ,84.19,128.76,本矩阵同包实测；训练种子 1；评估种子 123-125,需核对同物理/guard/轨迹；解析值为交接参考，非本次独立复算
exp11,S3__S_ADAPTIVE_EFFECT_HORIZON,S3,S_ADAPTIVE_EFFECT_HORIZON,1,150000,250.26555555555555,218.95666666666668,7.94111111111111,22.426666666666666,1.0,True,3,3,0.0,0.0,0.0,0.0,exp11_s3_litupgrade20_12m__analysis.zip!LITUPGRADE20/S3__S_ADAPTIVE_EFFECT_HORIZON/analysis/checkpoint_curve.csv,MPTC,85.33,项目交接参考；当前归档未找到原始 S 阶段解析 CSV,UAGMC_SOURCE passenger-only + LQ,84.19,128.76,本矩阵同包实测；训练种子 1；评估种子 123-125,需核对同物理/guard/轨迹；解析值为交接参考，非本次独立复算
exp11,S3__S_ADAPTIVE_EFFECT_HORIZON,S3,S_ADAPTIVE_EFFECT_HORIZON,1,200000,236.76,205.86777777777777,7.785555555555555,22.16,1.0,True,3,3,0.0,0.0,0.0,0.0,exp11_s3_litupgrade20_12m__analysis.zip!LITUPGRADE20/S3__S_ADAPTIVE_EFFECT_HORIZON/analysis/checkpoint_curve.csv,MPTC,85.33,项目交接参考；当前归档未找到原始 S 阶段解析 CSV,UAGMC_SOURCE passenger-only + LQ,84.19,128.76,本矩阵同包实测；训练种子 1；评估种子 123-125,需核对同物理/guard/轨迹；解析值为交接参考，非本次独立复算
exp11,S3__S_ADAPTIVE_EFFECT_HORIZON,S3,S_ADAPTIVE_EFFECT_HORIZON,1,250000,227.82222222222222,196.31111111111113,8.136666666666665,22.408888888888885,1.0,True,3,3,0.0,0.0,0.0,0.0,exp11_s3_litupgrade20_12m__analysis.zip!LITUPGRADE20/S3__S_ADAPTIVE_EFFECT_HORIZON/analysis/checkpoint_curve.csv,MPTC,85.33,项目交接参考；当前归档未找到原始 S 阶段解析 CSV,UAGMC_SOURCE passenger-only + LQ,84.19,128.76,本矩阵同包实测；训练种子 1；评估种子 123-125,需核对同物理/guard/轨迹；解析值为交接参考，非本次独立复算
exp11,S3__S_ADAPTIVE_EFFECT_HORIZON,S3,S_ADAPTIVE_EFFECT_HORIZON,1,300000,230.11,198.29,8.253333333333334,22.599999999999998,1.0,True,3,3,0.0,0.0,0.0,0.0,exp11_s3_litupgrade20_12m__analysis.zip!LITUPGRADE20/S3__S_ADAPTIVE_EFFECT_HORIZON/analysis/checkpoint_curve.csv,MPTC,85.33,项目交接参考；当前归档未找到原始 S 阶段解析 CSV,UAGMC_SOURCE passenger-only + LQ,84.19,128.76,本矩阵同包实测；训练种子 1；评估种子 123-125,需核对同物理/guard/轨迹；解析值为交接参考，非本次独立复算
exp11,S3__S_ADAPTIVE_EFFECT_HORIZON,S3,S_ADAPTIVE_EFFECT_HORIZON,1,350000,225.56555555555556,193.66222222222223,8.301111111111112,22.63111111111111,1.0,True,3,3,0.0,0.0,0.0,0.0,exp11_s3_litupgrade20_12m__analysis.zip!LITUPGRADE20/S3__S_ADAPTIVE_EFFECT_HORIZON/analysis/checkpoint_curve.csv,MPTC,85.33,项目交接参考；当前归档未找到原始 S 阶段解析 CSV,UAGMC_SOURCE passenger-only + LQ,84.19,128.76,本矩阵同包实测；训练种子 1；评估种子 123-125,需核对同物理/guard/轨迹；解析值为交接参考，非本次独立复算
exp11,S3__S_ADAPTIVE_EFFECT_HORIZON,S3,S_ADAPTIVE_EFFECT_HORIZON,1,400000,216.49444444444444,185.04666666666665,8.19111111111111,22.284444444444446,1.0,True,3,3,0.0,0.0,0.0,0.0,exp11_s3_litupgrade20_12m__analysis.zip!LITUPGRADE20/S3__S_ADAPTIVE_EFFECT_HORIZON/analysis/checkpoint_curve.csv,MPTC,85.33,项目交接参考；当前归档未找到原始 S 阶段解析 CSV,UAGMC_SOURCE passenger-only + LQ,84.19,128.76,本矩阵同包实测；训练种子 1；评估种子 123-125,需核对同物理/guard/轨迹；解析值为交接参考，非本次独立复算
exp11,S3__S_ADAPTIVE_EFFECT_HORIZON,S3,S_ADAPTIVE_EFFECT_HORIZON,1,450000,207.85,177.08444444444444,7.97,21.822222222222223,1.0,True,3,3,0.0,0.0,0.0,0.0,exp11_s3_litupgrade20_12m__analysis.zip!LITUPGRADE20/S3__S_ADAPTIVE_EFFECT_HORIZON/analysis/checkpoint_curve.csv,MPTC,85.33,项目交接参考；当前归档未找到原始 S 阶段解析 CSV,UAGMC_SOURCE passenger-only + LQ,84.19,128.76,本矩阵同包实测；训练种子 1；评估种子 123-125,需核对同物理/guard/轨迹；解析值为交接参考，非本次独立复算
exp11,S3__S_ADAPTIVE_EFFECT_HORIZON,S3,S_ADAPTIVE_EFFECT_HORIZON,1,500000,154.90555555555557,125.60222222222222,7.277777777777779,21.04,1.0,True,3,3,0.0,0.0,0.0,0.0,exp11_s3_litupgrade20_12m__analysis.zip!LITUPGRADE20/S3__S_ADAPTIVE_EFFECT_HORIZON/analysis/checkpoint_curve.csv,MPTC,85.33,项目交接参考；当前归档未找到原始 S 阶段解析 CSV,UAGMC_SOURCE passenger-only + LQ,84.19,128.76,本矩阵同包实测；训练种子 1；评估种子 123-125,需核对同物理/guard/轨迹；解析值为交接参考，非本次独立复算
exp11,S3__S_ADAPTIVE_EFFECT_HORIZON,S3,S_ADAPTIVE_EFFECT_HORIZON,1,550000,149.62222222222223,121.0,6.912222222222222,20.724444444444444,1.0,True,3,3,0.0,0.0,0.0,0.0,exp11_s3_litupgrade20_12m__analysis.zip!LITUPGRADE20/S3__S_ADAPTIVE_EFFECT_HORIZON/analysis/checkpoint_curve.csv,MPTC,85.33,项目交接参考；当前归档未找到原始 S 阶段解析 CSV,UAGMC_SOURCE passenger-only + LQ,84.19,128.76,本矩阵同包实测；训练种子 1；评估种子 123-125,需核对同物理/guard/轨迹；解析值为交接参考，非本次独立复算
exp11,S3__S_ADAPTIVE_EFFECT_HORIZON,S3,S_ADAPTIVE_EFFECT_HORIZON,1,600000,147.24777777777777,118.34222222222222,7.093333333333334,20.83111111111111,1.0,True,3,3,0.0,0.0,0.0,0.0,exp11_s3_litupgrade20_12m__analysis.zip!LITUPGRADE20/S3__S_ADAPTIVE_EFFECT_HORIZON/analysis/checkpoint_curve.csv,MPTC,85.33,项目交接参考；当前归档未找到原始 S 阶段解析 CSV,UAGMC_SOURCE passenger-only + LQ,84.19,128.76,本矩阵同包实测；训练种子 1；评估种子 123-125,需核对同物理/guard/轨迹；解析值为交接参考，非本次独立复算
exp11,S3__S_EVENTGRAPH_GAT,S3,S_EVENTGRAPH_GAT,1,50000,254.57555555555555,224.2966666666667,7.734444444444445,21.591111111111108,1.0,True,3,3,0.0,0.0,0.0,0.0,exp11_s3_litupgrade20_12m__analysis.zip!LITUPGRADE20/S3__S_EVENTGRAPH_GAT/analysis/checkpoint_curve.csv,MPTC,85.33,项目交接参考；当前归档未找到原始 S 阶段解析 CSV,UAGMC_SOURCE passenger-only + LQ,84.19,128.76,本矩阵同包实测；训练种子 1；评估种子 123-125,需核对同物理/guard/轨迹；解析值为交接参考，非本次独立复算
exp11,S3__S_EVENTGRAPH_GAT,S3,S_EVENTGRAPH_GAT,1,100000,142.14888888888888,114.49777777777778,6.764444444444444,19.924444444444443,1.0,True,3,3,0.0,0.0,0.0,0.0,exp11_s3_litupgrade20_12m__analysis.zip!LITUPGRADE20/S3__S_EVENTGRAPH_GAT/analysis/checkpoint_curve.csv,MPTC,85.33,项目交接参考；当前归档未找到原始 S 阶段解析 CSV,UAGMC_SOURCE passenger-only + LQ,84.19,128.76,本矩阵同包实测；训练种子 1；评估种子 123-125,需核对同物理/guard/轨迹；解析值为交接参考，非本次独立复算
exp11,S3__S_EVENTGRAPH_GAT,S3,S_EVENTGRAPH_GAT,1,150000,278.3744444444444,251.47111111111113,6.48,19.48,1.0,True,3,3,0.0,0.0,0.0,0.0,exp11_s3_litupgrade20_12m__analysis.zip!LITUPGRADE20/S3__S_EVENTGRAPH_GAT/analysis/checkpoint_curve.csv,MPTC,85.33,项目交接参考；当前归档未找到原始 S 阶段解析 CSV,UAGMC_SOURCE passenger-only + LQ,84.19,128.76,本矩阵同包实测；训练种子 1；评估种子 123-125,需核对同物理/guard/轨迹；解析值为交接参考，非本次独立复算
exp11,S3__S_EVENTGRAPH_GAT,S3,S_EVENTGRAPH_GAT,1,200000,225.54111111111112,197.72555555555553,6.8311111111111105,20.040000000000003,1.0,True,3,3,0.0,0.0,0.0,0.0,exp11_s3_litupgrade20_12m__analysis.zip!LITUPGRADE20/S3__S_EVENTGRAPH_GAT/analysis/checkpoint_curve.csv,MPTC,85.33,项目交接参考；当前归档未找到原始 S 阶段解析 CSV,UAGMC_SOURCE passenger-only + LQ,84.19,128.76,本矩阵同包实测；训练种子 1；评估种子 123-125,需核对同物理/guard/轨迹；解析值为交接参考，非本次独立复算
exp11,S3__S_EVENTGRAPH_GAT,S3,S_EVENTGRAPH_GAT,1,250000,220.81333333333336,192.32444444444445,7.0311111111111115,20.515555555555558,1.0,True,3,3,0.0,0.0,0.0,0.0,exp11_s3_litupgrade20_12m__analysis.zip!LITUPGRADE20/S3__S_EVENTGRAPH_GAT/analysis/checkpoint_curve.csv,MPTC,85.33,项目交接参考；当前归档未找到原始 S 阶段解析 CSV,UAGMC_SOURCE passenger-only + LQ,84.19,128.76,本矩阵同包实测；训练种子 1；评估种子 123-125,需核对同物理/guard/轨迹；解析值为交接参考，非本次独立复算
exp11,S3__S_EVENTGRAPH_GAT,S3,S_EVENTGRAPH_GAT,1,300000,199.50666666666666,171.61666666666667,6.802222222222222,20.164444444444445,1.0,True,3,3,0.0,0.0,0.0,0.0,exp11_s3_litupgrade20_12m__analysis.zip!LITUPGRADE20/S3__S_EVENTGRAPH_GAT/analysis/checkpoint_curve.csv,MPTC,85.33,项目交接参考；当前归档未找到原始 S 阶段解析 CSV,UAGMC_SOURCE passenger-only + LQ,84.19,128.76,本矩阵同包实测；训练种子 1；评估种子 123-125,需核对同物理/guard/轨迹；解析值为交接参考，非本次独立复算
exp11,S3__S_EVENTGRAPH_GAT,S3,S_EVENTGRAPH_GAT,1,350000,185.9533333333333,158.03555555555556,6.6933333333333325,20.288888888888888,1.0,True,3,3,0.0,0.0,0.0,0.0,exp11_s3_litupgrade20_12m__analysis.zip!LITUPGRADE20/S3__S_EVENTGRAPH_GAT/analysis/checkpoint_curve.csv,MPTC,85.33,项目交接参考；当前归档未找到原始 S 阶段解析 CSV,UAGMC_SOURCE passenger-only + LQ,84.19,128.76,本矩阵同包实测；训练种子 1；评估种子 123-125,需核对同物理/guard/轨迹；解析值为交接参考，非本次独立复算
exp11,S3__S_EVENTGRAPH_GAT,S3,S_EVENTGRAPH_GAT,1,400000,172.4311111111111,144.4466666666667,6.7811111111111115,20.262222222222224,1.0,True,3,3,0.0,0.0,0.0,0.0,exp11_s3_litupgrade20_12m__analysis.zip!LITUPGRADE20/S3__S_EVENTGRAPH_GAT/analysis/checkpoint_curve.csv,MPTC,85.33,项目交接参考；当前归档未找到原始 S 阶段解析 CSV,UAGMC_SOURCE passenger-only + LQ,84.19,128.76,本矩阵同包实测；训练种子 1；评估种子 123-125,需核对同物理/guard/轨迹；解析值为交接参考，非本次独立复算
exp11,S3__S_EVENTGRAPH_GAT,S3,S_EVENTGRAPH_GAT,1,450000,161.87666666666667,133.76777777777778,6.803333333333334,20.38222222222222,1.0,True,3,3,0.0,0.0,0.0,0.0,exp11_s3_litupgrade20_12m__analysis.zip!LITUPGRADE20/S3__S_EVENTGRAPH_GAT/analysis/checkpoint_curve.csv,MPTC,85.33,项目交接参考；当前归档未找到原始 S 阶段解析 CSV,UAGMC_SOURCE passenger-only + LQ,84.19,128.76,本矩阵同包实测；训练种子 1；评估种子 123-125,需核对同物理/guard/轨迹；解析值为交接参考，非本次独立复算
exp11,S3__S_EVENTGRAPH_GAT,S3,S_EVENTGRAPH_GAT,1,500000,171.86222222222224,142.6311111111111,7.3311111111111105,20.955555555555552,1.0,True,3,3,0.0,0.0,0.0,0.0,exp11_s3_litupgrade20_12m__analysis.zip!LITUPGRADE20/S3__S_EVENTGRAPH_GAT/analysis/checkpoint_curve.csv,MPTC,85.33,项目交接参考；当前归档未找到原始 S 阶段解析 CSV,UAGMC_SOURCE passenger-only + LQ,84.19,128.76,本矩阵同包实测；训练种子 1；评估种子 123-125,需核对同物理/guard/轨迹；解析值为交接参考，非本次独立复算
exp11,S3__S_EVENTGRAPH_GAT,S3,S_EVENTGRAPH_GAT,1,550000,175.31444444444443,146.15444444444444,7.36,20.862222222222222,1.0,True,3,3,0.0,0.0,0.0,0.0,exp11_s3_litupgrade20_12m__analysis.zip!LITUPGRADE20/S3__S_EVENTGRAPH_GAT/analysis/checkpoint_curve.csv,MPTC,85.33,项目交接参考；当前归档未找到原始 S 阶段解析 CSV,UAGMC_SOURCE passenger-only + LQ,84.19,128.76,本矩阵同包实测；训练种子 1；评估种子 123-125,需核对同物理/guard/轨迹；解析值为交接参考，非本次独立复算
exp11,S3__S_EVENTGRAPH_GAT,S3,S_EVENTGRAPH_GAT,1,600000,162.10444444444443,133.42333333333332,7.128888888888889,20.613333333333333,1.0,True,3,3,0.0,0.0,0.0,0.0,exp11_s3_litupgrade20_12m__analysis.zip!LITUPGRADE20/S3__S_EVENTGRAPH_GAT/analysis/checkpoint_curve.csv,MPTC,85.33,项目交接参考；当前归档未找到原始 S 阶段解析 CSV,UAGMC_SOURCE passenger-only + LQ,84.19,128.76,本矩阵同包实测；训练种子 1；评估种子 123-125,需核对同物理/guard/轨迹；解析值为交接参考，非本次独立复算
exp11,S3__S_GATV2_EVENT,S3,S_GATV2_EVENT,1,50000,232.2166666666667,199.76222222222222,8.55111111111111,22.919999999999998,1.0,True,3,3,0.0,0.0,0.0,0.0,exp11_s3_litupgrade20_12m__analysis.zip!LITUPGRADE20/S3__S_GATV2_EVENT/analysis/checkpoint_curve.csv,MPTC,85.33,项目交接参考；当前归档未找到原始 S 阶段解析 CSV,UAGMC_SOURCE passenger-only + LQ,84.19,128.76,本矩阵同包实测；训练种子 1；评估种子 123-125,需核对同物理/guard/轨迹；解析值为交接参考，非本次独立复算
exp11,S3__S_GATV2_EVENT,S3,S_GATV2_EVENT,1,100000,340.65444444444444,314.3288888888889,6.24888888888889,19.102222222222224,1.0,True,3,3,0.0,0.0,0.0,0.0,exp11_s3_litupgrade20_12m__analysis.zip!LITUPGRADE20/S3__S_GATV2_EVENT/analysis/checkpoint_curve.csv,MPTC,85.33,项目交接参考；当前归档未找到原始 S 阶段解析 CSV,UAGMC_SOURCE passenger-only + LQ,84.19,128.76,本矩阵同包实测；训练种子 1；评估种子 123-125,需核对同物理/guard/轨迹；解析值为交接参考，非本次独立复算
exp11,S3__S_GATV2_EVENT,S3,S_GATV2_EVENT,1,150000,115.13999999999999,88.06666666666666,6.401111111111111,19.76888888888889,1.0,True,3,3,0.0,0.0,0.0,0.0,exp11_s3_litupgrade20_12m__analysis.zip!LITUPGRADE20/S3__S_GATV2_EVENT/analysis/checkpoint_curve.csv,MPTC,85.33,项目交接参考；当前归档未找到原始 S 阶段解析 CSV,UAGMC_SOURCE passenger-only + LQ,84.19,128.76,本矩阵同包实测；训练种子 1；评估种子 123-125,需核对同物理/guard/轨迹；解析值为交接参考，非本次独立复算
exp11,S3__S_GATV2_EVENT,S3,S_GATV2_EVENT,1,200000,106.20333333333333,79.12444444444445,6.378888888888889,19.786666666666665,1.0,True,3,3,0.0,0.0,0.0,0.0,exp11_s3_litupgrade20_12m__analysis.zip!LITUPGRADE20/S3__S_GATV2_EVENT/analysis/checkpoint_curve.csv,MPTC,85.33,项目交接参考；当前归档未找到原始 S 阶段解析 CSV,UAGMC_SOURCE passenger-only + LQ,84.19,128.76,本矩阵同包实测；训练种子 1；评估种子 123-125,需核对同物理/guard/轨迹；解析值为交接参考，非本次独立复算
exp11,S3__S_GATV2_EVENT,S3,S_GATV2_EVENT,1,250000,126.88333333333334,99.43444444444442,6.64,19.90222222222222,1.0,True,3,3,0.0,0.0,0.0,0.0,exp11_s3_litupgrade20_12m__analysis.zip!LITUPGRADE20/S3__S_GATV2_EVENT/analysis/checkpoint_curve.csv,MPTC,85.33,项目交接参考；当前归档未找到原始 S 阶段解析 CSV,UAGMC_SOURCE passenger-only + LQ,84.19,128.76,本矩阵同包实测；训练种子 1；评估种子 123-125,需核对同物理/guard/轨迹；解析值为交接参考，非本次独立复算
exp11,S3__S_GATV2_EVENT,S3,S_GATV2_EVENT,1,300000,111.64444444444445,84.55444444444446,6.456666666666667,19.72888888888889,1.0,True,3,3,0.0,0.0,0.0,0.0,exp11_s3_litupgrade20_12m__analysis.zip!LITUPGRADE20/S3__S_GATV2_EVENT/analysis/checkpoint_curve.csv,MPTC,85.33,项目交接参考；当前归档未找到原始 S 阶段解析 CSV,UAGMC_SOURCE passenger-only + LQ,84.19,128.76,本矩阵同包实测；训练种子 1；评估种子 123-125,需核对同物理/guard/轨迹；解析值为交接参考，非本次独立复算
exp11,S3__S_GATV2_EVENT,S3,S_GATV2_EVENT,1,350000,124.11444444444446,95.7911111111111,6.862222222222222,20.546666666666667,1.0,True,3,3,0.0,0.0,0.0,0.0,exp11_s3_litupgrade20_12m__analysis.zip!LITUPGRADE20/S3__S_GATV2_EVENT/analysis/checkpoint_curve.csv,MPTC,85.33,项目交接参考；当前归档未找到原始 S 阶段解析 CSV,UAGMC_SOURCE passenger-only + LQ,84.19,128.76,本矩阵同包实测；训练种子 1；评估种子 123-125,需核对同物理/guard/轨迹；解析值为交接参考，非本次独立复算
exp11,S3__S_GATV2_EVENT,S3,S_GATV2_EVENT,1,400000,117.94,89.56666666666666,6.9688888888888885,20.48888888888889,1.0,True,3,3,0.0,0.0,0.0,0.0,exp11_s3_litupgrade20_12m__analysis.zip!LITUPGRADE20/S3__S_GATV2_EVENT/analysis/checkpoint_curve.csv,MPTC,85.33,项目交接参考；当前归档未找到原始 S 阶段解析 CSV,UAGMC_SOURCE passenger-only + LQ,84.19,128.76,本矩阵同包实测；训练种子 1；评估种子 123-125,需核对同物理/guard/轨迹；解析值为交接参考，非本次独立复算
exp11,S3__S_GATV2_EVENT,S3,S_GATV2_EVENT,1,450000,102.27555555555556,74.60111111111111,6.64,20.115555555555556,1.0,True,3,3,0.0,0.0,0.0,0.0,exp11_s3_litupgrade20_12m__analysis.zip!LITUPGRADE20/S3__S_GATV2_EVENT/analysis/checkpoint_curve.csv,MPTC,85.33,项目交接参考；当前归档未找到原始 S 阶段解析 CSV,UAGMC_SOURCE passenger-only + LQ,84.19,128.76,本矩阵同包实测；训练种子 1；评估种子 123-125,需核对同物理/guard/轨迹；解析值为交接参考，非本次独立复算
exp11,S3__S_GATV2_EVENT,S3,S_GATV2_EVENT,1,500000,79.93444444444444,52.91555555555556,6.4799999999999995,19.63111111111111,1.0,True,3,3,0.0,0.0,0.0,0.0,exp11_s3_litupgrade20_12m__analysis.zip!LITUPGRADE20/S3__S_GATV2_EVENT/analysis/checkpoint_curve.csv,MPTC,85.33,项目交接参考；当前归档未找到原始 S 阶段解析 CSV,UAGMC_SOURCE passenger-only + LQ,84.19,128.76,本矩阵同包实测；训练种子 1；评估种子 123-125,需核对同物理/guard/轨迹；解析值为交接参考，非本次独立复算
exp11,S3__S_GATV2_EVENT,S3,S_GATV2_EVENT,1,550000,91.03555555555556,63.437777777777775,6.723333333333334,19.95111111111111,1.0,True,3,3,0.0,0.0,0.0,0.0,exp11_s3_litupgrade20_12m__analysis.zip!LITUPGRADE20/S3__S_GATV2_EVENT/analysis/checkpoint_curve.csv,MPTC,85.33,项目交接参考；当前归档未找到原始 S 阶段解析 CSV,UAGMC_SOURCE passenger-only + LQ,84.19,128.76,本矩阵同包实测；训练种子 1；评估种子 123-125,需核对同物理/guard/轨迹；解析值为交接参考，非本次独立复算
exp11,S3__S_GATV2_EVENT,S3,S_GATV2_EVENT,1,600000,90.3288888888889,63.1788888888889,6.6433333333333335,19.595555555555553,1.0,True,3,3,0.0,0.0,0.0,0.0,exp11_s3_litupgrade20_12m__analysis.zip!LITUPGRADE20/S3__S_GATV2_EVENT/analysis/checkpoint_curve.csv,MPTC,85.33,项目交接参考；当前归档未找到原始 S 阶段解析 CSV,UAGMC_SOURCE passenger-only + LQ,84.19,128.76,本矩阵同包实测；训练种子 1；评估种子 123-125,需核对同物理/guard/轨迹；解析值为交接参考，非本次独立复算
exp11,S3__S_HKSL_MULTI,S3,S_HKSL_MULTI,1,50000,172.93777777777777,142.93777777777777,7.641111111111111,21.382222222222225,1.0,True,3,3,0.0,0.0,0.0,0.0,exp11_s3_litupgrade20_12m__analysis.zip!LITUPGRADE20/S3__S_HKSL_MULTI/analysis/checkpoint_curve.csv,MPTC,85.33,项目交接参考；当前归档未找到原始 S 阶段解析 CSV,UAGMC_SOURCE passenger-only + LQ,84.19,128.76,本矩阵同包实测；训练种子 1；评估种子 123-125,需核对同物理/guard/轨迹；解析值为交接参考，非本次独立复算
exp11,S3__S_HKSL_MULTI,S3,S_HKSL_MULTI,1,100000,161.7277777777778,132.17666666666665,7.420000000000001,21.15111111111111,1.0,True,3,3,0.0,0.0,0.0,0.0,exp11_s3_litupgrade20_12m__analysis.zip!LITUPGRADE20/S3__S_HKSL_MULTI/analysis/checkpoint_curve.csv,MPTC,85.33,项目交接参考；当前归档未找到原始 S 阶段解析 CSV,UAGMC_SOURCE passenger-only + LQ,84.19,128.76,本矩阵同包实测；训练种子 1；评估种子 123-125,需核对同物理/guard/轨迹；解析值为交接参考，非本次独立复算
exp11,S3__S_HKSL_MULTI,S3,S_HKSL_MULTI,1,150000,190.30555555555557,159.46444444444444,7.757777777777778,22.106666666666666,1.0,True,3,3,0.0,0.0,0.0,0.0,exp11_s3_litupgrade20_12m__analysis.zip!LITUPGRADE20/S3__S_HKSL_MULTI/analysis/checkpoint_curve.csv,MPTC,85.33,项目交接参考；当前归档未找到原始 S 阶段解析 CSV,UAGMC_SOURCE passenger-only + LQ,84.19,128.76,本矩阵同包实测；训练种子 1；评估种子 123-125,需核对同物理/guard/轨迹；解析值为交接参考，非本次独立复算
exp11,S3__S_HKSL_MULTI,S3,S_HKSL_MULTI,1,200000,195.09888888888892,164.3322222222222,7.878888888888889,21.92,1.0,True,3,3,0.0,0.0,0.0,0.0,exp11_s3_litupgrade20_12m__analysis.zip!LITUPGRADE20/S3__S_HKSL_MULTI/analysis/checkpoint_curve.csv,MPTC,85.33,项目交接参考；当前归档未找到原始 S 阶段解析 CSV,UAGMC_SOURCE passenger-only + LQ,84.19,128.76,本矩阵同包实测；训练种子 1；评估种子 123-125,需核对同物理/guard/轨迹；解析值为交接参考，非本次独立复算
exp11,S3__S_HKSL_MULTI,S3,S_HKSL_MULTI,1,250000,203.40444444444447,171.20333333333335,8.536666666666667,22.68444444444444,1.0,True,3,3,0.0,0.0,0.0,0.0,exp11_s3_litupgrade20_12m__analysis.zip!LITUPGRADE20/S3__S_HKSL_MULTI/analysis/checkpoint_curve.csv,MPTC,85.33,项目交接参考；当前归档未找到原始 S 阶段解析 CSV,UAGMC_SOURCE passenger-only + LQ,84.19,128.76,本矩阵同包实测；训练种子 1；评估种子 123-125,需核对同物理/guard/轨迹；解析值为交接参考，非本次独立复算
exp11,S3__S_HKSL_MULTI,S3,S_HKSL_MULTI,1,300000,194.5511111111111,163.22666666666666,8.185555555555554,22.16,1.0,True,3,3,0.0,0.0,0.0,0.0,exp11_s3_litupgrade20_12m__analysis.zip!LITUPGRADE20/S3__S_HKSL_MULTI/analysis/checkpoint_curve.csv,MPTC,85.33,项目交接参考；当前归档未找到原始 S 阶段解析 CSV,UAGMC_SOURCE passenger-only + LQ,84.19,128.76,本矩阵同包实测；训练种子 1；评估种子 123-125,需核对同物理/guard/轨迹；解析值为交接参考，非本次独立复算
exp11,S3__S_HKSL_MULTI,S3,S_HKSL_MULTI,1,350000,190.62888888888892,159.14222222222222,8.28111111111111,22.231111111111108,1.0,True,3,3,0.0,0.0,0.0,0.0,exp11_s3_litupgrade20_12m__analysis.zip!LITUPGRADE20/S3__S_HKSL_MULTI/analysis/checkpoint_curve.csv,MPTC,85.33,项目交接参考；当前归档未找到原始 S 阶段解析 CSV,UAGMC_SOURCE passenger-only + LQ,84.19,128.76,本矩阵同包实测；训练种子 1；评估种子 123-125,需核对同物理/guard/轨迹；解析值为交接参考，非本次独立复算
exp11,S3__S_HKSL_MULTI,S3,S_HKSL_MULTI,1,400000,161.2211111111111,130.96444444444444,7.78,21.51111111111111,1.0,True,3,3,0.0,0.0,0.0,0.0,exp11_s3_litupgrade20_12m__analysis.zip!LITUPGRADE20/S3__S_HKSL_MULTI/analysis/checkpoint_curve.csv,MPTC,85.33,项目交接参考；当前归档未找到原始 S 阶段解析 CSV,UAGMC_SOURCE passenger-only + LQ,84.19,128.76,本矩阵同包实测；训练种子 1；评估种子 123-125,需核对同物理/guard/轨迹；解析值为交接参考，非本次独立复算
exp11,S3__S_HKSL_MULTI,S3,S_HKSL_MULTI,1,450000,169.58,139.24444444444444,7.815555555555556,21.546666666666667,1.0,True,3,3,0.0,0.0,0.0,0.0,exp11_s3_litupgrade20_12m__analysis.zip!LITUPGRADE20/S3__S_HKSL_MULTI/analysis/checkpoint_curve.csv,MPTC,85.33,项目交接参考；当前归档未找到原始 S 阶段解析 CSV,UAGMC_SOURCE passenger-only + LQ,84.19,128.76,本矩阵同包实测；训练种子 1；评估种子 123-125,需核对同物理/guard/轨迹；解析值为交接参考，非本次独立复算
exp11,S3__S_HKSL_MULTI,S3,S_HKSL_MULTI,1,500000,142.46555555555554,113.29333333333334,7.351111111111112,20.848888888888887,1.0,True,3,3,0.0,0.0,0.0,0.0,exp11_s3_litupgrade20_12m__analysis.zip!LITUPGRADE20/S3__S_HKSL_MULTI/analysis/checkpoint_curve.csv,MPTC,85.33,项目交接参考；当前归档未找到原始 S 阶段解析 CSV,UAGMC_SOURCE passenger-only + LQ,84.19,128.76,本矩阵同包实测；训练种子 1；评估种子 123-125,需核对同物理/guard/轨迹；解析值为交接参考，非本次独立复算
exp11,S3__S_HKSL_MULTI,S3,S_HKSL_MULTI,1,550000,134.1688888888889,105.25222222222222,7.28,20.662222222222223,1.0,True,3,3,0.0,0.0,0.0,0.0,exp11_s3_litupgrade20_12m__analysis.zip!LITUPGRADE20/S3__S_HKSL_MULTI/analysis/checkpoint_curve.csv,MPTC,85.33,项目交接参考；当前归档未找到原始 S 阶段解析 CSV,UAGMC_SOURCE passenger-only + LQ,84.19,128.76,本矩阵同包实测；训练种子 1；评估种子 123-125,需核对同物理/guard/轨迹；解析值为交接参考，非本次独立复算
exp11,S3__S_HKSL_MULTI,S3,S_HKSL_MULTI,1,600000,137.7411111111111,108.92333333333333,7.182222222222222,20.657777777777778,1.0,True,3,3,0.0,0.0,0.0,0.0,exp11_s3_litupgrade20_12m__analysis.zip!LITUPGRADE20/S3__S_HKSL_MULTI/analysis/checkpoint_curve.csv,MPTC,85.33,项目交接参考；当前归档未找到原始 S 阶段解析 CSV,UAGMC_SOURCE passenger-only + LQ,84.19,128.76,本矩阵同包实测；训练种子 1；评估种子 123-125,需核对同物理/guard/轨迹；解析值为交接参考，非本次独立复算
exp11,S3__S_TGAT_EVENT,S3,S_TGAT_EVENT,1,50000,222.4677777777778,189.92444444444445,8.556666666666667,23.0,1.0,True,3,3,0.0,0.0,0.0,0.0,exp11_s3_litupgrade20_12m__analysis.zip!LITUPGRADE20/S3__S_TGAT_EVENT/analysis/checkpoint_curve.csv,MPTC,85.33,项目交接参考；当前归档未找到原始 S 阶段解析 CSV,UAGMC_SOURCE passenger-only + LQ,84.19,128.76,本矩阵同包实测；训练种子 1；评估种子 123-125,需核对同物理/guard/轨迹；解析值为交接参考，非本次独立复算
exp11,S3__S_TGAT_EVENT,S3,S_TGAT_EVENT,1,100000,222.4677777777778,189.92444444444445,8.556666666666667,23.0,1.0,True,3,3,0.0,0.0,0.0,0.0,exp11_s3_litupgrade20_12m__analysis.zip!LITUPGRADE20/S3__S_TGAT_EVENT/analysis/checkpoint_curve.csv,MPTC,85.33,项目交接参考；当前归档未找到原始 S 阶段解析 CSV,UAGMC_SOURCE passenger-only + LQ,84.19,128.76,本矩阵同包实测；训练种子 1；评估种子 123-125,需核对同物理/guard/轨迹；解析值为交接参考，非本次独立复算
exp11,S3__S_TGAT_EVENT,S3,S_TGAT_EVENT,1,150000,201.46888888888887,169.42888888888888,8.334444444444445,22.733333333333334,1.0,True,3,3,0.0,0.0,0.0,0.0,exp11_s3_litupgrade20_12m__analysis.zip!LITUPGRADE20/S3__S_TGAT_EVENT/analysis/checkpoint_curve.csv,MPTC,85.33,项目交接参考；当前归档未找到原始 S 阶段解析 CSV,UAGMC_SOURCE passenger-only + LQ,84.19,128.76,本矩阵同包实测；训练种子 1；评估种子 123-125,需核对同物理/guard/轨迹；解析值为交接参考，非本次独立复算
exp11,S3__S_TGAT_EVENT,S3,S_TGAT_EVENT,1,200000,192.77444444444447,161.1988888888889,8.112222222222222,22.49777777777778,1.0,True,3,3,0.0,0.0,0.0,0.0,exp11_s3_litupgrade20_12m__analysis.zip!LITUPGRADE20/S3__S_TGAT_EVENT/analysis/checkpoint_curve.csv,MPTC,85.33,项目交接参考；当前归档未找到原始 S 阶段解析 CSV,UAGMC_SOURCE passenger-only + LQ,84.19,128.76,本矩阵同包实测；训练种子 1；评估种子 123-125,需核对同物理/guard/轨迹；解析值为交接参考，非本次独立复算
exp11,S3__S_TGAT_EVENT,S3,S_TGAT_EVENT,1,250000,199.61777777777775,167.59333333333333,8.357777777777779,22.697777777777777,1.0,True,3,3,0.0,0.0,0.0,0.0,exp11_s3_litupgrade20_12m__analysis.zip!LITUPGRADE20/S3__S_TGAT_EVENT/analysis/checkpoint_curve.csv,MPTC,85.33,项目交接参考；当前归档未找到原始 S 阶段解析 CSV,UAGMC_SOURCE passenger-only + LQ,84.19,128.76,本矩阵同包实测；训练种子 1；评估种子 123-125,需核对同物理/guard/轨迹；解析值为交接参考，非本次独立复算
exp11,S3__S_TGAT_EVENT,S3,S_TGAT_EVENT,1,300000,205.04666666666665,172.63888888888889,8.527777777777779,22.906666666666666,1.0,True,3,3,0.0,0.0,0.0,0.0,exp11_s3_litupgrade20_12m__analysis.zip!LITUPGRADE20/S3__S_TGAT_EVENT/analysis/checkpoint_curve.csv,MPTC,85.33,项目交接参考；当前归档未找到原始 S 阶段解析 CSV,UAGMC_SOURCE passenger-only + LQ,84.19,128.76,本矩阵同包实测；训练种子 1；评估种子 123-125,需核对同物理/guard/轨迹；解析值为交接参考，非本次独立复算
exp11,S3__S_TGAT_EVENT,S3,S_TGAT_EVENT,1,350000,208.7888888888889,176.44444444444446,8.497777777777777,22.875555555555554,1.0,True,3,3,0.0,0.0,0.0,0.0,exp11_s3_litupgrade20_12m__analysis.zip!LITUPGRADE20/S3__S_TGAT_EVENT/analysis/checkpoint_curve.csv,MPTC,85.33,项目交接参考；当前归档未找到原始 S 阶段解析 CSV,UAGMC_SOURCE passenger-only + LQ,84.19,128.76,本矩阵同包实测；训练种子 1；评估种子 123-125,需核对同物理/guard/轨迹；解析值为交接参考，非本次独立复算
exp11,S3__S_TGAT_EVENT,S3,S_TGAT_EVENT,1,400000,151.75333333333333,122.04222222222222,7.596666666666667,21.133333333333336,1.0,True,3,3,0.0,0.0,0.0,0.0,exp11_s3_litupgrade20_12m__analysis.zip!LITUPGRADE20/S3__S_TGAT_EVENT/analysis/checkpoint_curve.csv,MPTC,85.33,项目交接参考；当前归档未找到原始 S 阶段解析 CSV,UAGMC_SOURCE passenger-only + LQ,84.19,128.76,本矩阵同包实测；训练种子 1；评估种子 123-125,需核对同物理/guard/轨迹；解析值为交接参考，非本次独立复算
exp11,S3__S_TGAT_EVENT,S3,S_TGAT_EVENT,1,450000,197.56000000000003,166.46666666666667,8.114444444444445,21.995555555555555,1.0,True,3,3,0.0,0.0,0.0,0.0,exp11_s3_litupgrade20_12m__analysis.zip!LITUPGRADE20/S3__S_TGAT_EVENT/analysis/checkpoint_curve.csv,MPTC,85.33,项目交接参考；当前归档未找到原始 S 阶段解析 CSV,UAGMC_SOURCE passenger-only + LQ,84.19,128.76,本矩阵同包实测；训练种子 1；评估种子 123-125,需核对同物理/guard/轨迹；解析值为交接参考，非本次独立复算
exp11,S3__S_TGAT_EVENT,S3,S_TGAT_EVENT,1,500000,199.26999999999998,167.2788888888889,8.476666666666667,22.537777777777777,1.0,True,3,3,0.0,0.0,0.0,0.0,exp11_s3_litupgrade20_12m__analysis.zip!LITUPGRADE20/S3__S_TGAT_EVENT/analysis/checkpoint_curve.csv,MPTC,85.33,项目交接参考；当前归档未找到原始 S 阶段解析 CSV,UAGMC_SOURCE passenger-only + LQ,84.19,128.76,本矩阵同包实测；训练种子 1；评估种子 123-125,需核对同物理/guard/轨迹；解析值为交接参考，非本次独立复算
exp11,S3__S_TGAT_EVENT,S3,S_TGAT_EVENT,1,550000,196.25555555555556,164.48222222222222,8.375555555555556,22.42222222222222,1.0,True,3,3,0.0,0.0,0.0,0.0,exp11_s3_litupgrade20_12m__analysis.zip!LITUPGRADE20/S3__S_TGAT_EVENT/analysis/checkpoint_curve.csv,MPTC,85.33,项目交接参考；当前归档未找到原始 S 阶段解析 CSV,UAGMC_SOURCE passenger-only + LQ,84.19,128.76,本矩阵同包实测；训练种子 1；评估种子 123-125,需核对同物理/guard/轨迹；解析值为交接参考，非本次独立复算
exp11,S3__S_TGAT_EVENT,S3,S_TGAT_EVENT,1,600000,209.70222222222222,177.3033333333333,8.525555555555556,22.897777777777776,1.0,True,3,3,0.0,0.0,0.0,0.0,exp11_s3_litupgrade20_12m__analysis.zip!LITUPGRADE20/S3__S_TGAT_EVENT/analysis/checkpoint_curve.csv,MPTC,85.33,项目交接参考；当前归档未找到原始 S 阶段解析 CSV,UAGMC_SOURCE passenger-only + LQ,84.19,128.76,本矩阵同包实测；训练种子 1；评估种子 123-125,需核对同物理/guard/轨迹；解析值为交接参考，非本次独立复算
exp11,S3__UAGMC_SOURCE,S3,UAGMC_SOURCE,1,50000,110.96555555555555,82.92444444444445,,,1.0,True,,3,,,,,exp11_s3_litupgrade20_12m__analysis.zip!BASELINE_S123_1/uagmc/S3__UAGMC_SOURCE/analysis/checkpoint_curve.csv,MPTC,85.33,项目交接参考；当前归档未找到原始 S 阶段解析 CSV,UAGMC_SOURCE passenger-only + LQ,84.19,128.76,本矩阵同包实测；训练种子 1；评估种子 123-125,需核对同物理/guard/轨迹；解析值为交接参考，非本次独立复算
exp11,S3__UAGMC_SOURCE,S3,UAGMC_SOURCE,1,100000,84.19111111111111,56.51444444444445,,,1.0,True,,3,,,,,exp11_s3_litupgrade20_12m__analysis.zip!BASELINE_S123_1/uagmc/S3__UAGMC_SOURCE/analysis/checkpoint_curve.csv,MPTC,85.33,项目交接参考；当前归档未找到原始 S 阶段解析 CSV,UAGMC_SOURCE passenger-only + LQ,84.19,128.76,本矩阵同包实测；训练种子 1；评估种子 123-125,需核对同物理/guard/轨迹；解析值为交接参考，非本次独立复算
exp11,S3__UAGMC_SOURCE,S3,UAGMC_SOURCE,1,150000,116.33555555555556,87.72777777777777,,,1.0,True,,3,,,,,exp11_s3_litupgrade20_12m__analysis.zip!BASELINE_S123_1/uagmc/S3__UAGMC_SOURCE/analysis/checkpoint_curve.csv,MPTC,85.33,项目交接参考；当前归档未找到原始 S 阶段解析 CSV,UAGMC_SOURCE passenger-only + LQ,84.19,128.76,本矩阵同包实测；训练种子 1；评估种子 123-125,需核对同物理/guard/轨迹；解析值为交接参考，非本次独立复算
exp11,S3__UAGMC_SOURCE,S3,UAGMC_SOURCE,1,200000,104.91888888888889,76.55888888888889,,,1.0,True,,3,,,,,exp11_s3_litupgrade20_12m__analysis.zip!BASELINE_S123_1/uagmc/S3__UAGMC_SOURCE/analysis/checkpoint_curve.csv,MPTC,85.33,项目交接参考；当前归档未找到原始 S 阶段解析 CSV,UAGMC_SOURCE passenger-only + LQ,84.19,128.76,本矩阵同包实测；训练种子 1；评估种子 123-125,需核对同物理/guard/轨迹；解析值为交接参考，非本次独立复算
exp11,S3__UAGMC_SOURCE,S3,UAGMC_SOURCE,1,250000,95.29666666666667,67.23555555555555,,,1.0,True,,3,,,,,exp11_s3_litupgrade20_12m__analysis.zip!BASELINE_S123_1/uagmc/S3__UAGMC_SOURCE/analysis/checkpoint_curve.csv,MPTC,85.33,项目交接参考；当前归档未找到原始 S 阶段解析 CSV,UAGMC_SOURCE passenger-only + LQ,84.19,128.76,本矩阵同包实测；训练种子 1；评估种子 123-125,需核对同物理/guard/轨迹；解析值为交接参考，非本次独立复算
exp11,S3__UAGMC_SOURCE,S3,UAGMC_SOURCE,1,300000,123.06333333333333,94.70555555555556,,,1.0,True,,3,,,,,exp11_s3_litupgrade20_12m__analysis.zip!BASELINE_S123_1/uagmc/S3__UAGMC_SOURCE/analysis/checkpoint_curve.csv,MPTC,85.33,项目交接参考；当前归档未找到原始 S 阶段解析 CSV,UAGMC_SOURCE passenger-only + LQ,84.19,128.76,本矩阵同包实测；训练种子 1；评估种子 123-125,需核对同物理/guard/轨迹；解析值为交接参考，非本次独立复算
exp11,S3__UAGMC_SOURCE,S3,UAGMC_SOURCE,1,350000,155.54888888888888,127.92777777777776,,,1.0,True,,3,,,,,exp11_s3_litupgrade20_12m__analysis.zip!BASELINE_S123_1/uagmc/S3__UAGMC_SOURCE/analysis/checkpoint_curve.csv,MPTC,85.33,项目交接参考；当前归档未找到原始 S 阶段解析 CSV,UAGMC_SOURCE passenger-only + LQ,84.19,128.76,本矩阵同包实测；训练种子 1；评估种子 123-125,需核对同物理/guard/轨迹；解析值为交接参考，非本次独立复算
exp11,S3__UAGMC_SOURCE,S3,UAGMC_SOURCE,1,400000,125.77111111111113,98.93222222222222,,,1.0,True,,3,,,,,exp11_s3_litupgrade20_12m__analysis.zip!BASELINE_S123_1/uagmc/S3__UAGMC_SOURCE/analysis/checkpoint_curve.csv,MPTC,85.33,项目交接参考；当前归档未找到原始 S 阶段解析 CSV,UAGMC_SOURCE passenger-only + LQ,84.19,128.76,本矩阵同包实测；训练种子 1；评估种子 123-125,需核对同物理/guard/轨迹；解析值为交接参考，非本次独立复算
exp11,S3__UAGMC_SOURCE,S3,UAGMC_SOURCE,1,450000,98.3888888888889,71.56777777777778,,,1.0,True,,3,,,,,exp11_s3_litupgrade20_12m__analysis.zip!BASELINE_S123_1/uagmc/S3__UAGMC_SOURCE/analysis/checkpoint_curve.csv,MPTC,85.33,项目交接参考；当前归档未找到原始 S 阶段解析 CSV,UAGMC_SOURCE passenger-only + LQ,84.19,128.76,本矩阵同包实测；训练种子 1；评估种子 123-125,需核对同物理/guard/轨迹；解析值为交接参考，非本次独立复算
exp11,S3__UAGMC_SOURCE,S3,UAGMC_SOURCE,1,500000,107.43333333333334,80.63666666666666,,,1.0,True,,3,,,,,exp11_s3_litupgrade20_12m__analysis.zip!BASELINE_S123_1/uagmc/S3__UAGMC_SOURCE/analysis/checkpoint_curve.csv,MPTC,85.33,项目交接参考；当前归档未找到原始 S 阶段解析 CSV,UAGMC_SOURCE passenger-only + LQ,84.19,128.76,本矩阵同包实测；训练种子 1；评估种子 123-125,需核对同物理/guard/轨迹；解析值为交接参考，非本次独立复算
exp11,S3__UAGMC_SOURCE,S3,UAGMC_SOURCE,1,550000,90.03555555555556,63.098888888888894,,,1.0,True,,3,,,,,exp11_s3_litupgrade20_12m__analysis.zip!BASELINE_S123_1/uagmc/S3__UAGMC_SOURCE/analysis/checkpoint_curve.csv,MPTC,85.33,项目交接参考；当前归档未找到原始 S 阶段解析 CSV,UAGMC_SOURCE passenger-only + LQ,84.19,128.76,本矩阵同包实测；训练种子 1；评估种子 123-125,需核对同物理/guard/轨迹；解析值为交接参考，非本次独立复算
exp11,S3__UAGMC_SOURCE,S3,UAGMC_SOURCE,1,600000,128.76000000000002,101.98333333333333,,,1.0,True,,3,,,,,exp11_s3_litupgrade20_12m__analysis.zip!BASELINE_S123_1/uagmc/S3__UAGMC_SOURCE/analysis/checkpoint_curve.csv,MPTC,85.33,项目交接参考；当前归档未找到原始 S 阶段解析 CSV,UAGMC_SOURCE passenger-only + LQ,84.19,128.76,本矩阵同包实测；训练种子 1；评估种子 123-125,需核对同物理/guard/轨迹；解析值为交接参考，非本次独立复算
exp11,S3__W_EVENTQ_COCO_CF,S3,W_EVENTQ_COCO_CF,1,50000,283.0577777777778,251.75444444444443,8.017777777777779,22.35111111111111,1.0,True,3,3,0.0,0.0,0.0,0.0,exp11_s3_litupgrade20_12m__analysis.zip!LITUPGRADE20/S3__W_EVENTQ_COCO_CF/analysis/checkpoint_curve.csv,MPTC,85.33,项目交接参考；当前归档未找到原始 S 阶段解析 CSV,UAGMC_SOURCE passenger-only + LQ,84.19,128.76,本矩阵同包实测；训练种子 1；评估种子 123-125,需核对同物理/guard/轨迹；解析值为交接参考，非本次独立复算
exp11,S3__W_EVENTQ_COCO_CF,S3,W_EVENTQ_COCO_CF,1,100000,156.67111111111112,128.27555555555554,6.955555555555556,20.497777777777777,1.0,True,3,3,0.0,0.0,0.0,0.0,exp11_s3_litupgrade20_12m__analysis.zip!LITUPGRADE20/S3__W_EVENTQ_COCO_CF/analysis/checkpoint_curve.csv,MPTC,85.33,项目交接参考；当前归档未找到原始 S 阶段解析 CSV,UAGMC_SOURCE passenger-only + LQ,84.19,128.76,本矩阵同包实测；训练种子 1；评估种子 123-125,需核对同物理/guard/轨迹；解析值为交接参考，非本次独立复算
exp11,S3__W_EVENTQ_COCO_CF,S3,W_EVENTQ_COCO_CF,1,150000,143.10111111111112,114.96777777777777,6.857777777777778,20.31111111111111,1.0,True,3,3,0.0,0.0,0.0,0.0,exp11_s3_litupgrade20_12m__analysis.zip!LITUPGRADE20/S3__W_EVENTQ_COCO_CF/analysis/checkpoint_curve.csv,MPTC,85.33,项目交接参考；当前归档未找到原始 S 阶段解析 CSV,UAGMC_SOURCE passenger-only + LQ,84.19,128.76,本矩阵同包实测；训练种子 1；评估种子 123-125,需核对同物理/guard/轨迹；解析值为交接参考，非本次独立复算
exp11,S3__W_EVENTQ_COCO_CF,S3,W_EVENTQ_COCO_CF,1,200000,160.27222222222224,131.90888888888887,6.985555555555556,20.408888888888885,1.0,True,3,3,0.0,0.0,0.0,0.0,exp11_s3_litupgrade20_12m__analysis.zip!LITUPGRADE20/S3__W_EVENTQ_COCO_CF/analysis/checkpoint_curve.csv,MPTC,85.33,项目交接参考；当前归档未找到原始 S 阶段解析 CSV,UAGMC_SOURCE passenger-only + LQ,84.19,128.76,本矩阵同包实测；训练种子 1；评估种子 123-125,需核对同物理/guard/轨迹；解析值为交接参考，非本次独立复算
exp11,S3__W_EVENTQ_COCO_CF,S3,W_EVENTQ_COCO_CF,1,250000,153.41555555555556,125.29222222222222,6.841111111111111,20.324444444444445,1.0,True,3,3,0.0,0.0,0.0,0.0,exp11_s3_litupgrade20_12m__analysis.zip!LITUPGRADE20/S3__W_EVENTQ_COCO_CF/analysis/checkpoint_curve.csv,MPTC,85.33,项目交接参考；当前归档未找到原始 S 阶段解析 CSV,UAGMC_SOURCE passenger-only + LQ,84.19,128.76,本矩阵同包实测；训练种子 1；评估种子 123-125,需核对同物理/guard/轨迹；解析值为交接参考，非本次独立复算
exp11,S3__W_EVENTQ_COCO_CF,S3,W_EVENTQ_COCO_CF,1,300000,162.78444444444443,134.27666666666667,6.9177777777777765,20.62666666666667,1.0,True,3,3,0.0,0.0,0.0,0.0,exp11_s3_litupgrade20_12m__analysis.zip!LITUPGRADE20/S3__W_EVENTQ_COCO_CF/analysis/checkpoint_curve.csv,MPTC,85.33,项目交接参考；当前归档未找到原始 S 阶段解析 CSV,UAGMC_SOURCE passenger-only + LQ,84.19,128.76,本矩阵同包实测；训练种子 1；评估种子 123-125,需核对同物理/guard/轨迹；解析值为交接参考，非本次独立复算
exp11,S3__W_EVENTQ_COCO_CF,S3,W_EVENTQ_COCO_CF,1,350000,198.3911111111111,168.83666666666667,7.391111111111111,21.204444444444448,1.0,True,3,3,0.0,0.0,0.0,0.0,exp11_s3_litupgrade20_12m__analysis.zip!LITUPGRADE20/S3__W_EVENTQ_COCO_CF/analysis/checkpoint_curve.csv,MPTC,85.33,项目交接参考；当前归档未找到原始 S 阶段解析 CSV,UAGMC_SOURCE passenger-only + LQ,84.19,128.76,本矩阵同包实测；训练种子 1；评估种子 123-125,需核对同物理/guard/轨迹；解析值为交接参考，非本次独立复算
exp11,S3__W_EVENTQ_COCO_CF,S3,W_EVENTQ_COCO_CF,1,400000,154.49444444444444,125.79888888888888,7.141111111111111,20.599999999999998,1.0,True,3,3,0.0,0.0,0.0,0.0,exp11_s3_litupgrade20_12m__analysis.zip!LITUPGRADE20/S3__W_EVENTQ_COCO_CF/analysis/checkpoint_curve.csv,MPTC,85.33,项目交接参考；当前归档未找到原始 S 阶段解析 CSV,UAGMC_SOURCE passenger-only + LQ,84.19,128.76,本矩阵同包实测；训练种子 1；评估种子 123-125,需核对同物理/guard/轨迹；解析值为交接参考，非本次独立复算
exp11,S3__W_EVENTQ_COCO_CF,S3,W_EVENTQ_COCO_CF,1,450000,156.47555555555553,127.35555555555557,7.327777777777778,20.822222222222223,1.0,True,3,3,0.0,0.0,0.0,0.0,exp11_s3_litupgrade20_12m__analysis.zip!LITUPGRADE20/S3__W_EVENTQ_COCO_CF/analysis/checkpoint_curve.csv,MPTC,85.33,项目交接参考；当前归档未找到原始 S 阶段解析 CSV,UAGMC_SOURCE passenger-only + LQ,84.19,128.76,本矩阵同包实测；训练种子 1；评估种子 123-125,需核对同物理/guard/轨迹；解析值为交接参考，非本次独立复算
exp11,S3__W_EVENTQ_COCO_CF,S3,W_EVENTQ_COCO_CF,1,500000,136.04222222222222,107.35555555555555,7.275555555555556,20.48,1.0,True,3,3,0.0,0.0,0.0,0.0,exp11_s3_litupgrade20_12m__analysis.zip!LITUPGRADE20/S3__W_EVENTQ_COCO_CF/analysis/checkpoint_curve.csv,MPTC,85.33,项目交接参考；当前归档未找到原始 S 阶段解析 CSV,UAGMC_SOURCE passenger-only + LQ,84.19,128.76,本矩阵同包实测；训练种子 1；评估种子 123-125,需核对同物理/guard/轨迹；解析值为交接参考，非本次独立复算
exp11,S3__W_EVENTQ_COCO_CF,S3,W_EVENTQ_COCO_CF,1,550000,141.33333333333334,112.60000000000001,7.252222222222223,20.546666666666667,1.0,True,3,3,0.0,0.0,0.0,0.0,exp11_s3_litupgrade20_12m__analysis.zip!LITUPGRADE20/S3__W_EVENTQ_COCO_CF/analysis/checkpoint_curve.csv,MPTC,85.33,项目交接参考；当前归档未找到原始 S 阶段解析 CSV,UAGMC_SOURCE passenger-only + LQ,84.19,128.76,本矩阵同包实测；训练种子 1；评估种子 123-125,需核对同物理/guard/轨迹；解析值为交接参考，非本次独立复算
exp11,S3__W_EVENTQ_COCO_CF,S3,W_EVENTQ_COCO_CF,1,600000,131.33444444444444,102.69999999999999,7.107777777777777,20.573333333333334,1.0,True,3,3,0.0,0.0,0.0,0.0,exp11_s3_litupgrade20_12m__analysis.zip!LITUPGRADE20/S3__W_EVENTQ_COCO_CF/analysis/checkpoint_curve.csv,MPTC,85.33,项目交接参考；当前归档未找到原始 S 阶段解析 CSV,UAGMC_SOURCE passenger-only + LQ,84.19,128.76,本矩阵同包实测；训练种子 1；评估种子 123-125,需核对同物理/guard/轨迹；解析值为交接参考，非本次独立复算
exp11,S3__W_TDM_CVAML,S3,W_TDM_CVAML,1,50000,287.57,255.56222222222223,8.293333333333335,22.76,1.0,True,3,3,0.0,0.0,0.0,0.0,exp11_s3_litupgrade20_12m__analysis.zip!LITUPGRADE20/S3__W_TDM_CVAML/analysis/checkpoint_curve.csv,MPTC,85.33,项目交接参考；当前归档未找到原始 S 阶段解析 CSV,UAGMC_SOURCE passenger-only + LQ,84.19,128.76,本矩阵同包实测；训练种子 1；评估种子 123-125,需核对同物理/guard/轨迹；解析值为交接参考，非本次独立复算
exp11,S3__W_TDM_CVAML,S3,W_TDM_CVAML,1,100000,190.60555555555553,160.12,7.80888888888889,21.702222222222222,1.0,True,3,3,0.0,0.0,0.0,0.0,exp11_s3_litupgrade20_12m__analysis.zip!LITUPGRADE20/S3__W_TDM_CVAML/analysis/checkpoint_curve.csv,MPTC,85.33,项目交接参考；当前归档未找到原始 S 阶段解析 CSV,UAGMC_SOURCE passenger-only + LQ,84.19,128.76,本矩阵同包实测；训练种子 1；评估种子 123-125,需核对同物理/guard/轨迹；解析值为交接参考，非本次独立复算
exp11,S3__W_TDM_CVAML,S3,W_TDM_CVAML,1,150000,168.63222222222223,138.86666666666667,7.483333333333333,21.293333333333333,1.0,True,3,3,0.0,0.0,0.0,0.0,exp11_s3_litupgrade20_12m__analysis.zip!LITUPGRADE20/S3__W_TDM_CVAML/analysis/checkpoint_curve.csv,MPTC,85.33,项目交接参考；当前归档未找到原始 S 阶段解析 CSV,UAGMC_SOURCE passenger-only + LQ,84.19,128.76,本矩阵同包实测；训练种子 1；评估种子 123-125,需核对同物理/guard/轨迹；解析值为交接参考，非本次独立复算
exp11,S3__W_TDM_CVAML,S3,W_TDM_CVAML,1,200000,191.32222222222222,160.71777777777777,7.859999999999999,21.764444444444447,1.0,True,3,3,0.0,0.0,0.0,0.0,exp11_s3_litupgrade20_12m__analysis.zip!LITUPGRADE20/S3__W_TDM_CVAML/analysis/checkpoint_curve.csv,MPTC,85.33,项目交接参考；当前归档未找到原始 S 阶段解析 CSV,UAGMC_SOURCE passenger-only + LQ,84.19,128.76,本矩阵同包实测；训练种子 1；评估种子 123-125,需核对同物理/guard/轨迹；解析值为交接参考，非本次独立复算
exp11,S3__W_TDM_CVAML,S3,W_TDM_CVAML,1,250000,181.47555555555553,151.11,7.767777777777778,21.61777777777778,1.0,True,3,3,0.0,0.0,0.0,0.0,exp11_s3_litupgrade20_12m__analysis.zip!LITUPGRADE20/S3__W_TDM_CVAML/analysis/checkpoint_curve.csv,MPTC,85.33,项目交接参考；当前归档未找到原始 S 阶段解析 CSV,UAGMC_SOURCE passenger-only + LQ,84.19,128.76,本矩阵同包实测；训练种子 1；评估种子 123-125,需核对同物理/guard/轨迹；解析值为交接参考，非本次独立复算
exp11,S3__W_TDM_CVAML,S3,W_TDM_CVAML,1,300000,201.48444444444445,170.26333333333332,8.174444444444445,22.057777777777776,1.0,True,3,3,0.0,0.0,0.0,0.0,exp11_s3_litupgrade20_12m__analysis.zip!LITUPGRADE20/S3__W_TDM_CVAML/analysis/checkpoint_curve.csv,MPTC,85.33,项目交接参考；当前归档未找到原始 S 阶段解析 CSV,UAGMC_SOURCE passenger-only + LQ,84.19,128.76,本矩阵同包实测；训练种子 1；评估种子 123-125,需核对同物理/guard/轨迹；解析值为交接参考，非本次独立复算
exp11,S3__W_TDM_CVAML,S3,W_TDM_CVAML,1,350000,193.52111111111108,162.24666666666667,8.164444444444444,22.133333333333336,1.0,True,3,3,0.0,0.0,0.0,0.0,exp11_s3_litupgrade20_12m__analysis.zip!LITUPGRADE20/S3__W_TDM_CVAML/analysis/checkpoint_curve.csv,MPTC,85.33,项目交接参考；当前归档未找到原始 S 阶段解析 CSV,UAGMC_SOURCE passenger-only + LQ,84.19,128.76,本矩阵同包实测；训练种子 1；评估种子 123-125,需核对同物理/guard/轨迹；解析值为交接参考，非本次独立复算
exp11,S3__W_TDM_CVAML,S3,W_TDM_CVAML,1,400000,174.41111111111113,144.1688888888889,7.698888888888889,21.56888888888889,1.0,True,3,3,0.0,0.0,0.0,0.0,exp11_s3_litupgrade20_12m__analysis.zip!LITUPGRADE20/S3__W_TDM_CVAML/analysis/checkpoint_curve.csv,MPTC,85.33,项目交接参考；当前归档未找到原始 S 阶段解析 CSV,UAGMC_SOURCE passenger-only + LQ,84.19,128.76,本矩阵同包实测；训练种子 1；评估种子 123-125,需核对同物理/guard/轨迹；解析值为交接参考，非本次独立复算
exp11,S3__W_TDM_CVAML,S3,W_TDM_CVAML,1,450000,177.51666666666665,146.9388888888889,7.928888888888888,21.675555555555558,1.0,True,3,3,0.0,0.0,0.0,0.0,exp11_s3_litupgrade20_12m__analysis.zip!LITUPGRADE20/S3__W_TDM_CVAML/analysis/checkpoint_curve.csv,MPTC,85.33,项目交接参考；当前归档未找到原始 S 阶段解析 CSV,UAGMC_SOURCE passenger-only + LQ,84.19,128.76,本矩阵同包实测；训练种子 1；评估种子 123-125,需核对同物理/guard/轨迹；解析值为交接参考，非本次独立复算
exp11,S3__W_TDM_CVAML,S3,W_TDM_CVAML,1,500000,175.6122222222222,145.43555555555554,7.778888888888889,21.42222222222222,1.0,True,3,3,0.0,0.0,0.0,0.0,exp11_s3_litupgrade20_12m__analysis.zip!LITUPGRADE20/S3__W_TDM_CVAML/analysis/checkpoint_curve.csv,MPTC,85.33,项目交接参考；当前归档未找到原始 S 阶段解析 CSV,UAGMC_SOURCE passenger-only + LQ,84.19,128.76,本矩阵同包实测；训练种子 1；评估种子 123-125,需核对同物理/guard/轨迹；解析值为交接参考，非本次独立复算
exp11,S3__W_TDM_CVAML,S3,W_TDM_CVAML,1,550000,173.5377777777778,143.51333333333332,7.753333333333333,21.288888888888888,1.0,True,3,3,0.0,0.0,0.0,0.0,exp11_s3_litupgrade20_12m__analysis.zip!LITUPGRADE20/S3__W_TDM_CVAML/analysis/checkpoint_curve.csv,MPTC,85.33,项目交接参考；当前归档未找到原始 S 阶段解析 CSV,UAGMC_SOURCE passenger-only + LQ,84.19,128.76,本矩阵同包实测；训练种子 1；评估种子 123-125,需核对同物理/guard/轨迹；解析值为交接参考，非本次独立复算
exp11,S3__W_TDM_CVAML,S3,W_TDM_CVAML,1,600000,192.9466666666667,162.85777777777778,7.667777777777778,21.44,1.0,True,3,3,0.0,0.0,0.0,0.0,exp11_s3_litupgrade20_12m__analysis.zip!LITUPGRADE20/S3__W_TDM_CVAML/analysis/checkpoint_curve.csv,MPTC,85.33,项目交接参考；当前归档未找到原始 S 阶段解析 CSV,UAGMC_SOURCE passenger-only + LQ,84.19,128.76,本矩阵同包实测；训练种子 1；评估种子 123-125,需核对同物理/guard/轨迹；解析值为交接参考，非本次独立复算
exp11,S3__W_UNC_VALUE,S3,W_UNC_VALUE,1,50000,220.96444444444447,188.44555555555556,8.541111111111112,22.99111111111111,1.0,True,3,3,0.0,0.0,0.0,0.0,exp11_s3_litupgrade20_12m__analysis.zip!LITUPGRADE20/S3__W_UNC_VALUE/analysis/checkpoint_curve.csv,MPTC,85.33,项目交接参考；当前归档未找到原始 S 阶段解析 CSV,UAGMC_SOURCE passenger-only + LQ,84.19,128.76,本矩阵同包实测；训练种子 1；评估种子 123-125,需核对同物理/guard/轨迹；解析值为交接参考，非本次独立复算
exp11,S3__W_UNC_VALUE,S3,W_UNC_VALUE,1,100000,164.9777777777778,135.0277777777778,7.5311111111111115,21.444444444444443,1.0,True,3,3,0.0,0.0,0.0,0.0,exp11_s3_litupgrade20_12m__analysis.zip!LITUPGRADE20/S3__W_UNC_VALUE/analysis/checkpoint_curve.csv,MPTC,85.33,项目交接参考；当前归档未找到原始 S 阶段解析 CSV,UAGMC_SOURCE passenger-only + LQ,84.19,128.76,本矩阵同包实测；训练种子 1；评估种子 123-125,需核对同物理/guard/轨迹；解析值为交接参考，非本次独立复算
exp11,S3__W_UNC_VALUE,S3,W_UNC_VALUE,1,150000,170.80666666666664,141.0222222222222,7.347777777777778,21.462222222222223,1.0,True,3,3,0.0,0.0,0.0,0.0,exp11_s3_litupgrade20_12m__analysis.zip!LITUPGRADE20/S3__W_UNC_VALUE/analysis/checkpoint_curve.csv,MPTC,85.33,项目交接参考；当前归档未找到原始 S 阶段解析 CSV,UAGMC_SOURCE passenger-only + LQ,84.19,128.76,本矩阵同包实测；训练种子 1；评估种子 123-125,需核对同物理/guard/轨迹；解析值为交接参考，非本次独立复算
exp11,S3__W_UNC_VALUE,S3,W_UNC_VALUE,1,200000,174.04777777777778,143.7733333333333,7.655555555555555,21.653333333333336,1.0,True,3,3,0.0,0.0,0.0,0.0,exp11_s3_litupgrade20_12m__analysis.zip!LITUPGRADE20/S3__W_UNC_VALUE/analysis/checkpoint_curve.csv,MPTC,85.33,项目交接参考；当前归档未找到原始 S 阶段解析 CSV,UAGMC_SOURCE passenger-only + LQ,84.19,128.76,本矩阵同包实测；训练种子 1；评估种子 123-125,需核对同物理/guard/轨迹；解析值为交接参考，非本次独立复算
exp11,S3__W_UNC_VALUE,S3,W_UNC_VALUE,1,250000,175.41666666666666,145.04222222222222,7.714444444444445,21.702222222222222,1.0,True,3,3,0.0,0.0,0.0,0.0,exp11_s3_litupgrade20_12m__analysis.zip!LITUPGRADE20/S3__W_UNC_VALUE/analysis/checkpoint_curve.csv,MPTC,85.33,项目交接参考；当前归档未找到原始 S 阶段解析 CSV,UAGMC_SOURCE passenger-only + LQ,84.19,128.76,本矩阵同包实测；训练种子 1；评估种子 123-125,需核对同物理/guard/轨迹；解析值为交接参考，非本次独立复算
exp11,S3__W_UNC_VALUE,S3,W_UNC_VALUE,1,300000,175.35333333333335,144.78444444444446,7.788888888888889,21.813333333333333,1.0,True,3,3,0.0,0.0,0.0,0.0,exp11_s3_litupgrade20_12m__analysis.zip!LITUPGRADE20/S3__W_UNC_VALUE/analysis/checkpoint_curve.csv,MPTC,85.33,项目交接参考；当前归档未找到原始 S 阶段解析 CSV,UAGMC_SOURCE passenger-only + LQ,84.19,128.76,本矩阵同包实测；训练种子 1；评估种子 123-125,需核对同物理/guard/轨迹；解析值为交接参考，非本次独立复算
exp11,S3__W_UNC_VALUE,S3,W_UNC_VALUE,1,350000,175.66666666666666,145.5277777777778,7.682222222222222,21.484444444444446,1.0,True,3,3,0.0,0.0,0.0,0.0,exp11_s3_litupgrade20_12m__analysis.zip!LITUPGRADE20/S3__W_UNC_VALUE/analysis/checkpoint_curve.csv,MPTC,85.33,项目交接参考；当前归档未找到原始 S 阶段解析 CSV,UAGMC_SOURCE passenger-only + LQ,84.19,128.76,本矩阵同包实测；训练种子 1；评估种子 123-125,需核对同物理/guard/轨迹；解析值为交接参考，非本次独立复算
exp11,S3__W_UNC_VALUE,S3,W_UNC_VALUE,1,400000,179.97888888888892,149.78222222222223,7.656666666666666,21.568888888888893,1.0,True,3,3,0.0,0.0,0.0,0.0,exp11_s3_litupgrade20_12m__analysis.zip!LITUPGRADE20/S3__W_UNC_VALUE/analysis/checkpoint_curve.csv,MPTC,85.33,项目交接参考；当前归档未找到原始 S 阶段解析 CSV,UAGMC_SOURCE passenger-only + LQ,84.19,128.76,本矩阵同包实测；训练种子 1；评估种子 123-125,需核对同物理/guard/轨迹；解析值为交接参考，非本次独立复算
exp11,S3__W_UNC_VALUE,S3,W_UNC_VALUE,1,450000,159.25333333333333,129.61666666666667,7.396666666666666,21.28,1.0,True,3,3,0.0,0.0,0.0,0.0,exp11_s3_litupgrade20_12m__analysis.zip!LITUPGRADE20/S3__W_UNC_VALUE/analysis/checkpoint_curve.csv,MPTC,85.33,项目交接参考；当前归档未找到原始 S 阶段解析 CSV,UAGMC_SOURCE passenger-only + LQ,84.19,128.76,本矩阵同包实测；训练种子 1；评估种子 123-125,需核对同物理/guard/轨迹；解析值为交接参考，非本次独立复算
exp11,S3__W_UNC_VALUE,S3,W_UNC_VALUE,1,500000,172.5088888888889,142.64222222222222,7.69,21.21777777777778,1.0,True,3,3,0.0,0.0,0.0,0.0,exp11_s3_litupgrade20_12m__analysis.zip!LITUPGRADE20/S3__W_UNC_VALUE/analysis/checkpoint_curve.csv,MPTC,85.33,项目交接参考；当前归档未找到原始 S 阶段解析 CSV,UAGMC_SOURCE passenger-only + LQ,84.19,128.76,本矩阵同包实测；训练种子 1；评估种子 123-125,需核对同物理/guard/轨迹；解析值为交接参考，非本次独立复算
exp11,S3__W_UNC_VALUE,S3,W_UNC_VALUE,1,550000,172.3022222222222,142.6211111111111,7.575555555555556,21.16,1.0,True,3,3,0.0,0.0,0.0,0.0,exp11_s3_litupgrade20_12m__analysis.zip!LITUPGRADE20/S3__W_UNC_VALUE/analysis/checkpoint_curve.csv,MPTC,85.33,项目交接参考；当前归档未找到原始 S 阶段解析 CSV,UAGMC_SOURCE passenger-only + LQ,84.19,128.76,本矩阵同包实测；训练种子 1；评估种子 123-125,需核对同物理/guard/轨迹；解析值为交接参考，非本次独立复算
exp11,S3__W_UNC_VALUE,S3,W_UNC_VALUE,1,600000,167.06555555555556,137.59,7.432222222222222,21.09777777777778,1.0,True,3,3,0.0,0.0,0.0,0.0,exp11_s3_litupgrade20_12m__analysis.zip!LITUPGRADE20/S3__W_UNC_VALUE/analysis/checkpoint_curve.csv,MPTC,85.33,项目交接参考；当前归档未找到原始 S 阶段解析 CSV,UAGMC_SOURCE passenger-only + LQ,84.19,128.76,本矩阵同包实测；训练种子 1；评估种子 123-125,需核对同物理/guard/轨迹；解析值为交接参考，非本次独立复算
exp11,S3__W_VALUE_CONTROLLABLE,S3,W_VALUE_CONTROLLABLE,1,50000,141.31333333333333,114.7311111111111,6.374444444444445,19.24888888888889,1.0,True,3,3,0.0,0.0,0.0,0.0,exp11_s3_litupgrade20_12m__analysis.zip!LITUPGRADE20/S3__W_VALUE_CONTROLLABLE/analysis/checkpoint_curve.csv,MPTC,85.33,项目交接参考；当前归档未找到原始 S 阶段解析 CSV,UAGMC_SOURCE passenger-only + LQ,84.19,128.76,本矩阵同包实测；训练种子 1；评估种子 123-125,需核对同物理/guard/轨迹；解析值为交接参考，非本次独立复算
exp11,S3__W_VALUE_CONTROLLABLE,S3,W_VALUE_CONTROLLABLE,1,100000,87.76666666666667,60.422222222222224,6.692222222222221,19.671111111111113,1.0,True,3,3,0.0,0.0,0.0,0.0,exp11_s3_litupgrade20_12m__analysis.zip!LITUPGRADE20/S3__W_VALUE_CONTROLLABLE/analysis/checkpoint_curve.csv,MPTC,85.33,项目交接参考；当前归档未找到原始 S 阶段解析 CSV,UAGMC_SOURCE passenger-only + LQ,84.19,128.76,本矩阵同包实测；训练种子 1；评估种子 123-125,需核对同物理/guard/轨迹；解析值为交接参考，非本次独立复算
exp11,S3__W_VALUE_CONTROLLABLE,S3,W_VALUE_CONTROLLABLE,1,150000,87.63111111111111,60.76888888888889,6.528888888888889,19.386666666666667,1.0,True,3,3,0.0,0.0,0.0,0.0,exp11_s3_litupgrade20_12m__analysis.zip!LITUPGRADE20/S3__W_VALUE_CONTROLLABLE/analysis/checkpoint_curve.csv,MPTC,85.33,项目交接参考；当前归档未找到原始 S 阶段解析 CSV,UAGMC_SOURCE passenger-only + LQ,84.19,128.76,本矩阵同包实测；训练种子 1；评估种子 123-125,需核对同物理/guard/轨迹；解析值为交接参考，非本次独立复算
exp11,S3__W_VALUE_CONTROLLABLE,S3,W_VALUE_CONTROLLABLE,1,200000,85.56111111111112,58.62222222222223,6.489999999999999,19.51111111111111,1.0,True,3,3,0.0,0.0,0.0,0.0,exp11_s3_litupgrade20_12m__analysis.zip!LITUPGRADE20/S3__W_VALUE_CONTROLLABLE/analysis/checkpoint_curve.csv,MPTC,85.33,项目交接参考；当前归档未找到原始 S 阶段解析 CSV,UAGMC_SOURCE passenger-only + LQ,84.19,128.76,本矩阵同包实测；训练种子 1；评估种子 123-125,需核对同物理/guard/轨迹；解析值为交接参考，非本次独立复算
exp11,S3__W_VALUE_CONTROLLABLE,S3,W_VALUE_CONTROLLABLE,1,250000,97.29,69.64888888888889,6.6433333333333335,20.06222222222222,1.0,True,3,3,0.0,0.0,0.0,0.0,exp11_s3_litupgrade20_12m__analysis.zip!LITUPGRADE20/S3__W_VALUE_CONTROLLABLE/analysis/checkpoint_curve.csv,MPTC,85.33,项目交接参考；当前归档未找到原始 S 阶段解析 CSV,UAGMC_SOURCE passenger-only + LQ,84.19,128.76,本矩阵同包实测；训练种子 1；评估种子 123-125,需核对同物理/guard/轨迹；解析值为交接参考，非本次独立复算
exp11,S3__W_VALUE_CONTROLLABLE,S3,W_VALUE_CONTROLLABLE,1,300000,113.56111111111112,85.32222222222221,6.925555555555555,20.382222222222225,1.0,True,3,3,0.0,0.0,0.0,0.0,exp11_s3_litupgrade20_12m__analysis.zip!LITUPGRADE20/S3__W_VALUE_CONTROLLABLE/analysis/checkpoint_curve.csv,MPTC,85.33,项目交接参考；当前归档未找到原始 S 阶段解析 CSV,UAGMC_SOURCE passenger-only + LQ,84.19,128.76,本矩阵同包实测；训练种子 1；评估种子 123-125,需核对同物理/guard/轨迹；解析值为交接参考，非本次独立复算
exp11,S3__W_VALUE_CONTROLLABLE,S3,W_VALUE_CONTROLLABLE,1,350000,128.42444444444445,99.86222222222221,6.947777777777778,20.684444444444445,1.0,True,3,3,0.0,0.0,0.0,0.0,exp11_s3_litupgrade20_12m__analysis.zip!LITUPGRADE20/S3__W_VALUE_CONTROLLABLE/analysis/checkpoint_curve.csv,MPTC,85.33,项目交接参考；当前归档未找到原始 S 阶段解析 CSV,UAGMC_SOURCE passenger-only + LQ,84.19,128.76,本矩阵同包实测；训练种子 1；评估种子 123-125,需核对同物理/guard/轨迹；解析值为交接参考，非本次独立复算
exp11,S3__W_VALUE_CONTROLLABLE,S3,W_VALUE_CONTROLLABLE,1,400000,122.54777777777777,94.11222222222223,6.9944444444444445,20.506666666666668,1.0,True,3,3,0.0,0.0,0.0,0.0,exp11_s3_litupgrade20_12m__analysis.zip!LITUPGRADE20/S3__W_VALUE_CONTROLLABLE/analysis/checkpoint_curve.csv,MPTC,85.33,项目交接参考；当前归档未找到原始 S 阶段解析 CSV,UAGMC_SOURCE passenger-only + LQ,84.19,128.76,本矩阵同包实测；训练种子 1；评估种子 123-125,需核对同物理/guard/轨迹；解析值为交接参考，非本次独立复算
exp11,S3__W_VALUE_CONTROLLABLE,S3,W_VALUE_CONTROLLABLE,1,450000,99.81444444444445,72.11444444444443,6.657777777777778,20.10666666666667,1.0,True,3,3,0.0,0.0,0.0,0.0,exp11_s3_litupgrade20_12m__analysis.zip!LITUPGRADE20/S3__W_VALUE_CONTROLLABLE/analysis/checkpoint_curve.csv,MPTC,85.33,项目交接参考；当前归档未找到原始 S 阶段解析 CSV,UAGMC_SOURCE passenger-only + LQ,84.19,128.76,本矩阵同包实测；训练种子 1；评估种子 123-125,需核对同物理/guard/轨迹；解析值为交接参考，非本次独立复算
exp11,S3__W_VALUE_CONTROLLABLE,S3,W_VALUE_CONTROLLABLE,1,500000,118.87666666666667,90.83333333333333,6.7555555555555555,20.35111111111111,1.0,True,3,3,0.0,0.0,0.0,0.0,exp11_s3_litupgrade20_12m__analysis.zip!LITUPGRADE20/S3__W_VALUE_CONTROLLABLE/analysis/checkpoint_curve.csv,MPTC,85.33,项目交接参考；当前归档未找到原始 S 阶段解析 CSV,UAGMC_SOURCE passenger-only + LQ,84.19,128.76,本矩阵同包实测；训练种子 1；评估种子 123-125,需核对同物理/guard/轨迹；解析值为交接参考，非本次独立复算
exp11,S3__W_VALUE_CONTROLLABLE,S3,W_VALUE_CONTROLLABLE,1,550000,146.36555555555557,117.46888888888888,7.193333333333334,20.76888888888889,1.0,True,3,3,0.0,0.0,0.0,0.0,exp11_s3_litupgrade20_12m__analysis.zip!LITUPGRADE20/S3__W_VALUE_CONTROLLABLE/analysis/checkpoint_curve.csv,MPTC,85.33,项目交接参考；当前归档未找到原始 S 阶段解析 CSV,UAGMC_SOURCE passenger-only + LQ,84.19,128.76,本矩阵同包实测；训练种子 1；评估种子 123-125,需核对同物理/guard/轨迹；解析值为交接参考，非本次独立复算
exp11,S3__W_VALUE_CONTROLLABLE,S3,W_VALUE_CONTROLLABLE,1,600000,132.18777777777777,103.72666666666667,7.075555555555556,20.439999999999998,1.0,True,3,3,0.0,0.0,0.0,0.0,exp11_s3_litupgrade20_12m__analysis.zip!LITUPGRADE20/S3__W_VALUE_CONTROLLABLE/analysis/checkpoint_curve.csv,MPTC,85.33,项目交接参考；当前归档未找到原始 S 阶段解析 CSV,UAGMC_SOURCE passenger-only + LQ,84.19,128.76,本矩阵同包实测；训练种子 1；评估种子 123-125,需核对同物理/guard/轨迹；解析值为交接参考，非本次独立复算
