experiment,cell,env,method,train_seed,step,att_min,awt_min,agt_min,aft_min,completion_rate,full_completion,n_eval_seeds,n_valid,passenger_v0_share,passenger_v1_share,aircraft_v0_share,aircraft_v1_share,source,analytic_baseline,analytic_att_min,analytic_evidence,uagmc_baseline,uagmc_best_att_min,uagmc_final_att_min,uagmc_evidence,baseline_comparability_note
exp13,S3__AW_FACMAC_VALUECTRL,S3,AW_FACMAC_VALUECTRL,4,50000,196.77555555555557,164.50444444444443,8.476666666666667,22.813333333333333,1.0,True,3,3,0.0,0.0,0.0,0.0,exp13_single_priority_69p6m__analysis_snapshot_20260928.tar.gz!P1/seed4/S3__AW_FACMAC_VALUECTRL/analysis/checkpoint_curve.csv,MPTC,85.33,项目交接参考；当前归档未找到原始 S 阶段解析 CSV,UAGMC_SOURCE passenger-only + LQ,84.19,128.76,exp11 同包曲线；训练种子 1；评估种子 123-125；本矩阵另有种子 2-5 四条 UAGMC 曲线,需核对同物理/guard/轨迹；解析值为交接参考，非本次独立复算
exp13,S3__AW_FACMAC_VALUECTRL,S3,AW_FACMAC_VALUECTRL,4,100000,189.1522222222222,157.64555555555555,8.417777777777777,22.106666666666666,1.0,True,3,3,0.0,0.0,0.0,0.0,exp13_single_priority_69p6m__analysis_snapshot_20260928.tar.gz!P1/seed4/S3__AW_FACMAC_VALUECTRL/analysis/checkpoint_curve.csv,MPTC,85.33,项目交接参考；当前归档未找到原始 S 阶段解析 CSV,UAGMC_SOURCE passenger-only + LQ,84.19,128.76,exp11 同包曲线；训练种子 1；评估种子 123-125；本矩阵另有种子 2-5 四条 UAGMC 曲线,需核对同物理/guard/轨迹；解析值为交接参考，非本次独立复算
exp13,S3__AW_FACMAC_VALUECTRL,S3,AW_FACMAC_VALUECTRL,4,150000,201.14777777777775,169.05555555555554,8.383333333333333,22.76,1.0,True,3,3,0.0,0.0,0.0,0.0,exp13_single_priority_69p6m__analysis_snapshot_20260928.tar.gz!P1/seed4/S3__AW_FACMAC_VALUECTRL/analysis/checkpoint_curve.csv,MPTC,85.33,项目交接参考；当前归档未找到原始 S 阶段解析 CSV,UAGMC_SOURCE passenger-only + LQ,84.19,128.76,exp11 同包曲线；训练种子 1；评估种子 123-125；本矩阵另有种子 2-5 四条 UAGMC 曲线,需核对同物理/guard/轨迹；解析值为交接参考，非本次独立复算
exp13,S3__AW_FACMAC_VALUECTRL,S3,AW_FACMAC_VALUECTRL,4,200000,190.12666666666667,158.9988888888889,8.055555555555555,22.124444444444446,1.0,True,3,3,0.0,0.0,0.0,0.0,exp13_single_priority_69p6m__analysis_snapshot_20260928.tar.gz!P1/seed4/S3__AW_FACMAC_VALUECTRL/analysis/checkpoint_curve.csv,MPTC,85.33,项目交接参考；当前归档未找到原始 S 阶段解析 CSV,UAGMC_SOURCE passenger-only + LQ,84.19,128.76,exp11 同包曲线；训练种子 1；评估种子 123-125；本矩阵另有种子 2-5 四条 UAGMC 曲线,需核对同物理/guard/轨迹；解析值为交接参考，非本次独立复算
exp13,S3__AW_FACMAC_VALUECTRL,S3,AW_FACMAC_VALUECTRL,4,250000,151.18555555555554,121.59222222222222,7.527777777777778,21.11555555555556,1.0,True,3,3,0.0,0.0,0.0,0.0,exp13_single_priority_69p6m__analysis_snapshot_20260928.tar.gz!P1/seed4/S3__AW_FACMAC_VALUECTRL/analysis/checkpoint_curve.csv,MPTC,85.33,项目交接参考；当前归档未找到原始 S 阶段解析 CSV,UAGMC_SOURCE passenger-only + LQ,84.19,128.76,exp11 同包曲线；训练种子 1；评估种子 123-125；本矩阵另有种子 2-5 四条 UAGMC 曲线,需核对同物理/guard/轨迹；解析值为交接参考，非本次独立复算
exp13,S3__AW_FACMAC_VALUECTRL,S3,AW_FACMAC_VALUECTRL,4,300000,141.36222222222224,112.71777777777777,7.155555555555556,20.546666666666667,1.0,True,3,3,0.0,0.0,0.0,0.0,exp13_single_priority_69p6m__analysis_snapshot_20260928.tar.gz!P1/seed4/S3__AW_FACMAC_VALUECTRL/analysis/checkpoint_curve.csv,MPTC,85.33,项目交接参考；当前归档未找到原始 S 阶段解析 CSV,UAGMC_SOURCE passenger-only + LQ,84.19,128.76,exp11 同包曲线；训练种子 1；评估种子 123-125；本矩阵另有种子 2-5 四条 UAGMC 曲线,需核对同物理/guard/轨迹；解析值为交接参考，非本次独立复算
exp13,S3__AW_FACMAC_VALUECTRL,S3,AW_FACMAC_VALUECTRL,4,350000,144.47666666666666,115.65777777777778,7.195555555555555,20.68444444444444,1.0,True,3,3,0.0,0.0,0.0,0.0,exp13_single_priority_69p6m__analysis_snapshot_20260928.tar.gz!P1/seed4/S3__AW_FACMAC_VALUECTRL/analysis/checkpoint_curve.csv,MPTC,85.33,项目交接参考；当前归档未找到原始 S 阶段解析 CSV,UAGMC_SOURCE passenger-only + LQ,84.19,128.76,exp11 同包曲线；训练种子 1；评估种子 123-125；本矩阵另有种子 2-5 四条 UAGMC 曲线,需核对同物理/guard/轨迹；解析值为交接参考，非本次独立复算
exp13,S3__AW_FACMAC_VALUECTRL,S3,AW_FACMAC_VALUECTRL,4,400000,203.49555555555557,173.2788888888889,7.722222222222221,21.564444444444444,1.0,True,3,3,0.0,0.0,0.0,0.0,exp13_single_priority_69p6m__analysis_snapshot_20260928.tar.gz!P1/seed4/S3__AW_FACMAC_VALUECTRL/analysis/checkpoint_curve.csv,MPTC,85.33,项目交接参考；当前归档未找到原始 S 阶段解析 CSV,UAGMC_SOURCE passenger-only + LQ,84.19,128.76,exp11 同包曲线；训练种子 1；评估种子 123-125；本矩阵另有种子 2-5 四条 UAGMC 曲线,需核对同物理/guard/轨迹；解析值为交接参考，非本次独立复算
exp13,S3__AW_FACMAC_VALUECTRL,S3,AW_FACMAC_VALUECTRL,4,450000,180.02555555555554,150.11333333333334,7.628888888888889,21.31555555555556,1.0,True,3,3,0.0,0.0,0.0,0.0,exp13_single_priority_69p6m__analysis_snapshot_20260928.tar.gz!P1/seed4/S3__AW_FACMAC_VALUECTRL/analysis/checkpoint_curve.csv,MPTC,85.33,项目交接参考；当前归档未找到原始 S 阶段解析 CSV,UAGMC_SOURCE passenger-only + LQ,84.19,128.76,exp11 同包曲线；训练种子 1；评估种子 123-125；本矩阵另有种子 2-5 四条 UAGMC 曲线,需核对同物理/guard/轨迹；解析值为交接参考，非本次独立复算
exp13,S3__AW_FACMAC_VALUECTRL,S3,AW_FACMAC_VALUECTRL,4,500000,174.61333333333332,145.21666666666667,7.3244444444444445,21.124444444444446,1.0,True,3,3,0.0,0.0,0.0,0.0,exp13_single_priority_69p6m__analysis_snapshot_20260928.tar.gz!P1/seed4/S3__AW_FACMAC_VALUECTRL/analysis/checkpoint_curve.csv,MPTC,85.33,项目交接参考；当前归档未找到原始 S 阶段解析 CSV,UAGMC_SOURCE passenger-only + LQ,84.19,128.76,exp11 同包曲线；训练种子 1；评估种子 123-125；本矩阵另有种子 2-5 四条 UAGMC 曲线,需核对同物理/guard/轨迹；解析值为交接参考，非本次独立复算
exp13,S3__AW_FACMAC_VALUECTRL,S3,AW_FACMAC_VALUECTRL,4,550000,162.5988888888889,133.39,7.322222222222222,20.933333333333334,1.0,True,3,3,0.0,0.0,0.0,0.0,exp13_single_priority_69p6m__analysis_snapshot_20260928.tar.gz!P1/seed4/S3__AW_FACMAC_VALUECTRL/analysis/checkpoint_curve.csv,MPTC,85.33,项目交接参考；当前归档未找到原始 S 阶段解析 CSV,UAGMC_SOURCE passenger-only + LQ,84.19,128.76,exp11 同包曲线；训练种子 1；评估种子 123-125；本矩阵另有种子 2-5 四条 UAGMC 曲线,需核对同物理/guard/轨迹；解析值为交接参考，非本次独立复算
exp13,S3__AW_FACMAC_VALUECTRL,S3,AW_FACMAC_VALUECTRL,4,600000,147.95333333333335,119.19222222222221,7.214444444444445,20.595555555555553,1.0,True,3,3,0.0,0.0,0.0,0.0,exp13_single_priority_69p6m__analysis_snapshot_20260928.tar.gz!P1/seed4/S3__AW_FACMAC_VALUECTRL/analysis/checkpoint_curve.csv,MPTC,85.33,项目交接参考；当前归档未找到原始 S 阶段解析 CSV,UAGMC_SOURCE passenger-only + LQ,84.19,128.76,exp11 同包曲线；训练种子 1；评估种子 123-125；本矩阵另有种子 2-5 四条 UAGMC 曲线,需核对同物理/guard/轨迹；解析值为交接参考，非本次独立复算
exp13,S3__AW_FACMAC_VALUECTRL,S3,AW_FACMAC_VALUECTRL,5,50000,222.4677777777778,189.92444444444445,8.556666666666667,23.0,1.0,True,3,3,0.0,0.0,0.0,0.0,exp13_single_priority_69p6m__analysis_snapshot_20260928.tar.gz!P1/seed5/S3__AW_FACMAC_VALUECTRL/analysis/checkpoint_curve.csv,MPTC,85.33,项目交接参考；当前归档未找到原始 S 阶段解析 CSV,UAGMC_SOURCE passenger-only + LQ,84.19,128.76,exp11 同包曲线；训练种子 1；评估种子 123-125；本矩阵另有种子 2-5 四条 UAGMC 曲线,需核对同物理/guard/轨迹；解析值为交接参考，非本次独立复算
exp13,S3__AW_FACMAC_VALUECTRL,S3,AW_FACMAC_VALUECTRL,5,100000,212.1577777777778,179.72888888888886,8.495555555555555,22.955555555555552,1.0,True,3,3,0.0,0.0,0.0,0.0,exp13_single_priority_69p6m__analysis_snapshot_20260928.tar.gz!P1/seed5/S3__AW_FACMAC_VALUECTRL/analysis/checkpoint_curve.csv,MPTC,85.33,项目交接参考；当前归档未找到原始 S 阶段解析 CSV,UAGMC_SOURCE passenger-only + LQ,84.19,128.76,exp11 同包曲线；训练种子 1；评估种子 123-125；本矩阵另有种子 2-5 四条 UAGMC 曲线,需核对同物理/guard/轨迹；解析值为交接参考，非本次独立复算
exp13,S3__AW_FACMAC_VALUECTRL,S3,AW_FACMAC_VALUECTRL,5,150000,220.9777777777778,188.45111111111112,8.545555555555554,22.995555555555555,1.0,True,3,3,0.0,0.0,0.0,0.0,exp13_single_priority_69p6m__analysis_snapshot_20260928.tar.gz!P1/seed5/S3__AW_FACMAC_VALUECTRL/analysis/checkpoint_curve.csv,MPTC,85.33,项目交接参考；当前归档未找到原始 S 阶段解析 CSV,UAGMC_SOURCE passenger-only + LQ,84.19,128.76,exp11 同包曲线；训练种子 1；评估种子 123-125；本矩阵另有种子 2-5 四条 UAGMC 曲线,需核对同物理/guard/轨迹；解析值为交接参考，非本次独立复算
exp13,S3__AW_FACMAC_VALUECTRL,S3,AW_FACMAC_VALUECTRL,5,200000,219.47111111111113,186.9611111111111,8.534444444444444,22.99111111111111,1.0,True,3,3,0.0,0.0,0.0,0.0,exp13_single_priority_69p6m__analysis_snapshot_20260928.tar.gz!P1/seed5/S3__AW_FACMAC_VALUECTRL/analysis/checkpoint_curve.csv,MPTC,85.33,项目交接参考；当前归档未找到原始 S 阶段解析 CSV,UAGMC_SOURCE passenger-only + LQ,84.19,128.76,exp11 同包曲线；训练种子 1；评估种子 123-125；本矩阵另有种子 2-5 四条 UAGMC 曲线,需核对同物理/guard/轨迹；解析值为交接参考，非本次独立复算
exp13,S3__AW_FACMAC_VALUECTRL,S3,AW_FACMAC_VALUECTRL,5,250000,176.57111111111112,146.49,7.601111111111112,21.50666666666667,1.0,True,3,3,0.0,0.0,0.0,0.0,exp13_single_priority_69p6m__analysis_snapshot_20260928.tar.gz!P1/seed5/S3__AW_FACMAC_VALUECTRL/analysis/checkpoint_curve.csv,MPTC,85.33,项目交接参考；当前归档未找到原始 S 阶段解析 CSV,UAGMC_SOURCE passenger-only + LQ,84.19,128.76,exp11 同包曲线；训练种子 1；评估种子 123-125；本矩阵另有种子 2-5 四条 UAGMC 曲线,需核对同物理/guard/轨迹；解析值为交接参考，非本次独立复算
exp13,S3__AW_FACMAC_VALUECTRL,S3,AW_FACMAC_VALUECTRL,5,300000,144.6011111111111,115.25888888888888,7.357777777777778,21.00444444444444,1.0,True,3,3,0.0,0.0,0.0,0.0,exp13_single_priority_69p6m__analysis_snapshot_20260928.tar.gz!P1/seed5/S3__AW_FACMAC_VALUECTRL/analysis/checkpoint_curve.csv,MPTC,85.33,项目交接参考；当前归档未找到原始 S 阶段解析 CSV,UAGMC_SOURCE passenger-only + LQ,84.19,128.76,exp11 同包曲线；训练种子 1；评估种子 123-125；本矩阵另有种子 2-5 四条 UAGMC 曲线,需核对同物理/guard/轨迹；解析值为交接参考，非本次独立复算
exp13,S3__AW_FACMAC_VALUECTRL,S3,AW_FACMAC_VALUECTRL,5,350000,141.78,112.64111111111112,7.243333333333332,20.933333333333334,1.0,True,3,3,0.0,0.0,0.0,0.0,exp13_single_priority_69p6m__analysis_snapshot_20260928.tar.gz!P1/seed5/S3__AW_FACMAC_VALUECTRL/analysis/checkpoint_curve.csv,MPTC,85.33,项目交接参考；当前归档未找到原始 S 阶段解析 CSV,UAGMC_SOURCE passenger-only + LQ,84.19,128.76,exp11 同包曲线；训练种子 1；评估种子 123-125；本矩阵另有种子 2-5 四条 UAGMC 曲线,需核对同物理/guard/轨迹；解析值为交接参考，非本次独立复算
exp13,S3__AW_FACMAC_VALUECTRL,S3,AW_FACMAC_VALUECTRL,5,400000,165.00222222222223,135.0311111111111,7.545555555555556,21.453333333333333,1.0,True,3,3,0.0,0.0,0.0,0.0,exp13_single_priority_69p6m__analysis_snapshot_20260928.tar.gz!P1/seed5/S3__AW_FACMAC_VALUECTRL/analysis/checkpoint_curve.csv,MPTC,85.33,项目交接参考；当前归档未找到原始 S 阶段解析 CSV,UAGMC_SOURCE passenger-only + LQ,84.19,128.76,exp11 同包曲线；训练种子 1；评估种子 123-125；本矩阵另有种子 2-5 四条 UAGMC 曲线,需核对同物理/guard/轨迹；解析值为交接参考，非本次独立复算
exp13,S3__AW_FACMAC_VALUECTRL,S3,AW_FACMAC_VALUECTRL,5,450000,182.62,152.06555555555556,7.802222222222222,21.77333333333333,1.0,True,3,3,0.0,0.0,0.0,0.0,exp13_single_priority_69p6m__analysis_snapshot_20260928.tar.gz!P1/seed5/S3__AW_FACMAC_VALUECTRL/analysis/checkpoint_curve.csv,MPTC,85.33,项目交接参考；当前归档未找到原始 S 阶段解析 CSV,UAGMC_SOURCE passenger-only + LQ,84.19,128.76,exp11 同包曲线；训练种子 1；评估种子 123-125；本矩阵另有种子 2-5 四条 UAGMC 曲线,需核对同物理/guard/轨迹；解析值为交接参考，非本次独立复算
exp13,S3__AW_FACMAC_VALUECTRL,S3,AW_FACMAC_VALUECTRL,5,500000,163.17777777777778,133.73666666666665,7.333333333333333,21.12888888888889,1.0,True,3,3,0.0,0.0,0.0,0.0,exp13_single_priority_69p6m__analysis_snapshot_20260928.tar.gz!P1/seed5/S3__AW_FACMAC_VALUECTRL/analysis/checkpoint_curve.csv,MPTC,85.33,项目交接参考；当前归档未找到原始 S 阶段解析 CSV,UAGMC_SOURCE passenger-only + LQ,84.19,128.76,exp11 同包曲线；训练种子 1；评估种子 123-125；本矩阵另有种子 2-5 四条 UAGMC 曲线,需核对同物理/guard/轨迹；解析值为交接参考，非本次独立复算
exp13,S3__AW_FACMAC_VALUECTRL,S3,AW_FACMAC_VALUECTRL,5,550000,162.55777777777777,133.39555555555555,7.223333333333334,20.973333333333333,1.0,True,3,3,0.0,0.0,0.0,0.0,exp13_single_priority_69p6m__analysis_snapshot_20260928.tar.gz!P1/seed5/S3__AW_FACMAC_VALUECTRL/analysis/checkpoint_curve.csv,MPTC,85.33,项目交接参考；当前归档未找到原始 S 阶段解析 CSV,UAGMC_SOURCE passenger-only + LQ,84.19,128.76,exp11 同包曲线；训练种子 1；评估种子 123-125；本矩阵另有种子 2-5 四条 UAGMC 曲线,需核对同物理/guard/轨迹；解析值为交接参考，非本次独立复算
exp13,S3__AW_FACMAC_VALUECTRL,S3,AW_FACMAC_VALUECTRL,5,600000,152.80222222222224,123.66333333333334,7.246666666666666,20.911111111111108,1.0,True,3,3,0.0,0.0,0.0,0.0,exp13_single_priority_69p6m__analysis_snapshot_20260928.tar.gz!P1/seed5/S3__AW_FACMAC_VALUECTRL/analysis/checkpoint_curve.csv,MPTC,85.33,项目交接参考；当前归档未找到原始 S 阶段解析 CSV,UAGMC_SOURCE passenger-only + LQ,84.19,128.76,exp11 同包曲线；训练种子 1；评估种子 123-125；本矩阵另有种子 2-5 四条 UAGMC 曲线,需核对同物理/guard/轨迹；解析值为交接参考，非本次独立复算
exp13,S3__AW_FACMAC_VE,S3,AW_FACMAC_VE,4,50000,229.48777777777778,197.01999999999998,8.568888888888887,22.92,1.0,True,3,3,0.0,0.0,0.0,0.0,exp13_single_priority_69p6m__analysis_snapshot_20260928.tar.gz!P1/seed4/S3__AW_FACMAC_VE/analysis/checkpoint_curve.csv,MPTC,85.33,项目交接参考；当前归档未找到原始 S 阶段解析 CSV,UAGMC_SOURCE passenger-only + LQ,84.19,128.76,exp11 同包曲线；训练种子 1；评估种子 123-125；本矩阵另有种子 2-5 四条 UAGMC 曲线,需核对同物理/guard/轨迹；解析值为交接参考，非本次独立复算
exp13,S3__AW_FACMAC_VE,S3,AW_FACMAC_VE,4,100000,198.24,166.69555555555556,8.261111111111111,22.31555555555555,1.0,True,3,3,0.0,0.0,0.0,0.0,exp13_single_priority_69p6m__analysis_snapshot_20260928.tar.gz!P1/seed4/S3__AW_FACMAC_VE/analysis/checkpoint_curve.csv,MPTC,85.33,项目交接参考；当前归档未找到原始 S 阶段解析 CSV,UAGMC_SOURCE passenger-only + LQ,84.19,128.76,exp11 同包曲线；训练种子 1；评估种子 123-125；本矩阵另有种子 2-5 四条 UAGMC 曲线,需核对同物理/guard/轨迹；解析值为交接参考，非本次独立复算
exp13,S3__AW_FACMAC_VE,S3,AW_FACMAC_VE,4,150000,197.25777777777776,165.08444444444444,8.475555555555555,22.72888888888889,1.0,True,3,3,0.0,0.0,0.0,0.0,exp13_single_priority_69p6m__analysis_snapshot_20260928.tar.gz!P1/seed4/S3__AW_FACMAC_VE/analysis/checkpoint_curve.csv,MPTC,85.33,项目交接参考；当前归档未找到原始 S 阶段解析 CSV,UAGMC_SOURCE passenger-only + LQ,84.19,128.76,exp11 同包曲线；训练种子 1；评估种子 123-125；本矩阵另有种子 2-5 四条 UAGMC 曲线,需核对同物理/guard/轨迹；解析值为交接参考，非本次独立复算
exp13,S3__AW_FACMAC_VE,S3,AW_FACMAC_VE,4,200000,181.0677777777778,150.2888888888889,7.9366666666666665,21.88,1.0,True,3,3,0.0,0.0,0.0,0.0,exp13_single_priority_69p6m__analysis_snapshot_20260928.tar.gz!P1/seed4/S3__AW_FACMAC_VE/analysis/checkpoint_curve.csv,MPTC,85.33,项目交接参考；当前归档未找到原始 S 阶段解析 CSV,UAGMC_SOURCE passenger-only + LQ,84.19,128.76,exp11 同包曲线；训练种子 1；评估种子 123-125；本矩阵另有种子 2-5 四条 UAGMC 曲线,需核对同物理/guard/轨迹；解析值为交接参考，非本次独立复算
exp13,S3__AW_FACMAC_VE,S3,AW_FACMAC_VE,4,250000,182.35333333333332,151.17777777777778,8.151111111111112,22.057777777777776,1.0,True,3,3,0.0,0.0,0.0,0.0,exp13_single_priority_69p6m__analysis_snapshot_20260928.tar.gz!P1/seed4/S3__AW_FACMAC_VE/analysis/checkpoint_curve.csv,MPTC,85.33,项目交接参考；当前归档未找到原始 S 阶段解析 CSV,UAGMC_SOURCE passenger-only + LQ,84.19,128.76,exp11 同包曲线；训练种子 1；评估种子 123-125；本矩阵另有种子 2-5 四条 UAGMC 曲线,需核对同物理/guard/轨迹；解析值为交接参考，非本次独立复算
exp13,S3__AW_FACMAC_VE,S3,AW_FACMAC_VE,4,300000,185.3811111111111,154.0011111111111,8.227777777777778,22.182222222222222,1.0,True,3,3,0.0,0.0,0.0,0.0,exp13_single_priority_69p6m__analysis_snapshot_20260928.tar.gz!P1/seed4/S3__AW_FACMAC_VE/analysis/checkpoint_curve.csv,MPTC,85.33,项目交接参考；当前归档未找到原始 S 阶段解析 CSV,UAGMC_SOURCE passenger-only + LQ,84.19,128.76,exp11 同包曲线；训练种子 1；评估种子 123-125；本矩阵另有种子 2-5 四条 UAGMC 曲线,需核对同物理/guard/轨迹；解析值为交接参考，非本次独立复算
exp13,S3__AW_FACMAC_VE,S3,AW_FACMAC_VE,4,350000,157.47444444444443,127.45444444444445,7.803333333333334,21.25777777777778,1.0,True,3,3,0.0,0.0,0.0,0.0,exp13_single_priority_69p6m__analysis_snapshot_20260928.tar.gz!P1/seed4/S3__AW_FACMAC_VE/analysis/checkpoint_curve.csv,MPTC,85.33,项目交接参考；当前归档未找到原始 S 阶段解析 CSV,UAGMC_SOURCE passenger-only + LQ,84.19,128.76,exp11 同包曲线；训练种子 1；评估种子 123-125；本矩阵另有种子 2-5 四条 UAGMC 曲线,需核对同物理/guard/轨迹；解析值为交接参考，非本次独立复算
exp13,S3__AW_FACMAC_VE,S3,AW_FACMAC_VE,4,400000,154.20555555555555,124.64777777777778,7.469999999999999,21.124444444444446,1.0,True,3,3,0.0,0.0,0.0,0.0,exp13_single_priority_69p6m__analysis_snapshot_20260928.tar.gz!P1/seed4/S3__AW_FACMAC_VE/analysis/checkpoint_curve.csv,MPTC,85.33,项目交接参考；当前归档未找到原始 S 阶段解析 CSV,UAGMC_SOURCE passenger-only + LQ,84.19,128.76,exp11 同包曲线；训练种子 1；评估种子 123-125；本矩阵另有种子 2-5 四条 UAGMC 曲线,需核对同物理/guard/轨迹；解析值为交接参考，非本次独立复算
exp13,S3__AW_FACMAC_VE,S3,AW_FACMAC_VE,4,450000,157.59333333333333,127.95333333333333,7.467777777777777,21.204444444444444,1.0,True,3,3,0.0,0.0,0.0,0.0,exp13_single_priority_69p6m__analysis_snapshot_20260928.tar.gz!P1/seed4/S3__AW_FACMAC_VE/analysis/checkpoint_curve.csv,MPTC,85.33,项目交接参考；当前归档未找到原始 S 阶段解析 CSV,UAGMC_SOURCE passenger-only + LQ,84.19,128.76,exp11 同包曲线；训练种子 1；评估种子 123-125；本矩阵另有种子 2-5 四条 UAGMC 曲线,需核对同物理/guard/轨迹；解析值为交接参考，非本次独立复算
exp13,S3__AW_FACMAC_VE,S3,AW_FACMAC_VE,4,500000,143.14222222222224,114.10444444444444,7.263333333333333,20.8,1.0,True,3,3,0.0,0.0,0.0,0.0,exp13_single_priority_69p6m__analysis_snapshot_20260928.tar.gz!P1/seed4/S3__AW_FACMAC_VE/analysis/checkpoint_curve.csv,MPTC,85.33,项目交接参考；当前归档未找到原始 S 阶段解析 CSV,UAGMC_SOURCE passenger-only + LQ,84.19,128.76,exp11 同包曲线；训练种子 1；评估种子 123-125；本矩阵另有种子 2-5 四条 UAGMC 曲线,需核对同物理/guard/轨迹；解析值为交接参考，非本次独立复算
exp13,S3__AW_FACMAC_VE,S3,AW_FACMAC_VE,4,550000,139.49666666666667,110.08111111111111,7.315555555555555,21.124444444444446,1.0,True,3,3,0.0,0.0,0.0,0.0,exp13_single_priority_69p6m__analysis_snapshot_20260928.tar.gz!P1/seed4/S3__AW_FACMAC_VE/analysis/checkpoint_curve.csv,MPTC,85.33,项目交接参考；当前归档未找到原始 S 阶段解析 CSV,UAGMC_SOURCE passenger-only + LQ,84.19,128.76,exp11 同包曲线；训练种子 1；评估种子 123-125；本矩阵另有种子 2-5 四条 UAGMC 曲线,需核对同物理/guard/轨迹；解析值为交接参考，非本次独立复算
exp13,S3__AW_FACMAC_VE,S3,AW_FACMAC_VE,4,600000,137.52333333333334,108.47666666666667,7.193333333333334,20.88,1.0,True,3,3,0.0,0.0,0.0,0.0,exp13_single_priority_69p6m__analysis_snapshot_20260928.tar.gz!P1/seed4/S3__AW_FACMAC_VE/analysis/checkpoint_curve.csv,MPTC,85.33,项目交接参考；当前归档未找到原始 S 阶段解析 CSV,UAGMC_SOURCE passenger-only + LQ,84.19,128.76,exp11 同包曲线；训练种子 1；评估种子 123-125；本矩阵另有种子 2-5 四条 UAGMC 曲线,需核对同物理/guard/轨迹；解析值为交接参考，非本次独立复算
exp13,S3__AW_FACMAC_VE,S3,AW_FACMAC_VE,5,50000,229.6922222222222,199.85444444444443,7.476666666666667,21.395555555555557,1.0,True,3,3,0.0,0.0,0.0,0.0,exp13_single_priority_69p6m__analysis_snapshot_20260928.tar.gz!P1/seed5/S3__AW_FACMAC_VE/analysis/checkpoint_curve.csv,MPTC,85.33,项目交接参考；当前归档未找到原始 S 阶段解析 CSV,UAGMC_SOURCE passenger-only + LQ,84.19,128.76,exp11 同包曲线；训练种子 1；评估种子 123-125；本矩阵另有种子 2-5 四条 UAGMC 曲线,需核对同物理/guard/轨迹；解析值为交接参考，非本次独立复算
exp13,S3__AW_FACMAC_VE,S3,AW_FACMAC_VE,5,100000,251.05333333333337,224.79444444444445,6.148888888888888,19.14222222222222,1.0,True,3,3,0.0,0.0,0.0,0.0,exp13_single_priority_69p6m__analysis_snapshot_20260928.tar.gz!P1/seed5/S3__AW_FACMAC_VE/analysis/checkpoint_curve.csv,MPTC,85.33,项目交接参考；当前归档未找到原始 S 阶段解析 CSV,UAGMC_SOURCE passenger-only + LQ,84.19,128.76,exp11 同包曲线；训练种子 1；评估种子 123-125；本矩阵另有种子 2-5 四条 UAGMC 曲线,需核对同物理/guard/轨迹；解析值为交接参考，非本次独立复算
exp13,S3__AW_FACMAC_VE,S3,AW_FACMAC_VE,5,150000,124.56666666666666,97.26444444444445,6.322222222222223,20.053333333333335,1.0,True,3,3,0.0,0.0,0.0,0.0,exp13_single_priority_69p6m__analysis_snapshot_20260928.tar.gz!P1/seed5/S3__AW_FACMAC_VE/analysis/checkpoint_curve.csv,MPTC,85.33,项目交接参考；当前归档未找到原始 S 阶段解析 CSV,UAGMC_SOURCE passenger-only + LQ,84.19,128.76,exp11 同包曲线；训练种子 1；评估种子 123-125；本矩阵另有种子 2-5 四条 UAGMC 曲线,需核对同物理/guard/轨迹；解析值为交接参考，非本次独立复算
exp13,S3__AW_FACMAC_VE,S3,AW_FACMAC_VE,5,200000,125.12,97.86333333333334,6.263333333333333,20.066666666666666,1.0,True,3,3,0.0,0.0,0.0,0.0,exp13_single_priority_69p6m__analysis_snapshot_20260928.tar.gz!P1/seed5/S3__AW_FACMAC_VE/analysis/checkpoint_curve.csv,MPTC,85.33,项目交接参考；当前归档未找到原始 S 阶段解析 CSV,UAGMC_SOURCE passenger-only + LQ,84.19,128.76,exp11 同包曲线；训练种子 1；评估种子 123-125；本矩阵另有种子 2-5 四条 UAGMC 曲线,需核对同物理/guard/轨迹；解析值为交接参考，非本次独立复算
exp13,S3__AW_FACMAC_VE,S3,AW_FACMAC_VE,5,250000,133.62777777777777,106.16777777777777,6.373333333333332,20.16,1.0,True,3,3,0.0,0.0,0.0,0.0,exp13_single_priority_69p6m__analysis_snapshot_20260928.tar.gz!P1/seed5/S3__AW_FACMAC_VE/analysis/checkpoint_curve.csv,MPTC,85.33,项目交接参考；当前归档未找到原始 S 阶段解析 CSV,UAGMC_SOURCE passenger-only + LQ,84.19,128.76,exp11 同包曲线；训练种子 1；评估种子 123-125；本矩阵另有种子 2-5 四条 UAGMC 曲线,需核对同物理/guard/轨迹；解析值为交接参考，非本次独立复算
exp13,S3__AW_FACMAC_VE,S3,AW_FACMAC_VE,5,300000,143.56333333333333,115.43,6.792222222222222,20.413333333333334,1.0,True,3,3,0.0,0.0,0.0,0.0,exp13_single_priority_69p6m__analysis_snapshot_20260928.tar.gz!P1/seed5/S3__AW_FACMAC_VE/analysis/checkpoint_curve.csv,MPTC,85.33,项目交接参考；当前归档未找到原始 S 阶段解析 CSV,UAGMC_SOURCE passenger-only + LQ,84.19,128.76,exp11 同包曲线；训练种子 1；评估种子 123-125；本矩阵另有种子 2-5 四条 UAGMC 曲线,需核对同物理/guard/轨迹；解析值为交接参考，非本次独立复算
exp13,S3__AW_FACMAC_VE,S3,AW_FACMAC_VE,5,350000,120.3888888888889,92.84111111111112,6.566666666666666,20.05333333333333,1.0,True,3,3,0.0,0.0,0.0,0.0,exp13_single_priority_69p6m__analysis_snapshot_20260928.tar.gz!P1/seed5/S3__AW_FACMAC_VE/analysis/checkpoint_curve.csv,MPTC,85.33,项目交接参考；当前归档未找到原始 S 阶段解析 CSV,UAGMC_SOURCE passenger-only + LQ,84.19,128.76,exp11 同包曲线；训练种子 1；评估种子 123-125；本矩阵另有种子 2-5 四条 UAGMC 曲线,需核对同物理/guard/轨迹；解析值为交接参考，非本次独立复算
exp13,S3__AW_FACMAC_VE,S3,AW_FACMAC_VE,5,400000,164.38666666666668,135.52777777777774,7.094444444444444,20.835555555555555,1.0,True,3,3,0.0,0.0,0.0,0.0,exp13_single_priority_69p6m__analysis_snapshot_20260928.tar.gz!P1/seed5/S3__AW_FACMAC_VE/analysis/checkpoint_curve.csv,MPTC,85.33,项目交接参考；当前归档未找到原始 S 阶段解析 CSV,UAGMC_SOURCE passenger-only + LQ,84.19,128.76,exp11 同包曲线；训练种子 1；评估种子 123-125；本矩阵另有种子 2-5 四条 UAGMC 曲线,需核对同物理/guard/轨迹；解析值为交接参考，非本次独立复算
exp13,S3__AW_FACMAC_VE,S3,AW_FACMAC_VE,5,450000,151.01555555555558,122.34444444444443,7.014444444444444,20.724444444444444,1.0,True,3,3,0.0,0.0,0.0,0.0,exp13_single_priority_69p6m__analysis_snapshot_20260928.tar.gz!P1/seed5/S3__AW_FACMAC_VE/analysis/checkpoint_curve.csv,MPTC,85.33,项目交接参考；当前归档未找到原始 S 阶段解析 CSV,UAGMC_SOURCE passenger-only + LQ,84.19,128.76,exp11 同包曲线；训练种子 1；评估种子 123-125；本矩阵另有种子 2-5 四条 UAGMC 曲线,需核对同物理/guard/轨迹；解析值为交接参考，非本次独立复算
exp13,S3__AW_FACMAC_VE,S3,AW_FACMAC_VE,5,500000,191.35666666666668,161.85666666666665,7.312222222222222,21.25777777777778,1.0,True,3,3,0.0,0.0,0.0,0.0,exp13_single_priority_69p6m__analysis_snapshot_20260928.tar.gz!P1/seed5/S3__AW_FACMAC_VE/analysis/checkpoint_curve.csv,MPTC,85.33,项目交接参考；当前归档未找到原始 S 阶段解析 CSV,UAGMC_SOURCE passenger-only + LQ,84.19,128.76,exp11 同包曲线；训练种子 1；评估种子 123-125；本矩阵另有种子 2-5 四条 UAGMC 曲线,需核对同物理/guard/轨迹；解析值为交接参考，非本次独立复算
exp13,S3__AW_FACMAC_VE,S3,AW_FACMAC_VE,5,550000,194.03,164.22333333333333,7.394444444444445,21.48,1.0,True,3,3,0.0,0.0,0.0,0.0,exp13_single_priority_69p6m__analysis_snapshot_20260928.tar.gz!P1/seed5/S3__AW_FACMAC_VE/analysis/checkpoint_curve.csv,MPTC,85.33,项目交接参考；当前归档未找到原始 S 阶段解析 CSV,UAGMC_SOURCE passenger-only + LQ,84.19,128.76,exp11 同包曲线；训练种子 1；评估种子 123-125；本矩阵另有种子 2-5 四条 UAGMC 曲线,需核对同物理/guard/轨迹；解析值为交接参考，非本次独立复算
exp13,S3__AW_FACMAC_VE,S3,AW_FACMAC_VE,5,600000,159.4477777777778,130.74,7.015555555555555,20.76,1.0,True,3,3,0.0,0.0,0.0,0.0,exp13_single_priority_69p6m__analysis_snapshot_20260928.tar.gz!P1/seed5/S3__AW_FACMAC_VE/analysis/checkpoint_curve.csv,MPTC,85.33,项目交接参考；当前归档未找到原始 S 阶段解析 CSV,UAGMC_SOURCE passenger-only + LQ,84.19,128.76,exp11 同包曲线；训练种子 1；评估种子 123-125；本矩阵另有种子 2-5 四条 UAGMC 曲线,需核对同物理/guard/轨迹；解析值为交接参考，非本次独立复算
exp13,S3__AW_ICM_VALUECTRL,S3,AW_ICM_VALUECTRL,4,50000,81.06555555555555,54.080000000000005,6.515555555555555,19.484444444444446,1.0,True,3,3,0.0,0.0,0.0,0.0,exp13_single_priority_69p6m__analysis_snapshot_20260928.tar.gz!P1/seed4/S3__AW_ICM_VALUECTRL/analysis/checkpoint_curve.csv,MPTC,85.33,项目交接参考；当前归档未找到原始 S 阶段解析 CSV,UAGMC_SOURCE passenger-only + LQ,84.19,128.76,exp11 同包曲线；训练种子 1；评估种子 123-125；本矩阵另有种子 2-5 四条 UAGMC 曲线,需核对同物理/guard/轨迹；解析值为交接参考，非本次独立复算
exp13,S3__AW_ICM_VALUECTRL,S3,AW_ICM_VALUECTRL,4,100000,138.49555555555557,109.40777777777778,7.29111111111111,20.835555555555555,1.0,True,3,3,0.0,0.0,0.0,0.0,exp13_single_priority_69p6m__analysis_snapshot_20260928.tar.gz!P1/seed4/S3__AW_ICM_VALUECTRL/analysis/checkpoint_curve.csv,MPTC,85.33,项目交接参考；当前归档未找到原始 S 阶段解析 CSV,UAGMC_SOURCE passenger-only + LQ,84.19,128.76,exp11 同包曲线；训练种子 1；评估种子 123-125；本矩阵另有种子 2-5 四条 UAGMC 曲线,需核对同物理/guard/轨迹；解析值为交接参考，非本次独立复算
exp13,S3__AW_ICM_VALUECTRL,S3,AW_ICM_VALUECTRL,4,150000,177.39777777777775,146.99666666666667,7.723333333333334,21.71111111111111,1.0,True,3,3,0.0,0.0,0.0,0.0,exp13_single_priority_69p6m__analysis_snapshot_20260928.tar.gz!P1/seed4/S3__AW_ICM_VALUECTRL/analysis/checkpoint_curve.csv,MPTC,85.33,项目交接参考；当前归档未找到原始 S 阶段解析 CSV,UAGMC_SOURCE passenger-only + LQ,84.19,128.76,exp11 同包曲线；训练种子 1；评估种子 123-125；本矩阵另有种子 2-5 四条 UAGMC 曲线,需核对同物理/guard/轨迹；解析值为交接参考，非本次独立复算
exp13,S3__AW_ICM_VALUECTRL,S3,AW_ICM_VALUECTRL,4,200000,189.35555555555558,158.29444444444445,8.03888888888889,22.05333333333333,1.0,True,3,3,0.0,0.0,0.0,0.0,exp13_single_priority_69p6m__analysis_snapshot_20260928.tar.gz!P1/seed4/S3__AW_ICM_VALUECTRL/analysis/checkpoint_curve.csv,MPTC,85.33,项目交接参考；当前归档未找到原始 S 阶段解析 CSV,UAGMC_SOURCE passenger-only + LQ,84.19,128.76,exp11 同包曲线；训练种子 1；评估种子 123-125；本矩阵另有种子 2-5 四条 UAGMC 曲线,需核对同物理/guard/轨迹；解析值为交接参考，非本次独立复算
exp13,S3__AW_ICM_VALUECTRL,S3,AW_ICM_VALUECTRL,4,250000,166.50555555555556,136.38333333333333,7.739999999999999,21.417777777777776,1.0,True,3,3,0.0,0.0,0.0,0.0,exp13_single_priority_69p6m__analysis_snapshot_20260928.tar.gz!P1/seed4/S3__AW_ICM_VALUECTRL/analysis/checkpoint_curve.csv,MPTC,85.33,项目交接参考；当前归档未找到原始 S 阶段解析 CSV,UAGMC_SOURCE passenger-only + LQ,84.19,128.76,exp11 同包曲线；训练种子 1；评估种子 123-125；本矩阵另有种子 2-5 四条 UAGMC 曲线,需核对同物理/guard/轨迹；解析值为交接参考，非本次独立复算
exp13,S3__AW_ICM_VALUECTRL,S3,AW_ICM_VALUECTRL,4,300000,175.0811111111111,144.45777777777778,7.864444444444445,21.79111111111111,1.0,True,3,3,0.0,0.0,0.0,0.0,exp13_single_priority_69p6m__analysis_snapshot_20260928.tar.gz!P1/seed4/S3__AW_ICM_VALUECTRL/analysis/checkpoint_curve.csv,MPTC,85.33,项目交接参考；当前归档未找到原始 S 阶段解析 CSV,UAGMC_SOURCE passenger-only + LQ,84.19,128.76,exp11 同包曲线；训练种子 1；评估种子 123-125；本矩阵另有种子 2-5 四条 UAGMC 曲线,需核对同物理/guard/轨迹；解析值为交接参考，非本次独立复算
exp13,S3__AW_ICM_VALUECTRL,S3,AW_ICM_VALUECTRL,4,350000,182.31333333333336,151.35222222222222,8.096666666666666,21.897777777777776,1.0,True,3,3,0.0,0.0,0.0,0.0,exp13_single_priority_69p6m__analysis_snapshot_20260928.tar.gz!P1/seed4/S3__AW_ICM_VALUECTRL/analysis/checkpoint_curve.csv,MPTC,85.33,项目交接参考；当前归档未找到原始 S 阶段解析 CSV,UAGMC_SOURCE passenger-only + LQ,84.19,128.76,exp11 同包曲线；训练种子 1；评估种子 123-125；本矩阵另有种子 2-5 四条 UAGMC 曲线,需核对同物理/guard/轨迹；解析值为交接参考，非本次独立复算
exp13,S3__AW_ICM_VALUECTRL,S3,AW_ICM_VALUECTRL,4,400000,169.7222222222222,139.77111111111108,7.585555555555555,21.399999999999995,1.0,True,3,3,0.0,0.0,0.0,0.0,exp13_single_priority_69p6m__analysis_snapshot_20260928.tar.gz!P1/seed4/S3__AW_ICM_VALUECTRL/analysis/checkpoint_curve.csv,MPTC,85.33,项目交接参考；当前归档未找到原始 S 阶段解析 CSV,UAGMC_SOURCE passenger-only + LQ,84.19,128.76,exp11 同包曲线；训练种子 1；评估种子 123-125；本矩阵另有种子 2-5 四条 UAGMC 曲线,需核对同物理/guard/轨迹；解析值为交接参考，非本次独立复算
exp13,S3__AW_ICM_VALUECTRL,S3,AW_ICM_VALUECTRL,4,450000,166.34666666666666,136.4322222222222,7.57888888888889,21.364444444444445,1.0,True,3,3,0.0,0.0,0.0,0.0,exp13_single_priority_69p6m__analysis_snapshot_20260928.tar.gz!P1/seed4/S3__AW_ICM_VALUECTRL/analysis/checkpoint_curve.csv,MPTC,85.33,项目交接参考；当前归档未找到原始 S 阶段解析 CSV,UAGMC_SOURCE passenger-only + LQ,84.19,128.76,exp11 同包曲线；训练种子 1；评估种子 123-125；本矩阵另有种子 2-5 四条 UAGMC 曲线,需核对同物理/guard/轨迹；解析值为交接参考，非本次独立复算
exp13,S3__AW_ICM_VALUECTRL,S3,AW_ICM_VALUECTRL,4,500000,161.6811111111111,131.71666666666667,7.678888888888888,21.302222222222223,1.0,True,3,3,0.0,0.0,0.0,0.0,exp13_single_priority_69p6m__analysis_snapshot_20260928.tar.gz!P1/seed4/S3__AW_ICM_VALUECTRL/analysis/checkpoint_curve.csv,MPTC,85.33,项目交接参考；当前归档未找到原始 S 阶段解析 CSV,UAGMC_SOURCE passenger-only + LQ,84.19,128.76,exp11 同包曲线；训练种子 1；评估种子 123-125；本矩阵另有种子 2-5 四条 UAGMC 曲线,需核对同物理/guard/轨迹；解析值为交接参考，非本次独立复算
exp13,S3__AW_ICM_VALUECTRL,S3,AW_ICM_VALUECTRL,4,550000,169.3422222222222,139.23999999999998,7.696666666666666,21.42222222222222,1.0,True,3,3,0.0,0.0,0.0,0.0,exp13_single_priority_69p6m__analysis_snapshot_20260928.tar.gz!P1/seed4/S3__AW_ICM_VALUECTRL/analysis/checkpoint_curve.csv,MPTC,85.33,项目交接参考；当前归档未找到原始 S 阶段解析 CSV,UAGMC_SOURCE passenger-only + LQ,84.19,128.76,exp11 同包曲线；训练种子 1；评估种子 123-125；本矩阵另有种子 2-5 四条 UAGMC 曲线,需核对同物理/guard/轨迹；解析值为交接参考，非本次独立复算
exp13,S3__AW_ICM_VALUECTRL,S3,AW_ICM_VALUECTRL,4,600000,172.39666666666668,142.17444444444445,7.73888888888889,21.51111111111111,1.0,True,3,3,0.0,0.0,0.0,0.0,exp13_single_priority_69p6m__analysis_snapshot_20260928.tar.gz!P1/seed4/S3__AW_ICM_VALUECTRL/analysis/checkpoint_curve.csv,MPTC,85.33,项目交接参考；当前归档未找到原始 S 阶段解析 CSV,UAGMC_SOURCE passenger-only + LQ,84.19,128.76,exp11 同包曲线；训练种子 1；评估种子 123-125；本矩阵另有种子 2-5 四条 UAGMC 曲线,需核对同物理/guard/轨迹；解析值为交接参考，非本次独立复算
exp13,S3__AW_ICM_VALUECTRL,S3,AW_ICM_VALUECTRL,5,50000,221.32333333333335,192.61666666666667,7.136666666666667,20.635555555555555,1.0,True,3,3,0.0,0.0,0.0,0.0,exp13_single_priority_69p6m__analysis_snapshot_20260928.tar.gz!P1/seed5/S3__AW_ICM_VALUECTRL/analysis/checkpoint_curve.csv,MPTC,85.33,项目交接参考；当前归档未找到原始 S 阶段解析 CSV,UAGMC_SOURCE passenger-only + LQ,84.19,128.76,exp11 同包曲线；训练种子 1；评估种子 123-125；本矩阵另有种子 2-5 四条 UAGMC 曲线,需核对同物理/guard/轨迹；解析值为交接参考，非本次独立复算
exp13,S3__AW_ICM_VALUECTRL,S3,AW_ICM_VALUECTRL,5,100000,176.51222222222222,147.31555555555556,7.1755555555555555,21.08888888888889,1.0,True,3,3,0.0,0.0,0.0,0.0,exp13_single_priority_69p6m__analysis_snapshot_20260928.tar.gz!P1/seed5/S3__AW_ICM_VALUECTRL/analysis/checkpoint_curve.csv,MPTC,85.33,项目交接参考；当前归档未找到原始 S 阶段解析 CSV,UAGMC_SOURCE passenger-only + LQ,84.19,128.76,exp11 同包曲线；训练种子 1；评估种子 123-125；本矩阵另有种子 2-5 四条 UAGMC 曲线,需核对同物理/guard/轨迹；解析值为交接参考，非本次独立复算
exp13,S3__AW_ICM_VALUECTRL,S3,AW_ICM_VALUECTRL,5,150000,218.38,188.85444444444443,7.2811111111111115,21.284444444444446,1.0,True,3,3,0.0,0.0,0.0,0.0,exp13_single_priority_69p6m__analysis_snapshot_20260928.tar.gz!P1/seed5/S3__AW_ICM_VALUECTRL/analysis/checkpoint_curve.csv,MPTC,85.33,项目交接参考；当前归档未找到原始 S 阶段解析 CSV,UAGMC_SOURCE passenger-only + LQ,84.19,128.76,exp11 同包曲线；训练种子 1；评估种子 123-125；本矩阵另有种子 2-5 四条 UAGMC 曲线,需核对同物理/guard/轨迹；解析值为交接参考，非本次独立复算
exp13,S3__AW_ICM_VALUECTRL,S3,AW_ICM_VALUECTRL,5,200000,214.7177777777778,185.13111111111115,7.346666666666667,21.275555555555556,1.0,True,3,3,0.0,0.0,0.0,0.0,exp13_single_priority_69p6m__analysis_snapshot_20260928.tar.gz!P1/seed5/S3__AW_ICM_VALUECTRL/analysis/checkpoint_curve.csv,MPTC,85.33,项目交接参考；当前归档未找到原始 S 阶段解析 CSV,UAGMC_SOURCE passenger-only + LQ,84.19,128.76,exp11 同包曲线；训练种子 1；评估种子 123-125；本矩阵另有种子 2-5 四条 UAGMC 曲线,需核对同物理/guard/轨迹；解析值为交接参考，非本次独立复算
exp13,S3__AW_ICM_VALUECTRL,S3,AW_ICM_VALUECTRL,5,250000,195.5377777777778,166.27555555555554,7.274444444444444,21.044444444444448,1.0,True,3,3,0.0,0.0,0.0,0.0,exp13_single_priority_69p6m__analysis_snapshot_20260928.tar.gz!P1/seed5/S3__AW_ICM_VALUECTRL/analysis/checkpoint_curve.csv,MPTC,85.33,项目交接参考；当前归档未找到原始 S 阶段解析 CSV,UAGMC_SOURCE passenger-only + LQ,84.19,128.76,exp11 同包曲线；训练种子 1；评估种子 123-125；本矩阵另有种子 2-5 四条 UAGMC 曲线,需核对同物理/guard/轨迹；解析值为交接参考，非本次独立复算
exp13,S3__AW_ICM_VALUECTRL,S3,AW_ICM_VALUECTRL,5,300000,220.84333333333333,191.08666666666667,7.475555555555556,21.337777777777777,1.0,True,3,3,0.0,0.0,0.0,0.0,exp13_single_priority_69p6m__analysis_snapshot_20260928.tar.gz!P1/seed5/S3__AW_ICM_VALUECTRL/analysis/checkpoint_curve.csv,MPTC,85.33,项目交接参考；当前归档未找到原始 S 阶段解析 CSV,UAGMC_SOURCE passenger-only + LQ,84.19,128.76,exp11 同包曲线；训练种子 1；评估种子 123-125；本矩阵另有种子 2-5 四条 UAGMC 曲线,需核对同物理/guard/轨迹；解析值为交接参考，非本次独立复算
exp13,S3__AW_ICM_VALUECTRL,S3,AW_ICM_VALUECTRL,5,350000,232.65222222222224,202.29777777777778,7.645555555555556,21.75111111111111,1.0,True,3,3,0.0,0.0,0.0,0.0,exp13_single_priority_69p6m__analysis_snapshot_20260928.tar.gz!P1/seed5/S3__AW_ICM_VALUECTRL/analysis/checkpoint_curve.csv,MPTC,85.33,项目交接参考；当前归档未找到原始 S 阶段解析 CSV,UAGMC_SOURCE passenger-only + LQ,84.19,128.76,exp11 同包曲线；训练种子 1；评估种子 123-125；本矩阵另有种子 2-5 四条 UAGMC 曲线,需核对同物理/guard/轨迹；解析值为交接参考，非本次独立复算
exp13,S3__AW_ICM_VALUECTRL,S3,AW_ICM_VALUECTRL,5,400000,240.10666666666665,209.8322222222222,7.621111111111111,21.69333333333333,1.0,True,3,3,0.0,0.0,0.0,0.0,exp13_single_priority_69p6m__analysis_snapshot_20260928.tar.gz!P1/seed5/S3__AW_ICM_VALUECTRL/analysis/checkpoint_curve.csv,MPTC,85.33,项目交接参考；当前归档未找到原始 S 阶段解析 CSV,UAGMC_SOURCE passenger-only + LQ,84.19,128.76,exp11 同包曲线；训练种子 1；评估种子 123-125；本矩阵另有种子 2-5 四条 UAGMC 曲线,需核对同物理/guard/轨迹；解析值为交接参考，非本次独立复算
exp13,S3__AW_ICM_VALUECTRL,S3,AW_ICM_VALUECTRL,5,450000,222.41111111111113,192.3166666666667,7.515555555555555,21.63111111111111,1.0,True,3,3,0.0,0.0,0.0,0.0,exp13_single_priority_69p6m__analysis_snapshot_20260928.tar.gz!P1/seed5/S3__AW_ICM_VALUECTRL/analysis/checkpoint_curve.csv,MPTC,85.33,项目交接参考；当前归档未找到原始 S 阶段解析 CSV,UAGMC_SOURCE passenger-only + LQ,84.19,128.76,exp11 同包曲线；训练种子 1；评估种子 123-125；本矩阵另有种子 2-5 四条 UAGMC 曲线,需核对同物理/guard/轨迹；解析值为交接参考，非本次独立复算
exp13,S3__AW_ICM_VALUECTRL,S3,AW_ICM_VALUECTRL,5,500000,160.85333333333332,131.82000000000002,7.232222222222222,20.88,1.0,True,3,3,0.0,0.0,0.0,0.0,exp13_single_priority_69p6m__analysis_snapshot_20260928.tar.gz!P1/seed5/S3__AW_ICM_VALUECTRL/analysis/checkpoint_curve.csv,MPTC,85.33,项目交接参考；当前归档未找到原始 S 阶段解析 CSV,UAGMC_SOURCE passenger-only + LQ,84.19,128.76,exp11 同包曲线；训练种子 1；评估种子 123-125；本矩阵另有种子 2-5 四条 UAGMC 曲线,需核对同物理/guard/轨迹；解析值为交接参考，非本次独立复算
exp13,S3__AW_ICM_VALUECTRL,S3,AW_ICM_VALUECTRL,5,550000,138.74222222222224,110.02444444444444,7.085555555555556,20.706666666666667,1.0,True,3,3,0.0,0.0,0.0,0.0,exp13_single_priority_69p6m__analysis_snapshot_20260928.tar.gz!P1/seed5/S3__AW_ICM_VALUECTRL/analysis/checkpoint_curve.csv,MPTC,85.33,项目交接参考；当前归档未找到原始 S 阶段解析 CSV,UAGMC_SOURCE passenger-only + LQ,84.19,128.76,exp11 同包曲线；训练种子 1；评估种子 123-125；本矩阵另有种子 2-5 四条 UAGMC 曲线,需核对同物理/guard/轨迹；解析值为交接参考，非本次独立复算
exp13,S3__AW_ICM_VALUECTRL,S3,AW_ICM_VALUECTRL,5,600000,84.59777777777776,57.452222222222225,6.515555555555555,19.70222222222222,1.0,True,3,3,0.0,0.0,0.0,0.0,exp13_single_priority_69p6m__analysis_snapshot_20260928.tar.gz!P1/seed5/S3__AW_ICM_VALUECTRL/analysis/checkpoint_curve.csv,MPTC,85.33,项目交接参考；当前归档未找到原始 S 阶段解析 CSV,UAGMC_SOURCE passenger-only + LQ,84.19,128.76,exp11 同包曲线；训练种子 1；评估种子 123-125；本矩阵另有种子 2-5 四条 UAGMC 曲线,需核对同物理/guard/轨迹；解析值为交接参考，非本次独立复算
exp13,S3__AW_ICM_VALUECTRL,S3,AW_ICM_VALUECTRL,6,50000,222.4677777777778,189.92444444444445,8.556666666666667,23.0,1.0,True,3,3,0.0,0.0,0.0,0.0,exp13_single_priority_69p6m__analysis_snapshot_20260928.tar.gz!P2/seed6/S3__AW_ICM_VALUECTRL/analysis/checkpoint_curve.csv,MPTC,85.33,项目交接参考；当前归档未找到原始 S 阶段解析 CSV,UAGMC_SOURCE passenger-only + LQ,84.19,128.76,exp11 同包曲线；训练种子 1；评估种子 123-125；本矩阵另有种子 2-5 四条 UAGMC 曲线,需核对同物理/guard/轨迹；解析值为交接参考，非本次独立复算
exp13,S3__AW_ICM_VALUECTRL,S3,AW_ICM_VALUECTRL,6,100000,91.07333333333334,63.23555555555555,6.864444444444445,19.995555555555555,1.0,True,3,3,0.0,0.0,0.0,0.0,exp13_single_priority_69p6m__analysis_snapshot_20260928.tar.gz!P2/seed6/S3__AW_ICM_VALUECTRL/analysis/checkpoint_curve.csv,MPTC,85.33,项目交接参考；当前归档未找到原始 S 阶段解析 CSV,UAGMC_SOURCE passenger-only + LQ,84.19,128.76,exp11 同包曲线；训练种子 1；评估种子 123-125；本矩阵另有种子 2-5 四条 UAGMC 曲线,需核对同物理/guard/轨迹；解析值为交接参考，非本次独立复算
exp13,S3__AW_ICM_VALUECTRL,S3,AW_ICM_VALUECTRL,6,150000,128.18777777777777,99.16333333333334,7.25,20.8,1.0,True,3,3,0.0,0.0,0.0,0.0,exp13_single_priority_69p6m__analysis_snapshot_20260928.tar.gz!P2/seed6/S3__AW_ICM_VALUECTRL/analysis/checkpoint_curve.csv,MPTC,85.33,项目交接参考；当前归档未找到原始 S 阶段解析 CSV,UAGMC_SOURCE passenger-only + LQ,84.19,128.76,exp11 同包曲线；训练种子 1；评估种子 123-125；本矩阵另有种子 2-5 四条 UAGMC 曲线,需核对同物理/guard/轨迹；解析值为交接参考，非本次独立复算
exp13,S3__AW_ICM_VALUECTRL,S3,AW_ICM_VALUECTRL,6,200000,109.50666666666666,81.04333333333334,7.075555555555556,20.404444444444444,1.0,True,3,3,0.0,0.0,0.0,0.0,exp13_single_priority_69p6m__analysis_snapshot_20260928.tar.gz!P2/seed6/S3__AW_ICM_VALUECTRL/analysis/checkpoint_curve.csv,MPTC,85.33,项目交接参考；当前归档未找到原始 S 阶段解析 CSV,UAGMC_SOURCE passenger-only + LQ,84.19,128.76,exp11 同包曲线；训练种子 1；评估种子 123-125；本矩阵另有种子 2-5 四条 UAGMC 曲线,需核对同物理/guard/轨迹；解析值为交接参考，非本次独立复算
exp13,S3__AW_ICM_VALUECTRL,S3,AW_ICM_VALUECTRL,6,250000,138.18444444444447,108.96999999999998,7.328888888888888,20.906666666666666,1.0,True,3,3,0.0,0.0,0.0,0.0,exp13_single_priority_69p6m__analysis_snapshot_20260928.tar.gz!P2/seed6/S3__AW_ICM_VALUECTRL/analysis/checkpoint_curve.csv,MPTC,85.33,项目交接参考；当前归档未找到原始 S 阶段解析 CSV,UAGMC_SOURCE passenger-only + LQ,84.19,128.76,exp11 同包曲线；训练种子 1；评估种子 123-125；本矩阵另有种子 2-5 四条 UAGMC 曲线,需核对同物理/guard/轨迹；解析值为交接参考，非本次独立复算
exp13,S3__AW_ICM_VALUECTRL,S3,AW_ICM_VALUECTRL,6,300000,97.91555555555556,69.75222222222222,6.966666666666666,20.213333333333335,1.0,True,3,3,0.0,0.0,0.0,0.0,exp13_single_priority_69p6m__analysis_snapshot_20260928.tar.gz!P2/seed6/S3__AW_ICM_VALUECTRL/analysis/checkpoint_curve.csv,MPTC,85.33,项目交接参考；当前归档未找到原始 S 阶段解析 CSV,UAGMC_SOURCE passenger-only + LQ,84.19,128.76,exp11 同包曲线；训练种子 1；评估种子 123-125；本矩阵另有种子 2-5 四条 UAGMC 曲线,需核对同物理/guard/轨迹；解析值为交接参考，非本次独立复算
exp13,S3__AW_ICM_VALUECTRL,S3,AW_ICM_VALUECTRL,6,350000,109.34222222222222,81.07333333333332,6.921111111111112,20.36888888888889,1.0,True,3,3,0.0,0.0,0.0,0.0,exp13_single_priority_69p6m__analysis_snapshot_20260928.tar.gz!P2/seed6/S3__AW_ICM_VALUECTRL/analysis/checkpoint_curve.csv,MPTC,85.33,项目交接参考；当前归档未找到原始 S 阶段解析 CSV,UAGMC_SOURCE passenger-only + LQ,84.19,128.76,exp11 同包曲线；训练种子 1；评估种子 123-125；本矩阵另有种子 2-5 四条 UAGMC 曲线,需核对同物理/guard/轨迹；解析值为交接参考，非本次独立复算
exp13,S3__AW_ICM_VALUECTRL,S3,AW_ICM_VALUECTRL,6,400000,115.77777777777777,87.4311111111111,6.954444444444444,20.413333333333334,1.0,True,3,3,0.0,0.0,0.0,0.0,exp13_single_priority_69p6m__analysis_snapshot_20260928.tar.gz!P2/seed6/S3__AW_ICM_VALUECTRL/analysis/checkpoint_curve.csv,MPTC,85.33,项目交接参考；当前归档未找到原始 S 阶段解析 CSV,UAGMC_SOURCE passenger-only + LQ,84.19,128.76,exp11 同包曲线；训练种子 1；评估种子 123-125；本矩阵另有种子 2-5 四条 UAGMC 曲线,需核对同物理/guard/轨迹；解析值为交接参考，非本次独立复算
exp13,S3__AW_ICM_VALUECTRL,S3,AW_ICM_VALUECTRL,6,450000,123.14222222222223,94.71777777777777,6.978888888888889,20.466666666666665,1.0,True,3,3,0.0,0.0,0.0,0.0,exp13_single_priority_69p6m__analysis_snapshot_20260928.tar.gz!P2/seed6/S3__AW_ICM_VALUECTRL/analysis/checkpoint_curve.csv,MPTC,85.33,项目交接参考；当前归档未找到原始 S 阶段解析 CSV,UAGMC_SOURCE passenger-only + LQ,84.19,128.76,exp11 同包曲线；训练种子 1；评估种子 123-125；本矩阵另有种子 2-5 四条 UAGMC 曲线,需核对同物理/guard/轨迹；解析值为交接参考，非本次独立复算
exp13,S3__AW_ICM_VALUECTRL,S3,AW_ICM_VALUECTRL,6,500000,124.55888888888889,96.13777777777779,7.046666666666667,20.391111111111112,1.0,True,3,3,0.0,0.0,0.0,0.0,exp13_single_priority_69p6m__analysis_snapshot_20260928.tar.gz!P2/seed6/S3__AW_ICM_VALUECTRL/analysis/checkpoint_curve.csv,MPTC,85.33,项目交接参考；当前归档未找到原始 S 阶段解析 CSV,UAGMC_SOURCE passenger-only + LQ,84.19,128.76,exp11 同包曲线；训练种子 1；评估种子 123-125；本矩阵另有种子 2-5 四条 UAGMC 曲线,需核对同物理/guard/轨迹；解析值为交接参考，非本次独立复算
exp13,S3__AW_ICM_VALUECTRL,S3,AW_ICM_VALUECTRL,6,550000,124.08777777777777,95.87111111111112,6.871111111111111,20.36,1.0,True,3,3,0.0,0.0,0.0,0.0,exp13_single_priority_69p6m__analysis_snapshot_20260928.tar.gz!P2/seed6/S3__AW_ICM_VALUECTRL/analysis/checkpoint_curve.csv,MPTC,85.33,项目交接参考；当前归档未找到原始 S 阶段解析 CSV,UAGMC_SOURCE passenger-only + LQ,84.19,128.76,exp11 同包曲线；训练种子 1；评估种子 123-125；本矩阵另有种子 2-5 四条 UAGMC 曲线,需核对同物理/guard/轨迹；解析值为交接参考，非本次独立复算
exp13,S3__AW_ICM_VALUECTRL,S3,AW_ICM_VALUECTRL,6,600000,123.73222222222222,95.56111111111112,6.913333333333333,20.27111111111111,1.0,True,3,3,0.0,0.0,0.0,0.0,exp13_single_priority_69p6m__analysis_snapshot_20260928.tar.gz!P2/seed6/S3__AW_ICM_VALUECTRL/analysis/checkpoint_curve.csv,MPTC,85.33,项目交接参考；当前归档未找到原始 S 阶段解析 CSV,UAGMC_SOURCE passenger-only + LQ,84.19,128.76,exp11 同包曲线；训练种子 1；评估种子 123-125；本矩阵另有种子 2-5 四条 UAGMC 曲线,需核对同物理/guard/轨迹；解析值为交接参考，非本次独立复算
exp13,S3__AW_ICM_VALUECTRL,S3,AW_ICM_VALUECTRL,7,50000,80.4088888888889,53.391111111111115,6.561111111111111,19.475555555555555,1.0,True,3,3,0.0,0.0,0.0,0.0,exp13_single_priority_69p6m__analysis_snapshot_20260928.tar.gz!P2/seed7/S3__AW_ICM_VALUECTRL/analysis/checkpoint_curve.csv,MPTC,85.33,项目交接参考；当前归档未找到原始 S 阶段解析 CSV,UAGMC_SOURCE passenger-only + LQ,84.19,128.76,exp11 同包曲线；训练种子 1；评估种子 123-125；本矩阵另有种子 2-5 四条 UAGMC 曲线,需核对同物理/guard/轨迹；解析值为交接参考，非本次独立复算
exp13,S3__AW_ICM_VALUECTRL,S3,AW_ICM_VALUECTRL,7,100000,140.61777777777777,111.37,7.378888888888889,20.906666666666666,1.0,True,3,3,0.0,0.0,0.0,0.0,exp13_single_priority_69p6m__analysis_snapshot_20260928.tar.gz!P2/seed7/S3__AW_ICM_VALUECTRL/analysis/checkpoint_curve.csv,MPTC,85.33,项目交接参考；当前归档未找到原始 S 阶段解析 CSV,UAGMC_SOURCE passenger-only + LQ,84.19,128.76,exp11 同包曲线；训练种子 1；评估种子 123-125；本矩阵另有种子 2-5 四条 UAGMC 曲线,需核对同物理/guard/轨迹；解析值为交接参考，非本次独立复算
exp13,S3__AW_ICM_VALUECTRL,S3,AW_ICM_VALUECTRL,7,150000,160.33333333333334,130.28555555555556,7.5488888888888885,21.52888888888889,1.0,True,3,3,0.0,0.0,0.0,0.0,exp13_single_priority_69p6m__analysis_snapshot_20260928.tar.gz!P2/seed7/S3__AW_ICM_VALUECTRL/analysis/checkpoint_curve.csv,MPTC,85.33,项目交接参考；当前归档未找到原始 S 阶段解析 CSV,UAGMC_SOURCE passenger-only + LQ,84.19,128.76,exp11 同包曲线；训练种子 1；评估种子 123-125；本矩阵另有种子 2-5 四条 UAGMC 曲线,需核对同物理/guard/轨迹；解析值为交接参考，非本次独立复算
exp13,S3__AW_ICM_VALUECTRL,S3,AW_ICM_VALUECTRL,7,200000,170.15666666666667,139.36555555555557,7.901111111111111,21.919999999999998,1.0,True,3,3,0.0,0.0,0.0,0.0,exp13_single_priority_69p6m__analysis_snapshot_20260928.tar.gz!P2/seed7/S3__AW_ICM_VALUECTRL/analysis/checkpoint_curve.csv,MPTC,85.33,项目交接参考；当前归档未找到原始 S 阶段解析 CSV,UAGMC_SOURCE passenger-only + LQ,84.19,128.76,exp11 同包曲线；训练种子 1；评估种子 123-125；本矩阵另有种子 2-5 四条 UAGMC 曲线,需核对同物理/guard/轨迹；解析值为交接参考，非本次独立复算
exp13,S3__AW_ICM_VALUECTRL,S3,AW_ICM_VALUECTRL,7,250000,181.7788888888889,150.3188888888889,8.200000000000001,22.284444444444446,1.0,True,3,3,0.0,0.0,0.0,0.0,exp13_single_priority_69p6m__analysis_snapshot_20260928.tar.gz!P2/seed7/S3__AW_ICM_VALUECTRL/analysis/checkpoint_curve.csv,MPTC,85.33,项目交接参考；当前归档未找到原始 S 阶段解析 CSV,UAGMC_SOURCE passenger-only + LQ,84.19,128.76,exp11 同包曲线；训练种子 1；评估种子 123-125；本矩阵另有种子 2-5 四条 UAGMC 曲线,需核对同物理/guard/轨迹；解析值为交接参考，非本次独立复算
exp13,S3__AW_ICM_VALUECTRL,S3,AW_ICM_VALUECTRL,7,300000,180.10555555555558,148.89222222222224,8.104444444444445,22.137777777777774,1.0,True,3,3,0.0,0.0,0.0,0.0,exp13_single_priority_69p6m__analysis_snapshot_20260928.tar.gz!P2/seed7/S3__AW_ICM_VALUECTRL/analysis/checkpoint_curve.csv,MPTC,85.33,项目交接参考；当前归档未找到原始 S 阶段解析 CSV,UAGMC_SOURCE passenger-only + LQ,84.19,128.76,exp11 同包曲线；训练种子 1；评估种子 123-125；本矩阵另有种子 2-5 四条 UAGMC 曲线,需核对同物理/guard/轨迹；解析值为交接参考，非本次独立复算
exp13,S3__AW_ICM_VALUECTRL,S3,AW_ICM_VALUECTRL,7,350000,175.33555555555554,144.54999999999998,7.908888888888889,21.906666666666666,1.0,True,3,3,0.0,0.0,0.0,0.0,exp13_single_priority_69p6m__analysis_snapshot_20260928.tar.gz!P2/seed7/S3__AW_ICM_VALUECTRL/analysis/checkpoint_curve.csv,MPTC,85.33,项目交接参考；当前归档未找到原始 S 阶段解析 CSV,UAGMC_SOURCE passenger-only + LQ,84.19,128.76,exp11 同包曲线；训练种子 1；评估种子 123-125；本矩阵另有种子 2-5 四条 UAGMC 曲线,需核对同物理/guard/轨迹；解析值为交接参考，非本次独立复算
exp13,S3__AW_ICM_VALUECTRL,S3,AW_ICM_VALUECTRL,7,400000,169.29111111111112,138.80666666666664,7.877777777777777,21.635555555555555,1.0,True,3,3,0.0,0.0,0.0,0.0,exp13_single_priority_69p6m__analysis_snapshot_20260928.tar.gz!P2/seed7/S3__AW_ICM_VALUECTRL/analysis/checkpoint_curve.csv,MPTC,85.33,项目交接参考；当前归档未找到原始 S 阶段解析 CSV,UAGMC_SOURCE passenger-only + LQ,84.19,128.76,exp11 同包曲线；训练种子 1；评估种子 123-125；本矩阵另有种子 2-5 四条 UAGMC 曲线,需核对同物理/guard/轨迹；解析值为交接参考，非本次独立复算
exp13,S3__AW_ICM_VALUECTRL,S3,AW_ICM_VALUECTRL,7,450000,162.50888888888892,132.3788888888889,7.798888888888889,21.36888888888889,1.0,True,3,3,0.0,0.0,0.0,0.0,exp13_single_priority_69p6m__analysis_snapshot_20260928.tar.gz!P2/seed7/S3__AW_ICM_VALUECTRL/analysis/checkpoint_curve.csv,MPTC,85.33,项目交接参考；当前归档未找到原始 S 阶段解析 CSV,UAGMC_SOURCE passenger-only + LQ,84.19,128.76,exp11 同包曲线；训练种子 1；评估种子 123-125；本矩阵另有种子 2-5 四条 UAGMC 曲线,需核对同物理/guard/轨迹；解析值为交接参考，非本次独立复算
exp13,S3__AW_ICM_VALUECTRL,S3,AW_ICM_VALUECTRL,7,500000,159.09222222222223,129.30444444444444,7.622222222222223,21.191111111111113,1.0,True,3,3,0.0,0.0,0.0,0.0,exp13_single_priority_69p6m__analysis_snapshot_20260928.tar.gz!P2/seed7/S3__AW_ICM_VALUECTRL/analysis/checkpoint_curve.csv,MPTC,85.33,项目交接参考；当前归档未找到原始 S 阶段解析 CSV,UAGMC_SOURCE passenger-only + LQ,84.19,128.76,exp11 同包曲线；训练种子 1；评估种子 123-125；本矩阵另有种子 2-5 四条 UAGMC 曲线,需核对同物理/guard/轨迹；解析值为交接参考，非本次独立复算
exp13,S3__AW_ICM_VALUECTRL,S3,AW_ICM_VALUECTRL,7,550000,147.01777777777775,117.50111111111111,7.4688888888888885,21.066666666666666,1.0,True,3,3,0.0,0.0,0.0,0.0,exp13_single_priority_69p6m__analysis_snapshot_20260928.tar.gz!P2/seed7/S3__AW_ICM_VALUECTRL/analysis/checkpoint_curve.csv,MPTC,85.33,项目交接参考；当前归档未找到原始 S 阶段解析 CSV,UAGMC_SOURCE passenger-only + LQ,84.19,128.76,exp11 同包曲线；训练种子 1；评估种子 123-125；本矩阵另有种子 2-5 四条 UAGMC 曲线,需核对同物理/guard/轨迹；解析值为交接参考，非本次独立复算
exp13,S3__AW_ICM_VALUECTRL,S3,AW_ICM_VALUECTRL,7,600000,152.24333333333334,122.65222222222222,7.474444444444444,21.133333333333336,1.0,True,3,3,0.0,0.0,0.0,0.0,exp13_single_priority_69p6m__analysis_snapshot_20260928.tar.gz!P2/seed7/S3__AW_ICM_VALUECTRL/analysis/checkpoint_curve.csv,MPTC,85.33,项目交接参考；当前归档未找到原始 S 阶段解析 CSV,UAGMC_SOURCE passenger-only + LQ,84.19,128.76,exp11 同包曲线；训练种子 1；评估种子 123-125；本矩阵另有种子 2-5 四条 UAGMC 曲线,需核对同物理/guard/轨迹；解析值为交接参考，非本次独立复算
exp13,S3__AW_ICM_VE,S3,AW_ICM_VE,4,50000,202.28666666666666,170.98444444444445,8.302222222222222,22.02666666666667,1.0,True,3,3,0.0,0.0,0.0,0.0,exp13_single_priority_69p6m__analysis_snapshot_20260928.tar.gz!P1/seed4/S3__AW_ICM_VE/analysis/checkpoint_curve.csv,MPTC,85.33,项目交接参考；当前归档未找到原始 S 阶段解析 CSV,UAGMC_SOURCE passenger-only + LQ,84.19,128.76,exp11 同包曲线；训练种子 1；评估种子 123-125；本矩阵另有种子 2-5 四条 UAGMC 曲线,需核对同物理/guard/轨迹；解析值为交接参考，非本次独立复算
exp13,S3__AW_ICM_VE,S3,AW_ICM_VE,4,100000,193.4177777777778,162.11666666666667,8.126666666666667,22.204444444444444,1.0,True,3,3,0.0,0.0,0.0,0.0,exp13_single_priority_69p6m__analysis_snapshot_20260928.tar.gz!P1/seed4/S3__AW_ICM_VE/analysis/checkpoint_curve.csv,MPTC,85.33,项目交接参考；当前归档未找到原始 S 阶段解析 CSV,UAGMC_SOURCE passenger-only + LQ,84.19,128.76,exp11 同包曲线；训练种子 1；评估种子 123-125；本矩阵另有种子 2-5 四条 UAGMC 曲线,需核对同物理/guard/轨迹；解析值为交接参考，非本次独立复算
exp13,S3__AW_ICM_VE,S3,AW_ICM_VE,4,150000,195.66222222222223,164.77888888888887,7.972222222222222,21.93777777777778,1.0,True,3,3,0.0,0.0,0.0,0.0,exp13_single_priority_69p6m__analysis_snapshot_20260928.tar.gz!P1/seed4/S3__AW_ICM_VE/analysis/checkpoint_curve.csv,MPTC,85.33,项目交接参考；当前归档未找到原始 S 阶段解析 CSV,UAGMC_SOURCE passenger-only + LQ,84.19,128.76,exp11 同包曲线；训练种子 1；评估种子 123-125；本矩阵另有种子 2-5 四条 UAGMC 曲线,需核对同物理/guard/轨迹；解析值为交接参考，非本次独立复算
exp13,S3__AW_ICM_VE,S3,AW_ICM_VE,4,200000,194.74666666666667,162.97555555555553,8.304444444444444,22.48888888888889,1.0,True,3,3,0.0,0.0,0.0,0.0,exp13_single_priority_69p6m__analysis_snapshot_20260928.tar.gz!P1/seed4/S3__AW_ICM_VE/analysis/checkpoint_curve.csv,MPTC,85.33,项目交接参考；当前归档未找到原始 S 阶段解析 CSV,UAGMC_SOURCE passenger-only + LQ,84.19,128.76,exp11 同包曲线；训练种子 1；评估种子 123-125；本矩阵另有种子 2-5 四条 UAGMC 曲线,需核对同物理/guard/轨迹；解析值为交接参考，非本次独立复算
exp13,S3__AW_ICM_VE,S3,AW_ICM_VE,4,250000,192.70222222222222,161.57888888888888,8.086666666666668,22.066666666666666,1.0,True,3,3,0.0,0.0,0.0,0.0,exp13_single_priority_69p6m__analysis_snapshot_20260928.tar.gz!P1/seed4/S3__AW_ICM_VE/analysis/checkpoint_curve.csv,MPTC,85.33,项目交接参考；当前归档未找到原始 S 阶段解析 CSV,UAGMC_SOURCE passenger-only + LQ,84.19,128.76,exp11 同包曲线；训练种子 1；评估种子 123-125；本矩阵另有种子 2-5 四条 UAGMC 曲线,需核对同物理/guard/轨迹；解析值为交接参考，非本次独立复算
exp13,S3__AW_ICM_VE,S3,AW_ICM_VE,4,300000,158.53444444444446,128.25222222222223,7.8933333333333335,21.41333333333333,1.0,True,3,3,0.0,0.0,0.0,0.0,exp13_single_priority_69p6m__analysis_snapshot_20260928.tar.gz!P1/seed4/S3__AW_ICM_VE/analysis/checkpoint_curve.csv,MPTC,85.33,项目交接参考；当前归档未找到原始 S 阶段解析 CSV,UAGMC_SOURCE passenger-only + LQ,84.19,128.76,exp11 同包曲线；训练种子 1；评估种子 123-125；本矩阵另有种子 2-5 四条 UAGMC 曲线,需核对同物理/guard/轨迹；解析值为交接参考，非本次独立复算
exp13,S3__AW_ICM_VE,S3,AW_ICM_VE,4,350000,157.61555555555557,127.42,7.908888888888889,21.32888888888889,1.0,True,3,3,0.0,0.0,0.0,0.0,exp13_single_priority_69p6m__analysis_snapshot_20260928.tar.gz!P1/seed4/S3__AW_ICM_VE/analysis/checkpoint_curve.csv,MPTC,85.33,项目交接参考；当前归档未找到原始 S 阶段解析 CSV,UAGMC_SOURCE passenger-only + LQ,84.19,128.76,exp11 同包曲线；训练种子 1；评估种子 123-125；本矩阵另有种子 2-5 四条 UAGMC 曲线,需核对同物理/guard/轨迹；解析值为交接参考，非本次独立复算
exp13,S3__AW_ICM_VE,S3,AW_ICM_VE,4,400000,156.15,126.16333333333334,7.76111111111111,21.26222222222222,1.0,True,3,3,0.0,0.0,0.0,0.0,exp13_single_priority_69p6m__analysis_snapshot_20260928.tar.gz!P1/seed4/S3__AW_ICM_VE/analysis/checkpoint_curve.csv,MPTC,85.33,项目交接参考；当前归档未找到原始 S 阶段解析 CSV,UAGMC_SOURCE passenger-only + LQ,84.19,128.76,exp11 同包曲线；训练种子 1；评估种子 123-125；本矩阵另有种子 2-5 四条 UAGMC 曲线,需核对同物理/guard/轨迹；解析值为交接参考，非本次独立复算
exp13,S3__AW_ICM_VE,S3,AW_ICM_VE,4,450000,136.11666666666667,107.08222222222223,7.348888888888889,20.72,1.0,True,3,3,0.0,0.0,0.0,0.0,exp13_single_priority_69p6m__analysis_snapshot_20260928.tar.gz!P1/seed4/S3__AW_ICM_VE/analysis/checkpoint_curve.csv,MPTC,85.33,项目交接参考；当前归档未找到原始 S 阶段解析 CSV,UAGMC_SOURCE passenger-only + LQ,84.19,128.76,exp11 同包曲线；训练种子 1；评估种子 123-125；本矩阵另有种子 2-5 四条 UAGMC 曲线,需核对同物理/guard/轨迹；解析值为交接参考，非本次独立复算
exp13,S3__AW_ICM_VE,S3,AW_ICM_VE,4,500000,140.83666666666667,111.84444444444443,7.273333333333333,20.746666666666666,1.0,True,3,3,0.0,0.0,0.0,0.0,exp13_single_priority_69p6m__analysis_snapshot_20260928.tar.gz!P1/seed4/S3__AW_ICM_VE/analysis/checkpoint_curve.csv,MPTC,85.33,项目交接参考；当前归档未找到原始 S 阶段解析 CSV,UAGMC_SOURCE passenger-only + LQ,84.19,128.76,exp11 同包曲线；训练种子 1；评估种子 123-125；本矩阵另有种子 2-5 四条 UAGMC 曲线,需核对同物理/guard/轨迹；解析值为交接参考，非本次独立复算
exp13,S3__AW_ICM_VE,S3,AW_ICM_VE,4,550000,144.13777777777776,114.99666666666667,7.333333333333333,20.84,1.0,True,3,3,0.0,0.0,0.0,0.0,exp13_single_priority_69p6m__analysis_snapshot_20260928.tar.gz!P1/seed4/S3__AW_ICM_VE/analysis/checkpoint_curve.csv,MPTC,85.33,项目交接参考；当前归档未找到原始 S 阶段解析 CSV,UAGMC_SOURCE passenger-only + LQ,84.19,128.76,exp11 同包曲线；训练种子 1；评估种子 123-125；本矩阵另有种子 2-5 四条 UAGMC 曲线,需核对同物理/guard/轨迹；解析值为交接参考，非本次独立复算
exp13,S3__AW_ICM_VE,S3,AW_ICM_VE,4,600000,148.23333333333332,118.81666666666666,7.487777777777777,20.959999999999997,1.0,True,3,3,0.0,0.0,0.0,0.0,exp13_single_priority_69p6m__analysis_snapshot_20260928.tar.gz!P1/seed4/S3__AW_ICM_VE/analysis/checkpoint_curve.csv,MPTC,85.33,项目交接参考；当前归档未找到原始 S 阶段解析 CSV,UAGMC_SOURCE passenger-only + LQ,84.19,128.76,exp11 同包曲线；训练种子 1；评估种子 123-125；本矩阵另有种子 2-5 四条 UAGMC 曲线,需核对同物理/guard/轨迹；解析值为交接参考，非本次独立复算
exp13,S3__AW_ICM_VE,S3,AW_ICM_VE,5,50000,601.2844444444445,575.1166666666667,6.164444444444444,19.004444444444445,1.0,True,3,3,0.0,0.0,0.0,0.0,exp13_single_priority_69p6m__analysis_snapshot_20260928.tar.gz!P1/seed5/S3__AW_ICM_VE/analysis/checkpoint_curve.csv,MPTC,85.33,项目交接参考；当前归档未找到原始 S 阶段解析 CSV,UAGMC_SOURCE passenger-only + LQ,84.19,128.76,exp11 同包曲线；训练种子 1；评估种子 123-125；本矩阵另有种子 2-5 四条 UAGMC 曲线,需核对同物理/guard/轨迹；解析值为交接参考，非本次独立复算
exp13,S3__AW_ICM_VE,S3,AW_ICM_VE,5,100000,207.35555555555558,177.33333333333334,7.481111111111112,21.608888888888888,1.0,True,3,3,0.0,0.0,0.0,0.0,exp13_single_priority_69p6m__analysis_snapshot_20260928.tar.gz!P1/seed5/S3__AW_ICM_VE/analysis/checkpoint_curve.csv,MPTC,85.33,项目交接参考；当前归档未找到原始 S 阶段解析 CSV,UAGMC_SOURCE passenger-only + LQ,84.19,128.76,exp11 同包曲线；训练种子 1；评估种子 123-125；本矩阵另有种子 2-5 四条 UAGMC 曲线,需核对同物理/guard/轨迹；解析值为交接参考，非本次独立复算
exp13,S3__AW_ICM_VE,S3,AW_ICM_VE,5,150000,227.51222222222222,196.94222222222223,7.765555555555555,21.88,1.0,True,3,3,0.0,0.0,0.0,0.0,exp13_single_priority_69p6m__analysis_snapshot_20260928.tar.gz!P1/seed5/S3__AW_ICM_VE/analysis/checkpoint_curve.csv,MPTC,85.33,项目交接参考；当前归档未找到原始 S 阶段解析 CSV,UAGMC_SOURCE passenger-only + LQ,84.19,128.76,exp11 同包曲线；训练种子 1；评估种子 123-125；本矩阵另有种子 2-5 四条 UAGMC 曲线,需核对同物理/guard/轨迹；解析值为交接参考，非本次独立复算
exp13,S3__AW_ICM_VE,S3,AW_ICM_VE,5,200000,232.54666666666665,201.6877777777778,7.908888888888889,22.022222222222222,1.0,True,3,3,0.0,0.0,0.0,0.0,exp13_single_priority_69p6m__analysis_snapshot_20260928.tar.gz!P1/seed5/S3__AW_ICM_VE/analysis/checkpoint_curve.csv,MPTC,85.33,项目交接参考；当前归档未找到原始 S 阶段解析 CSV,UAGMC_SOURCE passenger-only + LQ,84.19,128.76,exp11 同包曲线；训练种子 1；评估种子 123-125；本矩阵另有种子 2-5 四条 UAGMC 曲线,需核对同物理/guard/轨迹；解析值为交接参考，非本次独立复算
exp13,S3__AW_ICM_VE,S3,AW_ICM_VE,5,250000,233.24444444444444,202.4088888888889,7.888888888888889,22.013333333333335,1.0,True,3,3,0.0,0.0,0.0,0.0,exp13_single_priority_69p6m__analysis_snapshot_20260928.tar.gz!P1/seed5/S3__AW_ICM_VE/analysis/checkpoint_curve.csv,MPTC,85.33,项目交接参考；当前归档未找到原始 S 阶段解析 CSV,UAGMC_SOURCE passenger-only + LQ,84.19,128.76,exp11 同包曲线；训练种子 1；评估种子 123-125；本矩阵另有种子 2-5 四条 UAGMC 曲线,需核对同物理/guard/轨迹；解析值为交接参考，非本次独立复算
exp13,S3__AW_ICM_VE,S3,AW_ICM_VE,5,300000,216.78222222222223,186.3811111111111,7.758888888888889,21.711111111111112,1.0,True,3,3,0.0,0.0,0.0,0.0,exp13_single_priority_69p6m__analysis_snapshot_20260928.tar.gz!P1/seed5/S3__AW_ICM_VE/analysis/checkpoint_curve.csv,MPTC,85.33,项目交接参考；当前归档未找到原始 S 阶段解析 CSV,UAGMC_SOURCE passenger-only + LQ,84.19,128.76,exp11 同包曲线；训练种子 1；评估种子 123-125；本矩阵另有种子 2-5 四条 UAGMC 曲线,需核对同物理/guard/轨迹；解析值为交接参考，非本次独立复算
exp13,S3__AW_ICM_VE,S3,AW_ICM_VE,5,350000,175.83555555555554,146.29111111111112,7.301111111111111,21.30666666666667,1.0,True,3,3,0.0,0.0,0.0,0.0,exp13_single_priority_69p6m__analysis_snapshot_20260928.tar.gz!P1/seed5/S3__AW_ICM_VE/analysis/checkpoint_curve.csv,MPTC,85.33,项目交接参考；当前归档未找到原始 S 阶段解析 CSV,UAGMC_SOURCE passenger-only + LQ,84.19,128.76,exp11 同包曲线；训练种子 1；评估种子 123-125；本矩阵另有种子 2-5 四条 UAGMC 曲线,需核对同物理/guard/轨迹；解析值为交接参考，非本次独立复算
exp13,S3__AW_ICM_VE,S3,AW_ICM_VE,5,400000,180.62777777777777,150.62666666666667,7.6755555555555555,21.395555555555557,1.0,True,3,3,0.0,0.0,0.0,0.0,exp13_single_priority_69p6m__analysis_snapshot_20260928.tar.gz!P1/seed5/S3__AW_ICM_VE/analysis/checkpoint_curve.csv,MPTC,85.33,项目交接参考；当前归档未找到原始 S 阶段解析 CSV,UAGMC_SOURCE passenger-only + LQ,84.19,128.76,exp11 同包曲线；训练种子 1；评估种子 123-125；本矩阵另有种子 2-5 四条 UAGMC 曲线,需核对同物理/guard/轨迹；解析值为交接参考，非本次独立复算
exp13,S3__AW_ICM_VE,S3,AW_ICM_VE,5,450000,169.26888888888888,139.68888888888887,7.443333333333334,21.2,1.0,True,3,3,0.0,0.0,0.0,0.0,exp13_single_priority_69p6m__analysis_snapshot_20260928.tar.gz!P1/seed5/S3__AW_ICM_VE/analysis/checkpoint_curve.csv,MPTC,85.33,项目交接参考；当前归档未找到原始 S 阶段解析 CSV,UAGMC_SOURCE passenger-only + LQ,84.19,128.76,exp11 同包曲线；训练种子 1；评估种子 123-125；本矩阵另有种子 2-5 四条 UAGMC 曲线,需核对同物理/guard/轨迹；解析值为交接参考，非本次独立复算
exp13,S3__AW_ICM_VE,S3,AW_ICM_VE,5,500000,168.5911111111111,139.10777777777778,7.372222222222223,21.186666666666664,1.0,True,3,3,0.0,0.0,0.0,0.0,exp13_single_priority_69p6m__analysis_snapshot_20260928.tar.gz!P1/seed5/S3__AW_ICM_VE/analysis/checkpoint_curve.csv,MPTC,85.33,项目交接参考；当前归档未找到原始 S 阶段解析 CSV,UAGMC_SOURCE passenger-only + LQ,84.19,128.76,exp11 同包曲线；训练种子 1；评估种子 123-125；本矩阵另有种子 2-5 四条 UAGMC 曲线,需核对同物理/guard/轨迹；解析值为交接参考，非本次独立复算
exp13,S3__AW_ICM_VE,S3,AW_ICM_VE,5,550000,174.39444444444447,144.5911111111111,7.522222222222222,21.355555555555554,1.0,True,3,3,0.0,0.0,0.0,0.0,exp13_single_priority_69p6m__analysis_snapshot_20260928.tar.gz!P1/seed5/S3__AW_ICM_VE/analysis/checkpoint_curve.csv,MPTC,85.33,项目交接参考；当前归档未找到原始 S 阶段解析 CSV,UAGMC_SOURCE passenger-only + LQ,84.19,128.76,exp11 同包曲线；训练种子 1；评估种子 123-125；本矩阵另有种子 2-5 四条 UAGMC 曲线,需核对同物理/guard/轨迹；解析值为交接参考，非本次独立复算
exp13,S3__AW_ICM_VE,S3,AW_ICM_VE,5,600000,163.17777777777778,133.5277777777778,7.392222222222222,21.32888888888889,1.0,True,3,3,0.0,0.0,0.0,0.0,exp13_single_priority_69p6m__analysis_snapshot_20260928.tar.gz!P1/seed5/S3__AW_ICM_VE/analysis/checkpoint_curve.csv,MPTC,85.33,项目交接参考；当前归档未找到原始 S 阶段解析 CSV,UAGMC_SOURCE passenger-only + LQ,84.19,128.76,exp11 同包曲线；训练种子 1；评估种子 123-125；本矩阵另有种子 2-5 四条 UAGMC 曲线,需核对同物理/guard/轨迹；解析值为交接参考，非本次独立复算
exp13,S3__A_ANCHOR_QUOTIENT,S3,A_ANCHOR_QUOTIENT,4,50000,170.9766666666667,141.81444444444443,7.29111111111111,20.93777777777778,1.0,True,3,3,0.0,0.0,0.0,0.0,exp13_single_priority_69p6m__analysis_snapshot_20260928.tar.gz!P1/seed4/S3__A_ANCHOR_QUOTIENT/analysis/checkpoint_curve.csv,MPTC,85.33,项目交接参考；当前归档未找到原始 S 阶段解析 CSV,UAGMC_SOURCE passenger-only + LQ,84.19,128.76,exp11 同包曲线；训练种子 1；评估种子 123-125；本矩阵另有种子 2-5 四条 UAGMC 曲线,需核对同物理/guard/轨迹；解析值为交接参考，非本次独立复算
exp13,S3__A_ANCHOR_QUOTIENT,S3,A_ANCHOR_QUOTIENT,4,100000,281.1455555555555,249.8988888888889,8.137777777777778,22.142222222222227,1.0,True,3,3,0.0,0.0,0.0,0.0,exp13_single_priority_69p6m__analysis_snapshot_20260928.tar.gz!P1/seed4/S3__A_ANCHOR_QUOTIENT/analysis/checkpoint_curve.csv,MPTC,85.33,项目交接参考；当前归档未找到原始 S 阶段解析 CSV,UAGMC_SOURCE passenger-only + LQ,84.19,128.76,exp11 同包曲线；训练种子 1；评估种子 123-125；本矩阵另有种子 2-5 四条 UAGMC 曲线,需核对同物理/guard/轨迹；解析值为交接参考，非本次独立复算
exp13,S3__A_ANCHOR_QUOTIENT,S3,A_ANCHOR_QUOTIENT,4,150000,270.1022222222222,238.8066666666667,8.141111111111112,22.235555555555553,1.0,True,3,3,0.0,0.0,0.0,0.0,exp13_single_priority_69p6m__analysis_snapshot_20260928.tar.gz!P1/seed4/S3__A_ANCHOR_QUOTIENT/analysis/checkpoint_curve.csv,MPTC,85.33,项目交接参考；当前归档未找到原始 S 阶段解析 CSV,UAGMC_SOURCE passenger-only + LQ,84.19,128.76,exp11 同包曲线；训练种子 1；评估种子 123-125；本矩阵另有种子 2-5 四条 UAGMC 曲线,需核对同物理/guard/轨迹；解析值为交接参考，非本次独立复算
exp13,S3__A_ANCHOR_QUOTIENT,S3,A_ANCHOR_QUOTIENT,4,200000,278.55,246.88555555555556,8.187777777777777,22.53777777777778,1.0,True,3,3,0.0,0.0,0.0,0.0,exp13_single_priority_69p6m__analysis_snapshot_20260928.tar.gz!P1/seed4/S3__A_ANCHOR_QUOTIENT/analysis/checkpoint_curve.csv,MPTC,85.33,项目交接参考；当前归档未找到原始 S 阶段解析 CSV,UAGMC_SOURCE passenger-only + LQ,84.19,128.76,exp11 同包曲线；训练种子 1；评估种子 123-125；本矩阵另有种子 2-5 四条 UAGMC 曲线,需核对同物理/guard/轨迹；解析值为交接参考，非本次独立复算
exp13,S3__A_ANCHOR_QUOTIENT,S3,A_ANCHOR_QUOTIENT,4,250000,234.20555555555555,203.77444444444447,7.808888888888888,21.68444444444444,1.0,True,3,3,0.0,0.0,0.0,0.0,exp13_single_priority_69p6m__analysis_snapshot_20260928.tar.gz!P1/seed4/S3__A_ANCHOR_QUOTIENT/analysis/checkpoint_curve.csv,MPTC,85.33,项目交接参考；当前归档未找到原始 S 阶段解析 CSV,UAGMC_SOURCE passenger-only + LQ,84.19,128.76,exp11 同包曲线；训练种子 1；评估种子 123-125；本矩阵另有种子 2-5 四条 UAGMC 曲线,需核对同物理/guard/轨迹；解析值为交接参考，非本次独立复算
exp13,S3__A_ANCHOR_QUOTIENT,S3,A_ANCHOR_QUOTIENT,4,300000,238.79222222222222,208.14555555555555,7.912222222222223,21.8,1.0,True,3,3,0.0,0.0,0.0,0.0,exp13_single_priority_69p6m__analysis_snapshot_20260928.tar.gz!P1/seed4/S3__A_ANCHOR_QUOTIENT/analysis/checkpoint_curve.csv,MPTC,85.33,项目交接参考；当前归档未找到原始 S 阶段解析 CSV,UAGMC_SOURCE passenger-only + LQ,84.19,128.76,exp11 同包曲线；训练种子 1；评估种子 123-125；本矩阵另有种子 2-5 四条 UAGMC 曲线,需核对同物理/guard/轨迹；解析值为交接参考，非本次独立复算
exp13,S3__A_ANCHOR_QUOTIENT,S3,A_ANCHOR_QUOTIENT,4,350000,208.08888888888887,178.3511111111111,7.571111111111111,21.24,1.0,True,3,3,0.0,0.0,0.0,0.0,exp13_single_priority_69p6m__analysis_snapshot_20260928.tar.gz!P1/seed4/S3__A_ANCHOR_QUOTIENT/analysis/checkpoint_curve.csv,MPTC,85.33,项目交接参考；当前归档未找到原始 S 阶段解析 CSV,UAGMC_SOURCE passenger-only + LQ,84.19,128.76,exp11 同包曲线；训练种子 1；评估种子 123-125；本矩阵另有种子 2-5 四条 UAGMC 曲线,需核对同物理/guard/轨迹；解析值为交接参考，非本次独立复算
exp13,S3__A_ANCHOR_QUOTIENT,S3,A_ANCHOR_QUOTIENT,4,400000,235.28555555555556,205.13444444444443,7.612222222222222,21.608888888888888,1.0,True,3,3,0.0,0.0,0.0,0.0,exp13_single_priority_69p6m__analysis_snapshot_20260928.tar.gz!P1/seed4/S3__A_ANCHOR_QUOTIENT/analysis/checkpoint_curve.csv,MPTC,85.33,项目交接参考；当前归档未找到原始 S 阶段解析 CSV,UAGMC_SOURCE passenger-only + LQ,84.19,128.76,exp11 同包曲线；训练种子 1；评估种子 123-125；本矩阵另有种子 2-5 四条 UAGMC 曲线,需核对同物理/guard/轨迹；解析值为交接参考，非本次独立复算
exp13,S3__A_ANCHOR_QUOTIENT,S3,A_ANCHOR_QUOTIENT,4,450000,191.92444444444445,162.42777777777778,7.398888888888888,21.168888888888887,1.0,True,3,3,0.0,0.0,0.0,0.0,exp13_single_priority_69p6m__analysis_snapshot_20260928.tar.gz!P1/seed4/S3__A_ANCHOR_QUOTIENT/analysis/checkpoint_curve.csv,MPTC,85.33,项目交接参考；当前归档未找到原始 S 阶段解析 CSV,UAGMC_SOURCE passenger-only + LQ,84.19,128.76,exp11 同包曲线；训练种子 1；评估种子 123-125；本矩阵另有种子 2-5 四条 UAGMC 曲线,需核对同物理/guard/轨迹；解析值为交接参考，非本次独立复算
exp13,S3__A_ANCHOR_QUOTIENT,S3,A_ANCHOR_QUOTIENT,4,500000,159.96777777777777,131.0677777777778,7.221111111111111,20.76,1.0,True,3,3,0.0,0.0,0.0,0.0,exp13_single_priority_69p6m__analysis_snapshot_20260928.tar.gz!P1/seed4/S3__A_ANCHOR_QUOTIENT/analysis/checkpoint_curve.csv,MPTC,85.33,项目交接参考；当前归档未找到原始 S 阶段解析 CSV,UAGMC_SOURCE passenger-only + LQ,84.19,128.76,exp11 同包曲线；训练种子 1；评估种子 123-125；本矩阵另有种子 2-5 四条 UAGMC 曲线,需核对同物理/guard/轨迹；解析值为交接参考，非本次独立复算
exp13,S3__A_ANCHOR_QUOTIENT,S3,A_ANCHOR_QUOTIENT,4,550000,146.2388888888889,117.68222222222222,7.073333333333333,20.564444444444444,1.0,True,3,3,0.0,0.0,0.0,0.0,exp13_single_priority_69p6m__analysis_snapshot_20260928.tar.gz!P1/seed4/S3__A_ANCHOR_QUOTIENT/analysis/checkpoint_curve.csv,MPTC,85.33,项目交接参考；当前归档未找到原始 S 阶段解析 CSV,UAGMC_SOURCE passenger-only + LQ,84.19,128.76,exp11 同包曲线；训练种子 1；评估种子 123-125；本矩阵另有种子 2-5 四条 UAGMC 曲线,需核对同物理/guard/轨迹；解析值为交接参考，非本次独立复算
exp13,S3__A_ANCHOR_QUOTIENT,S3,A_ANCHOR_QUOTIENT,4,600000,120.93444444444445,92.61666666666667,6.957777777777778,20.435555555555556,1.0,True,3,3,0.0,0.0,0.0,0.0,exp13_single_priority_69p6m__analysis_snapshot_20260928.tar.gz!P1/seed4/S3__A_ANCHOR_QUOTIENT/analysis/checkpoint_curve.csv,MPTC,85.33,项目交接参考；当前归档未找到原始 S 阶段解析 CSV,UAGMC_SOURCE passenger-only + LQ,84.19,128.76,exp11 同包曲线；训练种子 1；评估种子 123-125；本矩阵另有种子 2-5 四条 UAGMC 曲线,需核对同物理/guard/轨迹；解析值为交接参考，非本次独立复算
exp13,S3__A_ANCHOR_QUOTIENT,S3,A_ANCHOR_QUOTIENT,5,50000,179.3888888888889,150.9466666666667,6.772222222222222,20.72888888888889,1.0,True,3,3,0.0,0.0,0.0,0.0,exp13_single_priority_69p6m__analysis_snapshot_20260928.tar.gz!P1/seed5/S3__A_ANCHOR_QUOTIENT/analysis/checkpoint_curve.csv,MPTC,85.33,项目交接参考；当前归档未找到原始 S 阶段解析 CSV,UAGMC_SOURCE passenger-only + LQ,84.19,128.76,exp11 同包曲线；训练种子 1；评估种子 123-125；本矩阵另有种子 2-5 四条 UAGMC 曲线,需核对同物理/guard/轨迹；解析值为交接参考，非本次独立复算
exp13,S3__A_ANCHOR_QUOTIENT,S3,A_ANCHOR_QUOTIENT,5,100000,253.27666666666664,223.2122222222222,7.471111111111111,21.635555555555555,1.0,True,3,3,0.0,0.0,0.0,0.0,exp13_single_priority_69p6m__analysis_snapshot_20260928.tar.gz!P1/seed5/S3__A_ANCHOR_QUOTIENT/analysis/checkpoint_curve.csv,MPTC,85.33,项目交接参考；当前归档未找到原始 S 阶段解析 CSV,UAGMC_SOURCE passenger-only + LQ,84.19,128.76,exp11 同包曲线；训练种子 1；评估种子 123-125；本矩阵另有种子 2-5 四条 UAGMC 曲线,需核对同物理/guard/轨迹；解析值为交接参考，非本次独立复算
exp13,S3__A_ANCHOR_QUOTIENT,S3,A_ANCHOR_QUOTIENT,5,150000,247.3755555555555,217.1822222222222,7.446666666666666,21.795555555555556,1.0,True,3,3,0.0,0.0,0.0,0.0,exp13_single_priority_69p6m__analysis_snapshot_20260928.tar.gz!P1/seed5/S3__A_ANCHOR_QUOTIENT/analysis/checkpoint_curve.csv,MPTC,85.33,项目交接参考；当前归档未找到原始 S 阶段解析 CSV,UAGMC_SOURCE passenger-only + LQ,84.19,128.76,exp11 同包曲线；训练种子 1；评估种子 123-125；本矩阵另有种子 2-5 四条 UAGMC 曲线,需核对同物理/guard/轨迹；解析值为交接参考，非本次独立复算
exp13,S3__A_ANCHOR_QUOTIENT,S3,A_ANCHOR_QUOTIENT,5,200000,260.62444444444446,230.15444444444447,7.54111111111111,21.986666666666668,1.0,True,3,3,0.0,0.0,0.0,0.0,exp13_single_priority_69p6m__analysis_snapshot_20260928.tar.gz!P1/seed5/S3__A_ANCHOR_QUOTIENT/analysis/checkpoint_curve.csv,MPTC,85.33,项目交接参考；当前归档未找到原始 S 阶段解析 CSV,UAGMC_SOURCE passenger-only + LQ,84.19,128.76,exp11 同包曲线；训练种子 1；评估种子 123-125；本矩阵另有种子 2-5 四条 UAGMC 曲线,需核对同物理/guard/轨迹；解析值为交接参考，非本次独立复算
exp13,S3__A_ANCHOR_QUOTIENT,S3,A_ANCHOR_QUOTIENT,5,250000,220.19333333333336,190.3711111111111,7.334444444444444,21.546666666666667,1.0,True,3,3,0.0,0.0,0.0,0.0,exp13_single_priority_69p6m__analysis_snapshot_20260928.tar.gz!P1/seed5/S3__A_ANCHOR_QUOTIENT/analysis/checkpoint_curve.csv,MPTC,85.33,项目交接参考；当前归档未找到原始 S 阶段解析 CSV,UAGMC_SOURCE passenger-only + LQ,84.19,128.76,exp11 同包曲线；训练种子 1；评估种子 123-125；本矩阵另有种子 2-5 四条 UAGMC 曲线,需核对同物理/guard/轨迹；解析值为交接参考，非本次独立复算
exp13,S3__A_ANCHOR_QUOTIENT,S3,A_ANCHOR_QUOTIENT,5,300000,274.88888888888886,243.42444444444445,8.047777777777776,22.47111111111111,1.0,True,3,3,0.0,0.0,0.0,0.0,exp13_single_priority_69p6m__analysis_snapshot_20260928.tar.gz!P1/seed5/S3__A_ANCHOR_QUOTIENT/analysis/checkpoint_curve.csv,MPTC,85.33,项目交接参考；当前归档未找到原始 S 阶段解析 CSV,UAGMC_SOURCE passenger-only + LQ,84.19,128.76,exp11 同包曲线；训练种子 1；评估种子 123-125；本矩阵另有种子 2-5 四条 UAGMC 曲线,需核对同物理/guard/轨迹；解析值为交接参考，非本次独立复算
exp13,S3__A_ANCHOR_QUOTIENT,S3,A_ANCHOR_QUOTIENT,5,350000,221.1577777777778,191.0088888888889,7.66,21.54222222222222,1.0,True,3,3,0.0,0.0,0.0,0.0,exp13_single_priority_69p6m__analysis_snapshot_20260928.tar.gz!P1/seed5/S3__A_ANCHOR_QUOTIENT/analysis/checkpoint_curve.csv,MPTC,85.33,项目交接参考；当前归档未找到原始 S 阶段解析 CSV,UAGMC_SOURCE passenger-only + LQ,84.19,128.76,exp11 同包曲线；训练种子 1；评估种子 123-125；本矩阵另有种子 2-5 四条 UAGMC 曲线,需核对同物理/guard/轨迹；解析值为交接参考，非本次独立复算
exp13,S3__A_ANCHOR_QUOTIENT,S3,A_ANCHOR_QUOTIENT,5,400000,183.8422222222222,154.54444444444445,7.345555555555555,21.004444444444445,1.0,True,3,3,0.0,0.0,0.0,0.0,exp13_single_priority_69p6m__analysis_snapshot_20260928.tar.gz!P1/seed5/S3__A_ANCHOR_QUOTIENT/analysis/checkpoint_curve.csv,MPTC,85.33,项目交接参考；当前归档未找到原始 S 阶段解析 CSV,UAGMC_SOURCE passenger-only + LQ,84.19,128.76,exp11 同包曲线；训练种子 1；评估种子 123-125；本矩阵另有种子 2-5 四条 UAGMC 曲线,需核对同物理/guard/轨迹；解析值为交接参考，非本次独立复算
exp13,S3__A_ANCHOR_QUOTIENT,S3,A_ANCHOR_QUOTIENT,5,450000,170.5611111111111,141.5988888888889,7.182222222222222,20.835555555555555,1.0,True,3,3,0.0,0.0,0.0,0.0,exp13_single_priority_69p6m__analysis_snapshot_20260928.tar.gz!P1/seed5/S3__A_ANCHOR_QUOTIENT/analysis/checkpoint_curve.csv,MPTC,85.33,项目交接参考；当前归档未找到原始 S 阶段解析 CSV,UAGMC_SOURCE passenger-only + LQ,84.19,128.76,exp11 同包曲线；训练种子 1；评估种子 123-125；本矩阵另有种子 2-5 四条 UAGMC 曲线,需核对同物理/guard/轨迹；解析值为交接参考，非本次独立复算
exp13,S3__A_ANCHOR_QUOTIENT,S3,A_ANCHOR_QUOTIENT,5,500000,149.54999999999998,120.92444444444443,7.101111111111112,20.591111111111108,1.0,True,3,3,0.0,0.0,0.0,0.0,exp13_single_priority_69p6m__analysis_snapshot_20260928.tar.gz!P1/seed5/S3__A_ANCHOR_QUOTIENT/analysis/checkpoint_curve.csv,MPTC,85.33,项目交接参考；当前归档未找到原始 S 阶段解析 CSV,UAGMC_SOURCE passenger-only + LQ,84.19,128.76,exp11 同包曲线；训练种子 1；评估种子 123-125；本矩阵另有种子 2-5 四条 UAGMC 曲线,需核对同物理/guard/轨迹；解析值为交接参考，非本次独立复算
exp13,S3__A_ANCHOR_QUOTIENT,S3,A_ANCHOR_QUOTIENT,5,550000,160.47777777777776,131.74,7.163333333333334,20.64,1.0,True,3,3,0.0,0.0,0.0,0.0,exp13_single_priority_69p6m__analysis_snapshot_20260928.tar.gz!P1/seed5/S3__A_ANCHOR_QUOTIENT/analysis/checkpoint_curve.csv,MPTC,85.33,项目交接参考；当前归档未找到原始 S 阶段解析 CSV,UAGMC_SOURCE passenger-only + LQ,84.19,128.76,exp11 同包曲线；训练种子 1；评估种子 123-125；本矩阵另有种子 2-5 四条 UAGMC 曲线,需核对同物理/guard/轨迹；解析值为交接参考，非本次独立复算
exp13,S3__A_ANCHOR_QUOTIENT,S3,A_ANCHOR_QUOTIENT,5,600000,140.07666666666668,111.75444444444445,6.9366666666666665,20.45777777777778,1.0,True,3,3,0.0,0.0,0.0,0.0,exp13_single_priority_69p6m__analysis_snapshot_20260928.tar.gz!P1/seed5/S3__A_ANCHOR_QUOTIENT/analysis/checkpoint_curve.csv,MPTC,85.33,项目交接参考；当前归档未找到原始 S 阶段解析 CSV,UAGMC_SOURCE passenger-only + LQ,84.19,128.76,exp11 同包曲线；训练种子 1；评估种子 123-125；本矩阵另有种子 2-5 四条 UAGMC 曲线,需核对同物理/guard/轨迹；解析值为交接参考，非本次独立复算
exp13,S3__A_ANCHOR_QUOTIENT,S3,A_ANCHOR_QUOTIENT,6,50000,208.2877777777778,177.02555555555554,8.588888888888889,21.724444444444444,1.0,True,3,3,0.0,0.0,0.0,0.0,exp13_single_priority_69p6m__analysis_snapshot_20260928.tar.gz!P2/seed6/S3__A_ANCHOR_QUOTIENT/analysis/checkpoint_curve.csv,MPTC,85.33,项目交接参考；当前归档未找到原始 S 阶段解析 CSV,UAGMC_SOURCE passenger-only + LQ,84.19,128.76,exp11 同包曲线；训练种子 1；评估种子 123-125；本矩阵另有种子 2-5 四条 UAGMC 曲线,需核对同物理/guard/轨迹；解析值为交接参考，非本次独立复算
exp13,S3__A_ANCHOR_QUOTIENT,S3,A_ANCHOR_QUOTIENT,6,100000,152.48111111111112,123.2088888888889,7.414444444444444,20.91111111111111,1.0,True,3,3,0.0,0.0,0.0,0.0,exp13_single_priority_69p6m__analysis_snapshot_20260928.tar.gz!P2/seed6/S3__A_ANCHOR_QUOTIENT/analysis/checkpoint_curve.csv,MPTC,85.33,项目交接参考；当前归档未找到原始 S 阶段解析 CSV,UAGMC_SOURCE passenger-only + LQ,84.19,128.76,exp11 同包曲线；训练种子 1；评估种子 123-125；本矩阵另有种子 2-5 四条 UAGMC 曲线,需核对同物理/guard/轨迹；解析值为交接参考，非本次独立复算
exp13,S3__A_ANCHOR_QUOTIENT,S3,A_ANCHOR_QUOTIENT,6,150000,148.47777777777776,119.51777777777778,7.267777777777778,20.72,1.0,True,3,3,0.0,0.0,0.0,0.0,exp13_single_priority_69p6m__analysis_snapshot_20260928.tar.gz!P2/seed6/S3__A_ANCHOR_QUOTIENT/analysis/checkpoint_curve.csv,MPTC,85.33,项目交接参考；当前归档未找到原始 S 阶段解析 CSV,UAGMC_SOURCE passenger-only + LQ,84.19,128.76,exp11 同包曲线；训练种子 1；评估种子 123-125；本矩阵另有种子 2-5 四条 UAGMC 曲线,需核对同物理/guard/轨迹；解析值为交接参考，非本次独立复算
exp13,S3__A_ANCHOR_QUOTIENT,S3,A_ANCHOR_QUOTIENT,6,200000,141.11111111111111,112.13666666666666,7.2555555555555555,20.76,1.0,True,3,3,0.0,0.0,0.0,0.0,exp13_single_priority_69p6m__analysis_snapshot_20260928.tar.gz!P2/seed6/S3__A_ANCHOR_QUOTIENT/analysis/checkpoint_curve.csv,MPTC,85.33,项目交接参考；当前归档未找到原始 S 阶段解析 CSV,UAGMC_SOURCE passenger-only + LQ,84.19,128.76,exp11 同包曲线；训练种子 1；评估种子 123-125；本矩阵另有种子 2-5 四条 UAGMC 曲线,需核对同物理/guard/轨迹；解析值为交接参考，非本次独立复算
exp13,S3__A_ANCHOR_QUOTIENT,S3,A_ANCHOR_QUOTIENT,6,250000,197.0277777777778,167.07777777777778,7.563333333333333,21.404444444444447,1.0,True,3,3,0.0,0.0,0.0,0.0,exp13_single_priority_69p6m__analysis_snapshot_20260928.tar.gz!P2/seed6/S3__A_ANCHOR_QUOTIENT/analysis/checkpoint_curve.csv,MPTC,85.33,项目交接参考；当前归档未找到原始 S 阶段解析 CSV,UAGMC_SOURCE passenger-only + LQ,84.19,128.76,exp11 同包曲线；训练种子 1；评估种子 123-125；本矩阵另有种子 2-5 四条 UAGMC 曲线,需核对同物理/guard/轨迹；解析值为交接参考，非本次独立复算
exp13,S3__A_ANCHOR_QUOTIENT,S3,A_ANCHOR_QUOTIENT,6,300000,188.3066666666667,157.9311111111111,7.883333333333333,21.515555555555554,1.0,True,3,3,0.0,0.0,0.0,0.0,exp13_single_priority_69p6m__analysis_snapshot_20260928.tar.gz!P2/seed6/S3__A_ANCHOR_QUOTIENT/analysis/checkpoint_curve.csv,MPTC,85.33,项目交接参考；当前归档未找到原始 S 阶段解析 CSV,UAGMC_SOURCE passenger-only + LQ,84.19,128.76,exp11 同包曲线；训练种子 1；评估种子 123-125；本矩阵另有种子 2-5 四条 UAGMC 曲线,需核对同物理/guard/轨迹；解析值为交接参考，非本次独立复算
exp13,S3__A_ANCHOR_QUOTIENT,S3,A_ANCHOR_QUOTIENT,6,350000,154.39,124.85777777777777,7.574444444444445,20.977777777777778,1.0,True,3,3,0.0,0.0,0.0,0.0,exp13_single_priority_69p6m__analysis_snapshot_20260928.tar.gz!P2/seed6/S3__A_ANCHOR_QUOTIENT/analysis/checkpoint_curve.csv,MPTC,85.33,项目交接参考；当前归档未找到原始 S 阶段解析 CSV,UAGMC_SOURCE passenger-only + LQ,84.19,128.76,exp11 同包曲线；训练种子 1；评估种子 123-125；本矩阵另有种子 2-5 四条 UAGMC 曲线,需核对同物理/guard/轨迹；解析值为交接参考，非本次独立复算
exp13,S3__A_ANCHOR_QUOTIENT,S3,A_ANCHOR_QUOTIENT,6,400000,175.1811111111111,145.11888888888888,7.783333333333334,21.30666666666667,1.0,True,3,3,0.0,0.0,0.0,0.0,exp13_single_priority_69p6m__analysis_snapshot_20260928.tar.gz!P2/seed6/S3__A_ANCHOR_QUOTIENT/analysis/checkpoint_curve.csv,MPTC,85.33,项目交接参考；当前归档未找到原始 S 阶段解析 CSV,UAGMC_SOURCE passenger-only + LQ,84.19,128.76,exp11 同包曲线；训练种子 1；评估种子 123-125；本矩阵另有种子 2-5 四条 UAGMC 曲线,需核对同物理/guard/轨迹；解析值为交接参考，非本次独立复算
exp13,S3__A_ANCHOR_QUOTIENT,S3,A_ANCHOR_QUOTIENT,6,450000,163.16111111111113,133.18555555555554,7.882222222222222,21.111111111111114,1.0,True,3,3,0.0,0.0,0.0,0.0,exp13_single_priority_69p6m__analysis_snapshot_20260928.tar.gz!P2/seed6/S3__A_ANCHOR_QUOTIENT/analysis/checkpoint_curve.csv,MPTC,85.33,项目交接参考；当前归档未找到原始 S 阶段解析 CSV,UAGMC_SOURCE passenger-only + LQ,84.19,128.76,exp11 同包曲线；训练种子 1；评估种子 123-125；本矩阵另有种子 2-5 四条 UAGMC 曲线,需核对同物理/guard/轨迹；解析值为交接参考，非本次独立复算
exp13,S3__A_ANCHOR_QUOTIENT,S3,A_ANCHOR_QUOTIENT,6,500000,183.24777777777777,152.9766666666667,7.94,21.346666666666668,1.0,True,3,3,0.0,0.0,0.0,0.0,exp13_single_priority_69p6m__analysis_snapshot_20260928.tar.gz!P2/seed6/S3__A_ANCHOR_QUOTIENT/analysis/checkpoint_curve.csv,MPTC,85.33,项目交接参考；当前归档未找到原始 S 阶段解析 CSV,UAGMC_SOURCE passenger-only + LQ,84.19,128.76,exp11 同包曲线；训练种子 1；评估种子 123-125；本矩阵另有种子 2-5 四条 UAGMC 曲线,需核对同物理/guard/轨迹；解析值为交接参考，非本次独立复算
exp13,S3__A_ANCHOR_QUOTIENT,S3,A_ANCHOR_QUOTIENT,6,550000,164.53555555555556,134.54777777777778,7.876666666666668,21.14222222222222,1.0,True,3,3,0.0,0.0,0.0,0.0,exp13_single_priority_69p6m__analysis_snapshot_20260928.tar.gz!P2/seed6/S3__A_ANCHOR_QUOTIENT/analysis/checkpoint_curve.csv,MPTC,85.33,项目交接参考；当前归档未找到原始 S 阶段解析 CSV,UAGMC_SOURCE passenger-only + LQ,84.19,128.76,exp11 同包曲线；训练种子 1；评估种子 123-125；本矩阵另有种子 2-5 四条 UAGMC 曲线,需核对同物理/guard/轨迹；解析值为交接参考，非本次独立复算
exp13,S3__A_ANCHOR_QUOTIENT,S3,A_ANCHOR_QUOTIENT,6,600000,101.08888888888889,72.73,7.158888888888889,20.253333333333334,1.0,True,3,3,0.0,0.0,0.0,0.0,exp13_single_priority_69p6m__analysis_snapshot_20260928.tar.gz!P2/seed6/S3__A_ANCHOR_QUOTIENT/analysis/checkpoint_curve.csv,MPTC,85.33,项目交接参考；当前归档未找到原始 S 阶段解析 CSV,UAGMC_SOURCE passenger-only + LQ,84.19,128.76,exp11 同包曲线；训练种子 1；评估种子 123-125；本矩阵另有种子 2-5 四条 UAGMC 曲线,需核对同物理/guard/轨迹；解析值为交接参考，非本次独立复算
exp13,S3__A_ANCHOR_QUOTIENT,S3,A_ANCHOR_QUOTIENT,7,50000,130.88,102.12888888888888,7.415555555555556,20.36888888888889,1.0,True,3,3,0.0,0.0,0.0,0.0,exp13_single_priority_69p6m__analysis_snapshot_20260928.tar.gz!P2/seed7/S3__A_ANCHOR_QUOTIENT/analysis/checkpoint_curve.csv,MPTC,85.33,项目交接参考；当前归档未找到原始 S 阶段解析 CSV,UAGMC_SOURCE passenger-only + LQ,84.19,128.76,exp11 同包曲线；训练种子 1；评估种子 123-125；本矩阵另有种子 2-5 四条 UAGMC 曲线,需核对同物理/guard/轨迹；解析值为交接参考，非本次独立复算
exp13,S3__A_ANCHOR_QUOTIENT,S3,A_ANCHOR_QUOTIENT,7,100000,144.03666666666666,114.47888888888889,7.604444444444444,20.982222222222223,1.0,True,3,3,0.0,0.0,0.0,0.0,exp13_single_priority_69p6m__analysis_snapshot_20260928.tar.gz!P2/seed7/S3__A_ANCHOR_QUOTIENT/analysis/checkpoint_curve.csv,MPTC,85.33,项目交接参考；当前归档未找到原始 S 阶段解析 CSV,UAGMC_SOURCE passenger-only + LQ,84.19,128.76,exp11 同包曲线；训练种子 1；评估种子 123-125；本矩阵另有种子 2-5 四条 UAGMC 曲线,需核对同物理/guard/轨迹；解析值为交接参考，非本次独立复算
exp13,S3__A_ANCHOR_QUOTIENT,S3,A_ANCHOR_QUOTIENT,7,150000,158.93777777777777,128.88555555555556,7.667777777777778,21.41333333333333,1.0,True,3,3,0.0,0.0,0.0,0.0,exp13_single_priority_69p6m__analysis_snapshot_20260928.tar.gz!P2/seed7/S3__A_ANCHOR_QUOTIENT/analysis/checkpoint_curve.csv,MPTC,85.33,项目交接参考；当前归档未找到原始 S 阶段解析 CSV,UAGMC_SOURCE passenger-only + LQ,84.19,128.76,exp11 同包曲线；训练种子 1；评估种子 123-125；本矩阵另有种子 2-5 四条 UAGMC 曲线,需核对同物理/guard/轨迹；解析值为交接参考，非本次独立复算
exp13,S3__A_ANCHOR_QUOTIENT,S3,A_ANCHOR_QUOTIENT,7,200000,186.43999999999997,155.40555555555557,8.077777777777778,21.98222222222222,1.0,True,3,3,0.0,0.0,0.0,0.0,exp13_single_priority_69p6m__analysis_snapshot_20260928.tar.gz!P2/seed7/S3__A_ANCHOR_QUOTIENT/analysis/checkpoint_curve.csv,MPTC,85.33,项目交接参考；当前归档未找到原始 S 阶段解析 CSV,UAGMC_SOURCE passenger-only + LQ,84.19,128.76,exp11 同包曲线；训练种子 1；评估种子 123-125；本矩阵另有种子 2-5 四条 UAGMC 曲线,需核对同物理/guard/轨迹；解析值为交接参考，非本次独立复算
exp13,S3__A_ANCHOR_QUOTIENT,S3,A_ANCHOR_QUOTIENT,7,250000,180.9188888888889,150.07444444444445,8.097777777777779,21.764444444444447,1.0,True,3,3,0.0,0.0,0.0,0.0,exp13_single_priority_69p6m__analysis_snapshot_20260928.tar.gz!P2/seed7/S3__A_ANCHOR_QUOTIENT/analysis/checkpoint_curve.csv,MPTC,85.33,项目交接参考；当前归档未找到原始 S 阶段解析 CSV,UAGMC_SOURCE passenger-only + LQ,84.19,128.76,exp11 同包曲线；训练种子 1；评估种子 123-125；本矩阵另有种子 2-5 四条 UAGMC 曲线,需核对同物理/guard/轨迹；解析值为交接参考，非本次独立复算
exp13,S3__A_ANCHOR_QUOTIENT,S3,A_ANCHOR_QUOTIENT,7,300000,179.84333333333333,148.9822222222222,8.082222222222223,21.8,1.0,True,3,3,0.0,0.0,0.0,0.0,exp13_single_priority_69p6m__analysis_snapshot_20260928.tar.gz!P2/seed7/S3__A_ANCHOR_QUOTIENT/analysis/checkpoint_curve.csv,MPTC,85.33,项目交接参考；当前归档未找到原始 S 阶段解析 CSV,UAGMC_SOURCE passenger-only + LQ,84.19,128.76,exp11 同包曲线；训练种子 1；评估种子 123-125；本矩阵另有种子 2-5 四条 UAGMC 曲线,需核对同物理/guard/轨迹；解析值为交接参考，非本次独立复算
exp13,S3__A_ANCHOR_QUOTIENT,S3,A_ANCHOR_QUOTIENT,7,350000,178.5533333333333,147.7,8.015555555555556,21.86666666666667,1.0,True,3,3,0.0,0.0,0.0,0.0,exp13_single_priority_69p6m__analysis_snapshot_20260928.tar.gz!P2/seed7/S3__A_ANCHOR_QUOTIENT/analysis/checkpoint_curve.csv,MPTC,85.33,项目交接参考；当前归档未找到原始 S 阶段解析 CSV,UAGMC_SOURCE passenger-only + LQ,84.19,128.76,exp11 同包曲线；训练种子 1；评估种子 123-125；本矩阵另有种子 2-5 四条 UAGMC 曲线,需核对同物理/guard/轨迹；解析值为交接参考，非本次独立复算
exp13,S3__A_ANCHOR_QUOTIENT,S3,A_ANCHOR_QUOTIENT,7,400000,163.69111111111113,133.51666666666668,7.802222222222222,21.408888888888892,1.0,True,3,3,0.0,0.0,0.0,0.0,exp13_single_priority_69p6m__analysis_snapshot_20260928.tar.gz!P2/seed7/S3__A_ANCHOR_QUOTIENT/analysis/checkpoint_curve.csv,MPTC,85.33,项目交接参考；当前归档未找到原始 S 阶段解析 CSV,UAGMC_SOURCE passenger-only + LQ,84.19,128.76,exp11 同包曲线；训练种子 1；评估种子 123-125；本矩阵另有种子 2-5 四条 UAGMC 曲线,需核对同物理/guard/轨迹；解析值为交接参考，非本次独立复算
exp13,S3__A_ANCHOR_QUOTIENT,S3,A_ANCHOR_QUOTIENT,7,450000,146.48777777777778,116.94333333333333,7.5055555555555555,21.07111111111111,1.0,True,3,3,0.0,0.0,0.0,0.0,exp13_single_priority_69p6m__analysis_snapshot_20260928.tar.gz!P2/seed7/S3__A_ANCHOR_QUOTIENT/analysis/checkpoint_curve.csv,MPTC,85.33,项目交接参考；当前归档未找到原始 S 阶段解析 CSV,UAGMC_SOURCE passenger-only + LQ,84.19,128.76,exp11 同包曲线；训练种子 1；评估种子 123-125；本矩阵另有种子 2-5 四条 UAGMC 曲线,需核对同物理/guard/轨迹；解析值为交接参考，非本次独立复算
exp13,S3__A_ANCHOR_QUOTIENT,S3,A_ANCHOR_QUOTIENT,7,500000,125.67999999999999,96.9488888888889,7.1322222222222225,20.63555555555556,1.0,True,3,3,0.0,0.0,0.0,0.0,exp13_single_priority_69p6m__analysis_snapshot_20260928.tar.gz!P2/seed7/S3__A_ANCHOR_QUOTIENT/analysis/checkpoint_curve.csv,MPTC,85.33,项目交接参考；当前归档未找到原始 S 阶段解析 CSV,UAGMC_SOURCE passenger-only + LQ,84.19,128.76,exp11 同包曲线；训练种子 1；评估种子 123-125；本矩阵另有种子 2-5 四条 UAGMC 曲线,需核对同物理/guard/轨迹；解析值为交接参考，非本次独立复算
exp13,S3__A_ANCHOR_QUOTIENT,S3,A_ANCHOR_QUOTIENT,7,550000,134.38666666666666,105.44777777777777,7.241111111111111,20.742222222222225,1.0,True,3,3,0.0,0.0,0.0,0.0,exp13_single_priority_69p6m__analysis_snapshot_20260928.tar.gz!P2/seed7/S3__A_ANCHOR_QUOTIENT/analysis/checkpoint_curve.csv,MPTC,85.33,项目交接参考；当前归档未找到原始 S 阶段解析 CSV,UAGMC_SOURCE passenger-only + LQ,84.19,128.76,exp11 同包曲线；训练种子 1；评估种子 123-125；本矩阵另有种子 2-5 四条 UAGMC 曲线,需核对同物理/guard/轨迹；解析值为交接参考，非本次独立复算
exp13,S3__A_ANCHOR_QUOTIENT,S3,A_ANCHOR_QUOTIENT,7,600000,81.93111111111112,54.592222222222226,6.628888888888889,19.76,1.0,True,3,3,0.0,0.0,0.0,0.0,exp13_single_priority_69p6m__analysis_snapshot_20260928.tar.gz!P2/seed7/S3__A_ANCHOR_QUOTIENT/analysis/checkpoint_curve.csv,MPTC,85.33,项目交接参考；当前归档未找到原始 S 阶段解析 CSV,UAGMC_SOURCE passenger-only + LQ,84.19,128.76,exp11 同包曲线；训练种子 1；评估种子 123-125；本矩阵另有种子 2-5 四条 UAGMC 曲线,需核对同物理/guard/轨迹；解析值为交接参考，非本次独立复算
exp13,S3__A_FACMAC_MIXER,S3,A_FACMAC_MIXER,4,50000,234.85111111111112,202.30444444444444,8.573333333333334,22.986666666666668,1.0,True,3,3,0.0,0.0,0.0,0.0,exp13_single_priority_69p6m__analysis_snapshot_20260928.tar.gz!P1/seed4/S3__A_FACMAC_MIXER/analysis/checkpoint_curve.csv,MPTC,85.33,项目交接参考；当前归档未找到原始 S 阶段解析 CSV,UAGMC_SOURCE passenger-only + LQ,84.19,128.76,exp11 同包曲线；训练种子 1；评估种子 123-125；本矩阵另有种子 2-5 四条 UAGMC 曲线,需核对同物理/guard/轨迹；解析值为交接参考，非本次独立复算
exp13,S3__A_FACMAC_MIXER,S3,A_FACMAC_MIXER,4,100000,222.4677777777778,189.92444444444445,8.556666666666667,23.0,1.0,True,3,3,0.0,0.0,0.0,0.0,exp13_single_priority_69p6m__analysis_snapshot_20260928.tar.gz!P1/seed4/S3__A_FACMAC_MIXER/analysis/checkpoint_curve.csv,MPTC,85.33,项目交接参考；当前归档未找到原始 S 阶段解析 CSV,UAGMC_SOURCE passenger-only + LQ,84.19,128.76,exp11 同包曲线；训练种子 1；评估种子 123-125；本矩阵另有种子 2-5 四条 UAGMC 曲线,需核对同物理/guard/轨迹；解析值为交接参考，非本次独立复算
exp13,S3__A_FACMAC_MIXER,S3,A_FACMAC_MIXER,4,150000,196.88666666666666,165.13555555555556,8.205555555555556,22.573333333333334,1.0,True,3,3,0.0,0.0,0.0,0.0,exp13_single_priority_69p6m__analysis_snapshot_20260928.tar.gz!P1/seed4/S3__A_FACMAC_MIXER/analysis/checkpoint_curve.csv,MPTC,85.33,项目交接参考；当前归档未找到原始 S 阶段解析 CSV,UAGMC_SOURCE passenger-only + LQ,84.19,128.76,exp11 同包曲线；训练种子 1；评估种子 123-125；本矩阵另有种子 2-5 四条 UAGMC 曲线,需核对同物理/guard/轨迹；解析值为交接参考，非本次独立复算
exp13,S3__A_FACMAC_MIXER,S3,A_FACMAC_MIXER,4,200000,192.1922222222222,161.1488888888889,7.855555555555555,22.213333333333335,1.0,True,3,3,0.0,0.0,0.0,0.0,exp13_single_priority_69p6m__analysis_snapshot_20260928.tar.gz!P1/seed4/S3__A_FACMAC_MIXER/analysis/checkpoint_curve.csv,MPTC,85.33,项目交接参考；当前归档未找到原始 S 阶段解析 CSV,UAGMC_SOURCE passenger-only + LQ,84.19,128.76,exp11 同包曲线；训练种子 1；评估种子 123-125；本矩阵另有种子 2-5 四条 UAGMC 曲线,需核对同物理/guard/轨迹；解析值为交接参考，非本次独立复算
exp13,S3__A_FACMAC_MIXER,S3,A_FACMAC_MIXER,4,250000,189.3033333333333,158.68333333333334,7.88,21.76444444444444,1.0,True,3,3,0.0,0.0,0.0,0.0,exp13_single_priority_69p6m__analysis_snapshot_20260928.tar.gz!P1/seed4/S3__A_FACMAC_MIXER/analysis/checkpoint_curve.csv,MPTC,85.33,项目交接参考；当前归档未找到原始 S 阶段解析 CSV,UAGMC_SOURCE passenger-only + LQ,84.19,128.76,exp11 同包曲线；训练种子 1；评估种子 123-125；本矩阵另有种子 2-5 四条 UAGMC 曲线,需核对同物理/guard/轨迹；解析值为交接参考，非本次独立复算
exp13,S3__A_FACMAC_MIXER,S3,A_FACMAC_MIXER,4,300000,151.83555555555554,121.97666666666667,7.732222222222222,21.15111111111111,1.0,True,3,3,0.0,0.0,0.0,0.0,exp13_single_priority_69p6m__analysis_snapshot_20260928.tar.gz!P1/seed4/S3__A_FACMAC_MIXER/analysis/checkpoint_curve.csv,MPTC,85.33,项目交接参考；当前归档未找到原始 S 阶段解析 CSV,UAGMC_SOURCE passenger-only + LQ,84.19,128.76,exp11 同包曲线；训练种子 1；评估种子 123-125；本矩阵另有种子 2-5 四条 UAGMC 曲线,需核对同物理/guard/轨迹；解析值为交接参考，非本次独立复算
exp13,S3__A_FACMAC_MIXER,S3,A_FACMAC_MIXER,4,350000,143.9477777777778,114.49444444444445,7.438888888888889,21.048888888888886,1.0,True,3,3,0.0,0.0,0.0,0.0,exp13_single_priority_69p6m__analysis_snapshot_20260928.tar.gz!P1/seed4/S3__A_FACMAC_MIXER/analysis/checkpoint_curve.csv,MPTC,85.33,项目交接参考；当前归档未找到原始 S 阶段解析 CSV,UAGMC_SOURCE passenger-only + LQ,84.19,128.76,exp11 同包曲线；训练种子 1；评估种子 123-125；本矩阵另有种子 2-5 四条 UAGMC 曲线,需核对同物理/guard/轨迹；解析值为交接参考，非本次独立复算
exp13,S3__A_FACMAC_MIXER,S3,A_FACMAC_MIXER,4,400000,185.20222222222222,154.45111111111112,7.896666666666667,21.88888888888889,1.0,True,3,3,0.0,0.0,0.0,0.0,exp13_single_priority_69p6m__analysis_snapshot_20260928.tar.gz!P1/seed4/S3__A_FACMAC_MIXER/analysis/checkpoint_curve.csv,MPTC,85.33,项目交接参考；当前归档未找到原始 S 阶段解析 CSV,UAGMC_SOURCE passenger-only + LQ,84.19,128.76,exp11 同包曲线；训练种子 1；评估种子 123-125；本矩阵另有种子 2-5 四条 UAGMC 曲线,需核对同物理/guard/轨迹；解析值为交接参考，非本次独立复算
exp13,S3__A_FACMAC_MIXER,S3,A_FACMAC_MIXER,4,450000,189.1822222222222,157.92222222222222,8.01,22.28888888888889,1.0,True,3,3,0.0,0.0,0.0,0.0,exp13_single_priority_69p6m__analysis_snapshot_20260928.tar.gz!P1/seed4/S3__A_FACMAC_MIXER/analysis/checkpoint_curve.csv,MPTC,85.33,项目交接参考；当前归档未找到原始 S 阶段解析 CSV,UAGMC_SOURCE passenger-only + LQ,84.19,128.76,exp11 同包曲线；训练种子 1；评估种子 123-125；本矩阵另有种子 2-5 四条 UAGMC 曲线,需核对同物理/guard/轨迹；解析值为交接参考，非本次独立复算
exp13,S3__A_FACMAC_MIXER,S3,A_FACMAC_MIXER,4,500000,186.4433333333333,156.59888888888887,7.485555555555556,21.391111111111112,1.0,True,3,3,0.0,0.0,0.0,0.0,exp13_single_priority_69p6m__analysis_snapshot_20260928.tar.gz!P1/seed4/S3__A_FACMAC_MIXER/analysis/checkpoint_curve.csv,MPTC,85.33,项目交接参考；当前归档未找到原始 S 阶段解析 CSV,UAGMC_SOURCE passenger-only + LQ,84.19,128.76,exp11 同包曲线；训练种子 1；评估种子 123-125；本矩阵另有种子 2-5 四条 UAGMC 曲线,需核对同物理/guard/轨迹；解析值为交接参考，非本次独立复算
exp13,S3__A_FACMAC_MIXER,S3,A_FACMAC_MIXER,4,550000,175.54888888888888,146.03777777777776,7.297777777777778,21.24,1.0,True,3,3,0.0,0.0,0.0,0.0,exp13_single_priority_69p6m__analysis_snapshot_20260928.tar.gz!P1/seed4/S3__A_FACMAC_MIXER/analysis/checkpoint_curve.csv,MPTC,85.33,项目交接参考；当前归档未找到原始 S 阶段解析 CSV,UAGMC_SOURCE passenger-only + LQ,84.19,128.76,exp11 同包曲线；训练种子 1；评估种子 123-125；本矩阵另有种子 2-5 四条 UAGMC 曲线,需核对同物理/guard/轨迹；解析值为交接参考，非本次独立复算
exp13,S3__A_FACMAC_MIXER,S3,A_FACMAC_MIXER,4,600000,130.1277777777778,101.38444444444444,6.956666666666666,20.804444444444446,1.0,True,3,3,0.0,0.0,0.0,0.0,exp13_single_priority_69p6m__analysis_snapshot_20260928.tar.gz!P1/seed4/S3__A_FACMAC_MIXER/analysis/checkpoint_curve.csv,MPTC,85.33,项目交接参考；当前归档未找到原始 S 阶段解析 CSV,UAGMC_SOURCE passenger-only + LQ,84.19,128.76,exp11 同包曲线；训练种子 1；评估种子 123-125；本矩阵另有种子 2-5 四条 UAGMC 曲线,需核对同物理/guard/轨迹；解析值为交接参考，非本次独立复算
exp13,S3__A_FACMAC_MIXER,S3,A_FACMAC_MIXER,5,50000,617.9966666666668,591.8333333333334,6.163333333333333,19.0,1.0,True,3,3,0.0,0.0,0.0,0.0,exp13_single_priority_69p6m__analysis_snapshot_20260928.tar.gz!P1/seed5/S3__A_FACMAC_MIXER/analysis/checkpoint_curve.csv,MPTC,85.33,项目交接参考；当前归档未找到原始 S 阶段解析 CSV,UAGMC_SOURCE passenger-only + LQ,84.19,128.76,exp11 同包曲线；训练种子 1；评估种子 123-125；本矩阵另有种子 2-5 四条 UAGMC 曲线,需核对同物理/guard/轨迹；解析值为交接参考，非本次独立复算
exp13,S3__A_FACMAC_MIXER,S3,A_FACMAC_MIXER,5,100000,505.7322222222222,479.5655555555556,6.146666666666666,19.022222222222222,1.0,True,3,3,0.0,0.0,0.0,0.0,exp13_single_priority_69p6m__analysis_snapshot_20260928.tar.gz!P1/seed5/S3__A_FACMAC_MIXER/analysis/checkpoint_curve.csv,MPTC,85.33,项目交接参考；当前归档未找到原始 S 阶段解析 CSV,UAGMC_SOURCE passenger-only + LQ,84.19,128.76,exp11 同包曲线；训练种子 1；评估种子 123-125；本矩阵另有种子 2-5 四条 UAGMC 曲线,需核对同物理/guard/轨迹；解析值为交接参考，非本次独立复算
exp13,S3__A_FACMAC_MIXER,S3,A_FACMAC_MIXER,5,150000,146.53111111111113,118.54222222222222,6.6944444444444455,20.36888888888889,1.0,True,3,3,0.0,0.0,0.0,0.0,exp13_single_priority_69p6m__analysis_snapshot_20260928.tar.gz!P1/seed5/S3__A_FACMAC_MIXER/analysis/checkpoint_curve.csv,MPTC,85.33,项目交接参考；当前归档未找到原始 S 阶段解析 CSV,UAGMC_SOURCE passenger-only + LQ,84.19,128.76,exp11 同包曲线；训练种子 1；评估种子 123-125；本矩阵另有种子 2-5 四条 UAGMC 曲线,需核对同物理/guard/轨迹；解析值为交接参考，非本次独立复算
exp13,S3__A_FACMAC_MIXER,S3,A_FACMAC_MIXER,5,200000,150.25555555555556,122.14333333333333,6.668888888888888,20.51111111111111,1.0,True,3,3,0.0,0.0,0.0,0.0,exp13_single_priority_69p6m__analysis_snapshot_20260928.tar.gz!P1/seed5/S3__A_FACMAC_MIXER/analysis/checkpoint_curve.csv,MPTC,85.33,项目交接参考；当前归档未找到原始 S 阶段解析 CSV,UAGMC_SOURCE passenger-only + LQ,84.19,128.76,exp11 同包曲线；训练种子 1；评估种子 123-125；本矩阵另有种子 2-5 四条 UAGMC 曲线,需核对同物理/guard/轨迹；解析值为交接参考，非本次独立复算
exp13,S3__A_FACMAC_MIXER,S3,A_FACMAC_MIXER,5,250000,177.66111111111113,148.42555555555558,7.167777777777778,21.14666666666667,1.0,True,3,3,0.0,0.0,0.0,0.0,exp13_single_priority_69p6m__analysis_snapshot_20260928.tar.gz!P1/seed5/S3__A_FACMAC_MIXER/analysis/checkpoint_curve.csv,MPTC,85.33,项目交接参考；当前归档未找到原始 S 阶段解析 CSV,UAGMC_SOURCE passenger-only + LQ,84.19,128.76,exp11 同包曲线；训练种子 1；评估种子 123-125；本矩阵另有种子 2-5 四条 UAGMC 曲线,需核对同物理/guard/轨迹；解析值为交接参考，非本次独立复算
exp13,S3__A_FACMAC_MIXER,S3,A_FACMAC_MIXER,5,300000,160.4333333333333,131.95,6.888888888888888,20.675555555555555,1.0,True,3,3,0.0,0.0,0.0,0.0,exp13_single_priority_69p6m__analysis_snapshot_20260928.tar.gz!P1/seed5/S3__A_FACMAC_MIXER/analysis/checkpoint_curve.csv,MPTC,85.33,项目交接参考；当前归档未找到原始 S 阶段解析 CSV,UAGMC_SOURCE passenger-only + LQ,84.19,128.76,exp11 同包曲线；训练种子 1；评估种子 123-125；本矩阵另有种子 2-5 四条 UAGMC 曲线,需核对同物理/guard/轨迹；解析值为交接参考，非本次独立复算
exp13,S3__A_FACMAC_MIXER,S3,A_FACMAC_MIXER,5,350000,152.60666666666665,124.2611111111111,6.887777777777778,20.53777777777778,1.0,True,3,3,0.0,0.0,0.0,0.0,exp13_single_priority_69p6m__analysis_snapshot_20260928.tar.gz!P1/seed5/S3__A_FACMAC_MIXER/analysis/checkpoint_curve.csv,MPTC,85.33,项目交接参考；当前归档未找到原始 S 阶段解析 CSV,UAGMC_SOURCE passenger-only + LQ,84.19,128.76,exp11 同包曲线；训练种子 1；评估种子 123-125；本矩阵另有种子 2-5 四条 UAGMC 曲线,需核对同物理/guard/轨迹；解析值为交接参考，非本次独立复算
exp13,S3__A_FACMAC_MIXER,S3,A_FACMAC_MIXER,5,400000,141.26000000000002,113.18444444444445,6.758888888888889,20.395555555555557,1.0,True,3,3,0.0,0.0,0.0,0.0,exp13_single_priority_69p6m__analysis_snapshot_20260928.tar.gz!P1/seed5/S3__A_FACMAC_MIXER/analysis/checkpoint_curve.csv,MPTC,85.33,项目交接参考；当前归档未找到原始 S 阶段解析 CSV,UAGMC_SOURCE passenger-only + LQ,84.19,128.76,exp11 同包曲线；训练种子 1；评估种子 123-125；本矩阵另有种子 2-5 四条 UAGMC 曲线,需核对同物理/guard/轨迹；解析值为交接参考，非本次独立复算
exp13,S3__A_FACMAC_MIXER,S3,A_FACMAC_MIXER,5,450000,144.3311111111111,116.25,6.7299999999999995,20.435555555555553,1.0,True,3,3,0.0,0.0,0.0,0.0,exp13_single_priority_69p6m__analysis_snapshot_20260928.tar.gz!P1/seed5/S3__A_FACMAC_MIXER/analysis/checkpoint_curve.csv,MPTC,85.33,项目交接参考；当前归档未找到原始 S 阶段解析 CSV,UAGMC_SOURCE passenger-only + LQ,84.19,128.76,exp11 同包曲线；训练种子 1；评估种子 123-125；本矩阵另有种子 2-5 四条 UAGMC 曲线,需核对同物理/guard/轨迹；解析值为交接参考，非本次独立复算
exp13,S3__A_FACMAC_MIXER,S3,A_FACMAC_MIXER,5,500000,158.04555555555555,129.09333333333333,7.1177777777777775,20.884444444444444,1.0,True,3,3,0.0,0.0,0.0,0.0,exp13_single_priority_69p6m__analysis_snapshot_20260928.tar.gz!P1/seed5/S3__A_FACMAC_MIXER/analysis/checkpoint_curve.csv,MPTC,85.33,项目交接参考；当前归档未找到原始 S 阶段解析 CSV,UAGMC_SOURCE passenger-only + LQ,84.19,128.76,exp11 同包曲线；训练种子 1；评估种子 123-125；本矩阵另有种子 2-5 四条 UAGMC 曲线,需核对同物理/guard/轨迹；解析值为交接参考，非本次独立复算
exp13,S3__A_FACMAC_MIXER,S3,A_FACMAC_MIXER,5,550000,154.3688888888889,125.62777777777778,7.006666666666667,20.804444444444446,1.0,True,3,3,0.0,0.0,0.0,0.0,exp13_single_priority_69p6m__analysis_snapshot_20260928.tar.gz!P1/seed5/S3__A_FACMAC_MIXER/analysis/checkpoint_curve.csv,MPTC,85.33,项目交接参考；当前归档未找到原始 S 阶段解析 CSV,UAGMC_SOURCE passenger-only + LQ,84.19,128.76,exp11 同包曲线；训练种子 1；评估种子 123-125；本矩阵另有种子 2-5 四条 UAGMC 曲线,需核对同物理/guard/轨迹；解析值为交接参考，非本次独立复算
exp13,S3__A_FACMAC_MIXER,S3,A_FACMAC_MIXER,5,600000,165.88888888888889,136.78222222222223,7.222222222222221,20.93777777777778,1.0,True,3,3,0.0,0.0,0.0,0.0,exp13_single_priority_69p6m__analysis_snapshot_20260928.tar.gz!P1/seed5/S3__A_FACMAC_MIXER/analysis/checkpoint_curve.csv,MPTC,85.33,项目交接参考；当前归档未找到原始 S 阶段解析 CSV,UAGMC_SOURCE passenger-only + LQ,84.19,128.76,exp11 同包曲线；训练种子 1；评估种子 123-125；本矩阵另有种子 2-5 四条 UAGMC 曲线,需核对同物理/guard/轨迹；解析值为交接参考，非本次独立复算
exp13,S3__A_ICM_AC,S3,A_ICM_AC,4,50000,134.7122222222222,106.99222222222222,6.86,19.89777777777778,1.0,True,3,3,0.0,0.0,0.0,0.0,exp13_single_priority_69p6m__analysis_snapshot_20260928.tar.gz!P1/seed4/S3__A_ICM_AC/analysis/checkpoint_curve.csv,MPTC,85.33,项目交接参考；当前归档未找到原始 S 阶段解析 CSV,UAGMC_SOURCE passenger-only + LQ,84.19,128.76,exp11 同包曲线；训练种子 1；评估种子 123-125；本矩阵另有种子 2-5 四条 UAGMC 曲线,需核对同物理/guard/轨迹；解析值为交接参考，非本次独立复算
exp13,S3__A_ICM_AC,S3,A_ICM_AC,4,100000,265.14666666666665,233.70111111111112,8.303333333333333,22.186666666666667,1.0,True,3,3,0.0,0.0,0.0,0.0,exp13_single_priority_69p6m__analysis_snapshot_20260928.tar.gz!P1/seed4/S3__A_ICM_AC/analysis/checkpoint_curve.csv,MPTC,85.33,项目交接参考；当前归档未找到原始 S 阶段解析 CSV,UAGMC_SOURCE passenger-only + LQ,84.19,128.76,exp11 同包曲线；训练种子 1；评估种子 123-125；本矩阵另有种子 2-5 四条 UAGMC 曲线,需核对同物理/guard/轨迹；解析值为交接参考，非本次独立复算
exp13,S3__A_ICM_AC,S3,A_ICM_AC,4,150000,209.0388888888889,179.27777777777774,7.571111111111112,21.235555555555553,1.0,True,3,3,0.0,0.0,0.0,0.0,exp13_single_priority_69p6m__analysis_snapshot_20260928.tar.gz!P1/seed4/S3__A_ICM_AC/analysis/checkpoint_curve.csv,MPTC,85.33,项目交接参考；当前归档未找到原始 S 阶段解析 CSV,UAGMC_SOURCE passenger-only + LQ,84.19,128.76,exp11 同包曲线；训练种子 1；评估种子 123-125；本矩阵另有种子 2-5 四条 UAGMC 曲线,需核对同物理/guard/轨迹；解析值为交接参考，非本次独立复算
exp13,S3__A_ICM_AC,S3,A_ICM_AC,4,200000,208.6588888888889,178.9311111111111,7.512222222222223,21.262222222222224,1.0,True,3,3,0.0,0.0,0.0,0.0,exp13_single_priority_69p6m__analysis_snapshot_20260928.tar.gz!P1/seed4/S3__A_ICM_AC/analysis/checkpoint_curve.csv,MPTC,85.33,项目交接参考；当前归档未找到原始 S 阶段解析 CSV,UAGMC_SOURCE passenger-only + LQ,84.19,128.76,exp11 同包曲线；训练种子 1；评估种子 123-125；本矩阵另有种子 2-5 四条 UAGMC 曲线,需核对同物理/guard/轨迹；解析值为交接参考，非本次独立复算
exp13,S3__A_ICM_AC,S3,A_ICM_AC,4,250000,240.19555555555556,209.59888888888892,7.964444444444445,21.67555555555555,1.0,True,3,3,0.0,0.0,0.0,0.0,exp13_single_priority_69p6m__analysis_snapshot_20260928.tar.gz!P1/seed4/S3__A_ICM_AC/analysis/checkpoint_curve.csv,MPTC,85.33,项目交接参考；当前归档未找到原始 S 阶段解析 CSV,UAGMC_SOURCE passenger-only + LQ,84.19,128.76,exp11 同包曲线；训练种子 1；评估种子 123-125；本矩阵另有种子 2-5 四条 UAGMC 曲线,需核对同物理/guard/轨迹；解析值为交接参考，非本次独立复算
exp13,S3__A_ICM_AC,S3,A_ICM_AC,4,300000,224.91,194.7411111111111,7.741111111111111,21.471111111111114,1.0,True,3,3,0.0,0.0,0.0,0.0,exp13_single_priority_69p6m__analysis_snapshot_20260928.tar.gz!P1/seed4/S3__A_ICM_AC/analysis/checkpoint_curve.csv,MPTC,85.33,项目交接参考；当前归档未找到原始 S 阶段解析 CSV,UAGMC_SOURCE passenger-only + LQ,84.19,128.76,exp11 同包曲线；训练种子 1；评估种子 123-125；本矩阵另有种子 2-5 四条 UAGMC 曲线,需核对同物理/guard/轨迹；解析值为交接参考，非本次独立复算
exp13,S3__A_ICM_AC,S3,A_ICM_AC,4,350000,190.0222222222222,160.2,7.618888888888889,21.244444444444444,1.0,True,3,3,0.0,0.0,0.0,0.0,exp13_single_priority_69p6m__analysis_snapshot_20260928.tar.gz!P1/seed4/S3__A_ICM_AC/analysis/checkpoint_curve.csv,MPTC,85.33,项目交接参考；当前归档未找到原始 S 阶段解析 CSV,UAGMC_SOURCE passenger-only + LQ,84.19,128.76,exp11 同包曲线；训练种子 1；评估种子 123-125；本矩阵另有种子 2-5 四条 UAGMC 曲线,需核对同物理/guard/轨迹；解析值为交接参考，非本次独立复算
exp13,S3__A_ICM_AC,S3,A_ICM_AC,4,400000,142.19222222222223,113.83999999999999,7.053333333333334,20.37777777777778,1.0,True,3,3,0.0,0.0,0.0,0.0,exp13_single_priority_69p6m__analysis_snapshot_20260928.tar.gz!P1/seed4/S3__A_ICM_AC/analysis/checkpoint_curve.csv,MPTC,85.33,项目交接参考；当前归档未找到原始 S 阶段解析 CSV,UAGMC_SOURCE passenger-only + LQ,84.19,128.76,exp11 同包曲线；训练种子 1；评估种子 123-125；本矩阵另有种子 2-5 四条 UAGMC 曲线,需核对同物理/guard/轨迹；解析值为交接参考，非本次独立复算
exp13,S3__A_ICM_AC,S3,A_ICM_AC,4,450000,146.45666666666668,117.83555555555556,7.205555555555556,20.48888888888889,1.0,True,3,3,0.0,0.0,0.0,0.0,exp13_single_priority_69p6m__analysis_snapshot_20260928.tar.gz!P1/seed4/S3__A_ICM_AC/analysis/checkpoint_curve.csv,MPTC,85.33,项目交接参考；当前归档未找到原始 S 阶段解析 CSV,UAGMC_SOURCE passenger-only + LQ,84.19,128.76,exp11 同包曲线；训练种子 1；评估种子 123-125；本矩阵另有种子 2-5 四条 UAGMC 曲线,需核对同物理/guard/轨迹；解析值为交接参考，非本次独立复算
exp13,S3__A_ICM_AC,S3,A_ICM_AC,4,500000,141.5377777777778,112.92,7.07,20.62666666666667,1.0,True,3,3,0.0,0.0,0.0,0.0,exp13_single_priority_69p6m__analysis_snapshot_20260928.tar.gz!P1/seed4/S3__A_ICM_AC/analysis/checkpoint_curve.csv,MPTC,85.33,项目交接参考；当前归档未找到原始 S 阶段解析 CSV,UAGMC_SOURCE passenger-only + LQ,84.19,128.76,exp11 同包曲线；训练种子 1；评估种子 123-125；本矩阵另有种子 2-5 四条 UAGMC 曲线,需核对同物理/guard/轨迹；解析值为交接参考，非本次独立复算
exp13,S3__A_ICM_AC,S3,A_ICM_AC,4,550000,157.71,128.68777777777777,7.318888888888889,20.78222222222222,1.0,True,3,3,0.0,0.0,0.0,0.0,exp13_single_priority_69p6m__analysis_snapshot_20260928.tar.gz!P1/seed4/S3__A_ICM_AC/analysis/checkpoint_curve.csv,MPTC,85.33,项目交接参考；当前归档未找到原始 S 阶段解析 CSV,UAGMC_SOURCE passenger-only + LQ,84.19,128.76,exp11 同包曲线；训练种子 1；评估种子 123-125；本矩阵另有种子 2-5 四条 UAGMC 曲线,需核对同物理/guard/轨迹；解析值为交接参考，非本次独立复算
exp13,S3__A_ICM_AC,S3,A_ICM_AC,4,600000,152.41444444444446,123.38666666666666,7.327777777777778,20.768888888888892,1.0,True,3,3,0.0,0.0,0.0,0.0,exp13_single_priority_69p6m__analysis_snapshot_20260928.tar.gz!P1/seed4/S3__A_ICM_AC/analysis/checkpoint_curve.csv,MPTC,85.33,项目交接参考；当前归档未找到原始 S 阶段解析 CSV,UAGMC_SOURCE passenger-only + LQ,84.19,128.76,exp11 同包曲线；训练种子 1；评估种子 123-125；本矩阵另有种子 2-5 四条 UAGMC 曲线,需核对同物理/guard/轨迹；解析值为交接参考，非本次独立复算
exp13,S3__A_ICM_AC,S3,A_ICM_AC,5,50000,235.9466666666667,205.0811111111111,7.798888888888889,22.124444444444446,1.0,True,3,3,0.0,0.0,0.0,0.0,exp13_single_priority_69p6m__analysis_snapshot_20260928.tar.gz!P1/seed5/S3__A_ICM_AC/analysis/checkpoint_curve.csv,MPTC,85.33,项目交接参考；当前归档未找到原始 S 阶段解析 CSV,UAGMC_SOURCE passenger-only + LQ,84.19,128.76,exp11 同包曲线；训练种子 1；评估种子 123-125；本矩阵另有种子 2-5 四条 UAGMC 曲线,需核对同物理/guard/轨迹；解析值为交接参考，非本次独立复算
exp13,S3__A_ICM_AC,S3,A_ICM_AC,5,100000,246.54,214.02666666666667,8.554444444444444,22.968888888888888,1.0,True,3,3,0.0,0.0,0.0,0.0,exp13_single_priority_69p6m__analysis_snapshot_20260928.tar.gz!P1/seed5/S3__A_ICM_AC/analysis/checkpoint_curve.csv,MPTC,85.33,项目交接参考；当前归档未找到原始 S 阶段解析 CSV,UAGMC_SOURCE passenger-only + LQ,84.19,128.76,exp11 同包曲线；训练种子 1；评估种子 123-125；本矩阵另有种子 2-5 四条 UAGMC 曲线,需核对同物理/guard/轨迹；解析值为交接参考，非本次独立复算
exp13,S3__A_ICM_AC,S3,A_ICM_AC,5,150000,217.75,185.7011111111111,8.383333333333333,22.688888888888886,1.0,True,3,3,0.0,0.0,0.0,0.0,exp13_single_priority_69p6m__analysis_snapshot_20260928.tar.gz!P1/seed5/S3__A_ICM_AC/analysis/checkpoint_curve.csv,MPTC,85.33,项目交接参考；当前归档未找到原始 S 阶段解析 CSV,UAGMC_SOURCE passenger-only + LQ,84.19,128.76,exp11 同包曲线；训练种子 1；评估种子 123-125；本矩阵另有种子 2-5 四条 UAGMC 曲线,需核对同物理/guard/轨迹；解析值为交接参考，非本次独立复算
exp13,S3__A_ICM_AC,S3,A_ICM_AC,5,200000,219.26777777777775,187.21666666666667,8.536666666666667,22.53333333333333,1.0,True,3,3,0.0,0.0,0.0,0.0,exp13_single_priority_69p6m__analysis_snapshot_20260928.tar.gz!P1/seed5/S3__A_ICM_AC/analysis/checkpoint_curve.csv,MPTC,85.33,项目交接参考；当前归档未找到原始 S 阶段解析 CSV,UAGMC_SOURCE passenger-only + LQ,84.19,128.76,exp11 同包曲线；训练种子 1；评估种子 123-125；本矩阵另有种子 2-5 四条 UAGMC 曲线,需核对同物理/guard/轨迹；解析值为交接参考，非本次独立复算
exp13,S3__A_ICM_AC,S3,A_ICM_AC,5,250000,207.09333333333333,175.70777777777778,8.19888888888889,22.204444444444444,1.0,True,3,3,0.0,0.0,0.0,0.0,exp13_single_priority_69p6m__analysis_snapshot_20260928.tar.gz!P1/seed5/S3__A_ICM_AC/analysis/checkpoint_curve.csv,MPTC,85.33,项目交接参考；当前归档未找到原始 S 阶段解析 CSV,UAGMC_SOURCE passenger-only + LQ,84.19,128.76,exp11 同包曲线；训练种子 1；评估种子 123-125；本矩阵另有种子 2-5 四条 UAGMC 曲线,需核对同物理/guard/轨迹；解析值为交接参考，非本次独立复算
exp13,S3__A_ICM_AC,S3,A_ICM_AC,5,300000,197.3411111111111,166.32777777777778,8.206666666666665,21.826666666666668,1.0,True,3,3,0.0,0.0,0.0,0.0,exp13_single_priority_69p6m__analysis_snapshot_20260928.tar.gz!P1/seed5/S3__A_ICM_AC/analysis/checkpoint_curve.csv,MPTC,85.33,项目交接参考；当前归档未找到原始 S 阶段解析 CSV,UAGMC_SOURCE passenger-only + LQ,84.19,128.76,exp11 同包曲线；训练种子 1；评估种子 123-125；本矩阵另有种子 2-5 四条 UAGMC 曲线,需核对同物理/guard/轨迹；解析值为交接参考，非本次独立复算
exp13,S3__A_ICM_AC,S3,A_ICM_AC,5,350000,169.92444444444445,140.29111111111112,7.492222222222222,21.16,1.0,True,3,3,0.0,0.0,0.0,0.0,exp13_single_priority_69p6m__analysis_snapshot_20260928.tar.gz!P1/seed5/S3__A_ICM_AC/analysis/checkpoint_curve.csv,MPTC,85.33,项目交接参考；当前归档未找到原始 S 阶段解析 CSV,UAGMC_SOURCE passenger-only + LQ,84.19,128.76,exp11 同包曲线；训练种子 1；评估种子 123-125；本矩阵另有种子 2-5 四条 UAGMC 曲线,需核对同物理/guard/轨迹；解析值为交接参考，非本次独立复算
exp13,S3__A_ICM_AC,S3,A_ICM_AC,5,400000,150.24444444444444,121.31555555555558,7.248888888888889,20.715555555555554,1.0,True,3,3,0.0,0.0,0.0,0.0,exp13_single_priority_69p6m__analysis_snapshot_20260928.tar.gz!P1/seed5/S3__A_ICM_AC/analysis/checkpoint_curve.csv,MPTC,85.33,项目交接参考；当前归档未找到原始 S 阶段解析 CSV,UAGMC_SOURCE passenger-only + LQ,84.19,128.76,exp11 同包曲线；训练种子 1；评估种子 123-125；本矩阵另有种子 2-5 四条 UAGMC 曲线,需核对同物理/guard/轨迹；解析值为交接参考，非本次独立复算
exp13,S3__A_ICM_AC,S3,A_ICM_AC,5,450000,157.73444444444445,128.70888888888888,7.266666666666667,20.804444444444446,1.0,True,3,3,0.0,0.0,0.0,0.0,exp13_single_priority_69p6m__analysis_snapshot_20260928.tar.gz!P1/seed5/S3__A_ICM_AC/analysis/checkpoint_curve.csv,MPTC,85.33,项目交接参考；当前归档未找到原始 S 阶段解析 CSV,UAGMC_SOURCE passenger-only + LQ,84.19,128.76,exp11 同包曲线；训练种子 1；评估种子 123-125；本矩阵另有种子 2-5 四条 UAGMC 曲线,需核对同物理/guard/轨迹；解析值为交接参考，非本次独立复算
exp13,S3__A_ICM_AC,S3,A_ICM_AC,5,500000,168.44000000000003,139.41444444444446,7.115555555555556,20.977777777777778,1.0,True,3,3,0.0,0.0,0.0,0.0,exp13_single_priority_69p6m__analysis_snapshot_20260928.tar.gz!P1/seed5/S3__A_ICM_AC/analysis/checkpoint_curve.csv,MPTC,85.33,项目交接参考；当前归档未找到原始 S 阶段解析 CSV,UAGMC_SOURCE passenger-only + LQ,84.19,128.76,exp11 同包曲线；训练种子 1；评估种子 123-125；本矩阵另有种子 2-5 四条 UAGMC 曲线,需核对同物理/guard/轨迹；解析值为交接参考，非本次独立复算
exp13,S3__A_ICM_AC,S3,A_ICM_AC,5,550000,162.28333333333333,133.19444444444446,7.205555555555556,20.94666666666667,1.0,True,3,3,0.0,0.0,0.0,0.0,exp13_single_priority_69p6m__analysis_snapshot_20260928.tar.gz!P1/seed5/S3__A_ICM_AC/analysis/checkpoint_curve.csv,MPTC,85.33,项目交接参考；当前归档未找到原始 S 阶段解析 CSV,UAGMC_SOURCE passenger-only + LQ,84.19,128.76,exp11 同包曲线；训练种子 1；评估种子 123-125；本矩阵另有种子 2-5 四条 UAGMC 曲线,需核对同物理/guard/轨迹；解析值为交接参考，非本次独立复算
exp13,S3__A_ICM_AC,S3,A_ICM_AC,5,600000,155.7277777777778,126.50555555555555,7.232222222222222,21.066666666666666,1.0,True,3,3,0.0,0.0,0.0,0.0,exp13_single_priority_69p6m__analysis_snapshot_20260928.tar.gz!P1/seed5/S3__A_ICM_AC/analysis/checkpoint_curve.csv,MPTC,85.33,项目交接参考；当前归档未找到原始 S 阶段解析 CSV,UAGMC_SOURCE passenger-only + LQ,84.19,128.76,exp11 同包曲线；训练种子 1；评估种子 123-125；本矩阵另有种子 2-5 四条 UAGMC 曲线,需核对同物理/guard/轨迹；解析值为交接参考，非本次独立复算
exp13,S3__A_QPLEX_DUPLEX,S3,A_QPLEX_DUPLEX,4,50000,229.3422222222222,197.05777777777777,8.408888888888889,22.88888888888889,1.0,True,3,3,0.0,0.0,0.0,0.0,exp13_single_priority_69p6m__analysis_snapshot_20260928.tar.gz!P1/seed4/S3__A_QPLEX_DUPLEX/analysis/checkpoint_curve.csv,MPTC,85.33,项目交接参考；当前归档未找到原始 S 阶段解析 CSV,UAGMC_SOURCE passenger-only + LQ,84.19,128.76,exp11 同包曲线；训练种子 1；评估种子 123-125；本矩阵另有种子 2-5 四条 UAGMC 曲线,需核对同物理/guard/轨迹；解析值为交接参考，非本次独立复算
exp13,S3__A_QPLEX_DUPLEX,S3,A_QPLEX_DUPLEX,4,100000,221.60555555555553,190.39333333333335,8.022222222222222,22.21777777777778,1.0,True,3,3,0.0,0.0,0.0,0.0,exp13_single_priority_69p6m__analysis_snapshot_20260928.tar.gz!P1/seed4/S3__A_QPLEX_DUPLEX/analysis/checkpoint_curve.csv,MPTC,85.33,项目交接参考；当前归档未找到原始 S 阶段解析 CSV,UAGMC_SOURCE passenger-only + LQ,84.19,128.76,exp11 同包曲线；训练种子 1；评估种子 123-125；本矩阵另有种子 2-5 四条 UAGMC 曲线,需核对同物理/guard/轨迹；解析值为交接参考，非本次独立复算
exp13,S3__A_QPLEX_DUPLEX,S3,A_QPLEX_DUPLEX,4,150000,206.87666666666667,176.00333333333333,7.9433333333333325,21.960000000000004,1.0,True,3,3,0.0,0.0,0.0,0.0,exp13_single_priority_69p6m__analysis_snapshot_20260928.tar.gz!P1/seed4/S3__A_QPLEX_DUPLEX/analysis/checkpoint_curve.csv,MPTC,85.33,项目交接参考；当前归档未找到原始 S 阶段解析 CSV,UAGMC_SOURCE passenger-only + LQ,84.19,128.76,exp11 同包曲线；训练种子 1；评估种子 123-125；本矩阵另有种子 2-5 四条 UAGMC 曲线,需核对同物理/guard/轨迹；解析值为交接参考，非本次独立复算
exp13,S3__A_QPLEX_DUPLEX,S3,A_QPLEX_DUPLEX,4,200000,217.35555555555558,185.59555555555553,8.193333333333333,22.59555555555556,1.0,True,3,3,0.0,0.0,0.0,0.0,exp13_single_priority_69p6m__analysis_snapshot_20260928.tar.gz!P1/seed4/S3__A_QPLEX_DUPLEX/analysis/checkpoint_curve.csv,MPTC,85.33,项目交接参考；当前归档未找到原始 S 阶段解析 CSV,UAGMC_SOURCE passenger-only + LQ,84.19,128.76,exp11 同包曲线；训练种子 1；评估种子 123-125；本矩阵另有种子 2-5 四条 UAGMC 曲线,需核对同物理/guard/轨迹；解析值为交接参考，非本次独立复算
exp13,S3__A_QPLEX_DUPLEX,S3,A_QPLEX_DUPLEX,4,250000,216.3611111111111,184.71555555555554,8.145555555555555,22.524444444444445,1.0,True,3,3,0.0,0.0,0.0,0.0,exp13_single_priority_69p6m__analysis_snapshot_20260928.tar.gz!P1/seed4/S3__A_QPLEX_DUPLEX/analysis/checkpoint_curve.csv,MPTC,85.33,项目交接参考；当前归档未找到原始 S 阶段解析 CSV,UAGMC_SOURCE passenger-only + LQ,84.19,128.76,exp11 同包曲线；训练种子 1；评估种子 123-125；本矩阵另有种子 2-5 四条 UAGMC 曲线,需核对同物理/guard/轨迹；解析值为交接参考，非本次独立复算
exp13,S3__A_QPLEX_DUPLEX,S3,A_QPLEX_DUPLEX,4,300000,215.8688888888889,184.1811111111111,8.21,22.50222222222222,1.0,True,3,3,0.0,0.0,0.0,0.0,exp13_single_priority_69p6m__analysis_snapshot_20260928.tar.gz!P1/seed4/S3__A_QPLEX_DUPLEX/analysis/checkpoint_curve.csv,MPTC,85.33,项目交接参考；当前归档未找到原始 S 阶段解析 CSV,UAGMC_SOURCE passenger-only + LQ,84.19,128.76,exp11 同包曲线；训练种子 1；评估种子 123-125；本矩阵另有种子 2-5 四条 UAGMC 曲线,需核对同物理/guard/轨迹；解析值为交接参考，非本次独立复算
exp13,S3__A_QPLEX_DUPLEX,S3,A_QPLEX_DUPLEX,4,350000,210.52555555555557,178.88444444444443,8.274444444444446,22.395555555555557,1.0,True,3,3,0.0,0.0,0.0,0.0,exp13_single_priority_69p6m__analysis_snapshot_20260928.tar.gz!P1/seed4/S3__A_QPLEX_DUPLEX/analysis/checkpoint_curve.csv,MPTC,85.33,项目交接参考；当前归档未找到原始 S 阶段解析 CSV,UAGMC_SOURCE passenger-only + LQ,84.19,128.76,exp11 同包曲线；训练种子 1；评估种子 123-125；本矩阵另有种子 2-5 四条 UAGMC 曲线,需核对同物理/guard/轨迹；解析值为交接参考，非本次独立复算
exp13,S3__A_QPLEX_DUPLEX,S3,A_QPLEX_DUPLEX,4,400000,194.25333333333333,163.92777777777778,7.6688888888888895,21.688888888888886,1.0,True,3,3,0.0,0.0,0.0,0.0,exp13_single_priority_69p6m__analysis_snapshot_20260928.tar.gz!P1/seed4/S3__A_QPLEX_DUPLEX/analysis/checkpoint_curve.csv,MPTC,85.33,项目交接参考；当前归档未找到原始 S 阶段解析 CSV,UAGMC_SOURCE passenger-only + LQ,84.19,128.76,exp11 同包曲线；训练种子 1；评估种子 123-125；本矩阵另有种子 2-5 四条 UAGMC 曲线,需核对同物理/guard/轨迹；解析值为交接参考，非本次独立复算
exp13,S3__A_QPLEX_DUPLEX,S3,A_QPLEX_DUPLEX,4,450000,172.2988888888889,142.50444444444443,7.57,21.253333333333334,1.0,True,3,3,0.0,0.0,0.0,0.0,exp13_single_priority_69p6m__analysis_snapshot_20260928.tar.gz!P1/seed4/S3__A_QPLEX_DUPLEX/analysis/checkpoint_curve.csv,MPTC,85.33,项目交接参考；当前归档未找到原始 S 阶段解析 CSV,UAGMC_SOURCE passenger-only + LQ,84.19,128.76,exp11 同包曲线；训练种子 1；评估种子 123-125；本矩阵另有种子 2-5 四条 UAGMC 曲线,需核对同物理/guard/轨迹；解析值为交接参考，非本次独立复算
exp13,S3__A_QPLEX_DUPLEX,S3,A_QPLEX_DUPLEX,4,500000,160.24222222222218,131.07222222222222,7.075555555555556,21.12,1.0,True,3,3,0.0,0.0,0.0,0.0,exp13_single_priority_69p6m__analysis_snapshot_20260928.tar.gz!P1/seed4/S3__A_QPLEX_DUPLEX/analysis/checkpoint_curve.csv,MPTC,85.33,项目交接参考；当前归档未找到原始 S 阶段解析 CSV,UAGMC_SOURCE passenger-only + LQ,84.19,128.76,exp11 同包曲线；训练种子 1；评估种子 123-125；本矩阵另有种子 2-5 四条 UAGMC 曲线,需核对同物理/guard/轨迹；解析值为交接参考，非本次独立复算
exp13,S3__A_QPLEX_DUPLEX,S3,A_QPLEX_DUPLEX,4,550000,163.90333333333334,134.40333333333334,7.3066666666666675,21.222222222222225,1.0,True,3,3,0.0,0.0,0.0,0.0,exp13_single_priority_69p6m__analysis_snapshot_20260928.tar.gz!P1/seed4/S3__A_QPLEX_DUPLEX/analysis/checkpoint_curve.csv,MPTC,85.33,项目交接参考；当前归档未找到原始 S 阶段解析 CSV,UAGMC_SOURCE passenger-only + LQ,84.19,128.76,exp11 同包曲线；训练种子 1；评估种子 123-125；本矩阵另有种子 2-5 四条 UAGMC 曲线,需核对同物理/guard/轨迹；解析值为交接参考，非本次独立复算
exp13,S3__A_QPLEX_DUPLEX,S3,A_QPLEX_DUPLEX,4,600000,146.04999999999998,116.92222222222222,7.225555555555555,20.942222222222224,1.0,True,3,3,0.0,0.0,0.0,0.0,exp13_single_priority_69p6m__analysis_snapshot_20260928.tar.gz!P1/seed4/S3__A_QPLEX_DUPLEX/analysis/checkpoint_curve.csv,MPTC,85.33,项目交接参考；当前归档未找到原始 S 阶段解析 CSV,UAGMC_SOURCE passenger-only + LQ,84.19,128.76,exp11 同包曲线；训练种子 1；评估种子 123-125；本矩阵另有种子 2-5 四条 UAGMC 曲线,需核对同物理/guard/轨迹；解析值为交接参考，非本次独立复算
exp13,S3__A_QPLEX_DUPLEX,S3,A_QPLEX_DUPLEX,5,50000,185.72777777777776,156.82444444444445,6.93,21.04444444444444,1.0,True,3,3,0.0,0.0,0.0,0.0,exp13_single_priority_69p6m__analysis_snapshot_20260928.tar.gz!P1/seed5/S3__A_QPLEX_DUPLEX/analysis/checkpoint_curve.csv,MPTC,85.33,项目交接参考；当前归档未找到原始 S 阶段解析 CSV,UAGMC_SOURCE passenger-only + LQ,84.19,128.76,exp11 同包曲线；训练种子 1；评估种子 123-125；本矩阵另有种子 2-5 四条 UAGMC 曲线,需核对同物理/guard/轨迹；解析值为交接参考，非本次独立复算
exp13,S3__A_QPLEX_DUPLEX,S3,A_QPLEX_DUPLEX,5,100000,226.47444444444446,196.36666666666667,7.476666666666667,21.68444444444444,1.0,True,3,3,0.0,0.0,0.0,0.0,exp13_single_priority_69p6m__analysis_snapshot_20260928.tar.gz!P1/seed5/S3__A_QPLEX_DUPLEX/analysis/checkpoint_curve.csv,MPTC,85.33,项目交接参考；当前归档未找到原始 S 阶段解析 CSV,UAGMC_SOURCE passenger-only + LQ,84.19,128.76,exp11 同包曲线；训练种子 1；评估种子 123-125；本矩阵另有种子 2-5 四条 UAGMC 曲线,需核对同物理/guard/轨迹；解析值为交接参考，非本次独立复算
exp13,S3__A_QPLEX_DUPLEX,S3,A_QPLEX_DUPLEX,5,150000,258.5711111111111,228.05888888888887,7.595555555555556,21.968888888888888,1.0,True,3,3,0.0,0.0,0.0,0.0,exp13_single_priority_69p6m__analysis_snapshot_20260928.tar.gz!P1/seed5/S3__A_QPLEX_DUPLEX/analysis/checkpoint_curve.csv,MPTC,85.33,项目交接参考；当前归档未找到原始 S 阶段解析 CSV,UAGMC_SOURCE passenger-only + LQ,84.19,128.76,exp11 同包曲线；训练种子 1；评估种子 123-125；本矩阵另有种子 2-5 四条 UAGMC 曲线,需核对同物理/guard/轨迹；解析值为交接参考，非本次独立复算
exp13,S3__A_QPLEX_DUPLEX,S3,A_QPLEX_DUPLEX,5,200000,232.80999999999997,201.45222222222222,7.9433333333333325,22.50666666666667,1.0,True,3,3,0.0,0.0,0.0,0.0,exp13_single_priority_69p6m__analysis_snapshot_20260928.tar.gz!P1/seed5/S3__A_QPLEX_DUPLEX/analysis/checkpoint_curve.csv,MPTC,85.33,项目交接参考；当前归档未找到原始 S 阶段解析 CSV,UAGMC_SOURCE passenger-only + LQ,84.19,128.76,exp11 同包曲线；训练种子 1；评估种子 123-125；本矩阵另有种子 2-5 四条 UAGMC 曲线,需核对同物理/guard/轨迹；解析值为交接参考，非本次独立复算
exp13,S3__A_QPLEX_DUPLEX,S3,A_QPLEX_DUPLEX,5,250000,210.89444444444442,180.06333333333336,7.789999999999999,22.137777777777774,1.0,True,3,3,0.0,0.0,0.0,0.0,exp13_single_priority_69p6m__analysis_snapshot_20260928.tar.gz!P1/seed5/S3__A_QPLEX_DUPLEX/analysis/checkpoint_curve.csv,MPTC,85.33,项目交接参考；当前归档未找到原始 S 阶段解析 CSV,UAGMC_SOURCE passenger-only + LQ,84.19,128.76,exp11 同包曲线；训练种子 1；评估种子 123-125；本矩阵另有种子 2-5 四条 UAGMC 曲线,需核对同物理/guard/轨迹；解析值为交接参考，非本次独立复算
exp13,S3__A_QPLEX_DUPLEX,S3,A_QPLEX_DUPLEX,5,300000,225.41555555555556,193.9311111111111,7.992222222222222,22.582222222222224,1.0,True,3,3,0.0,0.0,0.0,0.0,exp13_single_priority_69p6m__analysis_snapshot_20260928.tar.gz!P1/seed5/S3__A_QPLEX_DUPLEX/analysis/checkpoint_curve.csv,MPTC,85.33,项目交接参考；当前归档未找到原始 S 阶段解析 CSV,UAGMC_SOURCE passenger-only + LQ,84.19,128.76,exp11 同包曲线；训练种子 1；评估种子 123-125；本矩阵另有种子 2-5 四条 UAGMC 曲线,需核对同物理/guard/轨迹；解析值为交接参考，非本次独立复算
exp13,S3__A_QPLEX_DUPLEX,S3,A_QPLEX_DUPLEX,5,350000,220.2388888888889,188.99222222222224,7.95888888888889,22.373333333333335,1.0,True,3,3,0.0,0.0,0.0,0.0,exp13_single_priority_69p6m__analysis_snapshot_20260928.tar.gz!P1/seed5/S3__A_QPLEX_DUPLEX/analysis/checkpoint_curve.csv,MPTC,85.33,项目交接参考；当前归档未找到原始 S 阶段解析 CSV,UAGMC_SOURCE passenger-only + LQ,84.19,128.76,exp11 同包曲线；训练种子 1；评估种子 123-125；本矩阵另有种子 2-5 四条 UAGMC 曲线,需核对同物理/guard/轨迹；解析值为交接参考，非本次独立复算
exp13,S3__A_QPLEX_DUPLEX,S3,A_QPLEX_DUPLEX,5,400000,209.43555555555554,179.0388888888889,7.635555555555555,21.853333333333335,1.0,True,3,3,0.0,0.0,0.0,0.0,exp13_single_priority_69p6m__analysis_snapshot_20260928.tar.gz!P1/seed5/S3__A_QPLEX_DUPLEX/analysis/checkpoint_curve.csv,MPTC,85.33,项目交接参考；当前归档未找到原始 S 阶段解析 CSV,UAGMC_SOURCE passenger-only + LQ,84.19,128.76,exp11 同包曲线；训练种子 1；评估种子 123-125；本矩阵另有种子 2-5 四条 UAGMC 曲线,需核对同物理/guard/轨迹；解析值为交接参考，非本次独立复算
exp13,S3__A_QPLEX_DUPLEX,S3,A_QPLEX_DUPLEX,5,450000,182.44111111111113,152.53333333333333,7.515555555555555,21.48,1.0,True,3,3,0.0,0.0,0.0,0.0,exp13_single_priority_69p6m__analysis_snapshot_20260928.tar.gz!P1/seed5/S3__A_QPLEX_DUPLEX/analysis/checkpoint_curve.csv,MPTC,85.33,项目交接参考；当前归档未找到原始 S 阶段解析 CSV,UAGMC_SOURCE passenger-only + LQ,84.19,128.76,exp11 同包曲线；训练种子 1；评估种子 123-125；本矩阵另有种子 2-5 四条 UAGMC 曲线,需核对同物理/guard/轨迹；解析值为交接参考，非本次独立复算
exp13,S3__A_QPLEX_DUPLEX,S3,A_QPLEX_DUPLEX,5,500000,165.15222222222224,135.5522222222222,7.485555555555556,21.191111111111113,1.0,True,3,3,0.0,0.0,0.0,0.0,exp13_single_priority_69p6m__analysis_snapshot_20260928.tar.gz!P1/seed5/S3__A_QPLEX_DUPLEX/analysis/checkpoint_curve.csv,MPTC,85.33,项目交接参考；当前归档未找到原始 S 阶段解析 CSV,UAGMC_SOURCE passenger-only + LQ,84.19,128.76,exp11 同包曲线；训练种子 1；评估种子 123-125；本矩阵另有种子 2-5 四条 UAGMC 曲线,需核对同物理/guard/轨迹；解析值为交接参考，非本次独立复算
exp13,S3__A_QPLEX_DUPLEX,S3,A_QPLEX_DUPLEX,5,550000,167.9611111111111,138.62666666666667,7.353333333333334,21.048888888888886,1.0,True,3,3,0.0,0.0,0.0,0.0,exp13_single_priority_69p6m__analysis_snapshot_20260928.tar.gz!P1/seed5/S3__A_QPLEX_DUPLEX/analysis/checkpoint_curve.csv,MPTC,85.33,项目交接参考；当前归档未找到原始 S 阶段解析 CSV,UAGMC_SOURCE passenger-only + LQ,84.19,128.76,exp11 同包曲线；训练种子 1；评估种子 123-125；本矩阵另有种子 2-5 四条 UAGMC 曲线,需核对同物理/guard/轨迹；解析值为交接参考，非本次独立复算
exp13,S3__A_QPLEX_DUPLEX,S3,A_QPLEX_DUPLEX,5,600000,163.57777777777778,134.3011111111111,7.32,21.040000000000003,1.0,True,3,3,0.0,0.0,0.0,0.0,exp13_single_priority_69p6m__analysis_snapshot_20260928.tar.gz!P1/seed5/S3__A_QPLEX_DUPLEX/analysis/checkpoint_curve.csv,MPTC,85.33,项目交接参考；当前归档未找到原始 S 阶段解析 CSV,UAGMC_SOURCE passenger-only + LQ,84.19,128.76,exp11 同包曲线；训练种子 1；评估种子 123-125；本矩阵另有种子 2-5 四条 UAGMC 曲线,需核对同物理/guard/轨迹；解析值为交接参考，非本次独立复算
exp13,S3__CURRENT,S3,CURRENT,4,50000,189.63222222222225,158.08888888888887,8.13888888888889,22.435555555555553,1.0,True,3,3,0.0,0.0,0.0,0.0,exp13_single_priority_69p6m__analysis_snapshot_20260928.tar.gz!P0/seed4/S3__CURRENT/analysis/checkpoint_curve.csv,MPTC,85.33,项目交接参考；当前归档未找到原始 S 阶段解析 CSV,UAGMC_SOURCE passenger-only + LQ,84.19,128.76,exp11 同包曲线；训练种子 1；评估种子 123-125；本矩阵另有种子 2-5 四条 UAGMC 曲线,需核对同物理/guard/轨迹；解析值为交接参考，非本次独立复算
exp13,S3__CURRENT,S3,CURRENT,4,100000,222.4677777777778,189.92444444444445,8.556666666666667,23.0,1.0,True,3,3,0.0,0.0,0.0,0.0,exp13_single_priority_69p6m__analysis_snapshot_20260928.tar.gz!P0/seed4/S3__CURRENT/analysis/checkpoint_curve.csv,MPTC,85.33,项目交接参考；当前归档未找到原始 S 阶段解析 CSV,UAGMC_SOURCE passenger-only + LQ,84.19,128.76,exp11 同包曲线；训练种子 1；评估种子 123-125；本矩阵另有种子 2-5 四条 UAGMC 曲线,需核对同物理/guard/轨迹；解析值为交接参考，非本次独立复算
exp13,S3__CURRENT,S3,CURRENT,4,150000,188.89,157.58666666666667,8.034444444444444,22.288888888888888,1.0,True,3,3,0.0,0.0,0.0,0.0,exp13_single_priority_69p6m__analysis_snapshot_20260928.tar.gz!P0/seed4/S3__CURRENT/analysis/checkpoint_curve.csv,MPTC,85.33,项目交接参考；当前归档未找到原始 S 阶段解析 CSV,UAGMC_SOURCE passenger-only + LQ,84.19,128.76,exp11 同包曲线；训练种子 1；评估种子 123-125；本矩阵另有种子 2-5 四条 UAGMC 曲线,需核对同物理/guard/轨迹；解析值为交接参考，非本次独立复算
exp13,S3__CURRENT,S3,CURRENT,4,200000,197.15333333333334,164.78666666666666,8.487777777777778,22.897777777777776,1.0,True,3,3,0.0,0.0,0.0,0.0,exp13_single_priority_69p6m__analysis_snapshot_20260928.tar.gz!P0/seed4/S3__CURRENT/analysis/checkpoint_curve.csv,MPTC,85.33,项目交接参考；当前归档未找到原始 S 阶段解析 CSV,UAGMC_SOURCE passenger-only + LQ,84.19,128.76,exp11 同包曲线；训练种子 1；评估种子 123-125；本矩阵另有种子 2-5 四条 UAGMC 曲线,需核对同物理/guard/轨迹；解析值为交接参考，非本次独立复算
exp13,S3__CURRENT,S3,CURRENT,4,250000,179.50222222222223,149.16555555555556,7.731111111111112,21.626666666666665,1.0,True,3,3,0.0,0.0,0.0,0.0,exp13_single_priority_69p6m__analysis_snapshot_20260928.tar.gz!P0/seed4/S3__CURRENT/analysis/checkpoint_curve.csv,MPTC,85.33,项目交接参考；当前归档未找到原始 S 阶段解析 CSV,UAGMC_SOURCE passenger-only + LQ,84.19,128.76,exp11 同包曲线；训练种子 1；评估种子 123-125；本矩阵另有种子 2-5 四条 UAGMC 曲线,需核对同物理/guard/轨迹；解析值为交接参考，非本次独立复算
exp13,S3__CURRENT,S3,CURRENT,4,300000,176.6677777777778,146.18777777777777,7.878888888888889,21.626666666666665,1.0,True,3,3,0.0,0.0,0.0,0.0,exp13_single_priority_69p6m__analysis_snapshot_20260928.tar.gz!P0/seed4/S3__CURRENT/analysis/checkpoint_curve.csv,MPTC,85.33,项目交接参考；当前归档未找到原始 S 阶段解析 CSV,UAGMC_SOURCE passenger-only + LQ,84.19,128.76,exp11 同包曲线；训练种子 1；评估种子 123-125；本矩阵另有种子 2-5 四条 UAGMC 曲线,需核对同物理/guard/轨迹；解析值为交接参考，非本次独立复算
exp13,S3__CURRENT,S3,CURRENT,4,350000,160.90333333333334,130.76666666666668,7.663333333333334,21.50222222222222,1.0,True,3,3,0.0,0.0,0.0,0.0,exp13_single_priority_69p6m__analysis_snapshot_20260928.tar.gz!P0/seed4/S3__CURRENT/analysis/checkpoint_curve.csv,MPTC,85.33,项目交接参考；当前归档未找到原始 S 阶段解析 CSV,UAGMC_SOURCE passenger-only + LQ,84.19,128.76,exp11 同包曲线；训练种子 1；评估种子 123-125；本矩阵另有种子 2-5 四条 UAGMC 曲线,需核对同物理/guard/轨迹；解析值为交接参考，非本次独立复算
exp13,S3__CURRENT,S3,CURRENT,4,400000,153.00444444444443,123.18111111111112,7.597777777777778,21.26222222222222,1.0,True,3,3,0.0,0.0,0.0,0.0,exp13_single_priority_69p6m__analysis_snapshot_20260928.tar.gz!P0/seed4/S3__CURRENT/analysis/checkpoint_curve.csv,MPTC,85.33,项目交接参考；当前归档未找到原始 S 阶段解析 CSV,UAGMC_SOURCE passenger-only + LQ,84.19,128.76,exp11 同包曲线；训练种子 1；评估种子 123-125；本矩阵另有种子 2-5 四条 UAGMC 曲线,需核对同物理/guard/轨迹；解析值为交接参考，非本次独立复算
exp13,S3__CURRENT,S3,CURRENT,4,450000,156.63555555555556,126.94222222222224,7.53,21.195555555555554,1.0,True,3,3,0.0,0.0,0.0,0.0,exp13_single_priority_69p6m__analysis_snapshot_20260928.tar.gz!P0/seed4/S3__CURRENT/analysis/checkpoint_curve.csv,MPTC,85.33,项目交接参考；当前归档未找到原始 S 阶段解析 CSV,UAGMC_SOURCE passenger-only + LQ,84.19,128.76,exp11 同包曲线；训练种子 1；评估种子 123-125；本矩阵另有种子 2-5 四条 UAGMC 曲线,需核对同物理/guard/轨迹；解析值为交接参考，非本次独立复算
exp13,S3__CURRENT,S3,CURRENT,4,500000,145.26444444444445,116.2211111111111,7.188888888888889,20.884444444444444,1.0,True,3,3,0.0,0.0,0.0,0.0,exp13_single_priority_69p6m__analysis_snapshot_20260928.tar.gz!P0/seed4/S3__CURRENT/analysis/checkpoint_curve.csv,MPTC,85.33,项目交接参考；当前归档未找到原始 S 阶段解析 CSV,UAGMC_SOURCE passenger-only + LQ,84.19,128.76,exp11 同包曲线；训练种子 1；评估种子 123-125；本矩阵另有种子 2-5 四条 UAGMC 曲线,需核对同物理/guard/轨迹；解析值为交接参考，非本次独立复算
exp13,S3__CURRENT,S3,CURRENT,4,550000,142.47444444444443,113.42888888888889,7.144444444444445,20.928888888888892,1.0,True,3,3,0.0,0.0,0.0,0.0,exp13_single_priority_69p6m__analysis_snapshot_20260928.tar.gz!P0/seed4/S3__CURRENT/analysis/checkpoint_curve.csv,MPTC,85.33,项目交接参考；当前归档未找到原始 S 阶段解析 CSV,UAGMC_SOURCE passenger-only + LQ,84.19,128.76,exp11 同包曲线；训练种子 1；评估种子 123-125；本矩阵另有种子 2-5 四条 UAGMC 曲线,需核对同物理/guard/轨迹；解析值为交接参考，非本次独立复算
exp13,S3__CURRENT,S3,CURRENT,4,600000,161.92,132.3122222222222,7.391111111111111,21.24888888888889,1.0,True,3,3,0.0,0.0,0.0,0.0,exp13_single_priority_69p6m__analysis_snapshot_20260928.tar.gz!P0/seed4/S3__CURRENT/analysis/checkpoint_curve.csv,MPTC,85.33,项目交接参考；当前归档未找到原始 S 阶段解析 CSV,UAGMC_SOURCE passenger-only + LQ,84.19,128.76,exp11 同包曲线；训练种子 1；评估种子 123-125；本矩阵另有种子 2-5 四条 UAGMC 曲线,需核对同物理/guard/轨迹；解析值为交接参考，非本次独立复算
exp13,S3__CURRENT,S3,CURRENT,5,50000,165.54333333333332,137.09888888888887,6.6688888888888895,20.84888888888889,1.0,True,3,3,0.0,0.0,0.0,0.0,exp13_single_priority_69p6m__analysis_snapshot_20260928.tar.gz!P0/seed5/S3__CURRENT/analysis/checkpoint_curve.csv,MPTC,85.33,项目交接参考；当前归档未找到原始 S 阶段解析 CSV,UAGMC_SOURCE passenger-only + LQ,84.19,128.76,exp11 同包曲线；训练种子 1；评估种子 123-125；本矩阵另有种子 2-5 四条 UAGMC 曲线,需核对同物理/guard/轨迹；解析值为交接参考，非本次独立复算
exp13,S3__CURRENT,S3,CURRENT,5,100000,252.49444444444444,221.57222222222222,7.788888888888889,22.204444444444444,1.0,True,3,3,0.0,0.0,0.0,0.0,exp13_single_priority_69p6m__analysis_snapshot_20260928.tar.gz!P0/seed5/S3__CURRENT/analysis/checkpoint_curve.csv,MPTC,85.33,项目交接参考；当前归档未找到原始 S 阶段解析 CSV,UAGMC_SOURCE passenger-only + LQ,84.19,128.76,exp11 同包曲线；训练种子 1；评估种子 123-125；本矩阵另有种子 2-5 四条 UAGMC 曲线,需核对同物理/guard/轨迹；解析值为交接参考，非本次独立复算
exp13,S3__CURRENT,S3,CURRENT,5,150000,273.9444444444445,242.97333333333333,7.767777777777778,22.25333333333333,1.0,True,3,3,0.0,0.0,0.0,0.0,exp13_single_priority_69p6m__analysis_snapshot_20260928.tar.gz!P0/seed5/S3__CURRENT/analysis/checkpoint_curve.csv,MPTC,85.33,项目交接参考；当前归档未找到原始 S 阶段解析 CSV,UAGMC_SOURCE passenger-only + LQ,84.19,128.76,exp11 同包曲线；训练种子 1；评估种子 123-125；本矩阵另有种子 2-5 四条 UAGMC 曲线,需核对同物理/guard/轨迹；解析值为交接参考，非本次独立复算
exp13,S3__CURRENT,S3,CURRENT,5,200000,256.6433333333334,225.4622222222222,7.849999999999999,22.37777777777778,1.0,True,3,3,0.0,0.0,0.0,0.0,exp13_single_priority_69p6m__analysis_snapshot_20260928.tar.gz!P0/seed5/S3__CURRENT/analysis/checkpoint_curve.csv,MPTC,85.33,项目交接参考；当前归档未找到原始 S 阶段解析 CSV,UAGMC_SOURCE passenger-only + LQ,84.19,128.76,exp11 同包曲线；训练种子 1；评估种子 123-125；本矩阵另有种子 2-5 四条 UAGMC 曲线,需核对同物理/guard/轨迹；解析值为交接参考，非本次独立复算
exp13,S3__CURRENT,S3,CURRENT,5,250000,265.2477777777778,233.7411111111111,8.03,22.524444444444445,1.0,True,3,3,0.0,0.0,0.0,0.0,exp13_single_priority_69p6m__analysis_snapshot_20260928.tar.gz!P0/seed5/S3__CURRENT/analysis/checkpoint_curve.csv,MPTC,85.33,项目交接参考；当前归档未找到原始 S 阶段解析 CSV,UAGMC_SOURCE passenger-only + LQ,84.19,128.76,exp11 同包曲线；训练种子 1；评估种子 123-125；本矩阵另有种子 2-5 四条 UAGMC 曲线,需核对同物理/guard/轨迹；解析值为交接参考，非本次独立复算
exp13,S3__CURRENT,S3,CURRENT,5,300000,265.61666666666673,234.01666666666665,8.097777777777777,22.546666666666667,1.0,True,3,3,0.0,0.0,0.0,0.0,exp13_single_priority_69p6m__analysis_snapshot_20260928.tar.gz!P0/seed5/S3__CURRENT/analysis/checkpoint_curve.csv,MPTC,85.33,项目交接参考；当前归档未找到原始 S 阶段解析 CSV,UAGMC_SOURCE passenger-only + LQ,84.19,128.76,exp11 同包曲线；训练种子 1；评估种子 123-125；本矩阵另有种子 2-5 四条 UAGMC 曲线,需核对同物理/guard/轨迹；解析值为交接参考，非本次独立复算
exp13,S3__CURRENT,S3,CURRENT,5,350000,252.64444444444442,222.0677777777778,7.613333333333333,22.004444444444445,1.0,True,3,3,0.0,0.0,0.0,0.0,exp13_single_priority_69p6m__analysis_snapshot_20260928.tar.gz!P0/seed5/S3__CURRENT/analysis/checkpoint_curve.csv,MPTC,85.33,项目交接参考；当前归档未找到原始 S 阶段解析 CSV,UAGMC_SOURCE passenger-only + LQ,84.19,128.76,exp11 同包曲线；训练种子 1；评估种子 123-125；本矩阵另有种子 2-5 四条 UAGMC 曲线,需核对同物理/guard/轨迹；解析值为交接参考，非本次独立复算
exp13,S3__CURRENT,S3,CURRENT,5,400000,253.94222222222223,222.9711111111111,7.827777777777778,22.19111111111111,1.0,True,3,3,0.0,0.0,0.0,0.0,exp13_single_priority_69p6m__analysis_snapshot_20260928.tar.gz!P0/seed5/S3__CURRENT/analysis/checkpoint_curve.csv,MPTC,85.33,项目交接参考；当前归档未找到原始 S 阶段解析 CSV,UAGMC_SOURCE passenger-only + LQ,84.19,128.76,exp11 同包曲线；训练种子 1；评估种子 123-125；本矩阵另有种子 2-5 四条 UAGMC 曲线,需核对同物理/guard/轨迹；解析值为交接参考，非本次独立复算
exp13,S3__CURRENT,S3,CURRENT,5,450000,254.41666666666666,223.46333333333334,7.852222222222223,22.146666666666665,1.0,True,3,3,0.0,0.0,0.0,0.0,exp13_single_priority_69p6m__analysis_snapshot_20260928.tar.gz!P0/seed5/S3__CURRENT/analysis/checkpoint_curve.csv,MPTC,85.33,项目交接参考；当前归档未找到原始 S 阶段解析 CSV,UAGMC_SOURCE passenger-only + LQ,84.19,128.76,exp11 同包曲线；训练种子 1；评估种子 123-125；本矩阵另有种子 2-5 四条 UAGMC 曲线,需核对同物理/guard/轨迹；解析值为交接参考，非本次独立复算
exp13,S3__CURRENT,S3,CURRENT,5,500000,188.62555555555556,159.23666666666665,7.301111111111112,21.124444444444446,1.0,True,3,3,0.0,0.0,0.0,0.0,exp13_single_priority_69p6m__analysis_snapshot_20260928.tar.gz!P0/seed5/S3__CURRENT/analysis/checkpoint_curve.csv,MPTC,85.33,项目交接参考；当前归档未找到原始 S 阶段解析 CSV,UAGMC_SOURCE passenger-only + LQ,84.19,128.76,exp11 同包曲线；训练种子 1；评估种子 123-125；本矩阵另有种子 2-5 四条 UAGMC 曲线,需核对同物理/guard/轨迹；解析值为交接参考，非本次独立复算
exp13,S3__CURRENT,S3,CURRENT,5,550000,177.33555555555554,148.15555555555557,7.154444444444444,21.07111111111111,1.0,True,3,3,0.0,0.0,0.0,0.0,exp13_single_priority_69p6m__analysis_snapshot_20260928.tar.gz!P0/seed5/S3__CURRENT/analysis/checkpoint_curve.csv,MPTC,85.33,项目交接参考；当前归档未找到原始 S 阶段解析 CSV,UAGMC_SOURCE passenger-only + LQ,84.19,128.76,exp11 同包曲线；训练种子 1；评估种子 123-125；本矩阵另有种子 2-5 四条 UAGMC 曲线,需核对同物理/guard/轨迹；解析值为交接参考，非本次独立复算
exp13,S3__CURRENT,S3,CURRENT,5,600000,261.2811111111111,230.20777777777778,7.871111111111111,22.244444444444444,1.0,True,3,3,0.0,0.0,0.0,0.0,exp13_single_priority_69p6m__analysis_snapshot_20260928.tar.gz!P0/seed5/S3__CURRENT/analysis/checkpoint_curve.csv,MPTC,85.33,项目交接参考；当前归档未找到原始 S 阶段解析 CSV,UAGMC_SOURCE passenger-only + LQ,84.19,128.76,exp11 同包曲线；训练种子 1；评估种子 123-125；本矩阵另有种子 2-5 四条 UAGMC 曲线,需核对同物理/guard/轨迹；解析值为交接参考，非本次独立复算
exp13,S3__SA_GATV2_QPLEX,S3,SA_GATV2_QPLEX,4,50000,216.42,183.95777777777778,8.524444444444443,22.95555555555556,1.0,True,3,3,0.0,0.0,0.0,0.0,exp13_single_priority_69p6m__analysis_snapshot_20260928.tar.gz!P1/seed4/S3__SA_GATV2_QPLEX/analysis/checkpoint_curve.csv,MPTC,85.33,项目交接参考；当前归档未找到原始 S 阶段解析 CSV,UAGMC_SOURCE passenger-only + LQ,84.19,128.76,exp11 同包曲线；训练种子 1；评估种子 123-125；本矩阵另有种子 2-5 四条 UAGMC 曲线,需核对同物理/guard/轨迹；解析值为交接参考，非本次独立复算
exp13,S3__SA_GATV2_QPLEX,S3,SA_GATV2_QPLEX,4,100000,194.10777777777776,161.98333333333335,8.394444444444444,22.76,1.0,True,3,3,0.0,0.0,0.0,0.0,exp13_single_priority_69p6m__analysis_snapshot_20260928.tar.gz!P1/seed4/S3__SA_GATV2_QPLEX/analysis/checkpoint_curve.csv,MPTC,85.33,项目交接参考；当前归档未找到原始 S 阶段解析 CSV,UAGMC_SOURCE passenger-only + LQ,84.19,128.76,exp11 同包曲线；训练种子 1；评估种子 123-125；本矩阵另有种子 2-5 四条 UAGMC 曲线,需核对同物理/guard/轨迹；解析值为交接参考，非本次独立复算
exp13,S3__SA_GATV2_QPLEX,S3,SA_GATV2_QPLEX,4,150000,222.4677777777778,189.92444444444445,8.556666666666667,23.0,1.0,True,3,3,0.0,0.0,0.0,0.0,exp13_single_priority_69p6m__analysis_snapshot_20260928.tar.gz!P1/seed4/S3__SA_GATV2_QPLEX/analysis/checkpoint_curve.csv,MPTC,85.33,项目交接参考；当前归档未找到原始 S 阶段解析 CSV,UAGMC_SOURCE passenger-only + LQ,84.19,128.76,exp11 同包曲线；训练种子 1；评估种子 123-125；本矩阵另有种子 2-5 四条 UAGMC 曲线,需核对同物理/guard/轨迹；解析值为交接参考，非本次独立复算
exp13,S3__SA_GATV2_QPLEX,S3,SA_GATV2_QPLEX,4,200000,205.85555555555553,173.99222222222224,8.307777777777778,22.56888888888889,1.0,True,3,3,0.0,0.0,0.0,0.0,exp13_single_priority_69p6m__analysis_snapshot_20260928.tar.gz!P1/seed4/S3__SA_GATV2_QPLEX/analysis/checkpoint_curve.csv,MPTC,85.33,项目交接参考；当前归档未找到原始 S 阶段解析 CSV,UAGMC_SOURCE passenger-only + LQ,84.19,128.76,exp11 同包曲线；训练种子 1；评估种子 123-125；本矩阵另有种子 2-5 四条 UAGMC 曲线,需核对同物理/guard/轨迹；解析值为交接参考，非本次独立复算
exp13,S3__SA_GATV2_QPLEX,S3,SA_GATV2_QPLEX,4,250000,188.86666666666667,157.47,8.14111111111111,22.28,1.0,True,3,3,0.0,0.0,0.0,0.0,exp13_single_priority_69p6m__analysis_snapshot_20260928.tar.gz!P1/seed4/S3__SA_GATV2_QPLEX/analysis/checkpoint_curve.csv,MPTC,85.33,项目交接参考；当前归档未找到原始 S 阶段解析 CSV,UAGMC_SOURCE passenger-only + LQ,84.19,128.76,exp11 同包曲线；训练种子 1；评估种子 123-125；本矩阵另有种子 2-5 四条 UAGMC 曲线,需核对同物理/guard/轨迹；解析值为交接参考，非本次独立复算
exp13,S3__SA_GATV2_QPLEX,S3,SA_GATV2_QPLEX,4,300000,188.87777777777777,157.9911111111111,7.993333333333332,21.92,1.0,True,3,3,0.0,0.0,0.0,0.0,exp13_single_priority_69p6m__analysis_snapshot_20260928.tar.gz!P1/seed4/S3__SA_GATV2_QPLEX/analysis/checkpoint_curve.csv,MPTC,85.33,项目交接参考；当前归档未找到原始 S 阶段解析 CSV,UAGMC_SOURCE passenger-only + LQ,84.19,128.76,exp11 同包曲线；训练种子 1；评估种子 123-125；本矩阵另有种子 2-5 四条 UAGMC 曲线,需核对同物理/guard/轨迹；解析值为交接参考，非本次独立复算
exp13,S3__SA_GATV2_QPLEX,S3,SA_GATV2_QPLEX,4,350000,181.45666666666668,150.56111111111113,7.917777777777778,22.013333333333332,1.0,True,3,3,0.0,0.0,0.0,0.0,exp13_single_priority_69p6m__analysis_snapshot_20260928.tar.gz!P1/seed4/S3__SA_GATV2_QPLEX/analysis/checkpoint_curve.csv,MPTC,85.33,项目交接参考；当前归档未找到原始 S 阶段解析 CSV,UAGMC_SOURCE passenger-only + LQ,84.19,128.76,exp11 同包曲线；训练种子 1；评估种子 123-125；本矩阵另有种子 2-5 四条 UAGMC 曲线,需核对同物理/guard/轨迹；解析值为交接参考，非本次独立复算
exp13,S3__SA_GATV2_QPLEX,S3,SA_GATV2_QPLEX,4,400000,173.96,142.97222222222226,7.9688888888888885,22.057777777777776,1.0,True,3,3,0.0,0.0,0.0,0.0,exp13_single_priority_69p6m__analysis_snapshot_20260928.tar.gz!P1/seed4/S3__SA_GATV2_QPLEX/analysis/checkpoint_curve.csv,MPTC,85.33,项目交接参考；当前归档未找到原始 S 阶段解析 CSV,UAGMC_SOURCE passenger-only + LQ,84.19,128.76,exp11 同包曲线；训练种子 1；评估种子 123-125；本矩阵另有种子 2-5 四条 UAGMC 曲线,需核对同物理/guard/轨迹；解析值为交接参考，非本次独立复算
exp13,S3__SA_GATV2_QPLEX,S3,SA_GATV2_QPLEX,4,450000,148.20111111111112,118.83999999999999,7.335555555555556,21.04888888888889,1.0,True,3,3,0.0,0.0,0.0,0.0,exp13_single_priority_69p6m__analysis_snapshot_20260928.tar.gz!P1/seed4/S3__SA_GATV2_QPLEX/analysis/checkpoint_curve.csv,MPTC,85.33,项目交接参考；当前归档未找到原始 S 阶段解析 CSV,UAGMC_SOURCE passenger-only + LQ,84.19,128.76,exp11 同包曲线；训练种子 1；评估种子 123-125；本矩阵另有种子 2-5 四条 UAGMC 曲线,需核对同物理/guard/轨迹；解析值为交接参考，非本次独立复算
exp13,S3__SA_GATV2_QPLEX,S3,SA_GATV2_QPLEX,4,500000,126.8577777777778,98.42333333333333,7.016666666666666,20.453333333333333,1.0,True,3,3,0.0,0.0,0.0,0.0,exp13_single_priority_69p6m__analysis_snapshot_20260928.tar.gz!P1/seed4/S3__SA_GATV2_QPLEX/analysis/checkpoint_curve.csv,MPTC,85.33,项目交接参考；当前归档未找到原始 S 阶段解析 CSV,UAGMC_SOURCE passenger-only + LQ,84.19,128.76,exp11 同包曲线；训练种子 1；评估种子 123-125；本矩阵另有种子 2-5 四条 UAGMC 曲线,需核对同物理/guard/轨迹；解析值为交接参考，非本次独立复算
exp13,S3__SA_GATV2_QPLEX,S3,SA_GATV2_QPLEX,4,550000,101.69777777777777,73.91777777777777,6.669999999999999,20.14222222222222,1.0,True,3,3,0.0,0.0,0.0,0.0,exp13_single_priority_69p6m__analysis_snapshot_20260928.tar.gz!P1/seed4/S3__SA_GATV2_QPLEX/analysis/checkpoint_curve.csv,MPTC,85.33,项目交接参考；当前归档未找到原始 S 阶段解析 CSV,UAGMC_SOURCE passenger-only + LQ,84.19,128.76,exp11 同包曲线；训练种子 1；评估种子 123-125；本矩阵另有种子 2-5 四条 UAGMC 曲线,需核对同物理/guard/轨迹；解析值为交接参考，非本次独立复算
exp13,S3__SA_GATV2_QPLEX,S3,SA_GATV2_QPLEX,4,600000,81.67111111111112,54.61555555555555,6.521111111111111,19.599999999999998,1.0,True,3,3,0.0,0.0,0.0,0.0,exp13_single_priority_69p6m__analysis_snapshot_20260928.tar.gz!P1/seed4/S3__SA_GATV2_QPLEX/analysis/checkpoint_curve.csv,MPTC,85.33,项目交接参考；当前归档未找到原始 S 阶段解析 CSV,UAGMC_SOURCE passenger-only + LQ,84.19,128.76,exp11 同包曲线；训练种子 1；评估种子 123-125；本矩阵另有种子 2-5 四条 UAGMC 曲线,需核对同物理/guard/轨迹；解析值为交接参考，非本次独立复算
exp13,S3__SA_GATV2_QPLEX,S3,SA_GATV2_QPLEX,5,50000,257.52666666666664,226.81222222222223,7.6688888888888895,22.12,1.0,True,3,3,0.0,0.0,0.0,0.0,exp13_single_priority_69p6m__analysis_snapshot_20260928.tar.gz!P1/seed5/S3__SA_GATV2_QPLEX/analysis/checkpoint_curve.csv,MPTC,85.33,项目交接参考；当前归档未找到原始 S 阶段解析 CSV,UAGMC_SOURCE passenger-only + LQ,84.19,128.76,exp11 同包曲线；训练种子 1；评估种子 123-125；本矩阵另有种子 2-5 四条 UAGMC 曲线,需核对同物理/guard/轨迹；解析值为交接参考，非本次独立复算
exp13,S3__SA_GATV2_QPLEX,S3,SA_GATV2_QPLEX,5,100000,257.2422222222222,227.17666666666665,7.247777777777777,21.853333333333335,1.0,True,3,3,0.0,0.0,0.0,0.0,exp13_single_priority_69p6m__analysis_snapshot_20260928.tar.gz!P1/seed5/S3__SA_GATV2_QPLEX/analysis/checkpoint_curve.csv,MPTC,85.33,项目交接参考；当前归档未找到原始 S 阶段解析 CSV,UAGMC_SOURCE passenger-only + LQ,84.19,128.76,exp11 同包曲线；训练种子 1；评估种子 123-125；本矩阵另有种子 2-5 四条 UAGMC 曲线,需核对同物理/guard/轨迹；解析值为交接参考，非本次独立复算
exp13,S3__SA_GATV2_QPLEX,S3,SA_GATV2_QPLEX,5,150000,203.61444444444444,174.34444444444443,6.878888888888889,21.444444444444443,1.0,True,3,3,0.0,0.0,0.0,0.0,exp13_single_priority_69p6m__analysis_snapshot_20260928.tar.gz!P1/seed5/S3__SA_GATV2_QPLEX/analysis/checkpoint_curve.csv,MPTC,85.33,项目交接参考；当前归档未找到原始 S 阶段解析 CSV,UAGMC_SOURCE passenger-only + LQ,84.19,128.76,exp11 同包曲线；训练种子 1；评估种子 123-125；本矩阵另有种子 2-5 四条 UAGMC 曲线,需核对同物理/guard/轨迹；解析值为交接参考，非本次独立复算
exp13,S3__SA_GATV2_QPLEX,S3,SA_GATV2_QPLEX,5,200000,158.63777777777776,130.8188888888889,6.434444444444445,20.444444444444443,1.0,True,3,3,0.0,0.0,0.0,0.0,exp13_single_priority_69p6m__analysis_snapshot_20260928.tar.gz!P1/seed5/S3__SA_GATV2_QPLEX/analysis/checkpoint_curve.csv,MPTC,85.33,项目交接参考；当前归档未找到原始 S 阶段解析 CSV,UAGMC_SOURCE passenger-only + LQ,84.19,128.76,exp11 同包曲线；训练种子 1；评估种子 123-125；本矩阵另有种子 2-5 四条 UAGMC 曲线,需核对同物理/guard/轨迹；解析值为交接参考，非本次独立复算
exp13,S3__SA_GATV2_QPLEX,S3,SA_GATV2_QPLEX,5,250000,239.19555555555553,209.36222222222224,7.2811111111111115,21.604444444444443,1.0,True,3,3,0.0,0.0,0.0,0.0,exp13_single_priority_69p6m__analysis_snapshot_20260928.tar.gz!P1/seed5/S3__SA_GATV2_QPLEX/analysis/checkpoint_curve.csv,MPTC,85.33,项目交接参考；当前归档未找到原始 S 阶段解析 CSV,UAGMC_SOURCE passenger-only + LQ,84.19,128.76,exp11 同包曲线；训练种子 1；评估种子 123-125；本矩阵另有种子 2-5 四条 UAGMC 曲线,需核对同物理/guard/轨迹；解析值为交接参考，非本次独立复算
exp13,S3__SA_GATV2_QPLEX,S3,SA_GATV2_QPLEX,5,300000,168.2788888888889,139.80888888888887,6.814444444444444,20.72,1.0,True,3,3,0.0,0.0,0.0,0.0,exp13_single_priority_69p6m__analysis_snapshot_20260928.tar.gz!P1/seed5/S3__SA_GATV2_QPLEX/analysis/checkpoint_curve.csv,MPTC,85.33,项目交接参考；当前归档未找到原始 S 阶段解析 CSV,UAGMC_SOURCE passenger-only + LQ,84.19,128.76,exp11 同包曲线；训练种子 1；评估种子 123-125；本矩阵另有种子 2-5 四条 UAGMC 曲线,需核对同物理/guard/轨迹；解析值为交接参考，非本次独立复算
exp13,S3__SA_GATV2_QPLEX,S3,SA_GATV2_QPLEX,5,350000,241.0288888888889,210.75333333333333,7.615555555555556,21.706666666666667,1.0,True,3,3,0.0,0.0,0.0,0.0,exp13_single_priority_69p6m__analysis_snapshot_20260928.tar.gz!P1/seed5/S3__SA_GATV2_QPLEX/analysis/checkpoint_curve.csv,MPTC,85.33,项目交接参考；当前归档未找到原始 S 阶段解析 CSV,UAGMC_SOURCE passenger-only + LQ,84.19,128.76,exp11 同包曲线；训练种子 1；评估种子 123-125；本矩阵另有种子 2-5 四条 UAGMC 曲线,需核对同物理/guard/轨迹；解析值为交接参考，非本次独立复算
exp13,S3__SA_GATV2_QPLEX,S3,SA_GATV2_QPLEX,5,400000,199.38444444444443,170.05444444444444,7.187777777777778,21.195555555555554,1.0,True,3,3,0.0,0.0,0.0,0.0,exp13_single_priority_69p6m__analysis_snapshot_20260928.tar.gz!P1/seed5/S3__SA_GATV2_QPLEX/analysis/checkpoint_curve.csv,MPTC,85.33,项目交接参考；当前归档未找到原始 S 阶段解析 CSV,UAGMC_SOURCE passenger-only + LQ,84.19,128.76,exp11 同包曲线；训练种子 1；评估种子 123-125；本矩阵另有种子 2-5 四条 UAGMC 曲线,需核对同物理/guard/轨迹；解析值为交接参考，非本次独立复算
exp13,S3__SA_GATV2_QPLEX,S3,SA_GATV2_QPLEX,5,450000,185.49444444444444,156.35222222222222,7.071111111111112,21.124444444444446,1.0,True,3,3,0.0,0.0,0.0,0.0,exp13_single_priority_69p6m__analysis_snapshot_20260928.tar.gz!P1/seed5/S3__SA_GATV2_QPLEX/analysis/checkpoint_curve.csv,MPTC,85.33,项目交接参考；当前归档未找到原始 S 阶段解析 CSV,UAGMC_SOURCE passenger-only + LQ,84.19,128.76,exp11 同包曲线；训练种子 1；评估种子 123-125；本矩阵另有种子 2-5 四条 UAGMC 曲线,需核对同物理/guard/轨迹；解析值为交接参考，非本次独立复算
exp13,S3__SA_GATV2_QPLEX,S3,SA_GATV2_QPLEX,5,500000,247.8977777777778,217.56777777777776,7.662222222222222,21.733333333333334,1.0,True,3,3,0.0,0.0,0.0,0.0,exp13_single_priority_69p6m__analysis_snapshot_20260928.tar.gz!P1/seed5/S3__SA_GATV2_QPLEX/analysis/checkpoint_curve.csv,MPTC,85.33,项目交接参考；当前归档未找到原始 S 阶段解析 CSV,UAGMC_SOURCE passenger-only + LQ,84.19,128.76,exp11 同包曲线；训练种子 1；评估种子 123-125；本矩阵另有种子 2-5 四条 UAGMC 曲线,需核对同物理/guard/轨迹；解析值为交接参考，非本次独立复算
exp13,S3__SA_GATV2_QPLEX,S3,SA_GATV2_QPLEX,5,550000,159.54444444444445,131.05555555555554,6.875555555555555,20.680000000000003,1.0,True,3,3,0.0,0.0,0.0,0.0,exp13_single_priority_69p6m__analysis_snapshot_20260928.tar.gz!P1/seed5/S3__SA_GATV2_QPLEX/analysis/checkpoint_curve.csv,MPTC,85.33,项目交接参考；当前归档未找到原始 S 阶段解析 CSV,UAGMC_SOURCE passenger-only + LQ,84.19,128.76,exp11 同包曲线；训练种子 1；评估种子 123-125；本矩阵另有种子 2-5 四条 UAGMC 曲线,需核对同物理/guard/轨迹；解析值为交接参考，非本次独立复算
exp13,S3__SA_GATV2_QPLEX,S3,SA_GATV2_QPLEX,5,600000,127.74000000000001,100.16777777777777,6.4511111111111115,20.2,1.0,True,3,3,0.0,0.0,0.0,0.0,exp13_single_priority_69p6m__analysis_snapshot_20260928.tar.gz!P1/seed5/S3__SA_GATV2_QPLEX/analysis/checkpoint_curve.csv,MPTC,85.33,项目交接参考；当前归档未找到原始 S 阶段解析 CSV,UAGMC_SOURCE passenger-only + LQ,84.19,128.76,exp11 同包曲线；训练种子 1；评估种子 123-125；本矩阵另有种子 2-5 四条 UAGMC 曲线,需核对同物理/guard/轨迹；解析值为交接参考，非本次独立复算
exp13,S3__SA_GATV2_QPLEX,S3,SA_GATV2_QPLEX,6,50000,222.4677777777778,189.92444444444445,8.556666666666667,23.0,1.0,True,3,3,0.0,0.0,0.0,0.0,exp13_single_priority_69p6m__analysis_snapshot_20260928.tar.gz!P2/seed6/S3__SA_GATV2_QPLEX/analysis/checkpoint_curve.csv,MPTC,85.33,项目交接参考；当前归档未找到原始 S 阶段解析 CSV,UAGMC_SOURCE passenger-only + LQ,84.19,128.76,exp11 同包曲线；训练种子 1；评估种子 123-125；本矩阵另有种子 2-5 四条 UAGMC 曲线,需核对同物理/guard/轨迹；解析值为交接参考，非本次独立复算
exp13,S3__SA_GATV2_QPLEX,S3,SA_GATV2_QPLEX,6,100000,166.47,137.16,7.526666666666666,20.84,1.0,True,3,3,0.0,0.0,0.0,0.0,exp13_single_priority_69p6m__analysis_snapshot_20260928.tar.gz!P2/seed6/S3__SA_GATV2_QPLEX/analysis/checkpoint_curve.csv,MPTC,85.33,项目交接参考；当前归档未找到原始 S 阶段解析 CSV,UAGMC_SOURCE passenger-only + LQ,84.19,128.76,exp11 同包曲线；训练种子 1；评估种子 123-125；本矩阵另有种子 2-5 四条 UAGMC 曲线,需核对同物理/guard/轨迹；解析值为交接参考，非本次独立复算
exp13,S3__SA_GATV2_QPLEX,S3,SA_GATV2_QPLEX,6,150000,203.9077777777778,174.1022222222222,7.338888888888889,21.54222222222222,1.0,True,3,3,0.0,0.0,0.0,0.0,exp13_single_priority_69p6m__analysis_snapshot_20260928.tar.gz!P2/seed6/S3__SA_GATV2_QPLEX/analysis/checkpoint_curve.csv,MPTC,85.33,项目交接参考；当前归档未找到原始 S 阶段解析 CSV,UAGMC_SOURCE passenger-only + LQ,84.19,128.76,exp11 同包曲线；训练种子 1；评估种子 123-125；本矩阵另有种子 2-5 四条 UAGMC 曲线,需核对同物理/guard/轨迹；解析值为交接参考，非本次独立复算
exp13,S3__SA_GATV2_QPLEX,S3,SA_GATV2_QPLEX,6,200000,212.60555555555553,182.08777777777777,7.662222222222223,21.92888888888889,1.0,True,3,3,0.0,0.0,0.0,0.0,exp13_single_priority_69p6m__analysis_snapshot_20260928.tar.gz!P2/seed6/S3__SA_GATV2_QPLEX/analysis/checkpoint_curve.csv,MPTC,85.33,项目交接参考；当前归档未找到原始 S 阶段解析 CSV,UAGMC_SOURCE passenger-only + LQ,84.19,128.76,exp11 同包曲线；训练种子 1；评估种子 123-125；本矩阵另有种子 2-5 四条 UAGMC 曲线,需核对同物理/guard/轨迹；解析值为交接参考，非本次独立复算
exp13,S3__SA_GATV2_QPLEX,S3,SA_GATV2_QPLEX,6,250000,224.7611111111111,194.46777777777777,7.673333333333333,21.697777777777777,1.0,True,3,3,0.0,0.0,0.0,0.0,exp13_single_priority_69p6m__analysis_snapshot_20260928.tar.gz!P2/seed6/S3__SA_GATV2_QPLEX/analysis/checkpoint_curve.csv,MPTC,85.33,项目交接参考；当前归档未找到原始 S 阶段解析 CSV,UAGMC_SOURCE passenger-only + LQ,84.19,128.76,exp11 同包曲线；训练种子 1；评估种子 123-125；本矩阵另有种子 2-5 四条 UAGMC 曲线,需核对同物理/guard/轨迹；解析值为交接参考，非本次独立复算
exp13,S3__SA_GATV2_QPLEX,S3,SA_GATV2_QPLEX,6,300000,235.07444444444445,204.56222222222223,7.685555555555555,21.90222222222222,1.0,True,3,3,0.0,0.0,0.0,0.0,exp13_single_priority_69p6m__analysis_snapshot_20260928.tar.gz!P2/seed6/S3__SA_GATV2_QPLEX/analysis/checkpoint_curve.csv,MPTC,85.33,项目交接参考；当前归档未找到原始 S 阶段解析 CSV,UAGMC_SOURCE passenger-only + LQ,84.19,128.76,exp11 同包曲线；训练种子 1；评估种子 123-125；本矩阵另有种子 2-5 四条 UAGMC 曲线,需核对同物理/guard/轨迹；解析值为交接参考，非本次独立复算
exp13,S3__SA_GATV2_QPLEX,S3,SA_GATV2_QPLEX,6,350000,245.51555555555558,214.92333333333332,7.685555555555555,21.982222222222223,1.0,True,3,3,0.0,0.0,0.0,0.0,exp13_single_priority_69p6m__analysis_snapshot_20260928.tar.gz!P2/seed6/S3__SA_GATV2_QPLEX/analysis/checkpoint_curve.csv,MPTC,85.33,项目交接参考；当前归档未找到原始 S 阶段解析 CSV,UAGMC_SOURCE passenger-only + LQ,84.19,128.76,exp11 同包曲线；训练种子 1；评估种子 123-125；本矩阵另有种子 2-5 四条 UAGMC 曲线,需核对同物理/guard/轨迹；解析值为交接参考，非本次独立复算
exp13,S3__SA_GATV2_QPLEX,S3,SA_GATV2_QPLEX,6,400000,204.7822222222222,174.7777777777778,7.595555555555556,21.46666666666667,1.0,True,3,3,0.0,0.0,0.0,0.0,exp13_single_priority_69p6m__analysis_snapshot_20260928.tar.gz!P2/seed6/S3__SA_GATV2_QPLEX/analysis/checkpoint_curve.csv,MPTC,85.33,项目交接参考；当前归档未找到原始 S 阶段解析 CSV,UAGMC_SOURCE passenger-only + LQ,84.19,128.76,exp11 同包曲线；训练种子 1；评估种子 123-125；本矩阵另有种子 2-5 四条 UAGMC 曲线,需核对同物理/guard/轨迹；解析值为交接参考，非本次独立复算
exp13,S3__SA_GATV2_QPLEX,S3,SA_GATV2_QPLEX,6,450000,157.18444444444444,128.3511111111111,7.243333333333333,20.64888888888889,1.0,True,3,3,0.0,0.0,0.0,0.0,exp13_single_priority_69p6m__analysis_snapshot_20260928.tar.gz!P2/seed6/S3__SA_GATV2_QPLEX/analysis/checkpoint_curve.csv,MPTC,85.33,项目交接参考；当前归档未找到原始 S 阶段解析 CSV,UAGMC_SOURCE passenger-only + LQ,84.19,128.76,exp11 同包曲线；训练种子 1；评估种子 123-125；本矩阵另有种子 2-5 四条 UAGMC 曲线,需核对同物理/guard/轨迹；解析值为交接参考，非本次独立复算
exp13,S3__SA_GATV2_QPLEX,S3,SA_GATV2_QPLEX,6,500000,159.47111111111113,130.79333333333332,7.072222222222222,20.671111111111113,1.0,True,3,3,0.0,0.0,0.0,0.0,exp13_single_priority_69p6m__analysis_snapshot_20260928.tar.gz!P2/seed6/S3__SA_GATV2_QPLEX/analysis/checkpoint_curve.csv,MPTC,85.33,项目交接参考；当前归档未找到原始 S 阶段解析 CSV,UAGMC_SOURCE passenger-only + LQ,84.19,128.76,exp11 同包曲线；训练种子 1；评估种子 123-125；本矩阵另有种子 2-5 四条 UAGMC 曲线,需核对同物理/guard/轨迹；解析值为交接参考，非本次独立复算
exp13,S3__SA_GATV2_QPLEX,S3,SA_GATV2_QPLEX,6,550000,150.5577777777778,121.73222222222223,7.178888888888889,20.720000000000002,1.0,True,3,3,0.0,0.0,0.0,0.0,exp13_single_priority_69p6m__analysis_snapshot_20260928.tar.gz!P2/seed6/S3__SA_GATV2_QPLEX/analysis/checkpoint_curve.csv,MPTC,85.33,项目交接参考；当前归档未找到原始 S 阶段解析 CSV,UAGMC_SOURCE passenger-only + LQ,84.19,128.76,exp11 同包曲线；训练种子 1；评估种子 123-125；本矩阵另有种子 2-5 四条 UAGMC 曲线,需核对同物理/guard/轨迹；解析值为交接参考，非本次独立复算
exp13,S3__SA_GATV2_QPLEX,S3,SA_GATV2_QPLEX,6,600000,118.66555555555556,90.41777777777777,6.914444444444444,20.42222222222222,1.0,True,3,3,0.0,0.0,0.0,0.0,exp13_single_priority_69p6m__analysis_snapshot_20260928.tar.gz!P2/seed6/S3__SA_GATV2_QPLEX/analysis/checkpoint_curve.csv,MPTC,85.33,项目交接参考；当前归档未找到原始 S 阶段解析 CSV,UAGMC_SOURCE passenger-only + LQ,84.19,128.76,exp11 同包曲线；训练种子 1；评估种子 123-125；本矩阵另有种子 2-5 四条 UAGMC 曲线,需核对同物理/guard/轨迹；解析值为交接参考，非本次独立复算
exp13,S3__SA_GATV2_QPLEX,S3,SA_GATV2_QPLEX,7,50000,127.03111111111112,98.64111111111112,6.738888888888888,20.72888888888889,1.0,True,3,3,0.0,0.0,0.0,0.0,exp13_single_priority_69p6m__analysis_snapshot_20260928.tar.gz!P2/seed7/S3__SA_GATV2_QPLEX/analysis/checkpoint_curve.csv,MPTC,85.33,项目交接参考；当前归档未找到原始 S 阶段解析 CSV,UAGMC_SOURCE passenger-only + LQ,84.19,128.76,exp11 同包曲线；训练种子 1；评估种子 123-125；本矩阵另有种子 2-5 四条 UAGMC 曲线,需核对同物理/guard/轨迹；解析值为交接参考，非本次独立复算
exp13,S3__SA_GATV2_QPLEX,S3,SA_GATV2_QPLEX,7,100000,197.40555555555557,165.51999999999998,8.172222222222222,22.73777777777778,1.0,True,3,3,0.0,0.0,0.0,0.0,exp13_single_priority_69p6m__analysis_snapshot_20260928.tar.gz!P2/seed7/S3__SA_GATV2_QPLEX/analysis/checkpoint_curve.csv,MPTC,85.33,项目交接参考；当前归档未找到原始 S 阶段解析 CSV,UAGMC_SOURCE passenger-only + LQ,84.19,128.76,exp11 同包曲线；训练种子 1；评估种子 123-125；本矩阵另有种子 2-5 四条 UAGMC 曲线,需核对同物理/guard/轨迹；解析值为交接参考，非本次独立复算
exp13,S3__SA_GATV2_QPLEX,S3,SA_GATV2_QPLEX,7,150000,192.25222222222223,161.22,7.695555555555555,22.36,1.0,True,3,3,0.0,0.0,0.0,0.0,exp13_single_priority_69p6m__analysis_snapshot_20260928.tar.gz!P2/seed7/S3__SA_GATV2_QPLEX/analysis/checkpoint_curve.csv,MPTC,85.33,项目交接参考；当前归档未找到原始 S 阶段解析 CSV,UAGMC_SOURCE passenger-only + LQ,84.19,128.76,exp11 同包曲线；训练种子 1；评估种子 123-125；本矩阵另有种子 2-5 四条 UAGMC 曲线,需核对同物理/guard/轨迹；解析值为交接参考，非本次独立复算
exp13,S3__SA_GATV2_QPLEX,S3,SA_GATV2_QPLEX,7,200000,191.72444444444443,160.63666666666666,7.830000000000001,22.28,1.0,True,3,3,0.0,0.0,0.0,0.0,exp13_single_priority_69p6m__analysis_snapshot_20260928.tar.gz!P2/seed7/S3__SA_GATV2_QPLEX/analysis/checkpoint_curve.csv,MPTC,85.33,项目交接参考；当前归档未找到原始 S 阶段解析 CSV,UAGMC_SOURCE passenger-only + LQ,84.19,128.76,exp11 同包曲线；训练种子 1；评估种子 123-125；本矩阵另有种子 2-5 四条 UAGMC 曲线,需核对同物理/guard/轨迹；解析值为交接参考，非本次独立复算
exp13,S3__SA_GATV2_QPLEX,S3,SA_GATV2_QPLEX,7,250000,186.6866666666667,156.14222222222222,7.571111111111112,21.995555555555555,1.0,True,3,3,0.0,0.0,0.0,0.0,exp13_single_priority_69p6m__analysis_snapshot_20260928.tar.gz!P2/seed7/S3__SA_GATV2_QPLEX/analysis/checkpoint_curve.csv,MPTC,85.33,项目交接参考；当前归档未找到原始 S 阶段解析 CSV,UAGMC_SOURCE passenger-only + LQ,84.19,128.76,exp11 同包曲线；训练种子 1；评估种子 123-125；本矩阵另有种子 2-5 四条 UAGMC 曲线,需核对同物理/guard/轨迹；解析值为交接参考，非本次独立复算
exp13,S3__SA_GATV2_QPLEX,S3,SA_GATV2_QPLEX,7,300000,172.39,142.23,7.4622222222222225,21.715555555555557,1.0,True,3,3,0.0,0.0,0.0,0.0,exp13_single_priority_69p6m__analysis_snapshot_20260928.tar.gz!P2/seed7/S3__SA_GATV2_QPLEX/analysis/checkpoint_curve.csv,MPTC,85.33,项目交接参考；当前归档未找到原始 S 阶段解析 CSV,UAGMC_SOURCE passenger-only + LQ,84.19,128.76,exp11 同包曲线；训练种子 1；评估种子 123-125；本矩阵另有种子 2-5 四条 UAGMC 曲线,需核对同物理/guard/轨迹；解析值为交接参考，非本次独立复算
exp13,S3__SA_GATV2_QPLEX,S3,SA_GATV2_QPLEX,7,350000,165.75555555555556,135.6533333333333,7.6000000000000005,21.52,1.0,True,3,3,0.0,0.0,0.0,0.0,exp13_single_priority_69p6m__analysis_snapshot_20260928.tar.gz!P2/seed7/S3__SA_GATV2_QPLEX/analysis/checkpoint_curve.csv,MPTC,85.33,项目交接参考；当前归档未找到原始 S 阶段解析 CSV,UAGMC_SOURCE passenger-only + LQ,84.19,128.76,exp11 同包曲线；训练种子 1；评估种子 123-125；本矩阵另有种子 2-5 四条 UAGMC 曲线,需核对同物理/guard/轨迹；解析值为交接参考，非本次独立复算
exp13,S3__SA_GATV2_QPLEX,S3,SA_GATV2_QPLEX,7,400000,178.3711111111111,148.14222222222222,7.615555555555555,21.63111111111111,1.0,True,3,3,0.0,0.0,0.0,0.0,exp13_single_priority_69p6m__analysis_snapshot_20260928.tar.gz!P2/seed7/S3__SA_GATV2_QPLEX/analysis/checkpoint_curve.csv,MPTC,85.33,项目交接参考；当前归档未找到原始 S 阶段解析 CSV,UAGMC_SOURCE passenger-only + LQ,84.19,128.76,exp11 同包曲线；训练种子 1；评估种子 123-125；本矩阵另有种子 2-5 四条 UAGMC 曲线,需核对同物理/guard/轨迹；解析值为交接参考，非本次独立复算
exp13,S3__SA_GATV2_QPLEX,S3,SA_GATV2_QPLEX,7,450000,179.59888888888887,149.15333333333334,7.686666666666667,21.777777777777775,1.0,True,3,3,0.0,0.0,0.0,0.0,exp13_single_priority_69p6m__analysis_snapshot_20260928.tar.gz!P2/seed7/S3__SA_GATV2_QPLEX/analysis/checkpoint_curve.csv,MPTC,85.33,项目交接参考；当前归档未找到原始 S 阶段解析 CSV,UAGMC_SOURCE passenger-only + LQ,84.19,128.76,exp11 同包曲线；训练种子 1；评估种子 123-125；本矩阵另有种子 2-5 四条 UAGMC 曲线,需核对同物理/guard/轨迹；解析值为交接参考，非本次独立复算
exp13,S3__SA_GATV2_QPLEX,S3,SA_GATV2_QPLEX,7,500000,157.1977777777778,127.73444444444446,7.3244444444444445,21.155555555555555,1.0,True,3,3,0.0,0.0,0.0,0.0,exp13_single_priority_69p6m__analysis_snapshot_20260928.tar.gz!P2/seed7/S3__SA_GATV2_QPLEX/analysis/checkpoint_curve.csv,MPTC,85.33,项目交接参考；当前归档未找到原始 S 阶段解析 CSV,UAGMC_SOURCE passenger-only + LQ,84.19,128.76,exp11 同包曲线；训练种子 1；评估种子 123-125；本矩阵另有种子 2-5 四条 UAGMC 曲线,需核对同物理/guard/轨迹；解析值为交接参考，非本次独立复算
exp13,S3__SA_GATV2_QPLEX,S3,SA_GATV2_QPLEX,7,550000,160.42333333333332,130.98000000000002,7.298888888888889,21.16,1.0,True,3,3,0.0,0.0,0.0,0.0,exp13_single_priority_69p6m__analysis_snapshot_20260928.tar.gz!P2/seed7/S3__SA_GATV2_QPLEX/analysis/checkpoint_curve.csv,MPTC,85.33,项目交接参考；当前归档未找到原始 S 阶段解析 CSV,UAGMC_SOURCE passenger-only + LQ,84.19,128.76,exp11 同包曲线；训练种子 1；评估种子 123-125；本矩阵另有种子 2-5 四条 UAGMC 曲线,需核对同物理/guard/轨迹；解析值为交接参考，非本次独立复算
exp13,S3__SA_GATV2_QPLEX,S3,SA_GATV2_QPLEX,7,600000,132.90888888888887,104.33111111111111,6.935555555555555,20.666666666666668,1.0,True,3,3,0.0,0.0,0.0,0.0,exp13_single_priority_69p6m__analysis_snapshot_20260928.tar.gz!P2/seed7/S3__SA_GATV2_QPLEX/analysis/checkpoint_curve.csv,MPTC,85.33,项目交接参考；当前归档未找到原始 S 阶段解析 CSV,UAGMC_SOURCE passenger-only + LQ,84.19,128.76,exp11 同包曲线；训练种子 1；评估种子 123-125；本矩阵另有种子 2-5 四条 UAGMC 曲线,需核对同物理/guard/轨迹；解析值为交接参考，非本次独立复算
exp13,S3__SA_GRAPHMIXER_QPLEX,S3,SA_GRAPHMIXER_QPLEX,4,50000,139.66444444444446,110.4877777777778,7.403333333333333,20.79111111111111,1.0,True,3,3,0.0,0.0,0.0,0.0,exp13_single_priority_69p6m__analysis_snapshot_20260928.tar.gz!P1/seed4/S3__SA_GRAPHMIXER_QPLEX/analysis/checkpoint_curve.csv,MPTC,85.33,项目交接参考；当前归档未找到原始 S 阶段解析 CSV,UAGMC_SOURCE passenger-only + LQ,84.19,128.76,exp11 同包曲线；训练种子 1；评估种子 123-125；本矩阵另有种子 2-5 四条 UAGMC 曲线,需核对同物理/guard/轨迹；解析值为交接参考，非本次独立复算
exp13,S3__SA_GRAPHMIXER_QPLEX,S3,SA_GRAPHMIXER_QPLEX,4,100000,195.24333333333334,164.57555555555555,7.6499999999999995,22.06222222222222,1.0,True,3,3,0.0,0.0,0.0,0.0,exp13_single_priority_69p6m__analysis_snapshot_20260928.tar.gz!P1/seed4/S3__SA_GRAPHMIXER_QPLEX/analysis/checkpoint_curve.csv,MPTC,85.33,项目交接参考；当前归档未找到原始 S 阶段解析 CSV,UAGMC_SOURCE passenger-only + LQ,84.19,128.76,exp11 同包曲线；训练种子 1；评估种子 123-125；本矩阵另有种子 2-5 四条 UAGMC 曲线,需核对同物理/guard/轨迹；解析值为交接参考，非本次独立复算
exp13,S3__SA_GRAPHMIXER_QPLEX,S3,SA_GRAPHMIXER_QPLEX,4,150000,213.6011111111111,182.15333333333334,7.96,22.52,1.0,True,3,3,0.0,0.0,0.0,0.0,exp13_single_priority_69p6m__analysis_snapshot_20260928.tar.gz!P1/seed4/S3__SA_GRAPHMIXER_QPLEX/analysis/checkpoint_curve.csv,MPTC,85.33,项目交接参考；当前归档未找到原始 S 阶段解析 CSV,UAGMC_SOURCE passenger-only + LQ,84.19,128.76,exp11 同包曲线；训练种子 1；评估种子 123-125；本矩阵另有种子 2-5 四条 UAGMC 曲线,需核对同物理/guard/轨迹；解析值为交接参考，非本次独立复算
exp13,S3__SA_GRAPHMIXER_QPLEX,S3,SA_GRAPHMIXER_QPLEX,4,200000,209.61555555555552,178.09444444444443,8.043333333333333,22.515555555555554,1.0,True,3,3,0.0,0.0,0.0,0.0,exp13_single_priority_69p6m__analysis_snapshot_20260928.tar.gz!P1/seed4/S3__SA_GRAPHMIXER_QPLEX/analysis/checkpoint_curve.csv,MPTC,85.33,项目交接参考；当前归档未找到原始 S 阶段解析 CSV,UAGMC_SOURCE passenger-only + LQ,84.19,128.76,exp11 同包曲线；训练种子 1；评估种子 123-125；本矩阵另有种子 2-5 四条 UAGMC 曲线,需核对同物理/guard/轨迹；解析值为交接参考，非本次独立复算
exp13,S3__SA_GRAPHMIXER_QPLEX,S3,SA_GRAPHMIXER_QPLEX,4,250000,171.32666666666668,141.51333333333332,7.377777777777777,21.47555555555556,1.0,True,3,3,0.0,0.0,0.0,0.0,exp13_single_priority_69p6m__analysis_snapshot_20260928.tar.gz!P1/seed4/S3__SA_GRAPHMIXER_QPLEX/analysis/checkpoint_curve.csv,MPTC,85.33,项目交接参考；当前归档未找到原始 S 阶段解析 CSV,UAGMC_SOURCE passenger-only + LQ,84.19,128.76,exp11 同包曲线；训练种子 1；评估种子 123-125；本矩阵另有种子 2-5 四条 UAGMC 曲线,需核对同物理/guard/轨迹；解析值为交接参考，非本次独立复算
exp13,S3__SA_GRAPHMIXER_QPLEX,S3,SA_GRAPHMIXER_QPLEX,4,300000,164.18444444444444,134.95777777777778,7.115555555555556,21.15111111111111,1.0,True,3,3,0.0,0.0,0.0,0.0,exp13_single_priority_69p6m__analysis_snapshot_20260928.tar.gz!P1/seed4/S3__SA_GRAPHMIXER_QPLEX/analysis/checkpoint_curve.csv,MPTC,85.33,项目交接参考；当前归档未找到原始 S 阶段解析 CSV,UAGMC_SOURCE passenger-only + LQ,84.19,128.76,exp11 同包曲线；训练种子 1；评估种子 123-125；本矩阵另有种子 2-5 四条 UAGMC 曲线,需核对同物理/guard/轨迹；解析值为交接参考，非本次独立复算
exp13,S3__SA_GRAPHMIXER_QPLEX,S3,SA_GRAPHMIXER_QPLEX,4,350000,163.5177777777778,134.11666666666667,7.227777777777778,21.213333333333335,1.0,True,3,3,0.0,0.0,0.0,0.0,exp13_single_priority_69p6m__analysis_snapshot_20260928.tar.gz!P1/seed4/S3__SA_GRAPHMIXER_QPLEX/analysis/checkpoint_curve.csv,MPTC,85.33,项目交接参考；当前归档未找到原始 S 阶段解析 CSV,UAGMC_SOURCE passenger-only + LQ,84.19,128.76,exp11 同包曲线；训练种子 1；评估种子 123-125；本矩阵另有种子 2-5 四条 UAGMC 曲线,需核对同物理/guard/轨迹；解析值为交接参考，非本次独立复算
exp13,S3__SA_GRAPHMIXER_QPLEX,S3,SA_GRAPHMIXER_QPLEX,4,400000,174.18777777777777,144.14111111111112,7.656666666666666,21.417777777777776,1.0,True,3,3,0.0,0.0,0.0,0.0,exp13_single_priority_69p6m__analysis_snapshot_20260928.tar.gz!P1/seed4/S3__SA_GRAPHMIXER_QPLEX/analysis/checkpoint_curve.csv,MPTC,85.33,项目交接参考；当前归档未找到原始 S 阶段解析 CSV,UAGMC_SOURCE passenger-only + LQ,84.19,128.76,exp11 同包曲线；训练种子 1；评估种子 123-125；本矩阵另有种子 2-5 四条 UAGMC 曲线,需核对同物理/guard/轨迹；解析值为交接参考，非本次独立复算
exp13,S3__SA_GRAPHMIXER_QPLEX,S3,SA_GRAPHMIXER_QPLEX,4,450000,178.18666666666664,148.28111111111113,7.515555555555555,21.408888888888885,1.0,True,3,3,0.0,0.0,0.0,0.0,exp13_single_priority_69p6m__analysis_snapshot_20260928.tar.gz!P1/seed4/S3__SA_GRAPHMIXER_QPLEX/analysis/checkpoint_curve.csv,MPTC,85.33,项目交接参考；当前归档未找到原始 S 阶段解析 CSV,UAGMC_SOURCE passenger-only + LQ,84.19,128.76,exp11 同包曲线；训练种子 1；评估种子 123-125；本矩阵另有种子 2-5 四条 UAGMC 曲线,需核对同物理/guard/轨迹；解析值为交接参考，非本次独立复算
exp13,S3__SA_GRAPHMIXER_QPLEX,S3,SA_GRAPHMIXER_QPLEX,4,500000,150.64444444444445,121.37333333333333,7.264444444444444,21.06222222222222,1.0,True,3,3,0.0,0.0,0.0,0.0,exp13_single_priority_69p6m__analysis_snapshot_20260928.tar.gz!P1/seed4/S3__SA_GRAPHMIXER_QPLEX/analysis/checkpoint_curve.csv,MPTC,85.33,项目交接参考；当前归档未找到原始 S 阶段解析 CSV,UAGMC_SOURCE passenger-only + LQ,84.19,128.76,exp11 同包曲线；训练种子 1；评估种子 123-125；本矩阵另有种子 2-5 四条 UAGMC 曲线,需核对同物理/guard/轨迹；解析值为交接参考，非本次独立复算
exp13,S3__SA_GRAPHMIXER_QPLEX,S3,SA_GRAPHMIXER_QPLEX,4,550000,202.96555555555554,172.90666666666667,7.563333333333333,21.537777777777777,1.0,True,3,3,0.0,0.0,0.0,0.0,exp13_single_priority_69p6m__analysis_snapshot_20260928.tar.gz!P1/seed4/S3__SA_GRAPHMIXER_QPLEX/analysis/checkpoint_curve.csv,MPTC,85.33,项目交接参考；当前归档未找到原始 S 阶段解析 CSV,UAGMC_SOURCE passenger-only + LQ,84.19,128.76,exp11 同包曲线；训练种子 1；评估种子 123-125；本矩阵另有种子 2-5 四条 UAGMC 曲线,需核对同物理/guard/轨迹；解析值为交接参考，非本次独立复算
exp13,S3__SA_GRAPHMIXER_QPLEX,S3,SA_GRAPHMIXER_QPLEX,4,600000,184.1188888888889,154.58666666666667,7.297777777777777,21.26222222222222,1.0,True,3,3,0.0,0.0,0.0,0.0,exp13_single_priority_69p6m__analysis_snapshot_20260928.tar.gz!P1/seed4/S3__SA_GRAPHMIXER_QPLEX/analysis/checkpoint_curve.csv,MPTC,85.33,项目交接参考；当前归档未找到原始 S 阶段解析 CSV,UAGMC_SOURCE passenger-only + LQ,84.19,128.76,exp11 同包曲线；训练种子 1；评估种子 123-125；本矩阵另有种子 2-5 四条 UAGMC 曲线,需核对同物理/guard/轨迹；解析值为交接参考，非本次独立复算
exp13,S3__SA_GRAPHMIXER_QPLEX,S3,SA_GRAPHMIXER_QPLEX,5,50000,617.9966666666668,591.8333333333334,6.163333333333333,19.0,1.0,True,3,3,0.0,0.0,0.0,0.0,exp13_single_priority_69p6m__analysis_snapshot_20260928.tar.gz!P1/seed5/S3__SA_GRAPHMIXER_QPLEX/analysis/checkpoint_curve.csv,MPTC,85.33,项目交接参考；当前归档未找到原始 S 阶段解析 CSV,UAGMC_SOURCE passenger-only + LQ,84.19,128.76,exp11 同包曲线；训练种子 1；评估种子 123-125；本矩阵另有种子 2-5 四条 UAGMC 曲线,需核对同物理/guard/轨迹；解析值为交接参考，非本次独立复算
exp13,S3__SA_GRAPHMIXER_QPLEX,S3,SA_GRAPHMIXER_QPLEX,5,100000,194.87,166.47555555555556,6.605555555555555,20.862222222222222,1.0,True,3,3,0.0,0.0,0.0,0.0,exp13_single_priority_69p6m__analysis_snapshot_20260928.tar.gz!P1/seed5/S3__SA_GRAPHMIXER_QPLEX/analysis/checkpoint_curve.csv,MPTC,85.33,项目交接参考；当前归档未找到原始 S 阶段解析 CSV,UAGMC_SOURCE passenger-only + LQ,84.19,128.76,exp11 同包曲线；训练种子 1；评估种子 123-125；本矩阵另有种子 2-5 四条 UAGMC 曲线,需核对同物理/guard/轨迹；解析值为交接参考，非本次独立复算
exp13,S3__SA_GRAPHMIXER_QPLEX,S3,SA_GRAPHMIXER_QPLEX,5,150000,240.8111111111111,210.49777777777777,7.525555555555556,21.844444444444445,1.0,True,3,3,0.0,0.0,0.0,0.0,exp13_single_priority_69p6m__analysis_snapshot_20260928.tar.gz!P1/seed5/S3__SA_GRAPHMIXER_QPLEX/analysis/checkpoint_curve.csv,MPTC,85.33,项目交接参考；当前归档未找到原始 S 阶段解析 CSV,UAGMC_SOURCE passenger-only + LQ,84.19,128.76,exp11 同包曲线；训练种子 1；评估种子 123-125；本矩阵另有种子 2-5 四条 UAGMC 曲线,需核对同物理/guard/轨迹；解析值为交接参考，非本次独立复算
exp13,S3__SA_GRAPHMIXER_QPLEX,S3,SA_GRAPHMIXER_QPLEX,5,200000,205.21555555555554,175.95111111111112,7.135555555555555,21.186666666666667,1.0,True,3,3,0.0,0.0,0.0,0.0,exp13_single_priority_69p6m__analysis_snapshot_20260928.tar.gz!P1/seed5/S3__SA_GRAPHMIXER_QPLEX/analysis/checkpoint_curve.csv,MPTC,85.33,项目交接参考；当前归档未找到原始 S 阶段解析 CSV,UAGMC_SOURCE passenger-only + LQ,84.19,128.76,exp11 同包曲线；训练种子 1；评估种子 123-125；本矩阵另有种子 2-5 四条 UAGMC 曲线,需核对同物理/guard/轨迹；解析值为交接参考，非本次独立复算
exp13,S3__SA_GRAPHMIXER_QPLEX,S3,SA_GRAPHMIXER_QPLEX,5,250000,209.36444444444444,179.76777777777775,7.428888888888888,21.226666666666667,1.0,True,3,3,0.0,0.0,0.0,0.0,exp13_single_priority_69p6m__analysis_snapshot_20260928.tar.gz!P1/seed5/S3__SA_GRAPHMIXER_QPLEX/analysis/checkpoint_curve.csv,MPTC,85.33,项目交接参考；当前归档未找到原始 S 阶段解析 CSV,UAGMC_SOURCE passenger-only + LQ,84.19,128.76,exp11 同包曲线；训练种子 1；评估种子 123-125；本矩阵另有种子 2-5 四条 UAGMC 曲线,需核对同物理/guard/轨迹；解析值为交接参考，非本次独立复算
exp13,S3__SA_GRAPHMIXER_QPLEX,S3,SA_GRAPHMIXER_QPLEX,5,300000,193.85777777777776,164.40444444444444,7.35111111111111,21.177777777777777,1.0,True,3,3,0.0,0.0,0.0,0.0,exp13_single_priority_69p6m__analysis_snapshot_20260928.tar.gz!P1/seed5/S3__SA_GRAPHMIXER_QPLEX/analysis/checkpoint_curve.csv,MPTC,85.33,项目交接参考；当前归档未找到原始 S 阶段解析 CSV,UAGMC_SOURCE passenger-only + LQ,84.19,128.76,exp11 同包曲线；训练种子 1；评估种子 123-125；本矩阵另有种子 2-5 四条 UAGMC 曲线,需核对同物理/guard/轨迹；解析值为交接参考，非本次独立复算
exp13,S3__SA_GRAPHMIXER_QPLEX,S3,SA_GRAPHMIXER_QPLEX,5,350000,237.82444444444445,207.70888888888888,7.6677777777777765,21.524444444444445,1.0,True,3,3,0.0,0.0,0.0,0.0,exp13_single_priority_69p6m__analysis_snapshot_20260928.tar.gz!P1/seed5/S3__SA_GRAPHMIXER_QPLEX/analysis/checkpoint_curve.csv,MPTC,85.33,项目交接参考；当前归档未找到原始 S 阶段解析 CSV,UAGMC_SOURCE passenger-only + LQ,84.19,128.76,exp11 同包曲线；训练种子 1；评估种子 123-125；本矩阵另有种子 2-5 四条 UAGMC 曲线,需核对同物理/guard/轨迹；解析值为交接参考，非本次独立复算
exp13,S3__SA_GRAPHMIXER_QPLEX,S3,SA_GRAPHMIXER_QPLEX,5,400000,215.84666666666666,186.01222222222222,7.508888888888889,21.404444444444447,1.0,True,3,3,0.0,0.0,0.0,0.0,exp13_single_priority_69p6m__analysis_snapshot_20260928.tar.gz!P1/seed5/S3__SA_GRAPHMIXER_QPLEX/analysis/checkpoint_curve.csv,MPTC,85.33,项目交接参考；当前归档未找到原始 S 阶段解析 CSV,UAGMC_SOURCE passenger-only + LQ,84.19,128.76,exp11 同包曲线；训练种子 1；评估种子 123-125；本矩阵另有种子 2-5 四条 UAGMC 曲线,需核对同物理/guard/轨迹；解析值为交接参考，非本次独立复算
exp13,S3__SA_GRAPHMIXER_QPLEX,S3,SA_GRAPHMIXER_QPLEX,5,450000,175.9188888888889,146.57000000000002,7.332222222222222,21.08888888888889,1.0,True,3,3,0.0,0.0,0.0,0.0,exp13_single_priority_69p6m__analysis_snapshot_20260928.tar.gz!P1/seed5/S3__SA_GRAPHMIXER_QPLEX/analysis/checkpoint_curve.csv,MPTC,85.33,项目交接参考；当前归档未找到原始 S 阶段解析 CSV,UAGMC_SOURCE passenger-only + LQ,84.19,128.76,exp11 同包曲线；训练种子 1；评估种子 123-125；本矩阵另有种子 2-5 四条 UAGMC 曲线,需核对同物理/guard/轨迹；解析值为交接参考，非本次独立复算
exp13,S3__SA_GRAPHMIXER_QPLEX,S3,SA_GRAPHMIXER_QPLEX,5,500000,152.5822222222222,123.80333333333333,7.055555555555556,20.795555555555556,1.0,True,3,3,0.0,0.0,0.0,0.0,exp13_single_priority_69p6m__analysis_snapshot_20260928.tar.gz!P1/seed5/S3__SA_GRAPHMIXER_QPLEX/analysis/checkpoint_curve.csv,MPTC,85.33,项目交接参考；当前归档未找到原始 S 阶段解析 CSV,UAGMC_SOURCE passenger-only + LQ,84.19,128.76,exp11 同包曲线；训练种子 1；评估种子 123-125；本矩阵另有种子 2-5 四条 UAGMC 曲线,需核对同物理/guard/轨迹；解析值为交接参考，非本次独立复算
exp13,S3__SA_GRAPHMIXER_QPLEX,S3,SA_GRAPHMIXER_QPLEX,5,550000,140.7277777777778,112.20777777777778,6.925555555555555,20.666666666666668,1.0,True,3,3,0.0,0.0,0.0,0.0,exp13_single_priority_69p6m__analysis_snapshot_20260928.tar.gz!P1/seed5/S3__SA_GRAPHMIXER_QPLEX/analysis/checkpoint_curve.csv,MPTC,85.33,项目交接参考；当前归档未找到原始 S 阶段解析 CSV,UAGMC_SOURCE passenger-only + LQ,84.19,128.76,exp11 同包曲线；训练种子 1；评估种子 123-125；本矩阵另有种子 2-5 四条 UAGMC 曲线,需核对同物理/guard/轨迹；解析值为交接参考，非本次独立复算
exp13,S3__SA_GRAPHMIXER_QPLEX,S3,SA_GRAPHMIXER_QPLEX,5,600000,155.65444444444447,126.43222222222222,7.300000000000001,20.986666666666665,1.0,True,3,3,0.0,0.0,0.0,0.0,exp13_single_priority_69p6m__analysis_snapshot_20260928.tar.gz!P1/seed5/S3__SA_GRAPHMIXER_QPLEX/analysis/checkpoint_curve.csv,MPTC,85.33,项目交接参考；当前归档未找到原始 S 阶段解析 CSV,UAGMC_SOURCE passenger-only + LQ,84.19,128.76,exp11 同包曲线；训练种子 1；评估种子 123-125；本矩阵另有种子 2-5 四条 UAGMC 曲线,需核对同物理/guard/轨迹；解析值为交接参考，非本次独立复算
exp13,S3__SA_TDMFUSION_ANCHORQ,S3,SA_TDMFUSION_ANCHORQ,4,50000,137.5244444444444,108.84222222222222,7.246666666666666,20.50222222222222,1.0,True,3,3,0.0,0.0,0.0,0.0,exp13_single_priority_69p6m__analysis_snapshot_20260928.tar.gz!P1/seed4/S3__SA_TDMFUSION_ANCHORQ/analysis/checkpoint_curve.csv,MPTC,85.33,项目交接参考；当前归档未找到原始 S 阶段解析 CSV,UAGMC_SOURCE passenger-only + LQ,84.19,128.76,exp11 同包曲线；训练种子 1；评估种子 123-125；本矩阵另有种子 2-5 四条 UAGMC 曲线,需核对同物理/guard/轨迹；解析值为交接参考，非本次独立复算
exp13,S3__SA_TDMFUSION_ANCHORQ,S3,SA_TDMFUSION_ANCHORQ,4,100000,209.0322222222222,179.07111111111112,7.745555555555555,21.25777777777778,1.0,True,3,3,0.0,0.0,0.0,0.0,exp13_single_priority_69p6m__analysis_snapshot_20260928.tar.gz!P1/seed4/S3__SA_TDMFUSION_ANCHORQ/analysis/checkpoint_curve.csv,MPTC,85.33,项目交接参考；当前归档未找到原始 S 阶段解析 CSV,UAGMC_SOURCE passenger-only + LQ,84.19,128.76,exp11 同包曲线；训练种子 1；评估种子 123-125；本矩阵另有种子 2-5 四条 UAGMC 曲线,需核对同物理/guard/轨迹；解析值为交接参考，非本次独立复算
exp13,S3__SA_TDMFUSION_ANCHORQ,S3,SA_TDMFUSION_ANCHORQ,4,150000,214.76222222222222,184.33555555555554,7.7811111111111115,21.702222222222222,1.0,True,3,3,0.0,0.0,0.0,0.0,exp13_single_priority_69p6m__analysis_snapshot_20260928.tar.gz!P1/seed4/S3__SA_TDMFUSION_ANCHORQ/analysis/checkpoint_curve.csv,MPTC,85.33,项目交接参考；当前归档未找到原始 S 阶段解析 CSV,UAGMC_SOURCE passenger-only + LQ,84.19,128.76,exp11 同包曲线；训练种子 1；评估种子 123-125；本矩阵另有种子 2-5 四条 UAGMC 曲线,需核对同物理/guard/轨迹；解析值为交接参考，非本次独立复算
exp13,S3__SA_TDMFUSION_ANCHORQ,S3,SA_TDMFUSION_ANCHORQ,4,200000,255.34555555555553,223.63000000000002,8.396666666666667,22.377777777777776,1.0,True,3,3,0.0,0.0,0.0,0.0,exp13_single_priority_69p6m__analysis_snapshot_20260928.tar.gz!P1/seed4/S3__SA_TDMFUSION_ANCHORQ/analysis/checkpoint_curve.csv,MPTC,85.33,项目交接参考；当前归档未找到原始 S 阶段解析 CSV,UAGMC_SOURCE passenger-only + LQ,84.19,128.76,exp11 同包曲线；训练种子 1；评估种子 123-125；本矩阵另有种子 2-5 四条 UAGMC 曲线,需核对同物理/guard/轨迹；解析值为交接参考，非本次独立复算
exp13,S3__SA_TDMFUSION_ANCHORQ,S3,SA_TDMFUSION_ANCHORQ,4,250000,220.47333333333333,189.45777777777778,8.11888888888889,21.95555555555556,1.0,True,3,3,0.0,0.0,0.0,0.0,exp13_single_priority_69p6m__analysis_snapshot_20260928.tar.gz!P1/seed4/S3__SA_TDMFUSION_ANCHORQ/analysis/checkpoint_curve.csv,MPTC,85.33,项目交接参考；当前归档未找到原始 S 阶段解析 CSV,UAGMC_SOURCE passenger-only + LQ,84.19,128.76,exp11 同包曲线；训练种子 1；评估种子 123-125；本矩阵另有种子 2-5 四条 UAGMC 曲线,需核对同物理/guard/轨迹；解析值为交接参考，非本次独立复算
exp13,S3__SA_TDMFUSION_ANCHORQ,S3,SA_TDMFUSION_ANCHORQ,4,300000,228.62333333333333,196.96666666666667,8.352222222222224,22.364444444444445,1.0,True,3,3,0.0,0.0,0.0,0.0,exp13_single_priority_69p6m__analysis_snapshot_20260928.tar.gz!P1/seed4/S3__SA_TDMFUSION_ANCHORQ/analysis/checkpoint_curve.csv,MPTC,85.33,项目交接参考；当前归档未找到原始 S 阶段解析 CSV,UAGMC_SOURCE passenger-only + LQ,84.19,128.76,exp11 同包曲线；训练种子 1；评估种子 123-125；本矩阵另有种子 2-5 四条 UAGMC 曲线,需核对同物理/guard/轨迹；解析值为交接参考，非本次独立复算
exp13,S3__SA_TDMFUSION_ANCHORQ,S3,SA_TDMFUSION_ANCHORQ,4,350000,216.0,185.1677777777778,8.06,21.831111111111113,1.0,True,3,3,0.0,0.0,0.0,0.0,exp13_single_priority_69p6m__analysis_snapshot_20260928.tar.gz!P1/seed4/S3__SA_TDMFUSION_ANCHORQ/analysis/checkpoint_curve.csv,MPTC,85.33,项目交接参考；当前归档未找到原始 S 阶段解析 CSV,UAGMC_SOURCE passenger-only + LQ,84.19,128.76,exp11 同包曲线；训练种子 1；评估种子 123-125；本矩阵另有种子 2-5 四条 UAGMC 曲线,需核对同物理/guard/轨迹；解析值为交接参考，非本次独立复算
exp13,S3__SA_TDMFUSION_ANCHORQ,S3,SA_TDMFUSION_ANCHORQ,4,400000,207.07000000000002,176.48222222222225,7.978888888888889,21.666666666666668,1.0,True,3,3,0.0,0.0,0.0,0.0,exp13_single_priority_69p6m__analysis_snapshot_20260928.tar.gz!P1/seed4/S3__SA_TDMFUSION_ANCHORQ/analysis/checkpoint_curve.csv,MPTC,85.33,项目交接参考；当前归档未找到原始 S 阶段解析 CSV,UAGMC_SOURCE passenger-only + LQ,84.19,128.76,exp11 同包曲线；训练种子 1；评估种子 123-125；本矩阵另有种子 2-5 四条 UAGMC 曲线,需核对同物理/guard/轨迹；解析值为交接参考，非本次独立复算
exp13,S3__SA_TDMFUSION_ANCHORQ,S3,SA_TDMFUSION_ANCHORQ,4,450000,207.46555555555554,177.00777777777776,7.859999999999999,21.653333333333332,1.0,True,3,3,0.0,0.0,0.0,0.0,exp13_single_priority_69p6m__analysis_snapshot_20260928.tar.gz!P1/seed4/S3__SA_TDMFUSION_ANCHORQ/analysis/checkpoint_curve.csv,MPTC,85.33,项目交接参考；当前归档未找到原始 S 阶段解析 CSV,UAGMC_SOURCE passenger-only + LQ,84.19,128.76,exp11 同包曲线；训练种子 1；评估种子 123-125；本矩阵另有种子 2-5 四条 UAGMC 曲线,需核对同物理/guard/轨迹；解析值为交接参考，非本次独立复算
exp13,S3__SA_TDMFUSION_ANCHORQ,S3,SA_TDMFUSION_ANCHORQ,4,500000,185.30444444444444,155.59444444444443,7.554444444444445,21.21777777777778,1.0,True,3,3,0.0,0.0,0.0,0.0,exp13_single_priority_69p6m__analysis_snapshot_20260928.tar.gz!P1/seed4/S3__SA_TDMFUSION_ANCHORQ/analysis/checkpoint_curve.csv,MPTC,85.33,项目交接参考；当前归档未找到原始 S 阶段解析 CSV,UAGMC_SOURCE passenger-only + LQ,84.19,128.76,exp11 同包曲线；训练种子 1；评估种子 123-125；本矩阵另有种子 2-5 四条 UAGMC 曲线,需核对同物理/guard/轨迹；解析值为交接参考，非本次独立复算
exp13,S3__SA_TDMFUSION_ANCHORQ,S3,SA_TDMFUSION_ANCHORQ,4,550000,183.0377777777778,153.2722222222222,7.605555555555555,21.21777777777778,1.0,True,3,3,0.0,0.0,0.0,0.0,exp13_single_priority_69p6m__analysis_snapshot_20260928.tar.gz!P1/seed4/S3__SA_TDMFUSION_ANCHORQ/analysis/checkpoint_curve.csv,MPTC,85.33,项目交接参考；当前归档未找到原始 S 阶段解析 CSV,UAGMC_SOURCE passenger-only + LQ,84.19,128.76,exp11 同包曲线；训练种子 1；评估种子 123-125；本矩阵另有种子 2-5 四条 UAGMC 曲线,需核对同物理/guard/轨迹；解析值为交接参考，非本次独立复算
exp13,S3__SA_TDMFUSION_ANCHORQ,S3,SA_TDMFUSION_ANCHORQ,4,600000,167.47888888888886,138.05444444444447,7.489999999999999,21.0,1.0,True,3,3,0.0,0.0,0.0,0.0,exp13_single_priority_69p6m__analysis_snapshot_20260928.tar.gz!P1/seed4/S3__SA_TDMFUSION_ANCHORQ/analysis/checkpoint_curve.csv,MPTC,85.33,项目交接参考；当前归档未找到原始 S 阶段解析 CSV,UAGMC_SOURCE passenger-only + LQ,84.19,128.76,exp11 同包曲线；训练种子 1；评估种子 123-125；本矩阵另有种子 2-5 四条 UAGMC 曲线,需核对同物理/guard/轨迹；解析值为交接参考，非本次独立复算
exp13,S3__SA_TDMFUSION_ANCHORQ,S3,SA_TDMFUSION_ANCHORQ,5,50000,567.5866666666667,541.4255555555555,6.152222222222222,19.008888888888887,1.0,True,3,3,0.0,0.0,0.0,0.0,exp13_single_priority_69p6m__analysis_snapshot_20260928.tar.gz!P1/seed5/S3__SA_TDMFUSION_ANCHORQ/analysis/checkpoint_curve.csv,MPTC,85.33,项目交接参考；当前归档未找到原始 S 阶段解析 CSV,UAGMC_SOURCE passenger-only + LQ,84.19,128.76,exp11 同包曲线；训练种子 1；评估种子 123-125；本矩阵另有种子 2-5 四条 UAGMC 曲线,需核对同物理/guard/轨迹；解析值为交接参考，非本次独立复算
exp13,S3__SA_TDMFUSION_ANCHORQ,S3,SA_TDMFUSION_ANCHORQ,5,100000,210.16222222222223,180.05555555555557,7.304444444444445,21.884444444444444,1.0,True,3,3,0.0,0.0,0.0,0.0,exp13_single_priority_69p6m__analysis_snapshot_20260928.tar.gz!P1/seed5/S3__SA_TDMFUSION_ANCHORQ/analysis/checkpoint_curve.csv,MPTC,85.33,项目交接参考；当前归档未找到原始 S 阶段解析 CSV,UAGMC_SOURCE passenger-only + LQ,84.19,128.76,exp11 同包曲线；训练种子 1；评估种子 123-125；本矩阵另有种子 2-5 四条 UAGMC 曲线,需核对同物理/guard/轨迹；解析值为交接参考，非本次独立复算
exp13,S3__SA_TDMFUSION_ANCHORQ,S3,SA_TDMFUSION_ANCHORQ,5,150000,160.80888888888887,132.3177777777778,6.79,20.78222222222222,1.0,True,3,3,0.0,0.0,0.0,0.0,exp13_single_priority_69p6m__analysis_snapshot_20260928.tar.gz!P1/seed5/S3__SA_TDMFUSION_ANCHORQ/analysis/checkpoint_curve.csv,MPTC,85.33,项目交接参考；当前归档未找到原始 S 阶段解析 CSV,UAGMC_SOURCE passenger-only + LQ,84.19,128.76,exp11 同包曲线；训练种子 1；评估种子 123-125；本矩阵另有种子 2-5 四条 UAGMC 曲线,需核对同物理/guard/轨迹；解析值为交接参考，非本次独立复算
exp13,S3__SA_TDMFUSION_ANCHORQ,S3,SA_TDMFUSION_ANCHORQ,5,200000,195.85555555555553,166.46,7.163333333333334,21.30666666666667,1.0,True,3,3,0.0,0.0,0.0,0.0,exp13_single_priority_69p6m__analysis_snapshot_20260928.tar.gz!P1/seed5/S3__SA_TDMFUSION_ANCHORQ/analysis/checkpoint_curve.csv,MPTC,85.33,项目交接参考；当前归档未找到原始 S 阶段解析 CSV,UAGMC_SOURCE passenger-only + LQ,84.19,128.76,exp11 同包曲线；训练种子 1；评估种子 123-125；本矩阵另有种子 2-5 四条 UAGMC 曲线,需核对同物理/guard/轨迹；解析值为交接参考，非本次独立复算
exp13,S3__SA_TDMFUSION_ANCHORQ,S3,SA_TDMFUSION_ANCHORQ,5,250000,144.44,116.27666666666666,6.714444444444445,20.53333333333333,1.0,True,3,3,0.0,0.0,0.0,0.0,exp13_single_priority_69p6m__analysis_snapshot_20260928.tar.gz!P1/seed5/S3__SA_TDMFUSION_ANCHORQ/analysis/checkpoint_curve.csv,MPTC,85.33,项目交接参考；当前归档未找到原始 S 阶段解析 CSV,UAGMC_SOURCE passenger-only + LQ,84.19,128.76,exp11 同包曲线；训练种子 1；评估种子 123-125；本矩阵另有种子 2-5 四条 UAGMC 曲线,需核对同物理/guard/轨迹；解析值为交接参考，非本次独立复算
exp13,S3__SA_TDMFUSION_ANCHORQ,S3,SA_TDMFUSION_ANCHORQ,5,300000,152.0388888888889,123.60666666666667,6.812222222222222,20.706666666666667,1.0,True,3,3,0.0,0.0,0.0,0.0,exp13_single_priority_69p6m__analysis_snapshot_20260928.tar.gz!P1/seed5/S3__SA_TDMFUSION_ANCHORQ/analysis/checkpoint_curve.csv,MPTC,85.33,项目交接参考；当前归档未找到原始 S 阶段解析 CSV,UAGMC_SOURCE passenger-only + LQ,84.19,128.76,exp11 同包曲线；训练种子 1；评估种子 123-125；本矩阵另有种子 2-5 四条 UAGMC 曲线,需核对同物理/guard/轨迹；解析值为交接参考，非本次独立复算
exp13,S3__SA_TDMFUSION_ANCHORQ,S3,SA_TDMFUSION_ANCHORQ,5,350000,175.72888888888892,146.65111111111113,6.947777777777778,21.21777777777778,1.0,True,3,3,0.0,0.0,0.0,0.0,exp13_single_priority_69p6m__analysis_snapshot_20260928.tar.gz!P1/seed5/S3__SA_TDMFUSION_ANCHORQ/analysis/checkpoint_curve.csv,MPTC,85.33,项目交接参考；当前归档未找到原始 S 阶段解析 CSV,UAGMC_SOURCE passenger-only + LQ,84.19,128.76,exp11 同包曲线；训练种子 1；评估种子 123-125；本矩阵另有种子 2-5 四条 UAGMC 曲线,需核对同物理/guard/轨迹；解析值为交接参考，非本次独立复算
exp13,S3__SA_TDMFUSION_ANCHORQ,S3,SA_TDMFUSION_ANCHORQ,5,400000,194.0955555555556,164.13,7.32888888888889,21.724444444444444,1.0,True,3,3,0.0,0.0,0.0,0.0,exp13_single_priority_69p6m__analysis_snapshot_20260928.tar.gz!P1/seed5/S3__SA_TDMFUSION_ANCHORQ/analysis/checkpoint_curve.csv,MPTC,85.33,项目交接参考；当前归档未找到原始 S 阶段解析 CSV,UAGMC_SOURCE passenger-only + LQ,84.19,128.76,exp11 同包曲线；训练种子 1；评估种子 123-125；本矩阵另有种子 2-5 四条 UAGMC 曲线,需核对同物理/guard/轨迹；解析值为交接参考，非本次独立复算
exp13,S3__SA_TDMFUSION_ANCHORQ,S3,SA_TDMFUSION_ANCHORQ,5,450000,161.6577777777778,132.7722222222222,6.955555555555556,21.017777777777777,1.0,True,3,3,0.0,0.0,0.0,0.0,exp13_single_priority_69p6m__analysis_snapshot_20260928.tar.gz!P1/seed5/S3__SA_TDMFUSION_ANCHORQ/analysis/checkpoint_curve.csv,MPTC,85.33,项目交接参考；当前归档未找到原始 S 阶段解析 CSV,UAGMC_SOURCE passenger-only + LQ,84.19,128.76,exp11 同包曲线；训练种子 1；评估种子 123-125；本矩阵另有种子 2-5 四条 UAGMC 曲线,需核对同物理/guard/轨迹；解析值为交接参考，非本次独立复算
exp13,S3__SA_TDMFUSION_ANCHORQ,S3,SA_TDMFUSION_ANCHORQ,5,500000,153.9111111111111,125.29222222222222,6.857777777777777,20.84,1.0,True,3,3,0.0,0.0,0.0,0.0,exp13_single_priority_69p6m__analysis_snapshot_20260928.tar.gz!P1/seed5/S3__SA_TDMFUSION_ANCHORQ/analysis/checkpoint_curve.csv,MPTC,85.33,项目交接参考；当前归档未找到原始 S 阶段解析 CSV,UAGMC_SOURCE passenger-only + LQ,84.19,128.76,exp11 同包曲线；训练种子 1；评估种子 123-125；本矩阵另有种子 2-5 四条 UAGMC 曲线,需核对同物理/guard/轨迹；解析值为交接参考，非本次独立复算
exp13,S3__SA_TDMFUSION_ANCHORQ,S3,SA_TDMFUSION_ANCHORQ,5,550000,149.17888888888888,120.68666666666667,6.825555555555556,20.746666666666666,1.0,True,3,3,0.0,0.0,0.0,0.0,exp13_single_priority_69p6m__analysis_snapshot_20260928.tar.gz!P1/seed5/S3__SA_TDMFUSION_ANCHORQ/analysis/checkpoint_curve.csv,MPTC,85.33,项目交接参考；当前归档未找到原始 S 阶段解析 CSV,UAGMC_SOURCE passenger-only + LQ,84.19,128.76,exp11 同包曲线；训练种子 1；评估种子 123-125；本矩阵另有种子 2-5 四条 UAGMC 曲线,需核对同物理/guard/轨迹；解析值为交接参考，非本次独立复算
exp13,S3__SA_TDMFUSION_ANCHORQ,S3,SA_TDMFUSION_ANCHORQ,5,600000,118.33222222222223,90.8288888888889,6.483333333333333,20.097777777777775,1.0,True,3,3,0.0,0.0,0.0,0.0,exp13_single_priority_69p6m__analysis_snapshot_20260928.tar.gz!P1/seed5/S3__SA_TDMFUSION_ANCHORQ/analysis/checkpoint_curve.csv,MPTC,85.33,项目交接参考；当前归档未找到原始 S 阶段解析 CSV,UAGMC_SOURCE passenger-only + LQ,84.19,128.76,exp11 同包曲线；训练种子 1；评估种子 123-125；本矩阵另有种子 2-5 四条 UAGMC 曲线,需核对同物理/guard/轨迹；解析值为交接参考，非本次独立复算
exp13,S3__SA_TGAT_FACMAC,S3,SA_TGAT_FACMAC,4,50000,617.9966666666668,591.8333333333334,6.163333333333333,19.0,1.0,True,3,3,0.0,0.0,0.0,0.0,exp13_single_priority_69p6m__analysis_snapshot_20260928.tar.gz!P1/seed4/S3__SA_TGAT_FACMAC/analysis/checkpoint_curve.csv,MPTC,85.33,项目交接参考；当前归档未找到原始 S 阶段解析 CSV,UAGMC_SOURCE passenger-only + LQ,84.19,128.76,exp11 同包曲线；训练种子 1；评估种子 123-125；本矩阵另有种子 2-5 四条 UAGMC 曲线,需核对同物理/guard/轨迹；解析值为交接参考，非本次独立复算
exp13,S3__SA_TGAT_FACMAC,S3,SA_TGAT_FACMAC,4,100000,293.8011111111111,267.5188888888889,6.2122222222222225,19.093333333333334,1.0,True,3,3,0.0,0.0,0.0,0.0,exp13_single_priority_69p6m__analysis_snapshot_20260928.tar.gz!P1/seed4/S3__SA_TGAT_FACMAC/analysis/checkpoint_curve.csv,MPTC,85.33,项目交接参考；当前归档未找到原始 S 阶段解析 CSV,UAGMC_SOURCE passenger-only + LQ,84.19,128.76,exp11 同包曲线；训练种子 1；评估种子 123-125；本矩阵另有种子 2-5 四条 UAGMC 曲线,需核对同物理/guard/轨迹；解析值为交接参考，非本次独立复算
exp13,S3__SA_TGAT_FACMAC,S3,SA_TGAT_FACMAC,4,150000,216.07555555555555,183.5388888888889,8.58,22.973333333333333,1.0,True,3,3,0.0,0.0,0.0,0.0,exp13_single_priority_69p6m__analysis_snapshot_20260928.tar.gz!P1/seed4/S3__SA_TGAT_FACMAC/analysis/checkpoint_curve.csv,MPTC,85.33,项目交接参考；当前归档未找到原始 S 阶段解析 CSV,UAGMC_SOURCE passenger-only + LQ,84.19,128.76,exp11 同包曲线；训练种子 1；评估种子 123-125；本矩阵另有种子 2-5 四条 UAGMC 曲线,需核对同物理/guard/轨迹；解析值为交接参考，非本次独立复算
exp13,S3__SA_TGAT_FACMAC,S3,SA_TGAT_FACMAC,4,200000,175.04555555555558,143.99444444444444,8.261111111111111,21.822222222222223,1.0,True,3,3,0.0,0.0,0.0,0.0,exp13_single_priority_69p6m__analysis_snapshot_20260928.tar.gz!P1/seed4/S3__SA_TGAT_FACMAC/analysis/checkpoint_curve.csv,MPTC,85.33,项目交接参考；当前归档未找到原始 S 阶段解析 CSV,UAGMC_SOURCE passenger-only + LQ,84.19,128.76,exp11 同包曲线；训练种子 1；评估种子 123-125；本矩阵另有种子 2-5 四条 UAGMC 曲线,需核对同物理/guard/轨迹；解析值为交接参考，非本次独立复算
exp13,S3__SA_TGAT_FACMAC,S3,SA_TGAT_FACMAC,4,250000,188.7611111111111,157.36222222222221,8.327777777777778,22.09777777777778,1.0,True,3,3,0.0,0.0,0.0,0.0,exp13_single_priority_69p6m__analysis_snapshot_20260928.tar.gz!P1/seed4/S3__SA_TGAT_FACMAC/analysis/checkpoint_curve.csv,MPTC,85.33,项目交接参考；当前归档未找到原始 S 阶段解析 CSV,UAGMC_SOURCE passenger-only + LQ,84.19,128.76,exp11 同包曲线；训练种子 1；评估种子 123-125；本矩阵另有种子 2-5 四条 UAGMC 曲线,需核对同物理/guard/轨迹；解析值为交接参考，非本次独立复算
exp13,S3__SA_TGAT_FACMAC,S3,SA_TGAT_FACMAC,4,300000,191.0822222222222,159.82777777777778,8.113333333333335,22.173333333333336,1.0,True,3,3,0.0,0.0,0.0,0.0,exp13_single_priority_69p6m__analysis_snapshot_20260928.tar.gz!P1/seed4/S3__SA_TGAT_FACMAC/analysis/checkpoint_curve.csv,MPTC,85.33,项目交接参考；当前归档未找到原始 S 阶段解析 CSV,UAGMC_SOURCE passenger-only + LQ,84.19,128.76,exp11 同包曲线；训练种子 1；评估种子 123-125；本矩阵另有种子 2-5 四条 UAGMC 曲线,需核对同物理/guard/轨迹；解析值为交接参考，非本次独立复算
exp13,S3__SA_TGAT_FACMAC,S3,SA_TGAT_FACMAC,4,350000,146.49444444444444,117.14444444444445,7.396666666666667,20.982222222222223,1.0,True,3,3,0.0,0.0,0.0,0.0,exp13_single_priority_69p6m__analysis_snapshot_20260928.tar.gz!P1/seed4/S3__SA_TGAT_FACMAC/analysis/checkpoint_curve.csv,MPTC,85.33,项目交接参考；当前归档未找到原始 S 阶段解析 CSV,UAGMC_SOURCE passenger-only + LQ,84.19,128.76,exp11 同包曲线；训练种子 1；评估种子 123-125；本矩阵另有种子 2-5 四条 UAGMC 曲线,需核对同物理/guard/轨迹；解析值为交接参考，非本次独立复算
exp13,S3__SA_TGAT_FACMAC,S3,SA_TGAT_FACMAC,4,400000,146.10333333333332,116.87111111111112,7.337777777777777,20.92,1.0,True,3,3,0.0,0.0,0.0,0.0,exp13_single_priority_69p6m__analysis_snapshot_20260928.tar.gz!P1/seed4/S3__SA_TGAT_FACMAC/analysis/checkpoint_curve.csv,MPTC,85.33,项目交接参考；当前归档未找到原始 S 阶段解析 CSV,UAGMC_SOURCE passenger-only + LQ,84.19,128.76,exp11 同包曲线；训练种子 1；评估种子 123-125；本矩阵另有种子 2-5 四条 UAGMC 曲线,需核对同物理/guard/轨迹；解析值为交接参考，非本次独立复算
exp13,S3__SA_TGAT_FACMAC,S3,SA_TGAT_FACMAC,4,450000,142.95222222222222,113.88999999999999,7.226666666666667,20.86222222222222,1.0,True,3,3,0.0,0.0,0.0,0.0,exp13_single_priority_69p6m__analysis_snapshot_20260928.tar.gz!P1/seed4/S3__SA_TGAT_FACMAC/analysis/checkpoint_curve.csv,MPTC,85.33,项目交接参考；当前归档未找到原始 S 阶段解析 CSV,UAGMC_SOURCE passenger-only + LQ,84.19,128.76,exp11 同包曲线；训练种子 1；评估种子 123-125；本矩阵另有种子 2-5 四条 UAGMC 曲线,需核对同物理/guard/轨迹；解析值为交接参考，非本次独立复算
exp13,S3__SA_TGAT_FACMAC,S3,SA_TGAT_FACMAC,4,500000,171.47,141.98555555555552,7.312222222222222,21.19111111111111,1.0,True,3,3,0.0,0.0,0.0,0.0,exp13_single_priority_69p6m__analysis_snapshot_20260928.tar.gz!P1/seed4/S3__SA_TGAT_FACMAC/analysis/checkpoint_curve.csv,MPTC,85.33,项目交接参考；当前归档未找到原始 S 阶段解析 CSV,UAGMC_SOURCE passenger-only + LQ,84.19,128.76,exp11 同包曲线；训练种子 1；评估种子 123-125；本矩阵另有种子 2-5 四条 UAGMC 曲线,需核对同物理/guard/轨迹；解析值为交接参考，非本次独立复算
exp13,S3__SA_TGAT_FACMAC,S3,SA_TGAT_FACMAC,4,550000,170.4722222222222,140.89888888888888,7.246666666666666,21.346666666666664,1.0,True,3,3,0.0,0.0,0.0,0.0,exp13_single_priority_69p6m__analysis_snapshot_20260928.tar.gz!P1/seed4/S3__SA_TGAT_FACMAC/analysis/checkpoint_curve.csv,MPTC,85.33,项目交接参考；当前归档未找到原始 S 阶段解析 CSV,UAGMC_SOURCE passenger-only + LQ,84.19,128.76,exp11 同包曲线；训练种子 1；评估种子 123-125；本矩阵另有种子 2-5 四条 UAGMC 曲线,需核对同物理/guard/轨迹；解析值为交接参考，非本次独立复算
exp13,S3__SA_TGAT_FACMAC,S3,SA_TGAT_FACMAC,4,600000,145.49777777777777,116.5688888888889,6.99888888888889,20.951111111111114,1.0,True,3,3,0.0,0.0,0.0,0.0,exp13_single_priority_69p6m__analysis_snapshot_20260928.tar.gz!P1/seed4/S3__SA_TGAT_FACMAC/analysis/checkpoint_curve.csv,MPTC,85.33,项目交接参考；当前归档未找到原始 S 阶段解析 CSV,UAGMC_SOURCE passenger-only + LQ,84.19,128.76,exp11 同包曲线；训练种子 1；评估种子 123-125；本矩阵另有种子 2-5 四条 UAGMC 曲线,需核对同物理/guard/轨迹；解析值为交接参考，非本次独立复算
exp13,S3__SA_TGAT_FACMAC,S3,SA_TGAT_FACMAC,5,50000,430.4744444444445,404.2677777777778,6.173333333333333,19.04,1.0,True,3,3,0.0,0.0,0.0,0.0,exp13_single_priority_69p6m__analysis_snapshot_20260928.tar.gz!P1/seed5/S3__SA_TGAT_FACMAC/analysis/checkpoint_curve.csv,MPTC,85.33,项目交接参考；当前归档未找到原始 S 阶段解析 CSV,UAGMC_SOURCE passenger-only + LQ,84.19,128.76,exp11 同包曲线；训练种子 1；评估种子 123-125；本矩阵另有种子 2-5 四条 UAGMC 曲线,需核对同物理/guard/轨迹；解析值为交接参考，非本次独立复算
exp13,S3__SA_TGAT_FACMAC,S3,SA_TGAT_FACMAC,5,100000,131.21,104.39444444444445,6.416666666666667,19.462222222222223,1.0,True,3,3,0.0,0.0,0.0,0.0,exp13_single_priority_69p6m__analysis_snapshot_20260928.tar.gz!P1/seed5/S3__SA_TGAT_FACMAC/analysis/checkpoint_curve.csv,MPTC,85.33,项目交接参考；当前归档未找到原始 S 阶段解析 CSV,UAGMC_SOURCE passenger-only + LQ,84.19,128.76,exp11 同包曲线；训练种子 1；评估种子 123-125；本矩阵另有种子 2-5 四条 UAGMC 曲线,需核对同物理/guard/轨迹；解析值为交接参考，非本次独立复算
exp13,S3__SA_TGAT_FACMAC,S3,SA_TGAT_FACMAC,5,150000,131.18444444444444,104.40777777777778,6.182222222222222,19.675555555555558,1.0,True,3,3,0.0,0.0,0.0,0.0,exp13_single_priority_69p6m__analysis_snapshot_20260928.tar.gz!P1/seed5/S3__SA_TGAT_FACMAC/analysis/checkpoint_curve.csv,MPTC,85.33,项目交接参考；当前归档未找到原始 S 阶段解析 CSV,UAGMC_SOURCE passenger-only + LQ,84.19,128.76,exp11 同包曲线；训练种子 1；评估种子 123-125；本矩阵另有种子 2-5 四条 UAGMC 曲线,需核对同物理/guard/轨迹；解析值为交接参考，非本次独立复算
exp13,S3__SA_TGAT_FACMAC,S3,SA_TGAT_FACMAC,5,200000,103.84222222222222,76.95111111111112,6.251111111111111,19.720000000000002,1.0,True,3,3,0.0,0.0,0.0,0.0,exp13_single_priority_69p6m__analysis_snapshot_20260928.tar.gz!P1/seed5/S3__SA_TGAT_FACMAC/analysis/checkpoint_curve.csv,MPTC,85.33,项目交接参考；当前归档未找到原始 S 阶段解析 CSV,UAGMC_SOURCE passenger-only + LQ,84.19,128.76,exp11 同包曲线；训练种子 1；评估种子 123-125；本矩阵另有种子 2-5 四条 UAGMC 曲线,需核对同物理/guard/轨迹；解析值为交接参考，非本次独立复算
exp13,S3__SA_TGAT_FACMAC,S3,SA_TGAT_FACMAC,5,250000,129.82666666666668,101.67777777777776,6.703333333333333,20.524444444444445,1.0,True,3,3,0.0,0.0,0.0,0.0,exp13_single_priority_69p6m__analysis_snapshot_20260928.tar.gz!P1/seed5/S3__SA_TGAT_FACMAC/analysis/checkpoint_curve.csv,MPTC,85.33,项目交接参考；当前归档未找到原始 S 阶段解析 CSV,UAGMC_SOURCE passenger-only + LQ,84.19,128.76,exp11 同包曲线；训练种子 1；评估种子 123-125；本矩阵另有种子 2-5 四条 UAGMC 曲线,需核对同物理/guard/轨迹；解析值为交接参考，非本次独立复算
exp13,S3__SA_TGAT_FACMAC,S3,SA_TGAT_FACMAC,5,300000,104.6411111111111,76.92777777777779,6.616666666666667,20.177777777777777,1.0,True,3,3,0.0,0.0,0.0,0.0,exp13_single_priority_69p6m__analysis_snapshot_20260928.tar.gz!P1/seed5/S3__SA_TGAT_FACMAC/analysis/checkpoint_curve.csv,MPTC,85.33,项目交接参考；当前归档未找到原始 S 阶段解析 CSV,UAGMC_SOURCE passenger-only + LQ,84.19,128.76,exp11 同包曲线；训练种子 1；评估种子 123-125；本矩阵另有种子 2-5 四条 UAGMC 曲线,需核对同物理/guard/轨迹；解析值为交接参考，非本次独立复算
exp13,S3__SA_TGAT_FACMAC,S3,SA_TGAT_FACMAC,5,350000,129.58666666666667,101.07111111111112,6.997777777777777,20.595555555555556,1.0,True,3,3,0.0,0.0,0.0,0.0,exp13_single_priority_69p6m__analysis_snapshot_20260928.tar.gz!P1/seed5/S3__SA_TGAT_FACMAC/analysis/checkpoint_curve.csv,MPTC,85.33,项目交接参考；当前归档未找到原始 S 阶段解析 CSV,UAGMC_SOURCE passenger-only + LQ,84.19,128.76,exp11 同包曲线；训练种子 1；评估种子 123-125；本矩阵另有种子 2-5 四条 UAGMC 曲线,需核对同物理/guard/轨迹；解析值为交接参考，非本次独立复算
exp13,S3__SA_TGAT_FACMAC,S3,SA_TGAT_FACMAC,5,400000,92.36,64.85666666666667,6.688888888888889,19.89777777777778,1.0,True,3,3,0.0,0.0,0.0,0.0,exp13_single_priority_69p6m__analysis_snapshot_20260928.tar.gz!P1/seed5/S3__SA_TGAT_FACMAC/analysis/checkpoint_curve.csv,MPTC,85.33,项目交接参考；当前归档未找到原始 S 阶段解析 CSV,UAGMC_SOURCE passenger-only + LQ,84.19,128.76,exp11 同包曲线；训练种子 1；评估种子 123-125；本矩阵另有种子 2-5 四条 UAGMC 曲线,需核对同物理/guard/轨迹；解析值为交接参考，非本次独立复算
exp13,S3__SA_TGAT_FACMAC,S3,SA_TGAT_FACMAC,5,450000,93.50777777777778,66.62111111111112,6.438888888888889,19.52888888888889,1.0,True,3,3,0.0,0.0,0.0,0.0,exp13_single_priority_69p6m__analysis_snapshot_20260928.tar.gz!P1/seed5/S3__SA_TGAT_FACMAC/analysis/checkpoint_curve.csv,MPTC,85.33,项目交接参考；当前归档未找到原始 S 阶段解析 CSV,UAGMC_SOURCE passenger-only + LQ,84.19,128.76,exp11 同包曲线；训练种子 1；评估种子 123-125；本矩阵另有种子 2-5 四条 UAGMC 曲线,需核对同物理/guard/轨迹；解析值为交接参考，非本次独立复算
exp13,S3__SA_TGAT_FACMAC,S3,SA_TGAT_FACMAC,5,500000,151.71888888888887,125.1988888888889,6.321111111111111,19.253333333333334,1.0,True,3,3,0.0,0.0,0.0,0.0,exp13_single_priority_69p6m__analysis_snapshot_20260928.tar.gz!P1/seed5/S3__SA_TGAT_FACMAC/analysis/checkpoint_curve.csv,MPTC,85.33,项目交接参考；当前归档未找到原始 S 阶段解析 CSV,UAGMC_SOURCE passenger-only + LQ,84.19,128.76,exp11 同包曲线；训练种子 1；评估种子 123-125；本矩阵另有种子 2-5 四条 UAGMC 曲线,需核对同物理/guard/轨迹；解析值为交接参考，非本次独立复算
exp13,S3__SA_TGAT_FACMAC,S3,SA_TGAT_FACMAC,5,550000,147.2711111111111,120.77111111111111,6.296666666666667,19.25777777777778,1.0,True,3,3,0.0,0.0,0.0,0.0,exp13_single_priority_69p6m__analysis_snapshot_20260928.tar.gz!P1/seed5/S3__SA_TGAT_FACMAC/analysis/checkpoint_curve.csv,MPTC,85.33,项目交接参考；当前归档未找到原始 S 阶段解析 CSV,UAGMC_SOURCE passenger-only + LQ,84.19,128.76,exp11 同包曲线；训练种子 1；评估种子 123-125；本矩阵另有种子 2-5 四条 UAGMC 曲线,需核对同物理/guard/轨迹；解析值为交接参考，非本次独立复算
exp13,S3__SA_TGAT_FACMAC,S3,SA_TGAT_FACMAC,5,600000,158.92555555555558,131.08333333333334,6.747777777777777,20.151111111111113,1.0,True,3,3,0.0,0.0,0.0,0.0,exp13_single_priority_69p6m__analysis_snapshot_20260928.tar.gz!P1/seed5/S3__SA_TGAT_FACMAC/analysis/checkpoint_curve.csv,MPTC,85.33,项目交接参考；当前归档未找到原始 S 阶段解析 CSV,UAGMC_SOURCE passenger-only + LQ,84.19,128.76,exp11 同包曲线；训练种子 1；评估种子 123-125；本矩阵另有种子 2-5 四条 UAGMC 曲线,需核对同物理/guard/轨迹；解析值为交接参考，非本次独立复算
exp13,S3__SW_GATV2_VALUECTRL,S3,SW_GATV2_VALUECTRL,4,50000,84.15333333333334,56.178888888888885,7.153333333333333,19.89777777777778,1.0,True,3,3,0.0,0.0,0.0,0.0,exp13_single_priority_69p6m__analysis_snapshot_20260928.tar.gz!P1/seed4/S3__SW_GATV2_VALUECTRL/analysis/checkpoint_curve.csv,MPTC,85.33,项目交接参考；当前归档未找到原始 S 阶段解析 CSV,UAGMC_SOURCE passenger-only + LQ,84.19,128.76,exp11 同包曲线；训练种子 1；评估种子 123-125；本矩阵另有种子 2-5 四条 UAGMC 曲线,需核对同物理/guard/轨迹；解析值为交接参考，非本次独立复算
exp13,S3__SW_GATV2_VALUECTRL,S3,SW_GATV2_VALUECTRL,4,100000,94.46555555555555,66.29,7.162222222222222,20.075555555555557,1.0,True,3,3,0.0,0.0,0.0,0.0,exp13_single_priority_69p6m__analysis_snapshot_20260928.tar.gz!P1/seed4/S3__SW_GATV2_VALUECTRL/analysis/checkpoint_curve.csv,MPTC,85.33,项目交接参考；当前归档未找到原始 S 阶段解析 CSV,UAGMC_SOURCE passenger-only + LQ,84.19,128.76,exp11 同包曲线；训练种子 1；评估种子 123-125；本矩阵另有种子 2-5 四条 UAGMC 曲线,需核对同物理/guard/轨迹；解析值为交接参考，非本次独立复算
exp13,S3__SW_GATV2_VALUECTRL,S3,SW_GATV2_VALUECTRL,4,150000,206.61666666666667,175.91222222222223,7.94,21.813333333333333,1.0,True,3,3,0.0,0.0,0.0,0.0,exp13_single_priority_69p6m__analysis_snapshot_20260928.tar.gz!P1/seed4/S3__SW_GATV2_VALUECTRL/analysis/checkpoint_curve.csv,MPTC,85.33,项目交接参考；当前归档未找到原始 S 阶段解析 CSV,UAGMC_SOURCE passenger-only + LQ,84.19,128.76,exp11 同包曲线；训练种子 1；评估种子 123-125；本矩阵另有种子 2-5 四条 UAGMC 曲线,需核对同物理/guard/轨迹；解析值为交接参考，非本次独立复算
exp13,S3__SW_GATV2_VALUECTRL,S3,SW_GATV2_VALUECTRL,4,200000,228.29777777777778,197.44000000000003,7.932222222222222,21.955555555555552,1.0,True,3,3,0.0,0.0,0.0,0.0,exp13_single_priority_69p6m__analysis_snapshot_20260928.tar.gz!P1/seed4/S3__SW_GATV2_VALUECTRL/analysis/checkpoint_curve.csv,MPTC,85.33,项目交接参考；当前归档未找到原始 S 阶段解析 CSV,UAGMC_SOURCE passenger-only + LQ,84.19,128.76,exp11 同包曲线；训练种子 1；评估种子 123-125；本矩阵另有种子 2-5 四条 UAGMC 曲线,需核对同物理/guard/轨迹；解析值为交接参考，非本次独立复算
exp13,S3__SW_GATV2_VALUECTRL,S3,SW_GATV2_VALUECTRL,4,250000,203.51444444444442,173.20333333333335,7.756666666666667,21.573333333333334,1.0,True,3,3,0.0,0.0,0.0,0.0,exp13_single_priority_69p6m__analysis_snapshot_20260928.tar.gz!P1/seed4/S3__SW_GATV2_VALUECTRL/analysis/checkpoint_curve.csv,MPTC,85.33,项目交接参考；当前归档未找到原始 S 阶段解析 CSV,UAGMC_SOURCE passenger-only + LQ,84.19,128.76,exp11 同包曲线；训练种子 1；评估种子 123-125；本矩阵另有种子 2-5 四条 UAGMC 曲线,需核对同物理/guard/轨迹；解析值为交接参考，非本次独立复算
exp13,S3__SW_GATV2_VALUECTRL,S3,SW_GATV2_VALUECTRL,4,300000,192.67444444444445,162.58111111111108,7.687777777777778,21.422222222222228,1.0,True,3,3,0.0,0.0,0.0,0.0,exp13_single_priority_69p6m__analysis_snapshot_20260928.tar.gz!P1/seed4/S3__SW_GATV2_VALUECTRL/analysis/checkpoint_curve.csv,MPTC,85.33,项目交接参考；当前归档未找到原始 S 阶段解析 CSV,UAGMC_SOURCE passenger-only + LQ,84.19,128.76,exp11 同包曲线；训练种子 1；评估种子 123-125；本矩阵另有种子 2-5 四条 UAGMC 曲线,需核对同物理/guard/轨迹；解析值为交接参考，非本次独立复算
exp13,S3__SW_GATV2_VALUECTRL,S3,SW_GATV2_VALUECTRL,4,350000,168.00333333333333,138.42111111111112,7.506666666666667,21.09333333333333,1.0,True,3,3,0.0,0.0,0.0,0.0,exp13_single_priority_69p6m__analysis_snapshot_20260928.tar.gz!P1/seed4/S3__SW_GATV2_VALUECTRL/analysis/checkpoint_curve.csv,MPTC,85.33,项目交接参考；当前归档未找到原始 S 阶段解析 CSV,UAGMC_SOURCE passenger-only + LQ,84.19,128.76,exp11 同包曲线；训练种子 1；评估种子 123-125；本矩阵另有种子 2-5 四条 UAGMC 曲线,需核对同物理/guard/轨迹；解析值为交接参考，非本次独立复算
exp13,S3__SW_GATV2_VALUECTRL,S3,SW_GATV2_VALUECTRL,4,400000,208.42555555555558,177.59,7.857777777777777,21.995555555555555,1.0,True,3,3,0.0,0.0,0.0,0.0,exp13_single_priority_69p6m__analysis_snapshot_20260928.tar.gz!P1/seed4/S3__SW_GATV2_VALUECTRL/analysis/checkpoint_curve.csv,MPTC,85.33,项目交接参考；当前归档未找到原始 S 阶段解析 CSV,UAGMC_SOURCE passenger-only + LQ,84.19,128.76,exp11 同包曲线；训练种子 1；评估种子 123-125；本矩阵另有种子 2-5 四条 UAGMC 曲线,需核对同物理/guard/轨迹；解析值为交接参考，非本次独立复算
exp13,S3__SW_GATV2_VALUECTRL,S3,SW_GATV2_VALUECTRL,4,450000,160.0088888888889,130.42666666666668,7.426666666666667,21.173333333333336,1.0,True,3,3,0.0,0.0,0.0,0.0,exp13_single_priority_69p6m__analysis_snapshot_20260928.tar.gz!P1/seed4/S3__SW_GATV2_VALUECTRL/analysis/checkpoint_curve.csv,MPTC,85.33,项目交接参考；当前归档未找到原始 S 阶段解析 CSV,UAGMC_SOURCE passenger-only + LQ,84.19,128.76,exp11 同包曲线；训练种子 1；评估种子 123-125；本矩阵另有种子 2-5 四条 UAGMC 曲线,需核对同物理/guard/轨迹；解析值为交接参考，非本次独立复算
exp13,S3__SW_GATV2_VALUECTRL,S3,SW_GATV2_VALUECTRL,4,500000,169.59444444444446,139.94444444444446,7.407777777777778,21.25777777777778,1.0,True,3,3,0.0,0.0,0.0,0.0,exp13_single_priority_69p6m__analysis_snapshot_20260928.tar.gz!P1/seed4/S3__SW_GATV2_VALUECTRL/analysis/checkpoint_curve.csv,MPTC,85.33,项目交接参考；当前归档未找到原始 S 阶段解析 CSV,UAGMC_SOURCE passenger-only + LQ,84.19,128.76,exp11 同包曲线；训练种子 1；评估种子 123-125；本矩阵另有种子 2-5 四条 UAGMC 曲线,需核对同物理/guard/轨迹；解析值为交接参考，非本次独立复算
exp13,S3__SW_GATV2_VALUECTRL,S3,SW_GATV2_VALUECTRL,4,550000,150.46777777777777,121.08666666666666,7.437777777777779,20.96,1.0,True,3,3,0.0,0.0,0.0,0.0,exp13_single_priority_69p6m__analysis_snapshot_20260928.tar.gz!P1/seed4/S3__SW_GATV2_VALUECTRL/analysis/checkpoint_curve.csv,MPTC,85.33,项目交接参考；当前归档未找到原始 S 阶段解析 CSV,UAGMC_SOURCE passenger-only + LQ,84.19,128.76,exp11 同包曲线；训练种子 1；评估种子 123-125；本矩阵另有种子 2-5 四条 UAGMC 曲线,需核对同物理/guard/轨迹；解析值为交接参考，非本次独立复算
exp13,S3__SW_GATV2_VALUECTRL,S3,SW_GATV2_VALUECTRL,4,600000,181.75,151.5088888888889,7.688888888888889,21.56888888888889,1.0,True,3,3,0.0,0.0,0.0,0.0,exp13_single_priority_69p6m__analysis_snapshot_20260928.tar.gz!P1/seed4/S3__SW_GATV2_VALUECTRL/analysis/checkpoint_curve.csv,MPTC,85.33,项目交接参考；当前归档未找到原始 S 阶段解析 CSV,UAGMC_SOURCE passenger-only + LQ,84.19,128.76,exp11 同包曲线；训练种子 1；评估种子 123-125；本矩阵另有种子 2-5 四条 UAGMC 曲线,需核对同物理/guard/轨迹；解析值为交接参考，非本次独立复算
exp13,S3__SW_GATV2_VALUECTRL,S3,SW_GATV2_VALUECTRL,5,50000,300.03999999999996,268.2122222222222,8.274444444444443,22.582222222222224,1.0,True,3,3,0.0,0.0,0.0,0.0,exp13_single_priority_69p6m__analysis_snapshot_20260928.tar.gz!P1/seed5/S3__SW_GATV2_VALUECTRL/analysis/checkpoint_curve.csv,MPTC,85.33,项目交接参考；当前归档未找到原始 S 阶段解析 CSV,UAGMC_SOURCE passenger-only + LQ,84.19,128.76,exp11 同包曲线；训练种子 1；评估种子 123-125；本矩阵另有种子 2-5 四条 UAGMC 曲线,需核对同物理/guard/轨迹；解析值为交接参考，非本次独立复算
exp13,S3__SW_GATV2_VALUECTRL,S3,SW_GATV2_VALUECTRL,5,100000,261.2055555555556,230.21777777777777,7.887777777777778,22.164444444444445,1.0,True,3,3,0.0,0.0,0.0,0.0,exp13_single_priority_69p6m__analysis_snapshot_20260928.tar.gz!P1/seed5/S3__SW_GATV2_VALUECTRL/analysis/checkpoint_curve.csv,MPTC,85.33,项目交接参考；当前归档未找到原始 S 阶段解析 CSV,UAGMC_SOURCE passenger-only + LQ,84.19,128.76,exp11 同包曲线；训练种子 1；评估种子 123-125；本矩阵另有种子 2-5 四条 UAGMC 曲线,需核对同物理/guard/轨迹；解析值为交接参考，非本次独立复算
exp13,S3__SW_GATV2_VALUECTRL,S3,SW_GATV2_VALUECTRL,5,150000,220.30444444444444,190.40222222222224,7.405555555555555,21.560000000000002,1.0,True,3,3,0.0,0.0,0.0,0.0,exp13_single_priority_69p6m__analysis_snapshot_20260928.tar.gz!P1/seed5/S3__SW_GATV2_VALUECTRL/analysis/checkpoint_curve.csv,MPTC,85.33,项目交接参考；当前归档未找到原始 S 阶段解析 CSV,UAGMC_SOURCE passenger-only + LQ,84.19,128.76,exp11 同包曲线；训练种子 1；评估种子 123-125；本矩阵另有种子 2-5 四条 UAGMC 曲线,需核对同物理/guard/轨迹；解析值为交接参考，非本次独立复算
exp13,S3__SW_GATV2_VALUECTRL,S3,SW_GATV2_VALUECTRL,5,200000,213.23666666666668,183.5111111111111,7.3999999999999995,21.382222222222225,1.0,True,3,3,0.0,0.0,0.0,0.0,exp13_single_priority_69p6m__analysis_snapshot_20260928.tar.gz!P1/seed5/S3__SW_GATV2_VALUECTRL/analysis/checkpoint_curve.csv,MPTC,85.33,项目交接参考；当前归档未找到原始 S 阶段解析 CSV,UAGMC_SOURCE passenger-only + LQ,84.19,128.76,exp11 同包曲线；训练种子 1；评估种子 123-125；本矩阵另有种子 2-5 四条 UAGMC 曲线,需核对同物理/guard/轨迹；解析值为交接参考，非本次独立复算
exp13,S3__SW_GATV2_VALUECTRL,S3,SW_GATV2_VALUECTRL,5,250000,231.3188888888889,200.99333333333334,7.684444444444445,21.69333333333333,1.0,True,3,3,0.0,0.0,0.0,0.0,exp13_single_priority_69p6m__analysis_snapshot_20260928.tar.gz!P1/seed5/S3__SW_GATV2_VALUECTRL/analysis/checkpoint_curve.csv,MPTC,85.33,项目交接参考；当前归档未找到原始 S 阶段解析 CSV,UAGMC_SOURCE passenger-only + LQ,84.19,128.76,exp11 同包曲线；训练种子 1；评估种子 123-125；本矩阵另有种子 2-5 四条 UAGMC 曲线,需核对同物理/guard/轨迹；解析值为交接参考，非本次独立复算
exp13,S3__SW_GATV2_VALUECTRL,S3,SW_GATV2_VALUECTRL,5,300000,257.6511111111111,226.57222222222222,7.99888888888889,22.13777777777778,1.0,True,3,3,0.0,0.0,0.0,0.0,exp13_single_priority_69p6m__analysis_snapshot_20260928.tar.gz!P1/seed5/S3__SW_GATV2_VALUECTRL/analysis/checkpoint_curve.csv,MPTC,85.33,项目交接参考；当前归档未找到原始 S 阶段解析 CSV,UAGMC_SOURCE passenger-only + LQ,84.19,128.76,exp11 同包曲线；训练种子 1；评估种子 123-125；本矩阵另有种子 2-5 四条 UAGMC 曲线,需核对同物理/guard/轨迹；解析值为交接参考，非本次独立复算
exp13,S3__SW_GATV2_VALUECTRL,S3,SW_GATV2_VALUECTRL,5,350000,225.7877777777778,195.27666666666667,7.9366666666666665,21.626666666666665,1.0,True,3,3,0.0,0.0,0.0,0.0,exp13_single_priority_69p6m__analysis_snapshot_20260928.tar.gz!P1/seed5/S3__SW_GATV2_VALUECTRL/analysis/checkpoint_curve.csv,MPTC,85.33,项目交接参考；当前归档未找到原始 S 阶段解析 CSV,UAGMC_SOURCE passenger-only + LQ,84.19,128.76,exp11 同包曲线；训练种子 1；评估种子 123-125；本矩阵另有种子 2-5 四条 UAGMC 曲线,需核对同物理/guard/轨迹；解析值为交接参考，非本次独立复算
exp13,S3__SW_GATV2_VALUECTRL,S3,SW_GATV2_VALUECTRL,5,400000,229.8788888888889,199.4388888888889,7.767777777777778,21.72888888888889,1.0,True,3,3,0.0,0.0,0.0,0.0,exp13_single_priority_69p6m__analysis_snapshot_20260928.tar.gz!P1/seed5/S3__SW_GATV2_VALUECTRL/analysis/checkpoint_curve.csv,MPTC,85.33,项目交接参考；当前归档未找到原始 S 阶段解析 CSV,UAGMC_SOURCE passenger-only + LQ,84.19,128.76,exp11 同包曲线；训练种子 1；评估种子 123-125；本矩阵另有种子 2-5 四条 UAGMC 曲线,需核对同物理/guard/轨迹；解析值为交接参考，非本次独立复算
exp13,S3__SW_GATV2_VALUECTRL,S3,SW_GATV2_VALUECTRL,5,450000,187.44555555555556,157.87777777777777,7.366666666666667,21.25777777777778,1.0,True,3,3,0.0,0.0,0.0,0.0,exp13_single_priority_69p6m__analysis_snapshot_20260928.tar.gz!P1/seed5/S3__SW_GATV2_VALUECTRL/analysis/checkpoint_curve.csv,MPTC,85.33,项目交接参考；当前归档未找到原始 S 阶段解析 CSV,UAGMC_SOURCE passenger-only + LQ,84.19,128.76,exp11 同包曲线；训练种子 1；评估种子 123-125；本矩阵另有种子 2-5 四条 UAGMC 曲线,需核对同物理/guard/轨迹；解析值为交接参考，非本次独立复算
exp13,S3__SW_GATV2_VALUECTRL,S3,SW_GATV2_VALUECTRL,5,500000,146.6622222222222,118.28111111111112,6.88,20.573333333333334,1.0,True,3,3,0.0,0.0,0.0,0.0,exp13_single_priority_69p6m__analysis_snapshot_20260928.tar.gz!P1/seed5/S3__SW_GATV2_VALUECTRL/analysis/checkpoint_curve.csv,MPTC,85.33,项目交接参考；当前归档未找到原始 S 阶段解析 CSV,UAGMC_SOURCE passenger-only + LQ,84.19,128.76,exp11 同包曲线；训练种子 1；评估种子 123-125；本矩阵另有种子 2-5 四条 UAGMC 曲线,需核对同物理/guard/轨迹；解析值为交接参考，非本次独立复算
exp13,S3__SW_GATV2_VALUECTRL,S3,SW_GATV2_VALUECTRL,5,550000,202.26,172.37666666666667,7.48,21.475555555555555,1.0,True,3,3,0.0,0.0,0.0,0.0,exp13_single_priority_69p6m__analysis_snapshot_20260928.tar.gz!P1/seed5/S3__SW_GATV2_VALUECTRL/analysis/checkpoint_curve.csv,MPTC,85.33,项目交接参考；当前归档未找到原始 S 阶段解析 CSV,UAGMC_SOURCE passenger-only + LQ,84.19,128.76,exp11 同包曲线；训练种子 1；评估种子 123-125；本矩阵另有种子 2-5 四条 UAGMC 曲线,需核对同物理/guard/轨迹；解析值为交接参考，非本次独立复算
exp13,S3__SW_GATV2_VALUECTRL,S3,SW_GATV2_VALUECTRL,5,600000,172.7311111111111,143.4011111111111,7.214444444444445,21.195555555555554,1.0,True,3,3,0.0,0.0,0.0,0.0,exp13_single_priority_69p6m__analysis_snapshot_20260928.tar.gz!P1/seed5/S3__SW_GATV2_VALUECTRL/analysis/checkpoint_curve.csv,MPTC,85.33,项目交接参考；当前归档未找到原始 S 阶段解析 CSV,UAGMC_SOURCE passenger-only + LQ,84.19,128.76,exp11 同包曲线；训练种子 1；评估种子 123-125；本矩阵另有种子 2-5 四条 UAGMC 曲线,需核对同物理/guard/轨迹；解析值为交接参考，非本次独立复算
exp13,S3__SW_GATV2_VE,S3,SW_GATV2_VE,4,50000,115.84666666666668,87.40333333333332,7.2444444444444445,20.21777777777778,1.0,True,3,3,0.0,0.0,0.0,0.0,exp13_single_priority_69p6m__analysis_snapshot_20260928.tar.gz!P1/seed4/S3__SW_GATV2_VE/analysis/checkpoint_curve.csv,MPTC,85.33,项目交接参考；当前归档未找到原始 S 阶段解析 CSV,UAGMC_SOURCE passenger-only + LQ,84.19,128.76,exp11 同包曲线；训练种子 1；评估种子 123-125；本矩阵另有种子 2-5 四条 UAGMC 曲线,需核对同物理/guard/轨迹；解析值为交接参考，非本次独立复算
exp13,S3__SW_GATV2_VE,S3,SW_GATV2_VE,4,100000,177.73111111111112,146.48444444444445,8.364444444444445,21.915555555555557,1.0,True,3,3,0.0,0.0,0.0,0.0,exp13_single_priority_69p6m__analysis_snapshot_20260928.tar.gz!P1/seed4/S3__SW_GATV2_VE/analysis/checkpoint_curve.csv,MPTC,85.33,项目交接参考；当前归档未找到原始 S 阶段解析 CSV,UAGMC_SOURCE passenger-only + LQ,84.19,128.76,exp11 同包曲线；训练种子 1；评估种子 123-125；本矩阵另有种子 2-5 四条 UAGMC 曲线,需核对同物理/guard/轨迹；解析值为交接参考，非本次独立复算
exp13,S3__SW_GATV2_VE,S3,SW_GATV2_VE,4,150000,136.27444444444447,107.03888888888889,7.554444444444445,20.715555555555554,1.0,True,3,3,0.0,0.0,0.0,0.0,exp13_single_priority_69p6m__analysis_snapshot_20260928.tar.gz!P1/seed4/S3__SW_GATV2_VE/analysis/checkpoint_curve.csv,MPTC,85.33,项目交接参考；当前归档未找到原始 S 阶段解析 CSV,UAGMC_SOURCE passenger-only + LQ,84.19,128.76,exp11 同包曲线；训练种子 1；评估种子 123-125；本矩阵另有种子 2-5 四条 UAGMC 曲线,需核对同物理/guard/轨迹；解析值为交接参考，非本次独立复算
exp13,S3__SW_GATV2_VE,S3,SW_GATV2_VE,4,200000,161.16,131.03555555555556,7.845555555555555,21.311111111111114,1.0,True,3,3,0.0,0.0,0.0,0.0,exp13_single_priority_69p6m__analysis_snapshot_20260928.tar.gz!P1/seed4/S3__SW_GATV2_VE/analysis/checkpoint_curve.csv,MPTC,85.33,项目交接参考；当前归档未找到原始 S 阶段解析 CSV,UAGMC_SOURCE passenger-only + LQ,84.19,128.76,exp11 同包曲线；训练种子 1；评估种子 123-125；本矩阵另有种子 2-5 四条 UAGMC 曲线,需核对同物理/guard/轨迹；解析值为交接参考，非本次独立复算
exp13,S3__SW_GATV2_VE,S3,SW_GATV2_VE,4,250000,154.88555555555556,125.08777777777777,7.645555555555556,21.177777777777777,1.0,True,3,3,0.0,0.0,0.0,0.0,exp13_single_priority_69p6m__analysis_snapshot_20260928.tar.gz!P1/seed4/S3__SW_GATV2_VE/analysis/checkpoint_curve.csv,MPTC,85.33,项目交接参考；当前归档未找到原始 S 阶段解析 CSV,UAGMC_SOURCE passenger-only + LQ,84.19,128.76,exp11 同包曲线；训练种子 1；评估种子 123-125；本矩阵另有种子 2-5 四条 UAGMC 曲线,需核对同物理/guard/轨迹；解析值为交接参考，非本次独立复算
exp13,S3__SW_GATV2_VE,S3,SW_GATV2_VE,4,300000,145.72111111111113,116.11333333333333,7.611111111111111,21.026666666666667,1.0,True,3,3,0.0,0.0,0.0,0.0,exp13_single_priority_69p6m__analysis_snapshot_20260928.tar.gz!P1/seed4/S3__SW_GATV2_VE/analysis/checkpoint_curve.csv,MPTC,85.33,项目交接参考；当前归档未找到原始 S 阶段解析 CSV,UAGMC_SOURCE passenger-only + LQ,84.19,128.76,exp11 同包曲线；训练种子 1；评估种子 123-125；本矩阵另有种子 2-5 四条 UAGMC 曲线,需核对同物理/guard/轨迹；解析值为交接参考，非本次独立复算
exp13,S3__SW_GATV2_VE,S3,SW_GATV2_VE,4,350000,146.6,117.19444444444446,7.3999999999999995,21.035555555555558,1.0,True,3,3,0.0,0.0,0.0,0.0,exp13_single_priority_69p6m__analysis_snapshot_20260928.tar.gz!P1/seed4/S3__SW_GATV2_VE/analysis/checkpoint_curve.csv,MPTC,85.33,项目交接参考；当前归档未找到原始 S 阶段解析 CSV,UAGMC_SOURCE passenger-only + LQ,84.19,128.76,exp11 同包曲线；训练种子 1；评估种子 123-125；本矩阵另有种子 2-5 四条 UAGMC 曲线,需核对同物理/guard/轨迹；解析值为交接参考，非本次独立复算
exp13,S3__SW_GATV2_VE,S3,SW_GATV2_VE,4,400000,151.76666666666665,122.37333333333333,7.314444444444445,21.111111111111114,1.0,True,3,3,0.0,0.0,0.0,0.0,exp13_single_priority_69p6m__analysis_snapshot_20260928.tar.gz!P1/seed4/S3__SW_GATV2_VE/analysis/checkpoint_curve.csv,MPTC,85.33,项目交接参考；当前归档未找到原始 S 阶段解析 CSV,UAGMC_SOURCE passenger-only + LQ,84.19,128.76,exp11 同包曲线；训练种子 1；评估种子 123-125；本矩阵另有种子 2-5 四条 UAGMC 曲线,需核对同物理/guard/轨迹；解析值为交接参考，非本次独立复算
exp13,S3__SW_GATV2_VE,S3,SW_GATV2_VE,4,450000,170.16,140.21,7.5377777777777775,21.439999999999998,1.0,True,3,3,0.0,0.0,0.0,0.0,exp13_single_priority_69p6m__analysis_snapshot_20260928.tar.gz!P1/seed4/S3__SW_GATV2_VE/analysis/checkpoint_curve.csv,MPTC,85.33,项目交接参考；当前归档未找到原始 S 阶段解析 CSV,UAGMC_SOURCE passenger-only + LQ,84.19,128.76,exp11 同包曲线；训练种子 1；评估种子 123-125；本矩阵另有种子 2-5 四条 UAGMC 曲线,需核对同物理/guard/轨迹；解析值为交接参考，非本次独立复算
exp13,S3__SW_GATV2_VE,S3,SW_GATV2_VE,4,500000,183.78333333333333,153.63666666666668,7.562222222222222,21.62222222222222,1.0,True,3,3,0.0,0.0,0.0,0.0,exp13_single_priority_69p6m__analysis_snapshot_20260928.tar.gz!P1/seed4/S3__SW_GATV2_VE/analysis/checkpoint_curve.csv,MPTC,85.33,项目交接参考；当前归档未找到原始 S 阶段解析 CSV,UAGMC_SOURCE passenger-only + LQ,84.19,128.76,exp11 同包曲线；训练种子 1；评估种子 123-125；本矩阵另有种子 2-5 四条 UAGMC 曲线,需核对同物理/guard/轨迹；解析值为交接参考，非本次独立复算
exp13,S3__SW_GATV2_VE,S3,SW_GATV2_VE,4,550000,182.3322222222222,152.77444444444447,7.3,21.319999999999997,1.0,True,3,3,0.0,0.0,0.0,0.0,exp13_single_priority_69p6m__analysis_snapshot_20260928.tar.gz!P1/seed4/S3__SW_GATV2_VE/analysis/checkpoint_curve.csv,MPTC,85.33,项目交接参考；当前归档未找到原始 S 阶段解析 CSV,UAGMC_SOURCE passenger-only + LQ,84.19,128.76,exp11 同包曲线；训练种子 1；评估种子 123-125；本矩阵另有种子 2-5 四条 UAGMC 曲线,需核对同物理/guard/轨迹；解析值为交接参考，非本次独立复算
exp13,S3__SW_GATV2_VE,S3,SW_GATV2_VE,4,600000,186.59777777777776,156.54777777777778,7.3822222222222225,21.72,1.0,True,3,3,0.0,0.0,0.0,0.0,exp13_single_priority_69p6m__analysis_snapshot_20260928.tar.gz!P1/seed4/S3__SW_GATV2_VE/analysis/checkpoint_curve.csv,MPTC,85.33,项目交接参考；当前归档未找到原始 S 阶段解析 CSV,UAGMC_SOURCE passenger-only + LQ,84.19,128.76,exp11 同包曲线；训练种子 1；评估种子 123-125；本矩阵另有种子 2-5 四条 UAGMC 曲线,需核对同物理/guard/轨迹；解析值为交接参考，非本次独立复算
exp13,S3__SW_GATV2_VE,S3,SW_GATV2_VE,5,50000,222.4677777777778,189.92444444444445,8.556666666666667,23.0,1.0,True,3,3,0.0,0.0,0.0,0.0,exp13_single_priority_69p6m__analysis_snapshot_20260928.tar.gz!P1/seed5/S3__SW_GATV2_VE/analysis/checkpoint_curve.csv,MPTC,85.33,项目交接参考；当前归档未找到原始 S 阶段解析 CSV,UAGMC_SOURCE passenger-only + LQ,84.19,128.76,exp11 同包曲线；训练种子 1；评估种子 123-125；本矩阵另有种子 2-5 四条 UAGMC 曲线,需核对同物理/guard/轨迹；解析值为交接参考，非本次独立复算
exp13,S3__SW_GATV2_VE,S3,SW_GATV2_VE,5,100000,214.6388888888889,182.1688888888889,8.513333333333334,22.973333333333333,1.0,True,3,3,0.0,0.0,0.0,0.0,exp13_single_priority_69p6m__analysis_snapshot_20260928.tar.gz!P1/seed5/S3__SW_GATV2_VE/analysis/checkpoint_curve.csv,MPTC,85.33,项目交接参考；当前归档未找到原始 S 阶段解析 CSV,UAGMC_SOURCE passenger-only + LQ,84.19,128.76,exp11 同包曲线；训练种子 1；评估种子 123-125；本矩阵另有种子 2-5 四条 UAGMC 曲线,需核对同物理/guard/轨迹；解析值为交接参考，非本次独立复算
exp13,S3__SW_GATV2_VE,S3,SW_GATV2_VE,5,150000,218.13444444444443,185.6211111111111,8.54,22.986666666666668,1.0,True,3,3,0.0,0.0,0.0,0.0,exp13_single_priority_69p6m__analysis_snapshot_20260928.tar.gz!P1/seed5/S3__SW_GATV2_VE/analysis/checkpoint_curve.csv,MPTC,85.33,项目交接参考；当前归档未找到原始 S 阶段解析 CSV,UAGMC_SOURCE passenger-only + LQ,84.19,128.76,exp11 同包曲线；训练种子 1；评估种子 123-125；本矩阵另有种子 2-5 四条 UAGMC 曲线,需核对同物理/guard/轨迹；解析值为交接参考，非本次独立复算
exp13,S3__SW_GATV2_VE,S3,SW_GATV2_VE,5,200000,222.4677777777778,189.92444444444445,8.556666666666667,23.0,1.0,True,3,3,0.0,0.0,0.0,0.0,exp13_single_priority_69p6m__analysis_snapshot_20260928.tar.gz!P1/seed5/S3__SW_GATV2_VE/analysis/checkpoint_curve.csv,MPTC,85.33,项目交接参考；当前归档未找到原始 S 阶段解析 CSV,UAGMC_SOURCE passenger-only + LQ,84.19,128.76,exp11 同包曲线；训练种子 1；评估种子 123-125；本矩阵另有种子 2-5 四条 UAGMC 曲线,需核对同物理/guard/轨迹；解析值为交接参考，非本次独立复算
exp13,S3__SW_GATV2_VE,S3,SW_GATV2_VE,5,250000,213.13444444444443,180.70444444444445,8.497777777777777,22.94666666666667,1.0,True,3,3,0.0,0.0,0.0,0.0,exp13_single_priority_69p6m__analysis_snapshot_20260928.tar.gz!P1/seed5/S3__SW_GATV2_VE/analysis/checkpoint_curve.csv,MPTC,85.33,项目交接参考；当前归档未找到原始 S 阶段解析 CSV,UAGMC_SOURCE passenger-only + LQ,84.19,128.76,exp11 同包曲线；训练种子 1；评估种子 123-125；本矩阵另有种子 2-5 四条 UAGMC 曲线,需核对同物理/guard/轨迹；解析值为交接参考，非本次独立复算
exp13,S3__SW_GATV2_VE,S3,SW_GATV2_VE,5,300000,206.59666666666666,174.23777777777778,8.536666666666667,22.84,1.0,True,3,3,0.0,0.0,0.0,0.0,exp13_single_priority_69p6m__analysis_snapshot_20260928.tar.gz!P1/seed5/S3__SW_GATV2_VE/analysis/checkpoint_curve.csv,MPTC,85.33,项目交接参考；当前归档未找到原始 S 阶段解析 CSV,UAGMC_SOURCE passenger-only + LQ,84.19,128.76,exp11 同包曲线；训练种子 1；评估种子 123-125；本矩阵另有种子 2-5 四条 UAGMC 曲线,需核对同物理/guard/轨迹；解析值为交接参考，非本次独立复算
exp13,S3__SW_GATV2_VE,S3,SW_GATV2_VE,5,350000,202.95222222222222,171.16444444444446,8.232222222222221,22.573333333333334,1.0,True,3,3,0.0,0.0,0.0,0.0,exp13_single_priority_69p6m__analysis_snapshot_20260928.tar.gz!P1/seed5/S3__SW_GATV2_VE/analysis/checkpoint_curve.csv,MPTC,85.33,项目交接参考；当前归档未找到原始 S 阶段解析 CSV,UAGMC_SOURCE passenger-only + LQ,84.19,128.76,exp11 同包曲线；训练种子 1；评估种子 123-125；本矩阵另有种子 2-5 四条 UAGMC 曲线,需核对同物理/guard/轨迹；解析值为交接参考，非本次独立复算
exp13,S3__SW_GATV2_VE,S3,SW_GATV2_VE,5,400000,183.52999999999997,153.03222222222223,7.758888888888889,21.764444444444447,1.0,True,3,3,0.0,0.0,0.0,0.0,exp13_single_priority_69p6m__analysis_snapshot_20260928.tar.gz!P1/seed5/S3__SW_GATV2_VE/analysis/checkpoint_curve.csv,MPTC,85.33,项目交接参考；当前归档未找到原始 S 阶段解析 CSV,UAGMC_SOURCE passenger-only + LQ,84.19,128.76,exp11 同包曲线；训练种子 1；评估种子 123-125；本矩阵另有种子 2-5 四条 UAGMC 曲线,需核对同物理/guard/轨迹；解析值为交接参考，非本次独立复算
exp13,S3__SW_GATV2_VE,S3,SW_GATV2_VE,5,450000,184.6988888888889,155.2711111111111,7.27,21.231111111111108,1.0,True,3,3,0.0,0.0,0.0,0.0,exp13_single_priority_69p6m__analysis_snapshot_20260928.tar.gz!P1/seed5/S3__SW_GATV2_VE/analysis/checkpoint_curve.csv,MPTC,85.33,项目交接参考；当前归档未找到原始 S 阶段解析 CSV,UAGMC_SOURCE passenger-only + LQ,84.19,128.76,exp11 同包曲线；训练种子 1；评估种子 123-125；本矩阵另有种子 2-5 四条 UAGMC 曲线,需核对同物理/guard/轨迹；解析值为交接参考，非本次独立复算
exp13,S3__SW_GATV2_VE,S3,SW_GATV2_VE,5,500000,113.72111111111111,86.08111111111111,6.573333333333333,20.142222222222223,1.0,True,3,3,0.0,0.0,0.0,0.0,exp13_single_priority_69p6m__analysis_snapshot_20260928.tar.gz!P1/seed5/S3__SW_GATV2_VE/analysis/checkpoint_curve.csv,MPTC,85.33,项目交接参考；当前归档未找到原始 S 阶段解析 CSV,UAGMC_SOURCE passenger-only + LQ,84.19,128.76,exp11 同包曲线；训练种子 1；评估种子 123-125；本矩阵另有种子 2-5 四条 UAGMC 曲线,需核对同物理/guard/轨迹；解析值为交接参考，非本次独立复算
exp13,S3__SW_GATV2_VE,S3,SW_GATV2_VE,5,550000,106.08555555555556,78.17888888888889,6.7,20.27111111111111,1.0,True,3,3,0.0,0.0,0.0,0.0,exp13_single_priority_69p6m__analysis_snapshot_20260928.tar.gz!P1/seed5/S3__SW_GATV2_VE/analysis/checkpoint_curve.csv,MPTC,85.33,项目交接参考；当前归档未找到原始 S 阶段解析 CSV,UAGMC_SOURCE passenger-only + LQ,84.19,128.76,exp11 同包曲线；训练种子 1；评估种子 123-125；本矩阵另有种子 2-5 四条 UAGMC 曲线,需核对同物理/guard/轨迹；解析值为交接参考，非本次独立复算
exp13,S3__SW_GATV2_VE,S3,SW_GATV2_VE,5,600000,86.85111111111111,59.96444444444444,6.264444444444444,19.706666666666663,1.0,True,3,3,0.0,0.0,0.0,0.0,exp13_single_priority_69p6m__analysis_snapshot_20260928.tar.gz!P1/seed5/S3__SW_GATV2_VE/analysis/checkpoint_curve.csv,MPTC,85.33,项目交接参考；当前归档未找到原始 S 阶段解析 CSV,UAGMC_SOURCE passenger-only + LQ,84.19,128.76,exp11 同包曲线；训练种子 1；评估种子 123-125；本矩阵另有种子 2-5 四条 UAGMC 曲线,需核对同物理/guard/轨迹；解析值为交接参考，非本次独立复算
exp13,S3__SW_GATV2_VE,S3,SW_GATV2_VE,6,50000,221.87,191.62222222222223,7.68,21.622222222222224,1.0,True,3,3,0.0,0.0,0.0,0.0,exp13_single_priority_69p6m__analysis_snapshot_20260928.tar.gz!P2/seed6/S3__SW_GATV2_VE/analysis/checkpoint_curve.csv,MPTC,85.33,项目交接参考；当前归档未找到原始 S 阶段解析 CSV,UAGMC_SOURCE passenger-only + LQ,84.19,128.76,exp11 同包曲线；训练种子 1；评估种子 123-125；本矩阵另有种子 2-5 四条 UAGMC 曲线,需核对同物理/guard/轨迹；解析值为交接参考，非本次独立复算
exp13,S3__SW_GATV2_VE,S3,SW_GATV2_VE,6,100000,162.16222222222223,132.8177777777778,7.12,21.244444444444444,1.0,True,3,3,0.0,0.0,0.0,0.0,exp13_single_priority_69p6m__analysis_snapshot_20260928.tar.gz!P2/seed6/S3__SW_GATV2_VE/analysis/checkpoint_curve.csv,MPTC,85.33,项目交接参考；当前归档未找到原始 S 阶段解析 CSV,UAGMC_SOURCE passenger-only + LQ,84.19,128.76,exp11 同包曲线；训练种子 1；评估种子 123-125；本矩阵另有种子 2-5 四条 UAGMC 曲线,需核对同物理/guard/轨迹；解析值为交接参考，非本次独立复算
exp13,S3__SW_GATV2_VE,S3,SW_GATV2_VE,6,150000,179.30777777777777,149.53,7.43,21.373333333333335,1.0,True,3,3,0.0,0.0,0.0,0.0,exp13_single_priority_69p6m__analysis_snapshot_20260928.tar.gz!P2/seed6/S3__SW_GATV2_VE/analysis/checkpoint_curve.csv,MPTC,85.33,项目交接参考；当前归档未找到原始 S 阶段解析 CSV,UAGMC_SOURCE passenger-only + LQ,84.19,128.76,exp11 同包曲线；训练种子 1；评估种子 123-125；本矩阵另有种子 2-5 四条 UAGMC 曲线,需核对同物理/guard/轨迹；解析值为交接参考，非本次独立复算
exp13,S3__SW_GATV2_VE,S3,SW_GATV2_VE,6,200000,177.1588888888889,146.97888888888886,7.655555555555556,21.555555555555557,1.0,True,3,3,0.0,0.0,0.0,0.0,exp13_single_priority_69p6m__analysis_snapshot_20260928.tar.gz!P2/seed6/S3__SW_GATV2_VE/analysis/checkpoint_curve.csv,MPTC,85.33,项目交接参考；当前归档未找到原始 S 阶段解析 CSV,UAGMC_SOURCE passenger-only + LQ,84.19,128.76,exp11 同包曲线；训练种子 1；评估种子 123-125；本矩阵另有种子 2-5 四条 UAGMC 曲线,需核对同物理/guard/轨迹；解析值为交接参考，非本次独立复算
exp13,S3__SW_GATV2_VE,S3,SW_GATV2_VE,6,250000,186.6688888888889,155.3022222222222,7.9944444444444445,22.404444444444447,1.0,True,3,3,0.0,0.0,0.0,0.0,exp13_single_priority_69p6m__analysis_snapshot_20260928.tar.gz!P2/seed6/S3__SW_GATV2_VE/analysis/checkpoint_curve.csv,MPTC,85.33,项目交接参考；当前归档未找到原始 S 阶段解析 CSV,UAGMC_SOURCE passenger-only + LQ,84.19,128.76,exp11 同包曲线；训练种子 1；评估种子 123-125；本矩阵另有种子 2-5 四条 UAGMC 曲线,需核对同物理/guard/轨迹；解析值为交接参考，非本次独立复算
exp13,S3__SW_GATV2_VE,S3,SW_GATV2_VE,6,300000,176.85555555555553,146.45888888888888,7.59,21.83555555555556,1.0,True,3,3,0.0,0.0,0.0,0.0,exp13_single_priority_69p6m__analysis_snapshot_20260928.tar.gz!P2/seed6/S3__SW_GATV2_VE/analysis/checkpoint_curve.csv,MPTC,85.33,项目交接参考；当前归档未找到原始 S 阶段解析 CSV,UAGMC_SOURCE passenger-only + LQ,84.19,128.76,exp11 同包曲线；训练种子 1；评估种子 123-125；本矩阵另有种子 2-5 四条 UAGMC 曲线,需核对同物理/guard/轨迹；解析值为交接参考，非本次独立复算
exp13,S3__SW_GATV2_VE,S3,SW_GATV2_VE,6,350000,180.04888888888888,148.40444444444447,8.13888888888889,22.537777777777777,1.0,True,3,3,0.0,0.0,0.0,0.0,exp13_single_priority_69p6m__analysis_snapshot_20260928.tar.gz!P2/seed6/S3__SW_GATV2_VE/analysis/checkpoint_curve.csv,MPTC,85.33,项目交接参考；当前归档未找到原始 S 阶段解析 CSV,UAGMC_SOURCE passenger-only + LQ,84.19,128.76,exp11 同包曲线；训练种子 1；评估种子 123-125；本矩阵另有种子 2-5 四条 UAGMC 曲线,需核对同物理/guard/轨迹；解析值为交接参考，非本次独立复算
exp13,S3__SW_GATV2_VE,S3,SW_GATV2_VE,6,400000,188.7677777777778,157.45222222222222,8.036666666666667,22.30666666666667,1.0,True,3,3,0.0,0.0,0.0,0.0,exp13_single_priority_69p6m__analysis_snapshot_20260928.tar.gz!P2/seed6/S3__SW_GATV2_VE/analysis/checkpoint_curve.csv,MPTC,85.33,项目交接参考；当前归档未找到原始 S 阶段解析 CSV,UAGMC_SOURCE passenger-only + LQ,84.19,128.76,exp11 同包曲线；训练种子 1；评估种子 123-125；本矩阵另有种子 2-5 四条 UAGMC 曲线,需核对同物理/guard/轨迹；解析值为交接参考，非本次独立复算
exp13,S3__SW_GATV2_VE,S3,SW_GATV2_VE,6,450000,178.16444444444446,147.7522222222222,7.72,21.72,1.0,True,3,3,0.0,0.0,0.0,0.0,exp13_single_priority_69p6m__analysis_snapshot_20260928.tar.gz!P2/seed6/S3__SW_GATV2_VE/analysis/checkpoint_curve.csv,MPTC,85.33,项目交接参考；当前归档未找到原始 S 阶段解析 CSV,UAGMC_SOURCE passenger-only + LQ,84.19,128.76,exp11 同包曲线；训练种子 1；评估种子 123-125；本矩阵另有种子 2-5 四条 UAGMC 曲线,需核对同物理/guard/轨迹；解析值为交接参考，非本次独立复算
exp13,S3__SW_GATV2_VE,S3,SW_GATV2_VE,6,500000,166.27333333333334,136.32222222222222,7.6688888888888895,21.30666666666667,1.0,True,3,3,0.0,0.0,0.0,0.0,exp13_single_priority_69p6m__analysis_snapshot_20260928.tar.gz!P2/seed6/S3__SW_GATV2_VE/analysis/checkpoint_curve.csv,MPTC,85.33,项目交接参考；当前归档未找到原始 S 阶段解析 CSV,UAGMC_SOURCE passenger-only + LQ,84.19,128.76,exp11 同包曲线；训练种子 1；评估种子 123-125；本矩阵另有种子 2-5 四条 UAGMC 曲线,需核对同物理/guard/轨迹；解析值为交接参考，非本次独立复算
exp13,S3__SW_GATV2_VE,S3,SW_GATV2_VE,6,550000,159.26444444444442,129.58777777777777,7.471111111111111,21.226666666666667,1.0,True,3,3,0.0,0.0,0.0,0.0,exp13_single_priority_69p6m__analysis_snapshot_20260928.tar.gz!P2/seed6/S3__SW_GATV2_VE/analysis/checkpoint_curve.csv,MPTC,85.33,项目交接参考；当前归档未找到原始 S 阶段解析 CSV,UAGMC_SOURCE passenger-only + LQ,84.19,128.76,exp11 同包曲线；训练种子 1；评估种子 123-125；本矩阵另有种子 2-5 四条 UAGMC 曲线,需核对同物理/guard/轨迹；解析值为交接参考，非本次独立复算
exp13,S3__SW_GATV2_VE,S3,SW_GATV2_VE,6,600000,155.56666666666663,126.2788888888889,7.166666666666667,21.137777777777778,1.0,True,3,3,0.0,0.0,0.0,0.0,exp13_single_priority_69p6m__analysis_snapshot_20260928.tar.gz!P2/seed6/S3__SW_GATV2_VE/analysis/checkpoint_curve.csv,MPTC,85.33,项目交接参考；当前归档未找到原始 S 阶段解析 CSV,UAGMC_SOURCE passenger-only + LQ,84.19,128.76,exp11 同包曲线；训练种子 1；评估种子 123-125；本矩阵另有种子 2-5 四条 UAGMC 曲线,需核对同物理/guard/轨迹；解析值为交接参考，非本次独立复算
exp13,S3__SW_GATV2_VE,S3,SW_GATV2_VE,7,50000,100.13777777777779,71.68555555555555,7.292222222222222,20.25333333333333,1.0,True,3,3,0.0,0.0,0.0,0.0,exp13_single_priority_69p6m__analysis_snapshot_20260928.tar.gz!P2/seed7/S3__SW_GATV2_VE/analysis/checkpoint_curve.csv,MPTC,85.33,项目交接参考；当前归档未找到原始 S 阶段解析 CSV,UAGMC_SOURCE passenger-only + LQ,84.19,128.76,exp11 同包曲线；训练种子 1；评估种子 123-125；本矩阵另有种子 2-5 四条 UAGMC 曲线,需核对同物理/guard/轨迹；解析值为交接参考，非本次独立复算
exp13,S3__SW_GATV2_VE,S3,SW_GATV2_VE,7,100000,151.47,121.93555555555555,7.541111111111111,21.080000000000002,1.0,True,3,3,0.0,0.0,0.0,0.0,exp13_single_priority_69p6m__analysis_snapshot_20260928.tar.gz!P2/seed7/S3__SW_GATV2_VE/analysis/checkpoint_curve.csv,MPTC,85.33,项目交接参考；当前归档未找到原始 S 阶段解析 CSV,UAGMC_SOURCE passenger-only + LQ,84.19,128.76,exp11 同包曲线；训练种子 1；评估种子 123-125；本矩阵另有种子 2-5 四条 UAGMC 曲线,需核对同物理/guard/轨迹；解析值为交接参考，非本次独立复算
exp13,S3__SW_GATV2_VE,S3,SW_GATV2_VE,7,150000,180.1822222222222,149.8133333333333,7.53,21.86222222222222,1.0,True,3,3,0.0,0.0,0.0,0.0,exp13_single_priority_69p6m__analysis_snapshot_20260928.tar.gz!P2/seed7/S3__SW_GATV2_VE/analysis/checkpoint_curve.csv,MPTC,85.33,项目交接参考；当前归档未找到原始 S 阶段解析 CSV,UAGMC_SOURCE passenger-only + LQ,84.19,128.76,exp11 同包曲线；训练种子 1；评估种子 123-125；本矩阵另有种子 2-5 四条 UAGMC 曲线,需核对同物理/guard/轨迹；解析值为交接参考，非本次独立复算
exp13,S3__SW_GATV2_VE,S3,SW_GATV2_VE,7,200000,150.23444444444445,120.78555555555556,7.344444444444445,21.133333333333336,1.0,True,3,3,0.0,0.0,0.0,0.0,exp13_single_priority_69p6m__analysis_snapshot_20260928.tar.gz!P2/seed7/S3__SW_GATV2_VE/analysis/checkpoint_curve.csv,MPTC,85.33,项目交接参考；当前归档未找到原始 S 阶段解析 CSV,UAGMC_SOURCE passenger-only + LQ,84.19,128.76,exp11 同包曲线；训练种子 1；评估种子 123-125；本矩阵另有种子 2-5 四条 UAGMC 曲线,需核对同物理/guard/轨迹；解析值为交接参考，非本次独立复算
exp13,S3__SW_GATV2_VE,S3,SW_GATV2_VE,7,250000,189.28111111111113,159.20555555555555,7.546666666666667,21.555555555555554,1.0,True,3,3,0.0,0.0,0.0,0.0,exp13_single_priority_69p6m__analysis_snapshot_20260928.tar.gz!P2/seed7/S3__SW_GATV2_VE/analysis/checkpoint_curve.csv,MPTC,85.33,项目交接参考；当前归档未找到原始 S 阶段解析 CSV,UAGMC_SOURCE passenger-only + LQ,84.19,128.76,exp11 同包曲线；训练种子 1；评估种子 123-125；本矩阵另有种子 2-5 四条 UAGMC 曲线,需核对同物理/guard/轨迹；解析值为交接参考，非本次独立复算
exp13,S3__SW_GATV2_VE,S3,SW_GATV2_VE,7,300000,187.28333333333333,156.93777777777777,7.664444444444444,21.706666666666667,1.0,True,3,3,0.0,0.0,0.0,0.0,exp13_single_priority_69p6m__analysis_snapshot_20260928.tar.gz!P2/seed7/S3__SW_GATV2_VE/analysis/checkpoint_curve.csv,MPTC,85.33,项目交接参考；当前归档未找到原始 S 阶段解析 CSV,UAGMC_SOURCE passenger-only + LQ,84.19,128.76,exp11 同包曲线；训练种子 1；评估种子 123-125；本矩阵另有种子 2-5 四条 UAGMC 曲线,需核对同物理/guard/轨迹；解析值为交接参考，非本次独立复算
exp13,S3__SW_GATV2_VE,S3,SW_GATV2_VE,7,350000,148.79777777777778,119.52444444444444,7.374444444444445,20.919999999999998,1.0,True,3,3,0.0,0.0,0.0,0.0,exp13_single_priority_69p6m__analysis_snapshot_20260928.tar.gz!P2/seed7/S3__SW_GATV2_VE/analysis/checkpoint_curve.csv,MPTC,85.33,项目交接参考；当前归档未找到原始 S 阶段解析 CSV,UAGMC_SOURCE passenger-only + LQ,84.19,128.76,exp11 同包曲线；训练种子 1；评估种子 123-125；本矩阵另有种子 2-5 四条 UAGMC 曲线,需核对同物理/guard/轨迹；解析值为交接参考，非本次独立复算
exp13,S3__SW_GATV2_VE,S3,SW_GATV2_VE,7,400000,181.39222222222224,150.97666666666666,7.685555555555555,21.755555555555556,1.0,True,3,3,0.0,0.0,0.0,0.0,exp13_single_priority_69p6m__analysis_snapshot_20260928.tar.gz!P2/seed7/S3__SW_GATV2_VE/analysis/checkpoint_curve.csv,MPTC,85.33,项目交接参考；当前归档未找到原始 S 阶段解析 CSV,UAGMC_SOURCE passenger-only + LQ,84.19,128.76,exp11 同包曲线；训练种子 1；评估种子 123-125；本矩阵另有种子 2-5 四条 UAGMC 曲线,需核对同物理/guard/轨迹；解析值为交接参考，非本次独立复算
exp13,S3__SW_GATV2_VE,S3,SW_GATV2_VE,7,450000,187.37,157.44666666666663,7.32,21.617777777777775,1.0,True,3,3,0.0,0.0,0.0,0.0,exp13_single_priority_69p6m__analysis_snapshot_20260928.tar.gz!P2/seed7/S3__SW_GATV2_VE/analysis/checkpoint_curve.csv,MPTC,85.33,项目交接参考；当前归档未找到原始 S 阶段解析 CSV,UAGMC_SOURCE passenger-only + LQ,84.19,128.76,exp11 同包曲线；训练种子 1；评估种子 123-125；本矩阵另有种子 2-5 四条 UAGMC 曲线,需核对同物理/guard/轨迹；解析值为交接参考，非本次独立复算
exp13,S3__SW_GATV2_VE,S3,SW_GATV2_VE,7,500000,200.32777777777778,170.35333333333335,7.476666666666667,21.506666666666664,1.0,True,3,3,0.0,0.0,0.0,0.0,exp13_single_priority_69p6m__analysis_snapshot_20260928.tar.gz!P2/seed7/S3__SW_GATV2_VE/analysis/checkpoint_curve.csv,MPTC,85.33,项目交接参考；当前归档未找到原始 S 阶段解析 CSV,UAGMC_SOURCE passenger-only + LQ,84.19,128.76,exp11 同包曲线；训练种子 1；评估种子 123-125；本矩阵另有种子 2-5 四条 UAGMC 曲线,需核对同物理/guard/轨迹；解析值为交接参考，非本次独立复算
exp13,S3__SW_GATV2_VE,S3,SW_GATV2_VE,7,550000,162.16444444444446,132.7711111111111,7.293333333333334,21.124444444444446,1.0,True,3,3,0.0,0.0,0.0,0.0,exp13_single_priority_69p6m__analysis_snapshot_20260928.tar.gz!P2/seed7/S3__SW_GATV2_VE/analysis/checkpoint_curve.csv,MPTC,85.33,项目交接参考；当前归档未找到原始 S 阶段解析 CSV,UAGMC_SOURCE passenger-only + LQ,84.19,128.76,exp11 同包曲线；训练种子 1；评估种子 123-125；本矩阵另有种子 2-5 四条 UAGMC 曲线,需核对同物理/guard/轨迹；解析值为交接参考，非本次独立复算
exp13,S3__SW_GATV2_VE,S3,SW_GATV2_VE,7,600000,149.86,120.69777777777779,7.248888888888889,20.942222222222224,1.0,True,3,3,0.0,0.0,0.0,0.0,exp13_single_priority_69p6m__analysis_snapshot_20260928.tar.gz!P2/seed7/S3__SW_GATV2_VE/analysis/checkpoint_curve.csv,MPTC,85.33,项目交接参考；当前归档未找到原始 S 阶段解析 CSV,UAGMC_SOURCE passenger-only + LQ,84.19,128.76,exp11 同包曲线；训练种子 1；评估种子 123-125；本矩阵另有种子 2-5 四条 UAGMC 曲线,需核对同物理/guard/轨迹；解析值为交接参考，非本次独立复算
exp13,S3__SW_TDMFUSION_VALUECTRL,S3,SW_TDMFUSION_VALUECTRL,4,50000,102.39888888888889,75.58999999999999,6.466666666666666,19.36,1.0,True,3,3,0.0,0.0,0.0,0.0,exp13_single_priority_69p6m__analysis_snapshot_20260928.tar.gz!P1/seed4/S3__SW_TDMFUSION_VALUECTRL/analysis/checkpoint_curve.csv,MPTC,85.33,项目交接参考；当前归档未找到原始 S 阶段解析 CSV,UAGMC_SOURCE passenger-only + LQ,84.19,128.76,exp11 同包曲线；训练种子 1；评估种子 123-125；本矩阵另有种子 2-5 四条 UAGMC 曲线,需核对同物理/guard/轨迹；解析值为交接参考，非本次独立复算
exp13,S3__SW_TDMFUSION_VALUECTRL,S3,SW_TDMFUSION_VALUECTRL,4,100000,112.50777777777778,84.99111111111112,6.612222222222222,19.933333333333334,1.0,True,3,3,0.0,0.0,0.0,0.0,exp13_single_priority_69p6m__analysis_snapshot_20260928.tar.gz!P1/seed4/S3__SW_TDMFUSION_VALUECTRL/analysis/checkpoint_curve.csv,MPTC,85.33,项目交接参考；当前归档未找到原始 S 阶段解析 CSV,UAGMC_SOURCE passenger-only + LQ,84.19,128.76,exp11 同包曲线；训练种子 1；评估种子 123-125；本矩阵另有种子 2-5 四条 UAGMC 曲线,需核对同物理/guard/轨迹；解析值为交接参考，非本次独立复算
exp13,S3__SW_TDMFUSION_VALUECTRL,S3,SW_TDMFUSION_VALUECTRL,4,150000,185.4388888888889,155.23777777777778,7.669999999999999,21.595555555555553,1.0,True,3,3,0.0,0.0,0.0,0.0,exp13_single_priority_69p6m__analysis_snapshot_20260928.tar.gz!P1/seed4/S3__SW_TDMFUSION_VALUECTRL/analysis/checkpoint_curve.csv,MPTC,85.33,项目交接参考；当前归档未找到原始 S 阶段解析 CSV,UAGMC_SOURCE passenger-only + LQ,84.19,128.76,exp11 同包曲线；训练种子 1；评估种子 123-125；本矩阵另有种子 2-5 四条 UAGMC 曲线,需核对同物理/guard/轨迹；解析值为交接参考，非本次独立复算
exp13,S3__SW_TDMFUSION_VALUECTRL,S3,SW_TDMFUSION_VALUECTRL,4,200000,183.41666666666666,153.5377777777778,7.533333333333332,21.404444444444447,1.0,True,3,3,0.0,0.0,0.0,0.0,exp13_single_priority_69p6m__analysis_snapshot_20260928.tar.gz!P1/seed4/S3__SW_TDMFUSION_VALUECTRL/analysis/checkpoint_curve.csv,MPTC,85.33,项目交接参考；当前归档未找到原始 S 阶段解析 CSV,UAGMC_SOURCE passenger-only + LQ,84.19,128.76,exp11 同包曲线；训练种子 1；评估种子 123-125；本矩阵另有种子 2-5 四条 UAGMC 曲线,需核对同物理/guard/轨迹；解析值为交接参考，非本次独立复算
exp13,S3__SW_TDMFUSION_VALUECTRL,S3,SW_TDMFUSION_VALUECTRL,4,250000,141.83333333333334,113.26333333333332,7.1322222222222225,20.49333333333333,1.0,True,3,3,0.0,0.0,0.0,0.0,exp13_single_priority_69p6m__analysis_snapshot_20260928.tar.gz!P1/seed4/S3__SW_TDMFUSION_VALUECTRL/analysis/checkpoint_curve.csv,MPTC,85.33,项目交接参考；当前归档未找到原始 S 阶段解析 CSV,UAGMC_SOURCE passenger-only + LQ,84.19,128.76,exp11 同包曲线；训练种子 1；评估种子 123-125；本矩阵另有种子 2-5 四条 UAGMC 曲线,需核对同物理/guard/轨迹；解析值为交接参考，非本次独立复算
exp13,S3__SW_TDMFUSION_VALUECTRL,S3,SW_TDMFUSION_VALUECTRL,4,300000,140.65111111111113,112.27111111111111,6.925555555555555,20.511111111111113,1.0,True,3,3,0.0,0.0,0.0,0.0,exp13_single_priority_69p6m__analysis_snapshot_20260928.tar.gz!P1/seed4/S3__SW_TDMFUSION_VALUECTRL/analysis/checkpoint_curve.csv,MPTC,85.33,项目交接参考；当前归档未找到原始 S 阶段解析 CSV,UAGMC_SOURCE passenger-only + LQ,84.19,128.76,exp11 同包曲线；训练种子 1；评估种子 123-125；本矩阵另有种子 2-5 四条 UAGMC 曲线,需核对同物理/guard/轨迹；解析值为交接参考，非本次独立复算
exp13,S3__SW_TDMFUSION_VALUECTRL,S3,SW_TDMFUSION_VALUECTRL,4,350000,168.29888888888888,139.00222222222223,7.298888888888889,21.057777777777776,1.0,True,3,3,0.0,0.0,0.0,0.0,exp13_single_priority_69p6m__analysis_snapshot_20260928.tar.gz!P1/seed4/S3__SW_TDMFUSION_VALUECTRL/analysis/checkpoint_curve.csv,MPTC,85.33,项目交接参考；当前归档未找到原始 S 阶段解析 CSV,UAGMC_SOURCE passenger-only + LQ,84.19,128.76,exp11 同包曲线；训练种子 1；评估种子 123-125；本矩阵另有种子 2-5 四条 UAGMC 曲线,需核对同物理/guard/轨迹；解析值为交接参考，非本次独立复算
exp13,S3__SW_TDMFUSION_VALUECTRL,S3,SW_TDMFUSION_VALUECTRL,4,400000,151.27777777777777,122.50555555555555,7.0311111111111115,20.804444444444446,1.0,True,3,3,0.0,0.0,0.0,0.0,exp13_single_priority_69p6m__analysis_snapshot_20260928.tar.gz!P1/seed4/S3__SW_TDMFUSION_VALUECTRL/analysis/checkpoint_curve.csv,MPTC,85.33,项目交接参考；当前归档未找到原始 S 阶段解析 CSV,UAGMC_SOURCE passenger-only + LQ,84.19,128.76,exp11 同包曲线；训练种子 1；评估种子 123-125；本矩阵另有种子 2-5 四条 UAGMC 曲线,需核对同物理/guard/轨迹；解析值为交接参考，非本次独立复算
exp13,S3__SW_TDMFUSION_VALUECTRL,S3,SW_TDMFUSION_VALUECTRL,4,450000,143.0588888888889,114.30333333333333,7.025555555555556,20.8,1.0,True,3,3,0.0,0.0,0.0,0.0,exp13_single_priority_69p6m__analysis_snapshot_20260928.tar.gz!P1/seed4/S3__SW_TDMFUSION_VALUECTRL/analysis/checkpoint_curve.csv,MPTC,85.33,项目交接参考；当前归档未找到原始 S 阶段解析 CSV,UAGMC_SOURCE passenger-only + LQ,84.19,128.76,exp11 同包曲线；训练种子 1；评估种子 123-125；本矩阵另有种子 2-5 四条 UAGMC 曲线,需核对同物理/guard/轨迹；解析值为交接参考，非本次独立复算
exp13,S3__SW_TDMFUSION_VALUECTRL,S3,SW_TDMFUSION_VALUECTRL,4,500000,142.23555555555558,113.58555555555556,6.953333333333333,20.76,1.0,True,3,3,0.0,0.0,0.0,0.0,exp13_single_priority_69p6m__analysis_snapshot_20260928.tar.gz!P1/seed4/S3__SW_TDMFUSION_VALUECTRL/analysis/checkpoint_curve.csv,MPTC,85.33,项目交接参考；当前归档未找到原始 S 阶段解析 CSV,UAGMC_SOURCE passenger-only + LQ,84.19,128.76,exp11 同包曲线；训练种子 1；评估种子 123-125；本矩阵另有种子 2-5 四条 UAGMC 曲线,需核对同物理/guard/轨迹；解析值为交接参考，非本次独立复算
exp13,S3__SW_TDMFUSION_VALUECTRL,S3,SW_TDMFUSION_VALUECTRL,4,550000,126.1988888888889,97.84555555555556,6.746666666666667,20.688888888888886,1.0,True,3,3,0.0,0.0,0.0,0.0,exp13_single_priority_69p6m__analysis_snapshot_20260928.tar.gz!P1/seed4/S3__SW_TDMFUSION_VALUECTRL/analysis/checkpoint_curve.csv,MPTC,85.33,项目交接参考；当前归档未找到原始 S 阶段解析 CSV,UAGMC_SOURCE passenger-only + LQ,84.19,128.76,exp11 同包曲线；训练种子 1；评估种子 123-125；本矩阵另有种子 2-5 四条 UAGMC 曲线,需核对同物理/guard/轨迹；解析值为交接参考，非本次独立复算
exp13,S3__SW_TDMFUSION_VALUECTRL,S3,SW_TDMFUSION_VALUECTRL,4,600000,114.75555555555555,87.12888888888888,6.4511111111111115,20.266666666666666,1.0,True,3,3,0.0,0.0,0.0,0.0,exp13_single_priority_69p6m__analysis_snapshot_20260928.tar.gz!P1/seed4/S3__SW_TDMFUSION_VALUECTRL/analysis/checkpoint_curve.csv,MPTC,85.33,项目交接参考；当前归档未找到原始 S 阶段解析 CSV,UAGMC_SOURCE passenger-only + LQ,84.19,128.76,exp11 同包曲线；训练种子 1；评估种子 123-125；本矩阵另有种子 2-5 四条 UAGMC 曲线,需核对同物理/guard/轨迹；解析值为交接参考，非本次独立复算
exp13,S3__SW_TDMFUSION_VALUECTRL,S3,SW_TDMFUSION_VALUECTRL,5,50000,209.62222222222218,179.37222222222218,7.743333333333332,21.57777777777778,1.0,True,3,3,0.0,0.0,0.0,0.0,exp13_single_priority_69p6m__analysis_snapshot_20260928.tar.gz!P1/seed5/S3__SW_TDMFUSION_VALUECTRL/analysis/checkpoint_curve.csv,MPTC,85.33,项目交接参考；当前归档未找到原始 S 阶段解析 CSV,UAGMC_SOURCE passenger-only + LQ,84.19,128.76,exp11 同包曲线；训练种子 1；评估种子 123-125；本矩阵另有种子 2-5 四条 UAGMC 曲线,需核对同物理/guard/轨迹；解析值为交接参考，非本次独立复算
exp13,S3__SW_TDMFUSION_VALUECTRL,S3,SW_TDMFUSION_VALUECTRL,5,100000,201.36555555555557,169.16666666666666,8.475555555555557,22.76,1.0,True,3,3,0.0,0.0,0.0,0.0,exp13_single_priority_69p6m__analysis_snapshot_20260928.tar.gz!P1/seed5/S3__SW_TDMFUSION_VALUECTRL/analysis/checkpoint_curve.csv,MPTC,85.33,项目交接参考；当前归档未找到原始 S 阶段解析 CSV,UAGMC_SOURCE passenger-only + LQ,84.19,128.76,exp11 同包曲线；训练种子 1；评估种子 123-125；本矩阵另有种子 2-5 四条 UAGMC 曲线,需核对同物理/guard/轨迹；解析值为交接参考，非本次独立复算
exp13,S3__SW_TDMFUSION_VALUECTRL,S3,SW_TDMFUSION_VALUECTRL,5,150000,196.08777777777777,165.52777777777777,7.7811111111111115,21.8,1.0,True,3,3,0.0,0.0,0.0,0.0,exp13_single_priority_69p6m__analysis_snapshot_20260928.tar.gz!P1/seed5/S3__SW_TDMFUSION_VALUECTRL/analysis/checkpoint_curve.csv,MPTC,85.33,项目交接参考；当前归档未找到原始 S 阶段解析 CSV,UAGMC_SOURCE passenger-only + LQ,84.19,128.76,exp11 同包曲线；训练种子 1；评估种子 123-125；本矩阵另有种子 2-5 四条 UAGMC 曲线,需核对同物理/guard/轨迹；解析值为交接参考，非本次独立复算
exp13,S3__SW_TDMFUSION_VALUECTRL,S3,SW_TDMFUSION_VALUECTRL,5,200000,193.08666666666667,162.20222222222222,7.883333333333333,22.017777777777777,1.0,True,3,3,0.0,0.0,0.0,0.0,exp13_single_priority_69p6m__analysis_snapshot_20260928.tar.gz!P1/seed5/S3__SW_TDMFUSION_VALUECTRL/analysis/checkpoint_curve.csv,MPTC,85.33,项目交接参考；当前归档未找到原始 S 阶段解析 CSV,UAGMC_SOURCE passenger-only + LQ,84.19,128.76,exp11 同包曲线；训练种子 1；评估种子 123-125；本矩阵另有种子 2-5 四条 UAGMC 曲线,需核对同物理/guard/轨迹；解析值为交接参考，非本次独立复算
exp13,S3__SW_TDMFUSION_VALUECTRL,S3,SW_TDMFUSION_VALUECTRL,5,250000,180.65222222222224,150.2877777777778,7.665555555555556,21.715555555555557,1.0,True,3,3,0.0,0.0,0.0,0.0,exp13_single_priority_69p6m__analysis_snapshot_20260928.tar.gz!P1/seed5/S3__SW_TDMFUSION_VALUECTRL/analysis/checkpoint_curve.csv,MPTC,85.33,项目交接参考；当前归档未找到原始 S 阶段解析 CSV,UAGMC_SOURCE passenger-only + LQ,84.19,128.76,exp11 同包曲线；训练种子 1；评估种子 123-125；本矩阵另有种子 2-5 四条 UAGMC 曲线,需核对同物理/guard/轨迹；解析值为交接参考，非本次独立复算
exp13,S3__SW_TDMFUSION_VALUECTRL,S3,SW_TDMFUSION_VALUECTRL,5,300000,179.64,149.76555555555555,7.415555555555556,21.475555555555555,1.0,True,3,3,0.0,0.0,0.0,0.0,exp13_single_priority_69p6m__analysis_snapshot_20260928.tar.gz!P1/seed5/S3__SW_TDMFUSION_VALUECTRL/analysis/checkpoint_curve.csv,MPTC,85.33,项目交接参考；当前归档未找到原始 S 阶段解析 CSV,UAGMC_SOURCE passenger-only + LQ,84.19,128.76,exp11 同包曲线；训练种子 1；评估种子 123-125；本矩阵另有种子 2-5 四条 UAGMC 曲线,需核对同物理/guard/轨迹；解析值为交接参考，非本次独立复算
exp13,S3__SW_TDMFUSION_VALUECTRL,S3,SW_TDMFUSION_VALUECTRL,5,350000,180.07777777777778,150.17666666666665,7.455555555555556,21.462222222222223,1.0,True,3,3,0.0,0.0,0.0,0.0,exp13_single_priority_69p6m__analysis_snapshot_20260928.tar.gz!P1/seed5/S3__SW_TDMFUSION_VALUECTRL/analysis/checkpoint_curve.csv,MPTC,85.33,项目交接参考；当前归档未找到原始 S 阶段解析 CSV,UAGMC_SOURCE passenger-only + LQ,84.19,128.76,exp11 同包曲线；训练种子 1；评估种子 123-125；本矩阵另有种子 2-5 四条 UAGMC 曲线,需核对同物理/guard/轨迹；解析值为交接参考，非本次独立复算
exp13,S3__SW_TDMFUSION_VALUECTRL,S3,SW_TDMFUSION_VALUECTRL,5,400000,181.35333333333335,151.2611111111111,7.576666666666667,21.53333333333333,1.0,True,3,3,0.0,0.0,0.0,0.0,exp13_single_priority_69p6m__analysis_snapshot_20260928.tar.gz!P1/seed5/S3__SW_TDMFUSION_VALUECTRL/analysis/checkpoint_curve.csv,MPTC,85.33,项目交接参考；当前归档未找到原始 S 阶段解析 CSV,UAGMC_SOURCE passenger-only + LQ,84.19,128.76,exp11 同包曲线；训练种子 1；评估种子 123-125；本矩阵另有种子 2-5 四条 UAGMC 曲线,需核对同物理/guard/轨迹；解析值为交接参考，非本次独立复算
exp13,S3__SW_TDMFUSION_VALUECTRL,S3,SW_TDMFUSION_VALUECTRL,5,450000,161.44555555555556,131.84333333333333,7.464444444444445,21.168888888888887,1.0,True,3,3,0.0,0.0,0.0,0.0,exp13_single_priority_69p6m__analysis_snapshot_20260928.tar.gz!P1/seed5/S3__SW_TDMFUSION_VALUECTRL/analysis/checkpoint_curve.csv,MPTC,85.33,项目交接参考；当前归档未找到原始 S 阶段解析 CSV,UAGMC_SOURCE passenger-only + LQ,84.19,128.76,exp11 同包曲线；训练种子 1；评估种子 123-125；本矩阵另有种子 2-5 四条 UAGMC 曲线,需核对同物理/guard/轨迹；解析值为交接参考，非本次独立复算
exp13,S3__SW_TDMFUSION_VALUECTRL,S3,SW_TDMFUSION_VALUECTRL,5,500000,172.0533333333333,142.38444444444443,7.422222222222222,21.266666666666666,1.0,True,3,3,0.0,0.0,0.0,0.0,exp13_single_priority_69p6m__analysis_snapshot_20260928.tar.gz!P1/seed5/S3__SW_TDMFUSION_VALUECTRL/analysis/checkpoint_curve.csv,MPTC,85.33,项目交接参考；当前归档未找到原始 S 阶段解析 CSV,UAGMC_SOURCE passenger-only + LQ,84.19,128.76,exp11 同包曲线；训练种子 1；评估种子 123-125；本矩阵另有种子 2-5 四条 UAGMC 曲线,需核对同物理/guard/轨迹；解析值为交接参考，非本次独立复算
exp13,S3__SW_TDMFUSION_VALUECTRL,S3,SW_TDMFUSION_VALUECTRL,5,550000,165.75444444444443,136.0388888888889,7.464444444444445,21.27111111111111,1.0,True,3,3,0.0,0.0,0.0,0.0,exp13_single_priority_69p6m__analysis_snapshot_20260928.tar.gz!P1/seed5/S3__SW_TDMFUSION_VALUECTRL/analysis/checkpoint_curve.csv,MPTC,85.33,项目交接参考；当前归档未找到原始 S 阶段解析 CSV,UAGMC_SOURCE passenger-only + LQ,84.19,128.76,exp11 同包曲线；训练种子 1；评估种子 123-125；本矩阵另有种子 2-5 四条 UAGMC 曲线,需核对同物理/guard/轨迹；解析值为交接参考，非本次独立复算
exp13,S3__SW_TDMFUSION_VALUECTRL,S3,SW_TDMFUSION_VALUECTRL,5,600000,155.20222222222222,125.75222222222222,7.428888888888889,21.053333333333335,1.0,True,3,3,0.0,0.0,0.0,0.0,exp13_single_priority_69p6m__analysis_snapshot_20260928.tar.gz!P1/seed5/S3__SW_TDMFUSION_VALUECTRL/analysis/checkpoint_curve.csv,MPTC,85.33,项目交接参考；当前归档未找到原始 S 阶段解析 CSV,UAGMC_SOURCE passenger-only + LQ,84.19,128.76,exp11 同包曲线；训练种子 1；评估种子 123-125；本矩阵另有种子 2-5 四条 UAGMC 曲线,需核对同物理/guard/轨迹；解析值为交接参考，非本次独立复算
exp13,S3__SW_TDMFUSION_VALUECTRL,S3,SW_TDMFUSION_VALUECTRL,6,50000,197.94555555555556,165.59555555555553,8.473333333333334,22.897777777777776,1.0,True,3,3,0.0,0.0,0.0,0.0,exp13_single_priority_69p6m__analysis_snapshot_20260928.tar.gz!P2/seed6/S3__SW_TDMFUSION_VALUECTRL/analysis/checkpoint_curve.csv,MPTC,85.33,项目交接参考；当前归档未找到原始 S 阶段解析 CSV,UAGMC_SOURCE passenger-only + LQ,84.19,128.76,exp11 同包曲线；训练种子 1；评估种子 123-125；本矩阵另有种子 2-5 四条 UAGMC 曲线,需核对同物理/guard/轨迹；解析值为交接参考，非本次独立复算
exp13,S3__SW_TDMFUSION_VALUECTRL,S3,SW_TDMFUSION_VALUECTRL,6,100000,217.16222222222223,184.70777777777778,8.504444444444445,22.964444444444442,1.0,True,3,3,0.0,0.0,0.0,0.0,exp13_single_priority_69p6m__analysis_snapshot_20260928.tar.gz!P2/seed6/S3__SW_TDMFUSION_VALUECTRL/analysis/checkpoint_curve.csv,MPTC,85.33,项目交接参考；当前归档未找到原始 S 阶段解析 CSV,UAGMC_SOURCE passenger-only + LQ,84.19,128.76,exp11 同包曲线；训练种子 1；评估种子 123-125；本矩阵另有种子 2-5 四条 UAGMC 曲线,需核对同物理/guard/轨迹；解析值为交接参考，非本次独立复算
exp13,S3__SW_TDMFUSION_VALUECTRL,S3,SW_TDMFUSION_VALUECTRL,6,150000,210.97,180.11333333333334,8.00111111111111,21.88,1.0,True,3,3,0.0,0.0,0.0,0.0,exp13_single_priority_69p6m__analysis_snapshot_20260928.tar.gz!P2/seed6/S3__SW_TDMFUSION_VALUECTRL/analysis/checkpoint_curve.csv,MPTC,85.33,项目交接参考；当前归档未找到原始 S 阶段解析 CSV,UAGMC_SOURCE passenger-only + LQ,84.19,128.76,exp11 同包曲线；训练种子 1；评估种子 123-125；本矩阵另有种子 2-5 四条 UAGMC 曲线,需核对同物理/guard/轨迹；解析值为交接参考，非本次独立复算
exp13,S3__SW_TDMFUSION_VALUECTRL,S3,SW_TDMFUSION_VALUECTRL,6,200000,201.72333333333333,171.22444444444446,7.858888888888889,21.666666666666668,1.0,True,3,3,0.0,0.0,0.0,0.0,exp13_single_priority_69p6m__analysis_snapshot_20260928.tar.gz!P2/seed6/S3__SW_TDMFUSION_VALUECTRL/analysis/checkpoint_curve.csv,MPTC,85.33,项目交接参考；当前归档未找到原始 S 阶段解析 CSV,UAGMC_SOURCE passenger-only + LQ,84.19,128.76,exp11 同包曲线；训练种子 1；评估种子 123-125；本矩阵另有种子 2-5 四条 UAGMC 曲线,需核对同物理/guard/轨迹；解析值为交接参考，非本次独立复算
exp13,S3__SW_TDMFUSION_VALUECTRL,S3,SW_TDMFUSION_VALUECTRL,6,250000,196.60333333333335,166.2277777777778,7.801111111111111,21.604444444444443,1.0,True,3,3,0.0,0.0,0.0,0.0,exp13_single_priority_69p6m__analysis_snapshot_20260928.tar.gz!P2/seed6/S3__SW_TDMFUSION_VALUECTRL/analysis/checkpoint_curve.csv,MPTC,85.33,项目交接参考；当前归档未找到原始 S 阶段解析 CSV,UAGMC_SOURCE passenger-only + LQ,84.19,128.76,exp11 同包曲线；训练种子 1；评估种子 123-125；本矩阵另有种子 2-5 四条 UAGMC 曲线,需核对同物理/guard/轨迹；解析值为交接参考，非本次独立复算
exp13,S3__SW_TDMFUSION_VALUECTRL,S3,SW_TDMFUSION_VALUECTRL,6,300000,197.44777777777776,167.02666666666667,7.80888888888889,21.64,1.0,True,3,3,0.0,0.0,0.0,0.0,exp13_single_priority_69p6m__analysis_snapshot_20260928.tar.gz!P2/seed6/S3__SW_TDMFUSION_VALUECTRL/analysis/checkpoint_curve.csv,MPTC,85.33,项目交接参考；当前归档未找到原始 S 阶段解析 CSV,UAGMC_SOURCE passenger-only + LQ,84.19,128.76,exp11 同包曲线；训练种子 1；评估种子 123-125；本矩阵另有种子 2-5 四条 UAGMC 曲线,需核对同物理/guard/轨迹；解析值为交接参考，非本次独立复算
exp13,S3__SW_TDMFUSION_VALUECTRL,S3,SW_TDMFUSION_VALUECTRL,6,350000,169.80999999999997,140.04,7.6066666666666665,21.195555555555558,1.0,True,3,3,0.0,0.0,0.0,0.0,exp13_single_priority_69p6m__analysis_snapshot_20260928.tar.gz!P2/seed6/S3__SW_TDMFUSION_VALUECTRL/analysis/checkpoint_curve.csv,MPTC,85.33,项目交接参考；当前归档未找到原始 S 阶段解析 CSV,UAGMC_SOURCE passenger-only + LQ,84.19,128.76,exp11 同包曲线；训练种子 1；评估种子 123-125；本矩阵另有种子 2-5 四条 UAGMC 曲线,需核对同物理/guard/轨迹；解析值为交接参考，非本次独立复算
exp13,S3__SW_TDMFUSION_VALUECTRL,S3,SW_TDMFUSION_VALUECTRL,6,400000,196.8611111111111,166.33,7.788888888888889,21.777777777777775,1.0,True,3,3,0.0,0.0,0.0,0.0,exp13_single_priority_69p6m__analysis_snapshot_20260928.tar.gz!P2/seed6/S3__SW_TDMFUSION_VALUECTRL/analysis/checkpoint_curve.csv,MPTC,85.33,项目交接参考；当前归档未找到原始 S 阶段解析 CSV,UAGMC_SOURCE passenger-only + LQ,84.19,128.76,exp11 同包曲线；训练种子 1；评估种子 123-125；本矩阵另有种子 2-5 四条 UAGMC 曲线,需核对同物理/guard/轨迹；解析值为交接参考，非本次独立复算
exp13,S3__SW_TDMFUSION_VALUECTRL,S3,SW_TDMFUSION_VALUECTRL,6,450000,177.57666666666668,147.7488888888889,7.525555555555555,21.337777777777777,1.0,True,3,3,0.0,0.0,0.0,0.0,exp13_single_priority_69p6m__analysis_snapshot_20260928.tar.gz!P2/seed6/S3__SW_TDMFUSION_VALUECTRL/analysis/checkpoint_curve.csv,MPTC,85.33,项目交接参考；当前归档未找到原始 S 阶段解析 CSV,UAGMC_SOURCE passenger-only + LQ,84.19,128.76,exp11 同包曲线；训练种子 1；评估种子 123-125；本矩阵另有种子 2-5 四条 UAGMC 曲线,需核对同物理/guard/轨迹；解析值为交接参考，非本次独立复算
exp13,S3__SW_TDMFUSION_VALUECTRL,S3,SW_TDMFUSION_VALUECTRL,6,500000,172.33,143.02333333333334,7.302222222222222,21.040000000000003,1.0,True,3,3,0.0,0.0,0.0,0.0,exp13_single_priority_69p6m__analysis_snapshot_20260928.tar.gz!P2/seed6/S3__SW_TDMFUSION_VALUECTRL/analysis/checkpoint_curve.csv,MPTC,85.33,项目交接参考；当前归档未找到原始 S 阶段解析 CSV,UAGMC_SOURCE passenger-only + LQ,84.19,128.76,exp11 同包曲线；训练种子 1；评估种子 123-125；本矩阵另有种子 2-5 四条 UAGMC 曲线,需核对同物理/guard/轨迹；解析值为交接参考，非本次独立复算
exp13,S3__SW_TDMFUSION_VALUECTRL,S3,SW_TDMFUSION_VALUECTRL,6,550000,176.18888888888887,146.45666666666668,7.527777777777778,21.235555555555553,1.0,True,3,3,0.0,0.0,0.0,0.0,exp13_single_priority_69p6m__analysis_snapshot_20260928.tar.gz!P2/seed6/S3__SW_TDMFUSION_VALUECTRL/analysis/checkpoint_curve.csv,MPTC,85.33,项目交接参考；当前归档未找到原始 S 阶段解析 CSV,UAGMC_SOURCE passenger-only + LQ,84.19,128.76,exp11 同包曲线；训练种子 1；评估种子 123-125；本矩阵另有种子 2-5 四条 UAGMC 曲线,需核对同物理/guard/轨迹；解析值为交接参考，非本次独立复算
exp13,S3__SW_TDMFUSION_VALUECTRL,S3,SW_TDMFUSION_VALUECTRL,6,600000,176.19444444444446,146.48444444444445,7.456666666666667,21.275555555555556,1.0,True,3,3,0.0,0.0,0.0,0.0,exp13_single_priority_69p6m__analysis_snapshot_20260928.tar.gz!P2/seed6/S3__SW_TDMFUSION_VALUECTRL/analysis/checkpoint_curve.csv,MPTC,85.33,项目交接参考；当前归档未找到原始 S 阶段解析 CSV,UAGMC_SOURCE passenger-only + LQ,84.19,128.76,exp11 同包曲线；训练种子 1；评估种子 123-125；本矩阵另有种子 2-5 四条 UAGMC 曲线,需核对同物理/guard/轨迹；解析值为交接参考，非本次独立复算
exp13,S3__SW_TDMFUSION_VALUECTRL,S3,SW_TDMFUSION_VALUECTRL,7,50000,99.55666666666666,72.10111111111111,6.588888888888889,19.906666666666666,1.0,True,3,3,0.0,0.0,0.0,0.0,exp13_single_priority_69p6m__analysis_snapshot_20260928.tar.gz!P2/seed7/S3__SW_TDMFUSION_VALUECTRL/analysis/checkpoint_curve.csv,MPTC,85.33,项目交接参考；当前归档未找到原始 S 阶段解析 CSV,UAGMC_SOURCE passenger-only + LQ,84.19,128.76,exp11 同包曲线；训练种子 1；评估种子 123-125；本矩阵另有种子 2-5 四条 UAGMC 曲线,需核对同物理/guard/轨迹；解析值为交接参考，非本次独立复算
exp13,S3__SW_TDMFUSION_VALUECTRL,S3,SW_TDMFUSION_VALUECTRL,7,100000,222.4677777777778,189.92444444444445,8.556666666666667,23.0,1.0,True,3,3,0.0,0.0,0.0,0.0,exp13_single_priority_69p6m__analysis_snapshot_20260928.tar.gz!P2/seed7/S3__SW_TDMFUSION_VALUECTRL/analysis/checkpoint_curve.csv,MPTC,85.33,项目交接参考；当前归档未找到原始 S 阶段解析 CSV,UAGMC_SOURCE passenger-only + LQ,84.19,128.76,exp11 同包曲线；训练种子 1；评估种子 123-125；本矩阵另有种子 2-5 四条 UAGMC 曲线,需核对同物理/guard/轨迹；解析值为交接参考，非本次独立复算
exp13,S3__SW_TDMFUSION_VALUECTRL,S3,SW_TDMFUSION_VALUECTRL,7,150000,187.15555555555557,156.11333333333334,7.957777777777777,22.111111111111114,1.0,True,3,3,0.0,0.0,0.0,0.0,exp13_single_priority_69p6m__analysis_snapshot_20260928.tar.gz!P2/seed7/S3__SW_TDMFUSION_VALUECTRL/analysis/checkpoint_curve.csv,MPTC,85.33,项目交接参考；当前归档未找到原始 S 阶段解析 CSV,UAGMC_SOURCE passenger-only + LQ,84.19,128.76,exp11 同包曲线；训练种子 1；评估种子 123-125；本矩阵另有种子 2-5 四条 UAGMC 曲线,需核对同物理/guard/轨迹；解析值为交接参考，非本次独立复算
exp13,S3__SW_TDMFUSION_VALUECTRL,S3,SW_TDMFUSION_VALUECTRL,7,200000,168.92999999999998,138.5922222222222,7.702222222222223,21.662222222222223,1.0,True,3,3,0.0,0.0,0.0,0.0,exp13_single_priority_69p6m__analysis_snapshot_20260928.tar.gz!P2/seed7/S3__SW_TDMFUSION_VALUECTRL/analysis/checkpoint_curve.csv,MPTC,85.33,项目交接参考；当前归档未找到原始 S 阶段解析 CSV,UAGMC_SOURCE passenger-only + LQ,84.19,128.76,exp11 同包曲线；训练种子 1；评估种子 123-125；本矩阵另有种子 2-5 四条 UAGMC 曲线,需核对同物理/guard/轨迹；解析值为交接参考，非本次独立复算
exp13,S3__SW_TDMFUSION_VALUECTRL,S3,SW_TDMFUSION_VALUECTRL,7,250000,171.38,141.0822222222222,7.685555555555556,21.64,1.0,True,3,3,0.0,0.0,0.0,0.0,exp13_single_priority_69p6m__analysis_snapshot_20260928.tar.gz!P2/seed7/S3__SW_TDMFUSION_VALUECTRL/analysis/checkpoint_curve.csv,MPTC,85.33,项目交接参考；当前归档未找到原始 S 阶段解析 CSV,UAGMC_SOURCE passenger-only + LQ,84.19,128.76,exp11 同包曲线；训练种子 1；评估种子 123-125；本矩阵另有种子 2-5 四条 UAGMC 曲线,需核对同物理/guard/轨迹；解析值为交接参考，非本次独立复算
exp13,S3__SW_TDMFUSION_VALUECTRL,S3,SW_TDMFUSION_VALUECTRL,7,300000,153.66666666666666,124.23444444444446,7.282222222222223,21.177777777777777,1.0,True,3,3,0.0,0.0,0.0,0.0,exp13_single_priority_69p6m__analysis_snapshot_20260928.tar.gz!P2/seed7/S3__SW_TDMFUSION_VALUECTRL/analysis/checkpoint_curve.csv,MPTC,85.33,项目交接参考；当前归档未找到原始 S 阶段解析 CSV,UAGMC_SOURCE passenger-only + LQ,84.19,128.76,exp11 同包曲线；训练种子 1；评估种子 123-125；本矩阵另有种子 2-5 四条 UAGMC 曲线,需核对同物理/guard/轨迹；解析值为交接参考，非本次独立复算
exp13,S3__SW_TDMFUSION_VALUECTRL,S3,SW_TDMFUSION_VALUECTRL,7,350000,159.1411111111111,129.4333333333333,7.453333333333333,21.284444444444446,1.0,True,3,3,0.0,0.0,0.0,0.0,exp13_single_priority_69p6m__analysis_snapshot_20260928.tar.gz!P2/seed7/S3__SW_TDMFUSION_VALUECTRL/analysis/checkpoint_curve.csv,MPTC,85.33,项目交接参考；当前归档未找到原始 S 阶段解析 CSV,UAGMC_SOURCE passenger-only + LQ,84.19,128.76,exp11 同包曲线；训练种子 1；评估种子 123-125；本矩阵另有种子 2-5 四条 UAGMC 曲线,需核对同物理/guard/轨迹；解析值为交接参考，非本次独立复算
exp13,S3__SW_TDMFUSION_VALUECTRL,S3,SW_TDMFUSION_VALUECTRL,7,400000,144.18444444444444,115.09555555555555,7.216666666666666,20.89777777777778,1.0,True,3,3,0.0,0.0,0.0,0.0,exp13_single_priority_69p6m__analysis_snapshot_20260928.tar.gz!P2/seed7/S3__SW_TDMFUSION_VALUECTRL/analysis/checkpoint_curve.csv,MPTC,85.33,项目交接参考；当前归档未找到原始 S 阶段解析 CSV,UAGMC_SOURCE passenger-only + LQ,84.19,128.76,exp11 同包曲线；训练种子 1；评估种子 123-125；本矩阵另有种子 2-5 四条 UAGMC 曲线,需核对同物理/guard/轨迹；解析值为交接参考，非本次独立复算
exp13,S3__SW_TDMFUSION_VALUECTRL,S3,SW_TDMFUSION_VALUECTRL,7,450000,158.28,128.65333333333334,7.43,21.226666666666667,1.0,True,3,3,0.0,0.0,0.0,0.0,exp13_single_priority_69p6m__analysis_snapshot_20260928.tar.gz!P2/seed7/S3__SW_TDMFUSION_VALUECTRL/analysis/checkpoint_curve.csv,MPTC,85.33,项目交接参考；当前归档未找到原始 S 阶段解析 CSV,UAGMC_SOURCE passenger-only + LQ,84.19,128.76,exp11 同包曲线；训练种子 1；评估种子 123-125；本矩阵另有种子 2-5 四条 UAGMC 曲线,需核对同物理/guard/轨迹；解析值为交接参考，非本次独立复算
exp13,S3__SW_TDMFUSION_VALUECTRL,S3,SW_TDMFUSION_VALUECTRL,7,500000,145.91333333333333,116.71888888888888,7.292222222222222,20.933333333333334,1.0,True,3,3,0.0,0.0,0.0,0.0,exp13_single_priority_69p6m__analysis_snapshot_20260928.tar.gz!P2/seed7/S3__SW_TDMFUSION_VALUECTRL/analysis/checkpoint_curve.csv,MPTC,85.33,项目交接参考；当前归档未找到原始 S 阶段解析 CSV,UAGMC_SOURCE passenger-only + LQ,84.19,128.76,exp11 同包曲线；训练种子 1；评估种子 123-125；本矩阵另有种子 2-5 四条 UAGMC 曲线,需核对同物理/guard/轨迹；解析值为交接参考，非本次独立复算
exp13,S3__SW_TDMFUSION_VALUECTRL,S3,SW_TDMFUSION_VALUECTRL,7,550000,147.07000000000002,117.80555555555556,7.32,20.964444444444446,1.0,True,3,3,0.0,0.0,0.0,0.0,exp13_single_priority_69p6m__analysis_snapshot_20260928.tar.gz!P2/seed7/S3__SW_TDMFUSION_VALUECTRL/analysis/checkpoint_curve.csv,MPTC,85.33,项目交接参考；当前归档未找到原始 S 阶段解析 CSV,UAGMC_SOURCE passenger-only + LQ,84.19,128.76,exp11 同包曲线；训练种子 1；评估种子 123-125；本矩阵另有种子 2-5 四条 UAGMC 曲线,需核对同物理/guard/轨迹；解析值为交接参考，非本次独立复算
exp13,S3__SW_TDMFUSION_VALUECTRL,S3,SW_TDMFUSION_VALUECTRL,7,600000,146.1588888888889,117.08999999999999,7.182222222222222,20.906666666666666,1.0,True,3,3,0.0,0.0,0.0,0.0,exp13_single_priority_69p6m__analysis_snapshot_20260928.tar.gz!P2/seed7/S3__SW_TDMFUSION_VALUECTRL/analysis/checkpoint_curve.csv,MPTC,85.33,项目交接参考；当前归档未找到原始 S 阶段解析 CSV,UAGMC_SOURCE passenger-only + LQ,84.19,128.76,exp11 同包曲线；训练种子 1；评估种子 123-125；本矩阵另有种子 2-5 四条 UAGMC 曲线,需核对同物理/guard/轨迹；解析值为交接参考，非本次独立复算
exp13,S3__SW_TDMFUSION_VE,S3,SW_TDMFUSION_VE,4,50000,141.22111111111113,112.37444444444445,7.509999999999999,20.404444444444444,1.0,True,3,3,0.0,0.0,0.0,0.0,exp13_single_priority_69p6m__analysis_snapshot_20260928.tar.gz!P1/seed4/S3__SW_TDMFUSION_VE/analysis/checkpoint_curve.csv,MPTC,85.33,项目交接参考；当前归档未找到原始 S 阶段解析 CSV,UAGMC_SOURCE passenger-only + LQ,84.19,128.76,exp11 同包曲线；训练种子 1；评估种子 123-125；本矩阵另有种子 2-5 四条 UAGMC 曲线,需核对同物理/guard/轨迹；解析值为交接参考，非本次独立复算
exp13,S3__SW_TDMFUSION_VE,S3,SW_TDMFUSION_VE,4,100000,153.62444444444444,124.72888888888889,7.41,20.533333333333335,1.0,True,3,3,0.0,0.0,0.0,0.0,exp13_single_priority_69p6m__analysis_snapshot_20260928.tar.gz!P1/seed4/S3__SW_TDMFUSION_VE/analysis/checkpoint_curve.csv,MPTC,85.33,项目交接参考；当前归档未找到原始 S 阶段解析 CSV,UAGMC_SOURCE passenger-only + LQ,84.19,128.76,exp11 同包曲线；训练种子 1；评估种子 123-125；本矩阵另有种子 2-5 四条 UAGMC 曲线,需核对同物理/guard/轨迹；解析值为交接参考，非本次独立复算
exp13,S3__SW_TDMFUSION_VE,S3,SW_TDMFUSION_VE,4,150000,175.79999999999998,146.16555555555556,7.672222222222222,21.017777777777777,1.0,True,3,3,0.0,0.0,0.0,0.0,exp13_single_priority_69p6m__analysis_snapshot_20260928.tar.gz!P1/seed4/S3__SW_TDMFUSION_VE/analysis/checkpoint_curve.csv,MPTC,85.33,项目交接参考；当前归档未找到原始 S 阶段解析 CSV,UAGMC_SOURCE passenger-only + LQ,84.19,128.76,exp11 同包曲线；训练种子 1；评估种子 123-125；本矩阵另有种子 2-5 四条 UAGMC 曲线,需核对同物理/guard/轨迹；解析值为交接参考，非本次独立复算
exp13,S3__SW_TDMFUSION_VE,S3,SW_TDMFUSION_VE,4,200000,170.3011111111111,140.44555555555556,7.895555555555556,21.017777777777777,1.0,True,3,3,0.0,0.0,0.0,0.0,exp13_single_priority_69p6m__analysis_snapshot_20260928.tar.gz!P1/seed4/S3__SW_TDMFUSION_VE/analysis/checkpoint_curve.csv,MPTC,85.33,项目交接参考；当前归档未找到原始 S 阶段解析 CSV,UAGMC_SOURCE passenger-only + LQ,84.19,128.76,exp11 同包曲线；训练种子 1；评估种子 123-125；本矩阵另有种子 2-5 四条 UAGMC 曲线,需核对同物理/guard/轨迹；解析值为交接参考，非本次独立复算
exp13,S3__SW_TDMFUSION_VE,S3,SW_TDMFUSION_VE,4,250000,163.37555555555556,133.77111111111114,7.742222222222222,20.92,1.0,True,3,3,0.0,0.0,0.0,0.0,exp13_single_priority_69p6m__analysis_snapshot_20260928.tar.gz!P1/seed4/S3__SW_TDMFUSION_VE/analysis/checkpoint_curve.csv,MPTC,85.33,项目交接参考；当前归档未找到原始 S 阶段解析 CSV,UAGMC_SOURCE passenger-only + LQ,84.19,128.76,exp11 同包曲线；训练种子 1；评估种子 123-125；本矩阵另有种子 2-5 四条 UAGMC 曲线,需核对同物理/guard/轨迹；解析值为交接参考，非本次独立复算
exp13,S3__SW_TDMFUSION_VE,S3,SW_TDMFUSION_VE,4,300000,166.87333333333333,137.4988888888889,7.5744444444444445,20.85777777777778,1.0,True,3,3,0.0,0.0,0.0,0.0,exp13_single_priority_69p6m__analysis_snapshot_20260928.tar.gz!P1/seed4/S3__SW_TDMFUSION_VE/analysis/checkpoint_curve.csv,MPTC,85.33,项目交接参考；当前归档未找到原始 S 阶段解析 CSV,UAGMC_SOURCE passenger-only + LQ,84.19,128.76,exp11 同包曲线；训练种子 1；评估种子 123-125；本矩阵另有种子 2-5 四条 UAGMC 曲线,需核对同物理/guard/轨迹；解析值为交接参考，非本次独立复算
exp13,S3__SW_TDMFUSION_VE,S3,SW_TDMFUSION_VE,4,350000,191.0822222222222,161.28444444444446,7.597777777777778,21.26222222222222,1.0,True,3,3,0.0,0.0,0.0,0.0,exp13_single_priority_69p6m__analysis_snapshot_20260928.tar.gz!P1/seed4/S3__SW_TDMFUSION_VE/analysis/checkpoint_curve.csv,MPTC,85.33,项目交接参考；当前归档未找到原始 S 阶段解析 CSV,UAGMC_SOURCE passenger-only + LQ,84.19,128.76,exp11 同包曲线；训练种子 1；评估种子 123-125；本矩阵另有种子 2-5 四条 UAGMC 曲线,需核对同物理/guard/轨迹；解析值为交接参考，非本次独立复算
exp13,S3__SW_TDMFUSION_VE,S3,SW_TDMFUSION_VE,4,400000,178.1488888888889,148.48333333333332,7.622222222222223,21.102222222222224,1.0,True,3,3,0.0,0.0,0.0,0.0,exp13_single_priority_69p6m__analysis_snapshot_20260928.tar.gz!P1/seed4/S3__SW_TDMFUSION_VE/analysis/checkpoint_curve.csv,MPTC,85.33,项目交接参考；当前归档未找到原始 S 阶段解析 CSV,UAGMC_SOURCE passenger-only + LQ,84.19,128.76,exp11 同包曲线；训练种子 1；评估种子 123-125；本矩阵另有种子 2-5 四条 UAGMC 曲线,需核对同物理/guard/轨迹；解析值为交接参考，非本次独立复算
exp13,S3__SW_TDMFUSION_VE,S3,SW_TDMFUSION_VE,4,450000,176.70111111111112,147.52333333333334,7.293333333333334,20.942222222222224,1.0,True,3,3,0.0,0.0,0.0,0.0,exp13_single_priority_69p6m__analysis_snapshot_20260928.tar.gz!P1/seed4/S3__SW_TDMFUSION_VE/analysis/checkpoint_curve.csv,MPTC,85.33,项目交接参考；当前归档未找到原始 S 阶段解析 CSV,UAGMC_SOURCE passenger-only + LQ,84.19,128.76,exp11 同包曲线；训练种子 1；评估种子 123-125；本矩阵另有种子 2-5 四条 UAGMC 曲线,需核对同物理/guard/轨迹；解析值为交接参考，非本次独立复算
exp13,S3__SW_TDMFUSION_VE,S3,SW_TDMFUSION_VE,4,500000,188.8511111111111,159.0377777777778,7.635555555555555,21.235555555555557,1.0,True,3,3,0.0,0.0,0.0,0.0,exp13_single_priority_69p6m__analysis_snapshot_20260928.tar.gz!P1/seed4/S3__SW_TDMFUSION_VE/analysis/checkpoint_curve.csv,MPTC,85.33,项目交接参考；当前归档未找到原始 S 阶段解析 CSV,UAGMC_SOURCE passenger-only + LQ,84.19,128.76,exp11 同包曲线；训练种子 1；评估种子 123-125；本矩阵另有种子 2-5 四条 UAGMC 曲线,需核对同物理/guard/轨迹；解析值为交接参考，非本次独立复算
exp13,S3__SW_TDMFUSION_VE,S3,SW_TDMFUSION_VE,4,550000,227.29777777777778,196.71555555555554,7.826666666666667,21.808888888888887,1.0,True,3,3,0.0,0.0,0.0,0.0,exp13_single_priority_69p6m__analysis_snapshot_20260928.tar.gz!P1/seed4/S3__SW_TDMFUSION_VE/analysis/checkpoint_curve.csv,MPTC,85.33,项目交接参考；当前归档未找到原始 S 阶段解析 CSV,UAGMC_SOURCE passenger-only + LQ,84.19,128.76,exp11 同包曲线；训练种子 1；评估种子 123-125；本矩阵另有种子 2-5 四条 UAGMC 曲线,需核对同物理/guard/轨迹；解析值为交接参考，非本次独立复算
exp13,S3__SW_TDMFUSION_VE,S3,SW_TDMFUSION_VE,4,600000,236.10777777777778,205.35666666666665,7.982222222222222,21.826666666666664,1.0,True,3,3,0.0,0.0,0.0,0.0,exp13_single_priority_69p6m__analysis_snapshot_20260928.tar.gz!P1/seed4/S3__SW_TDMFUSION_VE/analysis/checkpoint_curve.csv,MPTC,85.33,项目交接参考；当前归档未找到原始 S 阶段解析 CSV,UAGMC_SOURCE passenger-only + LQ,84.19,128.76,exp11 同包曲线；训练种子 1；评估种子 123-125；本矩阵另有种子 2-5 四条 UAGMC 曲线,需核对同物理/guard/轨迹；解析值为交接参考，非本次独立复算
exp13,S3__SW_TDMFUSION_VE,S3,SW_TDMFUSION_VE,5,50000,156.04666666666665,127.49333333333334,6.956666666666667,20.67111111111111,1.0,True,3,3,0.0,0.0,0.0,0.0,exp13_single_priority_69p6m__analysis_snapshot_20260928.tar.gz!P1/seed5/S3__SW_TDMFUSION_VE/analysis/checkpoint_curve.csv,MPTC,85.33,项目交接参考；当前归档未找到原始 S 阶段解析 CSV,UAGMC_SOURCE passenger-only + LQ,84.19,128.76,exp11 同包曲线；训练种子 1；评估种子 123-125；本矩阵另有种子 2-5 四条 UAGMC 曲线,需核对同物理/guard/轨迹；解析值为交接参考，非本次独立复算
exp13,S3__SW_TDMFUSION_VE,S3,SW_TDMFUSION_VE,5,100000,270.11777777777775,238.39444444444447,8.197777777777778,22.586666666666662,1.0,True,3,3,0.0,0.0,0.0,0.0,exp13_single_priority_69p6m__analysis_snapshot_20260928.tar.gz!P1/seed5/S3__SW_TDMFUSION_VE/analysis/checkpoint_curve.csv,MPTC,85.33,项目交接参考；当前归档未找到原始 S 阶段解析 CSV,UAGMC_SOURCE passenger-only + LQ,84.19,128.76,exp11 同包曲线；训练种子 1；评估种子 123-125；本矩阵另有种子 2-5 四条 UAGMC 曲线,需核对同物理/guard/轨迹；解析值为交接参考，非本次独立复算
exp13,S3__SW_TDMFUSION_VE,S3,SW_TDMFUSION_VE,5,150000,140.55444444444444,112.56111111111112,6.711111111111111,20.36,1.0,True,3,3,0.0,0.0,0.0,0.0,exp13_single_priority_69p6m__analysis_snapshot_20260928.tar.gz!P1/seed5/S3__SW_TDMFUSION_VE/analysis/checkpoint_curve.csv,MPTC,85.33,项目交接参考；当前归档未找到原始 S 阶段解析 CSV,UAGMC_SOURCE passenger-only + LQ,84.19,128.76,exp11 同包曲线；训练种子 1；评估种子 123-125；本矩阵另有种子 2-5 四条 UAGMC 曲线,需核对同物理/guard/轨迹；解析值为交接参考，非本次独立复算
exp13,S3__SW_TDMFUSION_VE,S3,SW_TDMFUSION_VE,5,200000,160.4922222222222,131.99777777777777,7.044444444444444,20.524444444444445,1.0,True,3,3,0.0,0.0,0.0,0.0,exp13_single_priority_69p6m__analysis_snapshot_20260928.tar.gz!P1/seed5/S3__SW_TDMFUSION_VE/analysis/checkpoint_curve.csv,MPTC,85.33,项目交接参考；当前归档未找到原始 S 阶段解析 CSV,UAGMC_SOURCE passenger-only + LQ,84.19,128.76,exp11 同包曲线；训练种子 1；评估种子 123-125；本矩阵另有种子 2-5 四条 UAGMC 曲线,需核对同物理/guard/轨迹；解析值为交接参考，非本次独立复算
exp13,S3__SW_TDMFUSION_VE,S3,SW_TDMFUSION_VE,5,250000,175.08444444444444,145.7488888888889,7.431111111111111,20.982222222222223,1.0,True,3,3,0.0,0.0,0.0,0.0,exp13_single_priority_69p6m__analysis_snapshot_20260928.tar.gz!P1/seed5/S3__SW_TDMFUSION_VE/analysis/checkpoint_curve.csv,MPTC,85.33,项目交接参考；当前归档未找到原始 S 阶段解析 CSV,UAGMC_SOURCE passenger-only + LQ,84.19,128.76,exp11 同包曲线；训练种子 1；评估种子 123-125；本矩阵另有种子 2-5 四条 UAGMC 曲线,需核对同物理/guard/轨迹；解析值为交接参考，非本次独立复算
exp13,S3__SW_TDMFUSION_VE,S3,SW_TDMFUSION_VE,5,300000,175.5233333333333,146.26666666666665,7.304444444444445,21.031111111111112,1.0,True,3,3,0.0,0.0,0.0,0.0,exp13_single_priority_69p6m__analysis_snapshot_20260928.tar.gz!P1/seed5/S3__SW_TDMFUSION_VE/analysis/checkpoint_curve.csv,MPTC,85.33,项目交接参考；当前归档未找到原始 S 阶段解析 CSV,UAGMC_SOURCE passenger-only + LQ,84.19,128.76,exp11 同包曲线；训练种子 1；评估种子 123-125；本矩阵另有种子 2-5 四条 UAGMC 曲线,需核对同物理/guard/轨迹；解析值为交接参考，非本次独立复算
exp13,S3__SW_TDMFUSION_VE,S3,SW_TDMFUSION_VE,5,350000,176.5566666666667,147.0922222222222,7.426666666666667,21.115555555555556,1.0,True,3,3,0.0,0.0,0.0,0.0,exp13_single_priority_69p6m__analysis_snapshot_20260928.tar.gz!P1/seed5/S3__SW_TDMFUSION_VE/analysis/checkpoint_curve.csv,MPTC,85.33,项目交接参考；当前归档未找到原始 S 阶段解析 CSV,UAGMC_SOURCE passenger-only + LQ,84.19,128.76,exp11 同包曲线；训练种子 1；评估种子 123-125；本矩阵另有种子 2-5 四条 UAGMC 曲线,需核对同物理/guard/轨迹；解析值为交接参考，非本次独立复算
exp13,S3__SW_TDMFUSION_VE,S3,SW_TDMFUSION_VE,5,400000,121.06777777777778,93.48666666666668,6.694444444444444,19.964444444444442,1.0,True,3,3,0.0,0.0,0.0,0.0,exp13_single_priority_69p6m__analysis_snapshot_20260928.tar.gz!P1/seed5/S3__SW_TDMFUSION_VE/analysis/checkpoint_curve.csv,MPTC,85.33,项目交接参考；当前归档未找到原始 S 阶段解析 CSV,UAGMC_SOURCE passenger-only + LQ,84.19,128.76,exp11 同包曲线；训练种子 1；评估种子 123-125；本矩阵另有种子 2-5 四条 UAGMC 曲线,需核对同物理/guard/轨迹；解析值为交接参考，非本次独立复算
exp13,S3__SW_TDMFUSION_VE,S3,SW_TDMFUSION_VE,5,450000,125.70333333333333,98.02,6.739999999999999,20.026666666666667,1.0,True,3,3,0.0,0.0,0.0,0.0,exp13_single_priority_69p6m__analysis_snapshot_20260928.tar.gz!P1/seed5/S3__SW_TDMFUSION_VE/analysis/checkpoint_curve.csv,MPTC,85.33,项目交接参考；当前归档未找到原始 S 阶段解析 CSV,UAGMC_SOURCE passenger-only + LQ,84.19,128.76,exp11 同包曲线；训练种子 1；评估种子 123-125；本矩阵另有种子 2-5 四条 UAGMC 曲线,需核对同物理/guard/轨迹；解析值为交接参考，非本次独立复算
exp13,S3__SW_TDMFUSION_VE,S3,SW_TDMFUSION_VE,5,500000,151.55777777777777,122.97222222222223,7.118888888888889,20.54222222222222,1.0,True,3,3,0.0,0.0,0.0,0.0,exp13_single_priority_69p6m__analysis_snapshot_20260928.tar.gz!P1/seed5/S3__SW_TDMFUSION_VE/analysis/checkpoint_curve.csv,MPTC,85.33,项目交接参考；当前归档未找到原始 S 阶段解析 CSV,UAGMC_SOURCE passenger-only + LQ,84.19,128.76,exp11 同包曲线；训练种子 1；评估种子 123-125；本矩阵另有种子 2-5 四条 UAGMC 曲线,需核对同物理/guard/轨迹；解析值为交接参考，非本次独立复算
exp13,S3__SW_TDMFUSION_VE,S3,SW_TDMFUSION_VE,5,550000,164.7222222222222,135.6,7.286666666666666,20.915555555555557,1.0,True,3,3,0.0,0.0,0.0,0.0,exp13_single_priority_69p6m__analysis_snapshot_20260928.tar.gz!P1/seed5/S3__SW_TDMFUSION_VE/analysis/checkpoint_curve.csv,MPTC,85.33,项目交接参考；当前归档未找到原始 S 阶段解析 CSV,UAGMC_SOURCE passenger-only + LQ,84.19,128.76,exp11 同包曲线；训练种子 1；评估种子 123-125；本矩阵另有种子 2-5 四条 UAGMC 曲线,需核对同物理/guard/轨迹；解析值为交接参考，非本次独立复算
exp13,S3__SW_TDMFUSION_VE,S3,SW_TDMFUSION_VE,5,600000,193.03,163.12333333333333,7.637777777777778,21.342222222222222,1.0,True,3,3,0.0,0.0,0.0,0.0,exp13_single_priority_69p6m__analysis_snapshot_20260928.tar.gz!P1/seed5/S3__SW_TDMFUSION_VE/analysis/checkpoint_curve.csv,MPTC,85.33,项目交接参考；当前归档未找到原始 S 阶段解析 CSV,UAGMC_SOURCE passenger-only + LQ,84.19,128.76,exp11 同包曲线；训练种子 1；评估种子 123-125；本矩阵另有种子 2-5 四条 UAGMC 曲线,需核对同物理/guard/轨迹；解析值为交接参考，非本次独立复算
exp13,S3__S_EVENTGRAPH_GAT,S3,S_EVENTGRAPH_GAT,2,50000,222.4677777777778,189.92444444444445,8.556666666666667,23.0,1.0,True,3,3,0.0,0.0,0.0,0.0,exp13_single_priority_69p6m__analysis_snapshot_20260928.tar.gz!P0/seed2/S3__S_EVENTGRAPH_GAT/analysis/checkpoint_curve.csv,MPTC,85.33,项目交接参考；当前归档未找到原始 S 阶段解析 CSV,UAGMC_SOURCE passenger-only + LQ,84.19,128.76,exp11 同包曲线；训练种子 1；评估种子 123-125；本矩阵另有种子 2-5 四条 UAGMC 曲线,需核对同物理/guard/轨迹；解析值为交接参考，非本次独立复算
exp13,S3__S_EVENTGRAPH_GAT,S3,S_EVENTGRAPH_GAT,2,100000,617.9966666666668,591.8333333333334,6.163333333333333,19.0,1.0,True,3,3,0.0,0.0,0.0,0.0,exp13_single_priority_69p6m__analysis_snapshot_20260928.tar.gz!P0/seed2/S3__S_EVENTGRAPH_GAT/analysis/checkpoint_curve.csv,MPTC,85.33,项目交接参考；当前归档未找到原始 S 阶段解析 CSV,UAGMC_SOURCE passenger-only + LQ,84.19,128.76,exp11 同包曲线；训练种子 1；评估种子 123-125；本矩阵另有种子 2-5 四条 UAGMC 曲线,需核对同物理/guard/轨迹；解析值为交接参考，非本次独立复算
exp13,S3__S_EVENTGRAPH_GAT,S3,S_EVENTGRAPH_GAT,2,150000,209.82444444444445,180.53333333333333,7.248888888888889,21.137777777777774,1.0,True,3,3,0.0,0.0,0.0,0.0,exp13_single_priority_69p6m__analysis_snapshot_20260928.tar.gz!P0/seed2/S3__S_EVENTGRAPH_GAT/analysis/checkpoint_curve.csv,MPTC,85.33,项目交接参考；当前归档未找到原始 S 阶段解析 CSV,UAGMC_SOURCE passenger-only + LQ,84.19,128.76,exp11 同包曲线；训练种子 1；评估种子 123-125；本矩阵另有种子 2-5 四条 UAGMC 曲线,需核对同物理/guard/轨迹；解析值为交接参考，非本次独立复算
exp13,S3__S_EVENTGRAPH_GAT,S3,S_EVENTGRAPH_GAT,2,200000,163.2411111111111,136.13,6.48888888888889,19.715555555555557,1.0,True,3,3,0.0,0.0,0.0,0.0,exp13_single_priority_69p6m__analysis_snapshot_20260928.tar.gz!P0/seed2/S3__S_EVENTGRAPH_GAT/analysis/checkpoint_curve.csv,MPTC,85.33,项目交接参考；当前归档未找到原始 S 阶段解析 CSV,UAGMC_SOURCE passenger-only + LQ,84.19,128.76,exp11 同包曲线；训练种子 1；评估种子 123-125；本矩阵另有种子 2-5 四条 UAGMC 曲线,需核对同物理/guard/轨迹；解析值为交接参考，非本次独立复算
exp13,S3__S_EVENTGRAPH_GAT,S3,S_EVENTGRAPH_GAT,2,250000,226.70666666666668,196.91,7.47,21.368888888888886,1.0,True,3,3,0.0,0.0,0.0,0.0,exp13_single_priority_69p6m__analysis_snapshot_20260928.tar.gz!P0/seed2/S3__S_EVENTGRAPH_GAT/analysis/checkpoint_curve.csv,MPTC,85.33,项目交接参考；当前归档未找到原始 S 阶段解析 CSV,UAGMC_SOURCE passenger-only + LQ,84.19,128.76,exp11 同包曲线；训练种子 1；评估种子 123-125；本矩阵另有种子 2-5 四条 UAGMC 曲线,需核对同物理/guard/轨迹；解析值为交接参考，非本次独立复算
exp13,S3__S_EVENTGRAPH_GAT,S3,S_EVENTGRAPH_GAT,2,300000,210.7388888888889,181.22888888888886,7.384444444444444,21.173333333333336,1.0,True,3,3,0.0,0.0,0.0,0.0,exp13_single_priority_69p6m__analysis_snapshot_20260928.tar.gz!P0/seed2/S3__S_EVENTGRAPH_GAT/analysis/checkpoint_curve.csv,MPTC,85.33,项目交接参考；当前归档未找到原始 S 阶段解析 CSV,UAGMC_SOURCE passenger-only + LQ,84.19,128.76,exp11 同包曲线；训练种子 1；评估种子 123-125；本矩阵另有种子 2-5 四条 UAGMC 曲线,需核对同物理/guard/轨迹；解析值为交接参考，非本次独立复算
exp13,S3__S_EVENTGRAPH_GAT,S3,S_EVENTGRAPH_GAT,2,350000,195.4366666666667,165.5811111111111,7.432222222222222,21.48,1.0,True,3,3,0.0,0.0,0.0,0.0,exp13_single_priority_69p6m__analysis_snapshot_20260928.tar.gz!P0/seed2/S3__S_EVENTGRAPH_GAT/analysis/checkpoint_curve.csv,MPTC,85.33,项目交接参考；当前归档未找到原始 S 阶段解析 CSV,UAGMC_SOURCE passenger-only + LQ,84.19,128.76,exp11 同包曲线；训练种子 1；评估种子 123-125；本矩阵另有种子 2-5 四条 UAGMC 曲线,需核对同物理/guard/轨迹；解析值为交接参考，非本次独立复算
exp13,S3__S_EVENTGRAPH_GAT,S3,S_EVENTGRAPH_GAT,2,400000,181.44555555555556,152.51999999999998,7.04111111111111,20.94666666666667,1.0,True,3,3,0.0,0.0,0.0,0.0,exp13_single_priority_69p6m__analysis_snapshot_20260928.tar.gz!P0/seed2/S3__S_EVENTGRAPH_GAT/analysis/checkpoint_curve.csv,MPTC,85.33,项目交接参考；当前归档未找到原始 S 阶段解析 CSV,UAGMC_SOURCE passenger-only + LQ,84.19,128.76,exp11 同包曲线；训练种子 1；评估种子 123-125；本矩阵另有种子 2-5 四条 UAGMC 曲线,需核对同物理/guard/轨迹；解析值为交接参考，非本次独立复算
exp13,S3__S_EVENTGRAPH_GAT,S3,S_EVENTGRAPH_GAT,2,450000,196.78666666666666,167.09,7.344444444444444,21.399999999999995,1.0,True,3,3,0.0,0.0,0.0,0.0,exp13_single_priority_69p6m__analysis_snapshot_20260928.tar.gz!P0/seed2/S3__S_EVENTGRAPH_GAT/analysis/checkpoint_curve.csv,MPTC,85.33,项目交接参考；当前归档未找到原始 S 阶段解析 CSV,UAGMC_SOURCE passenger-only + LQ,84.19,128.76,exp11 同包曲线；训练种子 1；评估种子 123-125；本矩阵另有种子 2-5 四条 UAGMC 曲线,需核对同物理/guard/轨迹；解析值为交接参考，非本次独立复算
exp13,S3__S_EVENTGRAPH_GAT,S3,S_EVENTGRAPH_GAT,2,500000,127.8,100.16777777777777,6.6066666666666665,20.102222222222224,1.0,True,3,3,0.0,0.0,0.0,0.0,exp13_single_priority_69p6m__analysis_snapshot_20260928.tar.gz!P0/seed2/S3__S_EVENTGRAPH_GAT/analysis/checkpoint_curve.csv,MPTC,85.33,项目交接参考；当前归档未找到原始 S 阶段解析 CSV,UAGMC_SOURCE passenger-only + LQ,84.19,128.76,exp11 同包曲线；训练种子 1；评估种子 123-125；本矩阵另有种子 2-5 四条 UAGMC 曲线,需核对同物理/guard/轨迹；解析值为交接参考，非本次独立复算
exp13,S3__S_EVENTGRAPH_GAT,S3,S_EVENTGRAPH_GAT,2,550000,114.87555555555555,87.8411111111111,6.437777777777778,19.675555555555555,1.0,True,3,3,0.0,0.0,0.0,0.0,exp13_single_priority_69p6m__analysis_snapshot_20260928.tar.gz!P0/seed2/S3__S_EVENTGRAPH_GAT/analysis/checkpoint_curve.csv,MPTC,85.33,项目交接参考；当前归档未找到原始 S 阶段解析 CSV,UAGMC_SOURCE passenger-only + LQ,84.19,128.76,exp11 同包曲线；训练种子 1；评估种子 123-125；本矩阵另有种子 2-5 四条 UAGMC 曲线,需核对同物理/guard/轨迹；解析值为交接参考，非本次独立复算
exp13,S3__S_EVENTGRAPH_GAT,S3,S_EVENTGRAPH_GAT,2,600000,153.17111111111112,126.10666666666668,6.534444444444444,19.591111111111108,1.0,True,3,3,0.0,0.0,0.0,0.0,exp13_single_priority_69p6m__analysis_snapshot_20260928.tar.gz!P0/seed2/S3__S_EVENTGRAPH_GAT/analysis/checkpoint_curve.csv,MPTC,85.33,项目交接参考；当前归档未找到原始 S 阶段解析 CSV,UAGMC_SOURCE passenger-only + LQ,84.19,128.76,exp11 同包曲线；训练种子 1；评估种子 123-125；本矩阵另有种子 2-5 四条 UAGMC 曲线,需核对同物理/guard/轨迹；解析值为交接参考，非本次独立复算
exp13,S3__S_EVENTGRAPH_GAT,S3,S_EVENTGRAPH_GAT,3,50000,150.53,120.97444444444443,7.539999999999999,21.035555555555558,1.0,True,3,3,0.0,0.0,0.0,0.0,exp13_single_priority_69p6m__analysis_snapshot_20260928.tar.gz!P0/seed3/S3__S_EVENTGRAPH_GAT/analysis/checkpoint_curve.csv,MPTC,85.33,项目交接参考；当前归档未找到原始 S 阶段解析 CSV,UAGMC_SOURCE passenger-only + LQ,84.19,128.76,exp11 同包曲线；训练种子 1；评估种子 123-125；本矩阵另有种子 2-5 四条 UAGMC 曲线,需核对同物理/guard/轨迹；解析值为交接参考，非本次独立复算
exp13,S3__S_EVENTGRAPH_GAT,S3,S_EVENTGRAPH_GAT,3,100000,215.9766666666667,184.80000000000004,8.154444444444445,22.08888888888889,1.0,True,3,3,0.0,0.0,0.0,0.0,exp13_single_priority_69p6m__analysis_snapshot_20260928.tar.gz!P0/seed3/S3__S_EVENTGRAPH_GAT/analysis/checkpoint_curve.csv,MPTC,85.33,项目交接参考；当前归档未找到原始 S 阶段解析 CSV,UAGMC_SOURCE passenger-only + LQ,84.19,128.76,exp11 同包曲线；训练种子 1；评估种子 123-125；本矩阵另有种子 2-5 四条 UAGMC 曲线,需核对同物理/guard/轨迹；解析值为交接参考，非本次独立复算
exp13,S3__S_EVENTGRAPH_GAT,S3,S_EVENTGRAPH_GAT,3,150000,230.6933333333333,200.17444444444445,7.863333333333332,21.72888888888889,1.0,True,3,3,0.0,0.0,0.0,0.0,exp13_single_priority_69p6m__analysis_snapshot_20260928.tar.gz!P0/seed3/S3__S_EVENTGRAPH_GAT/analysis/checkpoint_curve.csv,MPTC,85.33,项目交接参考；当前归档未找到原始 S 阶段解析 CSV,UAGMC_SOURCE passenger-only + LQ,84.19,128.76,exp11 同包曲线；训练种子 1；评估种子 123-125；本矩阵另有种子 2-5 四条 UAGMC 曲线,需核对同物理/guard/轨迹；解析值为交接参考，非本次独立复算
exp13,S3__S_EVENTGRAPH_GAT,S3,S_EVENTGRAPH_GAT,3,200000,226.67444444444445,196.2488888888889,7.8500000000000005,21.653333333333336,1.0,True,3,3,0.0,0.0,0.0,0.0,exp13_single_priority_69p6m__analysis_snapshot_20260928.tar.gz!P0/seed3/S3__S_EVENTGRAPH_GAT/analysis/checkpoint_curve.csv,MPTC,85.33,项目交接参考；当前归档未找到原始 S 阶段解析 CSV,UAGMC_SOURCE passenger-only + LQ,84.19,128.76,exp11 同包曲线；训练种子 1；评估种子 123-125；本矩阵另有种子 2-5 四条 UAGMC 曲线,需核对同物理/guard/轨迹；解析值为交接参考，非本次独立复算
exp13,S3__S_EVENTGRAPH_GAT,S3,S_EVENTGRAPH_GAT,3,250000,160.2411111111111,131.14555555555555,7.3755555555555565,20.8,1.0,True,3,3,0.0,0.0,0.0,0.0,exp13_single_priority_69p6m__analysis_snapshot_20260928.tar.gz!P0/seed3/S3__S_EVENTGRAPH_GAT/analysis/checkpoint_curve.csv,MPTC,85.33,项目交接参考；当前归档未找到原始 S 阶段解析 CSV,UAGMC_SOURCE passenger-only + LQ,84.19,128.76,exp11 同包曲线；训练种子 1；评估种子 123-125；本矩阵另有种子 2-5 四条 UAGMC 曲线,需核对同物理/guard/轨迹；解析值为交接参考，非本次独立复算
exp13,S3__S_EVENTGRAPH_GAT,S3,S_EVENTGRAPH_GAT,3,300000,144.19,115.49555555555555,7.221111111111111,20.546666666666667,1.0,True,3,3,0.0,0.0,0.0,0.0,exp13_single_priority_69p6m__analysis_snapshot_20260928.tar.gz!P0/seed3/S3__S_EVENTGRAPH_GAT/analysis/checkpoint_curve.csv,MPTC,85.33,项目交接参考；当前归档未找到原始 S 阶段解析 CSV,UAGMC_SOURCE passenger-only + LQ,84.19,128.76,exp11 同包曲线；训练种子 1；评估种子 123-125；本矩阵另有种子 2-5 四条 UAGMC 曲线,需核对同物理/guard/轨迹；解析值为交接参考，非本次独立复算
exp13,S3__S_EVENTGRAPH_GAT,S3,S_EVENTGRAPH_GAT,3,350000,177.00666666666666,147.35444444444445,7.63,21.097777777777775,1.0,True,3,3,0.0,0.0,0.0,0.0,exp13_single_priority_69p6m__analysis_snapshot_20260928.tar.gz!P0/seed3/S3__S_EVENTGRAPH_GAT/analysis/checkpoint_curve.csv,MPTC,85.33,项目交接参考；当前归档未找到原始 S 阶段解析 CSV,UAGMC_SOURCE passenger-only + LQ,84.19,128.76,exp11 同包曲线；训练种子 1；评估种子 123-125；本矩阵另有种子 2-5 四条 UAGMC 曲线,需核对同物理/guard/轨迹；解析值为交接参考，非本次独立复算
exp13,S3__S_EVENTGRAPH_GAT,S3,S_EVENTGRAPH_GAT,3,400000,175.64666666666668,145.95333333333335,7.611111111111111,21.164444444444445,1.0,True,3,3,0.0,0.0,0.0,0.0,exp13_single_priority_69p6m__analysis_snapshot_20260928.tar.gz!P0/seed3/S3__S_EVENTGRAPH_GAT/analysis/checkpoint_curve.csv,MPTC,85.33,项目交接参考；当前归档未找到原始 S 阶段解析 CSV,UAGMC_SOURCE passenger-only + LQ,84.19,128.76,exp11 同包曲线；训练种子 1；评估种子 123-125；本矩阵另有种子 2-5 四条 UAGMC 曲线,需核对同物理/guard/轨迹；解析值为交接参考，非本次独立复算
exp13,S3__S_EVENTGRAPH_GAT,S3,S_EVENTGRAPH_GAT,3,450000,159.20000000000002,129.95111111111112,7.446666666666666,20.88,1.0,True,3,3,0.0,0.0,0.0,0.0,exp13_single_priority_69p6m__analysis_snapshot_20260928.tar.gz!P0/seed3/S3__S_EVENTGRAPH_GAT/analysis/checkpoint_curve.csv,MPTC,85.33,项目交接参考；当前归档未找到原始 S 阶段解析 CSV,UAGMC_SOURCE passenger-only + LQ,84.19,128.76,exp11 同包曲线；训练种子 1；评估种子 123-125；本矩阵另有种子 2-5 四条 UAGMC 曲线,需核对同物理/guard/轨迹；解析值为交接参考，非本次独立复算
exp13,S3__S_EVENTGRAPH_GAT,S3,S_EVENTGRAPH_GAT,3,500000,161.98777777777778,132.79444444444445,7.326666666666667,20.94666666666667,1.0,True,3,3,0.0,0.0,0.0,0.0,exp13_single_priority_69p6m__analysis_snapshot_20260928.tar.gz!P0/seed3/S3__S_EVENTGRAPH_GAT/analysis/checkpoint_curve.csv,MPTC,85.33,项目交接参考；当前归档未找到原始 S 阶段解析 CSV,UAGMC_SOURCE passenger-only + LQ,84.19,128.76,exp11 同包曲线；训练种子 1；评估种子 123-125；本矩阵另有种子 2-5 四条 UAGMC 曲线,需核对同物理/guard/轨迹；解析值为交接参考，非本次独立复算
exp13,S3__S_EVENTGRAPH_GAT,S3,S_EVENTGRAPH_GAT,3,550000,135.81555555555556,107.16555555555556,7.193333333333334,20.546666666666667,1.0,True,3,3,0.0,0.0,0.0,0.0,exp13_single_priority_69p6m__analysis_snapshot_20260928.tar.gz!P0/seed3/S3__S_EVENTGRAPH_GAT/analysis/checkpoint_curve.csv,MPTC,85.33,项目交接参考；当前归档未找到原始 S 阶段解析 CSV,UAGMC_SOURCE passenger-only + LQ,84.19,128.76,exp11 同包曲线；训练种子 1；评估种子 123-125；本矩阵另有种子 2-5 四条 UAGMC 曲线,需核对同物理/guard/轨迹；解析值为交接参考，非本次独立复算
exp13,S3__S_EVENTGRAPH_GAT,S3,S_EVENTGRAPH_GAT,3,600000,135.98555555555558,106.80333333333333,7.423333333333333,20.835555555555555,1.0,True,3,3,0.0,0.0,0.0,0.0,exp13_single_priority_69p6m__analysis_snapshot_20260928.tar.gz!P0/seed3/S3__S_EVENTGRAPH_GAT/analysis/checkpoint_curve.csv,MPTC,85.33,项目交接参考；当前归档未找到原始 S 阶段解析 CSV,UAGMC_SOURCE passenger-only + LQ,84.19,128.76,exp11 同包曲线；训练种子 1；评估种子 123-125；本矩阵另有种子 2-5 四条 UAGMC 曲线,需核对同物理/guard/轨迹；解析值为交接参考，非本次独立复算
exp13,S3__S_EVENTGRAPH_GAT,S3,S_EVENTGRAPH_GAT,4,50000,207.2488888888889,175.62666666666667,8.623333333333333,22.035555555555558,1.0,True,3,3,0.0,0.0,0.0,0.0,exp13_single_priority_69p6m__analysis_snapshot_20260928.tar.gz!P1/seed4/S3__S_EVENTGRAPH_GAT/analysis/checkpoint_curve.csv,MPTC,85.33,项目交接参考；当前归档未找到原始 S 阶段解析 CSV,UAGMC_SOURCE passenger-only + LQ,84.19,128.76,exp11 同包曲线；训练种子 1；评估种子 123-125；本矩阵另有种子 2-5 四条 UAGMC 曲线,需核对同物理/guard/轨迹；解析值为交接参考，非本次独立复算
exp13,S3__S_EVENTGRAPH_GAT,S3,S_EVENTGRAPH_GAT,4,100000,190.51222222222222,159.07555555555555,8.256666666666668,22.20888888888889,1.0,True,3,3,0.0,0.0,0.0,0.0,exp13_single_priority_69p6m__analysis_snapshot_20260928.tar.gz!P1/seed4/S3__S_EVENTGRAPH_GAT/analysis/checkpoint_curve.csv,MPTC,85.33,项目交接参考；当前归档未找到原始 S 阶段解析 CSV,UAGMC_SOURCE passenger-only + LQ,84.19,128.76,exp11 同包曲线；训练种子 1；评估种子 123-125；本矩阵另有种子 2-5 四条 UAGMC 曲线,需核对同物理/guard/轨迹；解析值为交接参考，非本次独立复算
exp13,S3__S_EVENTGRAPH_GAT,S3,S_EVENTGRAPH_GAT,4,150000,205.0677777777778,173.29777777777778,8.288888888888888,22.49777777777778,1.0,True,3,3,0.0,0.0,0.0,0.0,exp13_single_priority_69p6m__analysis_snapshot_20260928.tar.gz!P1/seed4/S3__S_EVENTGRAPH_GAT/analysis/checkpoint_curve.csv,MPTC,85.33,项目交接参考；当前归档未找到原始 S 阶段解析 CSV,UAGMC_SOURCE passenger-only + LQ,84.19,128.76,exp11 同包曲线；训练种子 1；评估种子 123-125；本矩阵另有种子 2-5 四条 UAGMC 曲线,需核对同物理/guard/轨迹；解析值为交接参考，非本次独立复算
exp13,S3__S_EVENTGRAPH_GAT,S3,S_EVENTGRAPH_GAT,4,200000,208.9311111111111,176.76444444444442,8.463333333333333,22.72,1.0,True,3,3,0.0,0.0,0.0,0.0,exp13_single_priority_69p6m__analysis_snapshot_20260928.tar.gz!P1/seed4/S3__S_EVENTGRAPH_GAT/analysis/checkpoint_curve.csv,MPTC,85.33,项目交接参考；当前归档未找到原始 S 阶段解析 CSV,UAGMC_SOURCE passenger-only + LQ,84.19,128.76,exp11 同包曲线；训练种子 1；评估种子 123-125；本矩阵另有种子 2-5 四条 UAGMC 曲线,需核对同物理/guard/轨迹；解析值为交接参考，非本次独立复算
exp13,S3__S_EVENTGRAPH_GAT,S3,S_EVENTGRAPH_GAT,4,250000,222.4677777777778,189.92444444444445,8.556666666666667,23.0,1.0,True,3,3,0.0,0.0,0.0,0.0,exp13_single_priority_69p6m__analysis_snapshot_20260928.tar.gz!P1/seed4/S3__S_EVENTGRAPH_GAT/analysis/checkpoint_curve.csv,MPTC,85.33,项目交接参考；当前归档未找到原始 S 阶段解析 CSV,UAGMC_SOURCE passenger-only + LQ,84.19,128.76,exp11 同包曲线；训练种子 1；评估种子 123-125；本矩阵另有种子 2-5 四条 UAGMC 曲线,需核对同物理/guard/轨迹；解析值为交接参考，非本次独立复算
exp13,S3__S_EVENTGRAPH_GAT,S3,S_EVENTGRAPH_GAT,4,300000,189.17444444444445,158.41333333333333,7.875555555555555,21.906666666666666,1.0,True,3,3,0.0,0.0,0.0,0.0,exp13_single_priority_69p6m__analysis_snapshot_20260928.tar.gz!P1/seed4/S3__S_EVENTGRAPH_GAT/analysis/checkpoint_curve.csv,MPTC,85.33,项目交接参考；当前归档未找到原始 S 阶段解析 CSV,UAGMC_SOURCE passenger-only + LQ,84.19,128.76,exp11 同包曲线；训练种子 1；评估种子 123-125；本矩阵另有种子 2-5 四条 UAGMC 曲线,需核对同物理/guard/轨迹；解析值为交接参考，非本次独立复算
exp13,S3__S_EVENTGRAPH_GAT,S3,S_EVENTGRAPH_GAT,4,350000,182.08444444444444,151.70666666666668,7.726666666666667,21.675555555555558,1.0,True,3,3,0.0,0.0,0.0,0.0,exp13_single_priority_69p6m__analysis_snapshot_20260928.tar.gz!P1/seed4/S3__S_EVENTGRAPH_GAT/analysis/checkpoint_curve.csv,MPTC,85.33,项目交接参考；当前归档未找到原始 S 阶段解析 CSV,UAGMC_SOURCE passenger-only + LQ,84.19,128.76,exp11 同包曲线；训练种子 1；评估种子 123-125；本矩阵另有种子 2-5 四条 UAGMC 曲线,需核对同物理/guard/轨迹；解析值为交接参考，非本次独立复算
exp13,S3__S_EVENTGRAPH_GAT,S3,S_EVENTGRAPH_GAT,4,400000,164.1544444444444,134.1988888888889,7.585555555555556,21.391111111111112,1.0,True,3,3,0.0,0.0,0.0,0.0,exp13_single_priority_69p6m__analysis_snapshot_20260928.tar.gz!P1/seed4/S3__S_EVENTGRAPH_GAT/analysis/checkpoint_curve.csv,MPTC,85.33,项目交接参考；当前归档未找到原始 S 阶段解析 CSV,UAGMC_SOURCE passenger-only + LQ,84.19,128.76,exp11 同包曲线；训练种子 1；评估种子 123-125；本矩阵另有种子 2-5 四条 UAGMC 曲线,需核对同物理/guard/轨迹；解析值为交接参考，非本次独立复算
exp13,S3__S_EVENTGRAPH_GAT,S3,S_EVENTGRAPH_GAT,4,450000,179.41333333333333,150.46444444444444,7.088888888888889,20.915555555555557,1.0,True,3,3,0.0,0.0,0.0,0.0,exp13_single_priority_69p6m__analysis_snapshot_20260928.tar.gz!P1/seed4/S3__S_EVENTGRAPH_GAT/analysis/checkpoint_curve.csv,MPTC,85.33,项目交接参考；当前归档未找到原始 S 阶段解析 CSV,UAGMC_SOURCE passenger-only + LQ,84.19,128.76,exp11 同包曲线；训练种子 1；评估种子 123-125；本矩阵另有种子 2-5 四条 UAGMC 曲线,需核对同物理/guard/轨迹；解析值为交接参考，非本次独立复算
exp13,S3__S_EVENTGRAPH_GAT,S3,S_EVENTGRAPH_GAT,4,500000,189.57333333333335,160.45222222222222,7.2299999999999995,20.951111111111114,1.0,True,3,3,0.0,0.0,0.0,0.0,exp13_single_priority_69p6m__analysis_snapshot_20260928.tar.gz!P1/seed4/S3__S_EVENTGRAPH_GAT/analysis/checkpoint_curve.csv,MPTC,85.33,项目交接参考；当前归档未找到原始 S 阶段解析 CSV,UAGMC_SOURCE passenger-only + LQ,84.19,128.76,exp11 同包曲线；训练种子 1；评估种子 123-125；本矩阵另有种子 2-5 四条 UAGMC 曲线,需核对同物理/guard/轨迹；解析值为交接参考，非本次独立复算
exp13,S3__S_EVENTGRAPH_GAT,S3,S_EVENTGRAPH_GAT,4,550000,186.74,157.43333333333334,7.347777777777778,21.04,1.0,True,3,3,0.0,0.0,0.0,0.0,exp13_single_priority_69p6m__analysis_snapshot_20260928.tar.gz!P1/seed4/S3__S_EVENTGRAPH_GAT/analysis/checkpoint_curve.csv,MPTC,85.33,项目交接参考；当前归档未找到原始 S 阶段解析 CSV,UAGMC_SOURCE passenger-only + LQ,84.19,128.76,exp11 同包曲线；训练种子 1；评估种子 123-125；本矩阵另有种子 2-5 四条 UAGMC 曲线,需核对同物理/guard/轨迹；解析值为交接参考，非本次独立复算
exp13,S3__S_EVENTGRAPH_GAT,S3,S_EVENTGRAPH_GAT,4,600000,150.62,122.25666666666666,6.953333333333333,20.48888888888889,1.0,True,3,3,0.0,0.0,0.0,0.0,exp13_single_priority_69p6m__analysis_snapshot_20260928.tar.gz!P1/seed4/S3__S_EVENTGRAPH_GAT/analysis/checkpoint_curve.csv,MPTC,85.33,项目交接参考；当前归档未找到原始 S 阶段解析 CSV,UAGMC_SOURCE passenger-only + LQ,84.19,128.76,exp11 同包曲线；训练种子 1；评估种子 123-125；本矩阵另有种子 2-5 四条 UAGMC 曲线,需核对同物理/guard/轨迹；解析值为交接参考，非本次独立复算
exp13,S3__S_EVENTGRAPH_GAT,S3,S_EVENTGRAPH_GAT,5,50000,250.24444444444444,223.0577777777778,6.568888888888889,19.648888888888887,1.0,True,3,3,0.0,0.0,0.0,0.0,exp13_single_priority_69p6m__analysis_snapshot_20260928.tar.gz!P1/seed5/S3__S_EVENTGRAPH_GAT/analysis/checkpoint_curve.csv,MPTC,85.33,项目交接参考；当前归档未找到原始 S 阶段解析 CSV,UAGMC_SOURCE passenger-only + LQ,84.19,128.76,exp11 同包曲线；训练种子 1；评估种子 123-125；本矩阵另有种子 2-5 四条 UAGMC 曲线,需核对同物理/guard/轨迹；解析值为交接参考，非本次独立复算
exp13,S3__S_EVENTGRAPH_GAT,S3,S_EVENTGRAPH_GAT,5,100000,180.58444444444444,150.88222222222223,7.473333333333334,21.24888888888889,1.0,True,3,3,0.0,0.0,0.0,0.0,exp13_single_priority_69p6m__analysis_snapshot_20260928.tar.gz!P1/seed5/S3__S_EVENTGRAPH_GAT/analysis/checkpoint_curve.csv,MPTC,85.33,项目交接参考；当前归档未找到原始 S 阶段解析 CSV,UAGMC_SOURCE passenger-only + LQ,84.19,128.76,exp11 同包曲线；训练种子 1；评估种子 123-125；本矩阵另有种子 2-5 四条 UAGMC 曲线,需核对同物理/guard/轨迹；解析值为交接参考，非本次独立复算
exp13,S3__S_EVENTGRAPH_GAT,S3,S_EVENTGRAPH_GAT,5,150000,147.23333333333335,119.27999999999999,6.691111111111112,20.337777777777777,1.0,True,3,3,0.0,0.0,0.0,0.0,exp13_single_priority_69p6m__analysis_snapshot_20260928.tar.gz!P1/seed5/S3__S_EVENTGRAPH_GAT/analysis/checkpoint_curve.csv,MPTC,85.33,项目交接参考；当前归档未找到原始 S 阶段解析 CSV,UAGMC_SOURCE passenger-only + LQ,84.19,128.76,exp11 同包曲线；训练种子 1；评估种子 123-125；本矩阵另有种子 2-5 四条 UAGMC 曲线,需核对同物理/guard/轨迹；解析值为交接参考，非本次独立复算
exp13,S3__S_EVENTGRAPH_GAT,S3,S_EVENTGRAPH_GAT,5,200000,153.85999999999999,125.65666666666668,6.768888888888888,20.49777777777778,1.0,True,3,3,0.0,0.0,0.0,0.0,exp13_single_priority_69p6m__analysis_snapshot_20260928.tar.gz!P1/seed5/S3__S_EVENTGRAPH_GAT/analysis/checkpoint_curve.csv,MPTC,85.33,项目交接参考；当前归档未找到原始 S 阶段解析 CSV,UAGMC_SOURCE passenger-only + LQ,84.19,128.76,exp11 同包曲线；训练种子 1；评估种子 123-125；本矩阵另有种子 2-5 四条 UAGMC 曲线,需核对同物理/guard/轨迹；解析值为交接参考，非本次独立复算
exp13,S3__S_EVENTGRAPH_GAT,S3,S_EVENTGRAPH_GAT,5,250000,171.34555555555553,142.07333333333332,7.337777777777777,20.995555555555555,1.0,True,3,3,0.0,0.0,0.0,0.0,exp13_single_priority_69p6m__analysis_snapshot_20260928.tar.gz!P1/seed5/S3__S_EVENTGRAPH_GAT/analysis/checkpoint_curve.csv,MPTC,85.33,项目交接参考；当前归档未找到原始 S 阶段解析 CSV,UAGMC_SOURCE passenger-only + LQ,84.19,128.76,exp11 同包曲线；训练种子 1；评估种子 123-125；本矩阵另有种子 2-5 四条 UAGMC 曲线,需核对同物理/guard/轨迹；解析值为交接参考，非本次独立复算
exp13,S3__S_EVENTGRAPH_GAT,S3,S_EVENTGRAPH_GAT,5,300000,265.78444444444443,233.78555555555556,8.365555555555554,22.69333333333333,1.0,True,3,3,0.0,0.0,0.0,0.0,exp13_single_priority_69p6m__analysis_snapshot_20260928.tar.gz!P1/seed5/S3__S_EVENTGRAPH_GAT/analysis/checkpoint_curve.csv,MPTC,85.33,项目交接参考；当前归档未找到原始 S 阶段解析 CSV,UAGMC_SOURCE passenger-only + LQ,84.19,128.76,exp11 同包曲线；训练种子 1；评估种子 123-125；本矩阵另有种子 2-5 四条 UAGMC 曲线,需核对同物理/guard/轨迹；解析值为交接参考，非本次独立复算
exp13,S3__S_EVENTGRAPH_GAT,S3,S_EVENTGRAPH_GAT,5,350000,288.33,256.21444444444444,8.372222222222222,22.795555555555552,1.0,True,3,3,0.0,0.0,0.0,0.0,exp13_single_priority_69p6m__analysis_snapshot_20260928.tar.gz!P1/seed5/S3__S_EVENTGRAPH_GAT/analysis/checkpoint_curve.csv,MPTC,85.33,项目交接参考；当前归档未找到原始 S 阶段解析 CSV,UAGMC_SOURCE passenger-only + LQ,84.19,128.76,exp11 同包曲线；训练种子 1；评估种子 123-125；本矩阵另有种子 2-5 四条 UAGMC 曲线,需核对同物理/guard/轨迹；解析值为交接参考，非本次独立复算
exp13,S3__S_EVENTGRAPH_GAT,S3,S_EVENTGRAPH_GAT,5,400000,210.36,180.58444444444444,7.5311111111111115,21.311111111111114,1.0,True,3,3,0.0,0.0,0.0,0.0,exp13_single_priority_69p6m__analysis_snapshot_20260928.tar.gz!P1/seed5/S3__S_EVENTGRAPH_GAT/analysis/checkpoint_curve.csv,MPTC,85.33,项目交接参考；当前归档未找到原始 S 阶段解析 CSV,UAGMC_SOURCE passenger-only + LQ,84.19,128.76,exp11 同包曲线；训练种子 1；评估种子 123-125；本矩阵另有种子 2-5 四条 UAGMC 曲线,需核对同物理/guard/轨迹；解析值为交接参考，非本次独立复算
exp13,S3__S_EVENTGRAPH_GAT,S3,S_EVENTGRAPH_GAT,5,450000,171.2111111111111,142.0511111111111,7.211111111111111,21.00888888888889,1.0,True,3,3,0.0,0.0,0.0,0.0,exp13_single_priority_69p6m__analysis_snapshot_20260928.tar.gz!P1/seed5/S3__S_EVENTGRAPH_GAT/analysis/checkpoint_curve.csv,MPTC,85.33,项目交接参考；当前归档未找到原始 S 阶段解析 CSV,UAGMC_SOURCE passenger-only + LQ,84.19,128.76,exp11 同包曲线；训练种子 1；评估种子 123-125；本矩阵另有种子 2-5 四条 UAGMC 曲线,需核对同物理/guard/轨迹；解析值为交接参考，非本次独立复算
exp13,S3__S_EVENTGRAPH_GAT,S3,S_EVENTGRAPH_GAT,5,500000,158.4077777777778,129.79222222222222,6.957777777777778,20.711111111111112,1.0,True,3,3,0.0,0.0,0.0,0.0,exp13_single_priority_69p6m__analysis_snapshot_20260928.tar.gz!P1/seed5/S3__S_EVENTGRAPH_GAT/analysis/checkpoint_curve.csv,MPTC,85.33,项目交接参考；当前归档未找到原始 S 阶段解析 CSV,UAGMC_SOURCE passenger-only + LQ,84.19,128.76,exp11 同包曲线；训练种子 1；评估种子 123-125；本矩阵另有种子 2-5 四条 UAGMC 曲线,需核对同物理/guard/轨迹；解析值为交接参考，非本次独立复算
exp13,S3__S_EVENTGRAPH_GAT,S3,S_EVENTGRAPH_GAT,5,550000,153.04222222222222,124.79,6.825555555555556,20.484444444444446,1.0,True,3,3,0.0,0.0,0.0,0.0,exp13_single_priority_69p6m__analysis_snapshot_20260928.tar.gz!P1/seed5/S3__S_EVENTGRAPH_GAT/analysis/checkpoint_curve.csv,MPTC,85.33,项目交接参考；当前归档未找到原始 S 阶段解析 CSV,UAGMC_SOURCE passenger-only + LQ,84.19,128.76,exp11 同包曲线；训练种子 1；评估种子 123-125；本矩阵另有种子 2-5 四条 UAGMC 曲线,需核对同物理/guard/轨迹；解析值为交接参考，非本次独立复算
exp13,S3__S_EVENTGRAPH_GAT,S3,S_EVENTGRAPH_GAT,5,600000,155.70333333333335,127.41111111111111,6.763333333333333,20.57777777777778,1.0,True,3,3,0.0,0.0,0.0,0.0,exp13_single_priority_69p6m__analysis_snapshot_20260928.tar.gz!P1/seed5/S3__S_EVENTGRAPH_GAT/analysis/checkpoint_curve.csv,MPTC,85.33,项目交接参考；当前归档未找到原始 S 阶段解析 CSV,UAGMC_SOURCE passenger-only + LQ,84.19,128.76,exp11 同包曲线；训练种子 1；评估种子 123-125；本矩阵另有种子 2-5 四条 UAGMC 曲线,需核对同物理/guard/轨迹；解析值为交接参考，非本次独立复算
exp13,S3__S_GATV2_EVENT,S3,S_GATV2_EVENT,4,50000,234.85111111111112,202.30444444444444,8.573333333333334,22.986666666666668,1.0,True,3,3,0.0,0.0,0.0,0.0,exp13_single_priority_69p6m__analysis_snapshot_20260928.tar.gz!P1/seed4/S3__S_GATV2_EVENT/analysis/checkpoint_curve.csv,MPTC,85.33,项目交接参考；当前归档未找到原始 S 阶段解析 CSV,UAGMC_SOURCE passenger-only + LQ,84.19,128.76,exp11 同包曲线；训练种子 1；评估种子 123-125；本矩阵另有种子 2-5 四条 UAGMC 曲线,需核对同物理/guard/轨迹；解析值为交接参考，非本次独立复算
exp13,S3__S_GATV2_EVENT,S3,S_GATV2_EVENT,4,100000,161.10666666666665,131.08333333333334,7.715555555555556,21.337777777777774,1.0,True,3,3,0.0,0.0,0.0,0.0,exp13_single_priority_69p6m__analysis_snapshot_20260928.tar.gz!P1/seed4/S3__S_GATV2_EVENT/analysis/checkpoint_curve.csv,MPTC,85.33,项目交接参考；当前归档未找到原始 S 阶段解析 CSV,UAGMC_SOURCE passenger-only + LQ,84.19,128.76,exp11 同包曲线；训练种子 1；评估种子 123-125；本矩阵另有种子 2-5 四条 UAGMC 曲线,需核对同物理/guard/轨迹；解析值为交接参考，非本次独立复算
exp13,S3__S_GATV2_EVENT,S3,S_GATV2_EVENT,4,150000,145.01555555555555,115.8922222222222,7.445555555555555,20.702222222222222,1.0,True,3,3,0.0,0.0,0.0,0.0,exp13_single_priority_69p6m__analysis_snapshot_20260928.tar.gz!P1/seed4/S3__S_GATV2_EVENT/analysis/checkpoint_curve.csv,MPTC,85.33,项目交接参考；当前归档未找到原始 S 阶段解析 CSV,UAGMC_SOURCE passenger-only + LQ,84.19,128.76,exp11 同包曲线；训练种子 1；评估种子 123-125；本矩阵另有种子 2-5 四条 UAGMC 曲线,需核对同物理/guard/轨迹；解析值为交接参考，非本次独立复算
exp13,S3__S_GATV2_EVENT,S3,S_GATV2_EVENT,4,200000,185.36444444444444,155.0388888888889,7.846666666666667,21.51111111111111,1.0,True,3,3,0.0,0.0,0.0,0.0,exp13_single_priority_69p6m__analysis_snapshot_20260928.tar.gz!P1/seed4/S3__S_GATV2_EVENT/analysis/checkpoint_curve.csv,MPTC,85.33,项目交接参考；当前归档未找到原始 S 阶段解析 CSV,UAGMC_SOURCE passenger-only + LQ,84.19,128.76,exp11 同包曲线；训练种子 1；评估种子 123-125；本矩阵另有种子 2-5 四条 UAGMC 曲线,需核对同物理/guard/轨迹；解析值为交接参考，非本次独立复算
exp13,S3__S_GATV2_EVENT,S3,S_GATV2_EVENT,4,250000,181.41333333333333,151.15,7.731111111111112,21.564444444444447,1.0,True,3,3,0.0,0.0,0.0,0.0,exp13_single_priority_69p6m__analysis_snapshot_20260928.tar.gz!P1/seed4/S3__S_GATV2_EVENT/analysis/checkpoint_curve.csv,MPTC,85.33,项目交接参考；当前归档未找到原始 S 阶段解析 CSV,UAGMC_SOURCE passenger-only + LQ,84.19,128.76,exp11 同包曲线；训练种子 1；评估种子 123-125；本矩阵另有种子 2-5 四条 UAGMC 曲线,需核对同物理/guard/轨迹；解析值为交接参考，非本次独立复算
exp13,S3__S_GATV2_EVENT,S3,S_GATV2_EVENT,4,300000,183.78222222222223,153.4777777777778,7.794444444444444,21.537777777777777,1.0,True,3,3,0.0,0.0,0.0,0.0,exp13_single_priority_69p6m__analysis_snapshot_20260928.tar.gz!P1/seed4/S3__S_GATV2_EVENT/analysis/checkpoint_curve.csv,MPTC,85.33,项目交接参考；当前归档未找到原始 S 阶段解析 CSV,UAGMC_SOURCE passenger-only + LQ,84.19,128.76,exp11 同包曲线；训练种子 1；评估种子 123-125；本矩阵另有种子 2-5 四条 UAGMC 曲线,需核对同物理/guard/轨迹；解析值为交接参考，非本次独立复算
exp13,S3__S_GATV2_EVENT,S3,S_GATV2_EVENT,4,350000,170.48777777777778,140.69333333333336,7.555555555555556,21.262222222222224,1.0,True,3,3,0.0,0.0,0.0,0.0,exp13_single_priority_69p6m__analysis_snapshot_20260928.tar.gz!P1/seed4/S3__S_GATV2_EVENT/analysis/checkpoint_curve.csv,MPTC,85.33,项目交接参考；当前归档未找到原始 S 阶段解析 CSV,UAGMC_SOURCE passenger-only + LQ,84.19,128.76,exp11 同包曲线；训练种子 1；评估种子 123-125；本矩阵另有种子 2-5 四条 UAGMC 曲线,需核对同物理/guard/轨迹；解析值为交接参考，非本次独立复算
exp13,S3__S_GATV2_EVENT,S3,S_GATV2_EVENT,4,400000,154.2566666666667,125.18222222222222,7.184444444444445,20.915555555555557,1.0,True,3,3,0.0,0.0,0.0,0.0,exp13_single_priority_69p6m__analysis_snapshot_20260928.tar.gz!P1/seed4/S3__S_GATV2_EVENT/analysis/checkpoint_curve.csv,MPTC,85.33,项目交接参考；当前归档未找到原始 S 阶段解析 CSV,UAGMC_SOURCE passenger-only + LQ,84.19,128.76,exp11 同包曲线；训练种子 1；评估种子 123-125；本矩阵另有种子 2-5 四条 UAGMC 曲线,需核对同物理/guard/轨迹；解析值为交接参考，非本次独立复算
exp13,S3__S_GATV2_EVENT,S3,S_GATV2_EVENT,4,450000,187.78555555555556,158.10666666666665,7.3933333333333335,21.311111111111114,1.0,True,3,3,0.0,0.0,0.0,0.0,exp13_single_priority_69p6m__analysis_snapshot_20260928.tar.gz!P1/seed4/S3__S_GATV2_EVENT/analysis/checkpoint_curve.csv,MPTC,85.33,项目交接参考；当前归档未找到原始 S 阶段解析 CSV,UAGMC_SOURCE passenger-only + LQ,84.19,128.76,exp11 同包曲线；训练种子 1；评估种子 123-125；本矩阵另有种子 2-5 四条 UAGMC 曲线,需核对同物理/guard/轨迹；解析值为交接参考，非本次独立复算
exp13,S3__S_GATV2_EVENT,S3,S_GATV2_EVENT,4,500000,185.99,156.38111111111112,7.296666666666667,21.36,1.0,True,3,3,0.0,0.0,0.0,0.0,exp13_single_priority_69p6m__analysis_snapshot_20260928.tar.gz!P1/seed4/S3__S_GATV2_EVENT/analysis/checkpoint_curve.csv,MPTC,85.33,项目交接参考；当前归档未找到原始 S 阶段解析 CSV,UAGMC_SOURCE passenger-only + LQ,84.19,128.76,exp11 同包曲线；训练种子 1；评估种子 123-125；本矩阵另有种子 2-5 四条 UAGMC 曲线,需核对同物理/guard/轨迹；解析值为交接参考，非本次独立复算
exp13,S3__S_GATV2_EVENT,S3,S_GATV2_EVENT,4,550000,171.39,141.7822222222222,7.398888888888888,21.22666666666667,1.0,True,3,3,0.0,0.0,0.0,0.0,exp13_single_priority_69p6m__analysis_snapshot_20260928.tar.gz!P1/seed4/S3__S_GATV2_EVENT/analysis/checkpoint_curve.csv,MPTC,85.33,项目交接参考；当前归档未找到原始 S 阶段解析 CSV,UAGMC_SOURCE passenger-only + LQ,84.19,128.76,exp11 同包曲线；训练种子 1；评估种子 123-125；本矩阵另有种子 2-5 四条 UAGMC 曲线,需核对同物理/guard/轨迹；解析值为交接参考，非本次独立复算
exp13,S3__S_GATV2_EVENT,S3,S_GATV2_EVENT,4,600000,181.12666666666667,151.62666666666667,7.305555555555556,21.226666666666663,1.0,True,3,3,0.0,0.0,0.0,0.0,exp13_single_priority_69p6m__analysis_snapshot_20260928.tar.gz!P1/seed4/S3__S_GATV2_EVENT/analysis/checkpoint_curve.csv,MPTC,85.33,项目交接参考；当前归档未找到原始 S 阶段解析 CSV,UAGMC_SOURCE passenger-only + LQ,84.19,128.76,exp11 同包曲线；训练种子 1；评估种子 123-125；本矩阵另有种子 2-5 四条 UAGMC 曲线,需核对同物理/guard/轨迹；解析值为交接参考，非本次独立复算
exp13,S3__S_GATV2_EVENT,S3,S_GATV2_EVENT,5,50000,218.79222222222222,188.1966666666667,7.822222222222222,21.844444444444445,1.0,True,3,3,0.0,0.0,0.0,0.0,exp13_single_priority_69p6m__analysis_snapshot_20260928.tar.gz!P1/seed5/S3__S_GATV2_EVENT/analysis/checkpoint_curve.csv,MPTC,85.33,项目交接参考；当前归档未找到原始 S 阶段解析 CSV,UAGMC_SOURCE passenger-only + LQ,84.19,128.76,exp11 同包曲线；训练种子 1；评估种子 123-125；本矩阵另有种子 2-5 四条 UAGMC 曲线,需核对同物理/guard/轨迹；解析值为交接参考，非本次独立复算
exp13,S3__S_GATV2_EVENT,S3,S_GATV2_EVENT,5,100000,199.51999999999998,168.9622222222222,7.766666666666667,21.844444444444445,1.0,True,3,3,0.0,0.0,0.0,0.0,exp13_single_priority_69p6m__analysis_snapshot_20260928.tar.gz!P1/seed5/S3__S_GATV2_EVENT/analysis/checkpoint_curve.csv,MPTC,85.33,项目交接参考；当前归档未找到原始 S 阶段解析 CSV,UAGMC_SOURCE passenger-only + LQ,84.19,128.76,exp11 同包曲线；训练种子 1；评估种子 123-125；本矩阵另有种子 2-5 四条 UAGMC 曲线,需核对同物理/guard/轨迹；解析值为交接参考，非本次独立复算
exp13,S3__S_GATV2_EVENT,S3,S_GATV2_EVENT,5,150000,159.6022222222222,130.52444444444447,7.147777777777779,20.99111111111111,1.0,True,3,3,0.0,0.0,0.0,0.0,exp13_single_priority_69p6m__analysis_snapshot_20260928.tar.gz!P1/seed5/S3__S_GATV2_EVENT/analysis/checkpoint_curve.csv,MPTC,85.33,项目交接参考；当前归档未找到原始 S 阶段解析 CSV,UAGMC_SOURCE passenger-only + LQ,84.19,128.76,exp11 同包曲线；训练种子 1；评估种子 123-125；本矩阵另有种子 2-5 四条 UAGMC 曲线,需核对同物理/guard/轨迹；解析值为交接参考，非本次独立复算
exp13,S3__S_GATV2_EVENT,S3,S_GATV2_EVENT,5,200000,140.66333333333333,112.25444444444445,6.975555555555555,20.493333333333336,1.0,True,3,3,0.0,0.0,0.0,0.0,exp13_single_priority_69p6m__analysis_snapshot_20260928.tar.gz!P1/seed5/S3__S_GATV2_EVENT/analysis/checkpoint_curve.csv,MPTC,85.33,项目交接参考；当前归档未找到原始 S 阶段解析 CSV,UAGMC_SOURCE passenger-only + LQ,84.19,128.76,exp11 同包曲线；训练种子 1；评估种子 123-125；本矩阵另有种子 2-5 四条 UAGMC 曲线,需核对同物理/guard/轨迹；解析值为交接参考，非本次独立复算
exp13,S3__S_GATV2_EVENT,S3,S_GATV2_EVENT,5,250000,150.86333333333334,121.88666666666667,7.258888888888889,20.777777777777775,1.0,True,3,3,0.0,0.0,0.0,0.0,exp13_single_priority_69p6m__analysis_snapshot_20260928.tar.gz!P1/seed5/S3__S_GATV2_EVENT/analysis/checkpoint_curve.csv,MPTC,85.33,项目交接参考；当前归档未找到原始 S 阶段解析 CSV,UAGMC_SOURCE passenger-only + LQ,84.19,128.76,exp11 同包曲线；训练种子 1；评估种子 123-125；本矩阵另有种子 2-5 四条 UAGMC 曲线,需核对同物理/guard/轨迹；解析值为交接参考，非本次独立复算
exp13,S3__S_GATV2_EVENT,S3,S_GATV2_EVENT,5,300000,145.03222222222223,116.39111111111112,7.045555555555556,20.653333333333332,1.0,True,3,3,0.0,0.0,0.0,0.0,exp13_single_priority_69p6m__analysis_snapshot_20260928.tar.gz!P1/seed5/S3__S_GATV2_EVENT/analysis/checkpoint_curve.csv,MPTC,85.33,项目交接参考；当前归档未找到原始 S 阶段解析 CSV,UAGMC_SOURCE passenger-only + LQ,84.19,128.76,exp11 同包曲线；训练种子 1；评估种子 123-125；本矩阵另有种子 2-5 四条 UAGMC 曲线,需核对同物理/guard/轨迹；解析值为交接参考，非本次独立复算
exp13,S3__S_GATV2_EVENT,S3,S_GATV2_EVENT,5,350000,135.58444444444444,107.53444444444445,6.958888888888889,20.173333333333332,1.0,True,3,3,0.0,0.0,0.0,0.0,exp13_single_priority_69p6m__analysis_snapshot_20260928.tar.gz!P1/seed5/S3__S_GATV2_EVENT/analysis/checkpoint_curve.csv,MPTC,85.33,项目交接参考；当前归档未找到原始 S 阶段解析 CSV,UAGMC_SOURCE passenger-only + LQ,84.19,128.76,exp11 同包曲线；训练种子 1；评估种子 123-125；本矩阵另有种子 2-5 四条 UAGMC 曲线,需核对同物理/guard/轨迹；解析值为交接参考，非本次独立复算
exp13,S3__S_GATV2_EVENT,S3,S_GATV2_EVENT,5,400000,132.70222222222222,104.54666666666667,6.9255555555555555,20.302222222222223,1.0,True,3,3,0.0,0.0,0.0,0.0,exp13_single_priority_69p6m__analysis_snapshot_20260928.tar.gz!P1/seed5/S3__S_GATV2_EVENT/analysis/checkpoint_curve.csv,MPTC,85.33,项目交接参考；当前归档未找到原始 S 阶段解析 CSV,UAGMC_SOURCE passenger-only + LQ,84.19,128.76,exp11 同包曲线；训练种子 1；评估种子 123-125；本矩阵另有种子 2-5 四条 UAGMC 曲线,需核对同物理/guard/轨迹；解析值为交接参考，非本次独立复算
exp13,S3__S_GATV2_EVENT,S3,S_GATV2_EVENT,5,450000,139.94666666666663,111.4877777777778,7.03,20.493333333333332,1.0,True,3,3,0.0,0.0,0.0,0.0,exp13_single_priority_69p6m__analysis_snapshot_20260928.tar.gz!P1/seed5/S3__S_GATV2_EVENT/analysis/checkpoint_curve.csv,MPTC,85.33,项目交接参考；当前归档未找到原始 S 阶段解析 CSV,UAGMC_SOURCE passenger-only + LQ,84.19,128.76,exp11 同包曲线；训练种子 1；评估种子 123-125；本矩阵另有种子 2-5 四条 UAGMC 曲线,需核对同物理/guard/轨迹；解析值为交接参考，非本次独立复算
exp13,S3__S_GATV2_EVENT,S3,S_GATV2_EVENT,5,500000,167.37666666666667,137.8422222222222,7.398888888888888,21.21333333333333,1.0,True,3,3,0.0,0.0,0.0,0.0,exp13_single_priority_69p6m__analysis_snapshot_20260928.tar.gz!P1/seed5/S3__S_GATV2_EVENT/analysis/checkpoint_curve.csv,MPTC,85.33,项目交接参考；当前归档未找到原始 S 阶段解析 CSV,UAGMC_SOURCE passenger-only + LQ,84.19,128.76,exp11 同包曲线；训练种子 1；评估种子 123-125；本矩阵另有种子 2-5 四条 UAGMC 曲线,需核对同物理/guard/轨迹；解析值为交接参考，非本次独立复算
exp13,S3__S_GATV2_EVENT,S3,S_GATV2_EVENT,5,550000,143.22888888888886,114.34777777777778,7.121111111111111,20.844444444444445,1.0,True,3,3,0.0,0.0,0.0,0.0,exp13_single_priority_69p6m__analysis_snapshot_20260928.tar.gz!P1/seed5/S3__S_GATV2_EVENT/analysis/checkpoint_curve.csv,MPTC,85.33,项目交接参考；当前归档未找到原始 S 阶段解析 CSV,UAGMC_SOURCE passenger-only + LQ,84.19,128.76,exp11 同包曲线；训练种子 1；评估种子 123-125；本矩阵另有种子 2-5 四条 UAGMC 曲线,需核对同物理/guard/轨迹；解析值为交接参考，非本次独立复算
exp13,S3__S_GATV2_EVENT,S3,S_GATV2_EVENT,5,600000,134.31111111111113,106.09666666666665,6.634444444444444,20.662222222222223,1.0,True,3,3,0.0,0.0,0.0,0.0,exp13_single_priority_69p6m__analysis_snapshot_20260928.tar.gz!P1/seed5/S3__S_GATV2_EVENT/analysis/checkpoint_curve.csv,MPTC,85.33,项目交接参考；当前归档未找到原始 S 阶段解析 CSV,UAGMC_SOURCE passenger-only + LQ,84.19,128.76,exp11 同包曲线；训练种子 1；评估种子 123-125；本矩阵另有种子 2-5 四条 UAGMC 曲线,需核对同物理/guard/轨迹；解析值为交接参考，非本次独立复算
exp13,S3__S_TDM_EVENT_FUSION,S3,S_TDM_EVENT_FUSION,4,50000,106.06,78.23888888888888,6.948888888888888,19.906666666666666,1.0,True,3,3,0.0,0.0,0.0,0.0,exp13_single_priority_69p6m__analysis_snapshot_20260928.tar.gz!P1/seed4/S3__S_TDM_EVENT_FUSION/analysis/checkpoint_curve.csv,MPTC,85.33,项目交接参考；当前归档未找到原始 S 阶段解析 CSV,UAGMC_SOURCE passenger-only + LQ,84.19,128.76,exp11 同包曲线；训练种子 1；评估种子 123-125；本矩阵另有种子 2-5 四条 UAGMC 曲线,需核对同物理/guard/轨迹；解析值为交接参考，非本次独立复算
exp13,S3__S_TDM_EVENT_FUSION,S3,S_TDM_EVENT_FUSION,4,100000,210.36,177.97888888888892,8.54,22.866666666666664,1.0,True,3,3,0.0,0.0,0.0,0.0,exp13_single_priority_69p6m__analysis_snapshot_20260928.tar.gz!P1/seed4/S3__S_TDM_EVENT_FUSION/analysis/checkpoint_curve.csv,MPTC,85.33,项目交接参考；当前归档未找到原始 S 阶段解析 CSV,UAGMC_SOURCE passenger-only + LQ,84.19,128.76,exp11 同包曲线；训练种子 1；评估种子 123-125；本矩阵另有种子 2-5 四条 UAGMC 曲线,需核对同物理/guard/轨迹；解析值为交接参考，非本次独立复算
exp13,S3__S_TDM_EVENT_FUSION,S3,S_TDM_EVENT_FUSION,4,150000,214.88333333333333,183.1188888888889,8.36888888888889,22.42222222222222,1.0,True,3,3,0.0,0.0,0.0,0.0,exp13_single_priority_69p6m__analysis_snapshot_20260928.tar.gz!P1/seed4/S3__S_TDM_EVENT_FUSION/analysis/checkpoint_curve.csv,MPTC,85.33,项目交接参考；当前归档未找到原始 S 阶段解析 CSV,UAGMC_SOURCE passenger-only + LQ,84.19,128.76,exp11 同包曲线；训练种子 1；评估种子 123-125；本矩阵另有种子 2-5 四条 UAGMC 曲线,需核对同物理/guard/轨迹；解析值为交接参考，非本次独立复算
exp13,S3__S_TDM_EVENT_FUSION,S3,S_TDM_EVENT_FUSION,4,200000,213.61666666666665,182.73111111111112,7.8677777777777775,22.048888888888886,1.0,True,3,3,0.0,0.0,0.0,0.0,exp13_single_priority_69p6m__analysis_snapshot_20260928.tar.gz!P1/seed4/S3__S_TDM_EVENT_FUSION/analysis/checkpoint_curve.csv,MPTC,85.33,项目交接参考；当前归档未找到原始 S 阶段解析 CSV,UAGMC_SOURCE passenger-only + LQ,84.19,128.76,exp11 同包曲线；训练种子 1；评估种子 123-125；本矩阵另有种子 2-5 四条 UAGMC 曲线,需核对同物理/guard/轨迹；解析值为交接参考，非本次独立复算
exp13,S3__S_TDM_EVENT_FUSION,S3,S_TDM_EVENT_FUSION,4,250000,198.6311111111111,168.23999999999998,7.758888888888889,21.666666666666668,1.0,True,3,3,0.0,0.0,0.0,0.0,exp13_single_priority_69p6m__analysis_snapshot_20260928.tar.gz!P1/seed4/S3__S_TDM_EVENT_FUSION/analysis/checkpoint_curve.csv,MPTC,85.33,项目交接参考；当前归档未找到原始 S 阶段解析 CSV,UAGMC_SOURCE passenger-only + LQ,84.19,128.76,exp11 同包曲线；训练种子 1；评估种子 123-125；本矩阵另有种子 2-5 四条 UAGMC 曲线,需核对同物理/guard/轨迹；解析值为交接参考，非本次独立复算
exp13,S3__S_TDM_EVENT_FUSION,S3,S_TDM_EVENT_FUSION,4,300000,226.85555555555558,195.36888888888885,8.19111111111111,22.31555555555556,1.0,True,3,3,0.0,0.0,0.0,0.0,exp13_single_priority_69p6m__analysis_snapshot_20260928.tar.gz!P1/seed4/S3__S_TDM_EVENT_FUSION/analysis/checkpoint_curve.csv,MPTC,85.33,项目交接参考；当前归档未找到原始 S 阶段解析 CSV,UAGMC_SOURCE passenger-only + LQ,84.19,128.76,exp11 同包曲线；训练种子 1；评估种子 123-125；本矩阵另有种子 2-5 四条 UAGMC 曲线,需核对同物理/guard/轨迹；解析值为交接参考，非本次独立复算
exp13,S3__S_TDM_EVENT_FUSION,S3,S_TDM_EVENT_FUSION,4,350000,189.96,159.53666666666666,7.855555555555555,21.591111111111108,1.0,True,3,3,0.0,0.0,0.0,0.0,exp13_single_priority_69p6m__analysis_snapshot_20260928.tar.gz!P1/seed4/S3__S_TDM_EVENT_FUSION/analysis/checkpoint_curve.csv,MPTC,85.33,项目交接参考；当前归档未找到原始 S 阶段解析 CSV,UAGMC_SOURCE passenger-only + LQ,84.19,128.76,exp11 同包曲线；训练种子 1；评估种子 123-125；本矩阵另有种子 2-5 四条 UAGMC 曲线,需核对同物理/guard/轨迹；解析值为交接参考，非本次独立复算
exp13,S3__S_TDM_EVENT_FUSION,S3,S_TDM_EVENT_FUSION,4,400000,172.49777777777777,142.75222222222223,7.640000000000001,21.128888888888888,1.0,True,3,3,0.0,0.0,0.0,0.0,exp13_single_priority_69p6m__analysis_snapshot_20260928.tar.gz!P1/seed4/S3__S_TDM_EVENT_FUSION/analysis/checkpoint_curve.csv,MPTC,85.33,项目交接参考；当前归档未找到原始 S 阶段解析 CSV,UAGMC_SOURCE passenger-only + LQ,84.19,128.76,exp11 同包曲线；训练种子 1；评估种子 123-125；本矩阵另有种子 2-5 四条 UAGMC 曲线,需核对同物理/guard/轨迹；解析值为交接参考，非本次独立复算
exp13,S3__S_TDM_EVENT_FUSION,S3,S_TDM_EVENT_FUSION,4,450000,177.07333333333335,147.34222222222223,7.601111111111112,21.168888888888887,1.0,True,3,3,0.0,0.0,0.0,0.0,exp13_single_priority_69p6m__analysis_snapshot_20260928.tar.gz!P1/seed4/S3__S_TDM_EVENT_FUSION/analysis/checkpoint_curve.csv,MPTC,85.33,项目交接参考；当前归档未找到原始 S 阶段解析 CSV,UAGMC_SOURCE passenger-only + LQ,84.19,128.76,exp11 同包曲线；训练种子 1；评估种子 123-125；本矩阵另有种子 2-5 四条 UAGMC 曲线,需核对同物理/guard/轨迹；解析值为交接参考，非本次独立复算
exp13,S3__S_TDM_EVENT_FUSION,S3,S_TDM_EVENT_FUSION,4,500000,188.81555555555556,159.38222222222223,7.275555555555556,21.191111111111113,1.0,True,3,3,0.0,0.0,0.0,0.0,exp13_single_priority_69p6m__analysis_snapshot_20260928.tar.gz!P1/seed4/S3__S_TDM_EVENT_FUSION/analysis/checkpoint_curve.csv,MPTC,85.33,项目交接参考；当前归档未找到原始 S 阶段解析 CSV,UAGMC_SOURCE passenger-only + LQ,84.19,128.76,exp11 同包曲线；训练种子 1；评估种子 123-125；本矩阵另有种子 2-5 四条 UAGMC 曲线,需核对同物理/guard/轨迹；解析值为交接参考，非本次独立复算
exp13,S3__S_TDM_EVENT_FUSION,S3,S_TDM_EVENT_FUSION,4,550000,195.9088888888889,166.04555555555558,7.491111111111111,21.400000000000002,1.0,True,3,3,0.0,0.0,0.0,0.0,exp13_single_priority_69p6m__analysis_snapshot_20260928.tar.gz!P1/seed4/S3__S_TDM_EVENT_FUSION/analysis/checkpoint_curve.csv,MPTC,85.33,项目交接参考；当前归档未找到原始 S 阶段解析 CSV,UAGMC_SOURCE passenger-only + LQ,84.19,128.76,exp11 同包曲线；训练种子 1；评估种子 123-125；本矩阵另有种子 2-5 四条 UAGMC 曲线,需核对同物理/guard/轨迹；解析值为交接参考，非本次独立复算
exp13,S3__S_TDM_EVENT_FUSION,S3,S_TDM_EVENT_FUSION,4,600000,196.88555555555558,167.6877777777778,7.163333333333334,21.05333333333333,1.0,True,3,3,0.0,0.0,0.0,0.0,exp13_single_priority_69p6m__analysis_snapshot_20260928.tar.gz!P1/seed4/S3__S_TDM_EVENT_FUSION/analysis/checkpoint_curve.csv,MPTC,85.33,项目交接参考；当前归档未找到原始 S 阶段解析 CSV,UAGMC_SOURCE passenger-only + LQ,84.19,128.76,exp11 同包曲线；训练种子 1；评估种子 123-125；本矩阵另有种子 2-5 四条 UAGMC 曲线,需核对同物理/guard/轨迹；解析值为交接参考，非本次独立复算
exp13,S3__S_TDM_EVENT_FUSION,S3,S_TDM_EVENT_FUSION,5,50000,183.26555555555555,156.37555555555556,6.414444444444444,19.555555555555554,1.0,True,3,3,0.0,0.0,0.0,0.0,exp13_single_priority_69p6m__analysis_snapshot_20260928.tar.gz!P1/seed5/S3__S_TDM_EVENT_FUSION/analysis/checkpoint_curve.csv,MPTC,85.33,项目交接参考；当前归档未找到原始 S 阶段解析 CSV,UAGMC_SOURCE passenger-only + LQ,84.19,128.76,exp11 同包曲线；训练种子 1；评估种子 123-125；本矩阵另有种子 2-5 四条 UAGMC 曲线,需核对同物理/guard/轨迹；解析值为交接参考，非本次独立复算
exp13,S3__S_TDM_EVENT_FUSION,S3,S_TDM_EVENT_FUSION,5,100000,174.95666666666668,145.8322222222222,7.159999999999999,21.026666666666667,1.0,True,3,3,0.0,0.0,0.0,0.0,exp13_single_priority_69p6m__analysis_snapshot_20260928.tar.gz!P1/seed5/S3__S_TDM_EVENT_FUSION/analysis/checkpoint_curve.csv,MPTC,85.33,项目交接参考；当前归档未找到原始 S 阶段解析 CSV,UAGMC_SOURCE passenger-only + LQ,84.19,128.76,exp11 同包曲线；训练种子 1；评估种子 123-125；本矩阵另有种子 2-5 四条 UAGMC 曲线,需核对同物理/guard/轨迹；解析值为交接参考，非本次独立复算
exp13,S3__S_TDM_EVENT_FUSION,S3,S_TDM_EVENT_FUSION,5,150000,151.39444444444447,123.34777777777776,6.671111111111112,20.413333333333334,1.0,True,3,3,0.0,0.0,0.0,0.0,exp13_single_priority_69p6m__analysis_snapshot_20260928.tar.gz!P1/seed5/S3__S_TDM_EVENT_FUSION/analysis/checkpoint_curve.csv,MPTC,85.33,项目交接参考；当前归档未找到原始 S 阶段解析 CSV,UAGMC_SOURCE passenger-only + LQ,84.19,128.76,exp11 同包曲线；训练种子 1；评估种子 123-125；本矩阵另有种子 2-5 四条 UAGMC 曲线,需核对同物理/guard/轨迹；解析值为交接参考，非本次独立复算
exp13,S3__S_TDM_EVENT_FUSION,S3,S_TDM_EVENT_FUSION,5,200000,205.82666666666668,176.14111111111114,7.405555555555556,21.337777777777777,1.0,True,3,3,0.0,0.0,0.0,0.0,exp13_single_priority_69p6m__analysis_snapshot_20260928.tar.gz!P1/seed5/S3__S_TDM_EVENT_FUSION/analysis/checkpoint_curve.csv,MPTC,85.33,项目交接参考；当前归档未找到原始 S 阶段解析 CSV,UAGMC_SOURCE passenger-only + LQ,84.19,128.76,exp11 同包曲线；训练种子 1；评估种子 123-125；本矩阵另有种子 2-5 四条 UAGMC 曲线,需核对同物理/guard/轨迹；解析值为交接参考，非本次独立复算
exp13,S3__S_TDM_EVENT_FUSION,S3,S_TDM_EVENT_FUSION,5,250000,221.89999999999998,192.06555555555556,7.366666666666667,21.52888888888889,1.0,True,3,3,0.0,0.0,0.0,0.0,exp13_single_priority_69p6m__analysis_snapshot_20260928.tar.gz!P1/seed5/S3__S_TDM_EVENT_FUSION/analysis/checkpoint_curve.csv,MPTC,85.33,项目交接参考；当前归档未找到原始 S 阶段解析 CSV,UAGMC_SOURCE passenger-only + LQ,84.19,128.76,exp11 同包曲线；训练种子 1；评估种子 123-125；本矩阵另有种子 2-5 四条 UAGMC 曲线,需核对同物理/guard/轨迹；解析值为交接参考，非本次独立复算
exp13,S3__S_TDM_EVENT_FUSION,S3,S_TDM_EVENT_FUSION,5,300000,192.12666666666667,162.73333333333335,7.239999999999999,21.213333333333335,1.0,True,3,3,0.0,0.0,0.0,0.0,exp13_single_priority_69p6m__analysis_snapshot_20260928.tar.gz!P1/seed5/S3__S_TDM_EVENT_FUSION/analysis/checkpoint_curve.csv,MPTC,85.33,项目交接参考；当前归档未找到原始 S 阶段解析 CSV,UAGMC_SOURCE passenger-only + LQ,84.19,128.76,exp11 同包曲线；训练种子 1；评估种子 123-125；本矩阵另有种子 2-5 四条 UAGMC 曲线,需核对同物理/guard/轨迹；解析值为交接参考，非本次独立复算
exp13,S3__S_TDM_EVENT_FUSION,S3,S_TDM_EVENT_FUSION,5,350000,151.02666666666667,122.88222222222221,6.766666666666667,20.43111111111111,1.0,True,3,3,0.0,0.0,0.0,0.0,exp13_single_priority_69p6m__analysis_snapshot_20260928.tar.gz!P1/seed5/S3__S_TDM_EVENT_FUSION/analysis/checkpoint_curve.csv,MPTC,85.33,项目交接参考；当前归档未找到原始 S 阶段解析 CSV,UAGMC_SOURCE passenger-only + LQ,84.19,128.76,exp11 同包曲线；训练种子 1；评估种子 123-125；本矩阵另有种子 2-5 四条 UAGMC 曲线,需核对同物理/guard/轨迹；解析值为交接参考，非本次独立复算
exp13,S3__S_TDM_EVENT_FUSION,S3,S_TDM_EVENT_FUSION,5,400000,166.57666666666668,138.01444444444442,6.900000000000001,20.715555555555554,1.0,True,3,3,0.0,0.0,0.0,0.0,exp13_single_priority_69p6m__analysis_snapshot_20260928.tar.gz!P1/seed5/S3__S_TDM_EVENT_FUSION/analysis/checkpoint_curve.csv,MPTC,85.33,项目交接参考；当前归档未找到原始 S 阶段解析 CSV,UAGMC_SOURCE passenger-only + LQ,84.19,128.76,exp11 同包曲线；训练种子 1；评估种子 123-125；本矩阵另有种子 2-5 四条 UAGMC 曲线,需核对同物理/guard/轨迹；解析值为交接参考，非本次独立复算
exp13,S3__S_TDM_EVENT_FUSION,S3,S_TDM_EVENT_FUSION,5,450000,188.9422222222222,159.29444444444445,7.27,21.439999999999998,1.0,True,3,3,0.0,0.0,0.0,0.0,exp13_single_priority_69p6m__analysis_snapshot_20260928.tar.gz!P1/seed5/S3__S_TDM_EVENT_FUSION/analysis/checkpoint_curve.csv,MPTC,85.33,项目交接参考；当前归档未找到原始 S 阶段解析 CSV,UAGMC_SOURCE passenger-only + LQ,84.19,128.76,exp11 同包曲线；训练种子 1；评估种子 123-125；本矩阵另有种子 2-5 四条 UAGMC 曲线,需核对同物理/guard/轨迹；解析值为交接参考，非本次独立复算
exp13,S3__S_TDM_EVENT_FUSION,S3,S_TDM_EVENT_FUSION,5,500000,194.85888888888886,165.15888888888887,7.38,21.391111111111112,1.0,True,3,3,0.0,0.0,0.0,0.0,exp13_single_priority_69p6m__analysis_snapshot_20260928.tar.gz!P1/seed5/S3__S_TDM_EVENT_FUSION/analysis/checkpoint_curve.csv,MPTC,85.33,项目交接参考；当前归档未找到原始 S 阶段解析 CSV,UAGMC_SOURCE passenger-only + LQ,84.19,128.76,exp11 同包曲线；训练种子 1；评估种子 123-125；本矩阵另有种子 2-5 四条 UAGMC 曲线,需核对同物理/guard/轨迹；解析值为交接参考，非本次独立复算
exp13,S3__S_TDM_EVENT_FUSION,S3,S_TDM_EVENT_FUSION,5,550000,171.54888888888888,141.9,7.404444444444445,21.311111111111114,1.0,True,3,3,0.0,0.0,0.0,0.0,exp13_single_priority_69p6m__analysis_snapshot_20260928.tar.gz!P1/seed5/S3__S_TDM_EVENT_FUSION/analysis/checkpoint_curve.csv,MPTC,85.33,项目交接参考；当前归档未找到原始 S 阶段解析 CSV,UAGMC_SOURCE passenger-only + LQ,84.19,128.76,exp11 同包曲线；训练种子 1；评估种子 123-125；本矩阵另有种子 2-5 四条 UAGMC 曲线,需核对同物理/guard/轨迹；解析值为交接参考，非本次独立复算
exp13,S3__S_TDM_EVENT_FUSION,S3,S_TDM_EVENT_FUSION,5,600000,137.99555555555557,109.12555555555555,7.082222222222222,20.853333333333335,1.0,True,3,3,0.0,0.0,0.0,0.0,exp13_single_priority_69p6m__analysis_snapshot_20260928.tar.gz!P1/seed5/S3__S_TDM_EVENT_FUSION/analysis/checkpoint_curve.csv,MPTC,85.33,项目交接参考；当前归档未找到原始 S 阶段解析 CSV,UAGMC_SOURCE passenger-only + LQ,84.19,128.76,exp11 同包曲线；训练种子 1；评估种子 123-125；本矩阵另有种子 2-5 四条 UAGMC 曲线,需核对同物理/guard/轨迹；解析值为交接参考，非本次独立复算
exp13,S3__S_TGAT_EVENT,S3,S_TGAT_EVENT,4,50000,218.20000000000002,191.72222222222226,6.289999999999999,19.22222222222222,1.0,True,3,3,0.0,0.0,0.0,0.0,exp13_single_priority_69p6m__analysis_snapshot_20260928.tar.gz!P1/seed4/S3__S_TGAT_EVENT/analysis/checkpoint_curve.csv,MPTC,85.33,项目交接参考；当前归档未找到原始 S 阶段解析 CSV,UAGMC_SOURCE passenger-only + LQ,84.19,128.76,exp11 同包曲线；训练种子 1；评估种子 123-125；本矩阵另有种子 2-5 四条 UAGMC 曲线,需核对同物理/guard/轨迹；解析值为交接参考，非本次独立复算
exp13,S3__S_TGAT_EVENT,S3,S_TGAT_EVENT,4,100000,159.21444444444444,129.71666666666667,7.4188888888888895,21.10222222222222,1.0,True,3,3,0.0,0.0,0.0,0.0,exp13_single_priority_69p6m__analysis_snapshot_20260928.tar.gz!P1/seed4/S3__S_TGAT_EVENT/analysis/checkpoint_curve.csv,MPTC,85.33,项目交接参考；当前归档未找到原始 S 阶段解析 CSV,UAGMC_SOURCE passenger-only + LQ,84.19,128.76,exp11 同包曲线；训练种子 1；评估种子 123-125；本矩阵另有种子 2-5 四条 UAGMC 曲线,需核对同物理/guard/轨迹；解析值为交接参考，非本次独立复算
exp13,S3__S_TGAT_EVENT,S3,S_TGAT_EVENT,4,150000,136.54444444444445,107.64777777777778,7.128888888888889,20.79111111111111,1.0,True,3,3,0.0,0.0,0.0,0.0,exp13_single_priority_69p6m__analysis_snapshot_20260928.tar.gz!P1/seed4/S3__S_TGAT_EVENT/analysis/checkpoint_curve.csv,MPTC,85.33,项目交接参考；当前归档未找到原始 S 阶段解析 CSV,UAGMC_SOURCE passenger-only + LQ,84.19,128.76,exp11 同包曲线；训练种子 1；评估种子 123-125；本矩阵另有种子 2-5 四条 UAGMC 曲线,需核对同物理/guard/轨迹；解析值为交接参考，非本次独立复算
exp13,S3__S_TGAT_EVENT,S3,S_TGAT_EVENT,4,200000,142.98000000000002,113.63111111111111,7.471111111111111,20.893333333333334,1.0,True,3,3,0.0,0.0,0.0,0.0,exp13_single_priority_69p6m__analysis_snapshot_20260928.tar.gz!P1/seed4/S3__S_TGAT_EVENT/analysis/checkpoint_curve.csv,MPTC,85.33,项目交接参考；当前归档未找到原始 S 阶段解析 CSV,UAGMC_SOURCE passenger-only + LQ,84.19,128.76,exp11 同包曲线；训练种子 1；评估种子 123-125；本矩阵另有种子 2-5 四条 UAGMC 曲线,需核对同物理/guard/轨迹；解析值为交接参考，非本次独立复算
exp13,S3__S_TGAT_EVENT,S3,S_TGAT_EVENT,4,250000,135.52,106.56666666666666,7.173333333333333,20.804444444444442,1.0,True,3,3,0.0,0.0,0.0,0.0,exp13_single_priority_69p6m__analysis_snapshot_20260928.tar.gz!P1/seed4/S3__S_TGAT_EVENT/analysis/checkpoint_curve.csv,MPTC,85.33,项目交接参考；当前归档未找到原始 S 阶段解析 CSV,UAGMC_SOURCE passenger-only + LQ,84.19,128.76,exp11 同包曲线；训练种子 1；评估种子 123-125；本矩阵另有种子 2-5 四条 UAGMC 曲线,需核对同物理/guard/轨迹；解析值为交接参考，非本次独立复算
exp13,S3__S_TGAT_EVENT,S3,S_TGAT_EVENT,4,300000,153.74666666666667,124.11777777777779,7.486666666666667,21.16888888888889,1.0,True,3,3,0.0,0.0,0.0,0.0,exp13_single_priority_69p6m__analysis_snapshot_20260928.tar.gz!P1/seed4/S3__S_TGAT_EVENT/analysis/checkpoint_curve.csv,MPTC,85.33,项目交接参考；当前归档未找到原始 S 阶段解析 CSV,UAGMC_SOURCE passenger-only + LQ,84.19,128.76,exp11 同包曲线；训练种子 1；评估种子 123-125；本矩阵另有种子 2-5 四条 UAGMC 曲线,需核对同物理/guard/轨迹；解析值为交接参考，非本次独立复算
exp13,S3__S_TGAT_EVENT,S3,S_TGAT_EVENT,4,350000,135.6866666666667,106.83333333333333,7.198888888888889,20.684444444444445,1.0,True,3,3,0.0,0.0,0.0,0.0,exp13_single_priority_69p6m__analysis_snapshot_20260928.tar.gz!P1/seed4/S3__S_TGAT_EVENT/analysis/checkpoint_curve.csv,MPTC,85.33,项目交接参考；当前归档未找到原始 S 阶段解析 CSV,UAGMC_SOURCE passenger-only + LQ,84.19,128.76,exp11 同包曲线；训练种子 1；评估种子 123-125；本矩阵另有种子 2-5 四条 UAGMC 曲线,需核对同物理/guard/轨迹；解析值为交接参考，非本次独立复算
exp13,S3__S_TGAT_EVENT,S3,S_TGAT_EVENT,4,400000,145.57666666666668,116.23666666666666,7.3311111111111105,21.04444444444444,1.0,True,3,3,0.0,0.0,0.0,0.0,exp13_single_priority_69p6m__analysis_snapshot_20260928.tar.gz!P1/seed4/S3__S_TGAT_EVENT/analysis/checkpoint_curve.csv,MPTC,85.33,项目交接参考；当前归档未找到原始 S 阶段解析 CSV,UAGMC_SOURCE passenger-only + LQ,84.19,128.76,exp11 同包曲线；训练种子 1；评估种子 123-125；本矩阵另有种子 2-5 四条 UAGMC 曲线,需核对同物理/guard/轨迹；解析值为交接参考，非本次独立复算
exp13,S3__S_TGAT_EVENT,S3,S_TGAT_EVENT,4,450000,166.80999999999997,137.08666666666667,7.415555555555556,21.337777777777777,1.0,True,3,3,0.0,0.0,0.0,0.0,exp13_single_priority_69p6m__analysis_snapshot_20260928.tar.gz!P1/seed4/S3__S_TGAT_EVENT/analysis/checkpoint_curve.csv,MPTC,85.33,项目交接参考；当前归档未找到原始 S 阶段解析 CSV,UAGMC_SOURCE passenger-only + LQ,84.19,128.76,exp11 同包曲线；训练种子 1；评估种子 123-125；本矩阵另有种子 2-5 四条 UAGMC 曲线,需核对同物理/guard/轨迹；解析值为交接参考，非本次独立复算
exp13,S3__S_TGAT_EVENT,S3,S_TGAT_EVENT,4,500000,173.64333333333332,144.07333333333335,7.258888888888889,21.342222222222222,1.0,True,3,3,0.0,0.0,0.0,0.0,exp13_single_priority_69p6m__analysis_snapshot_20260928.tar.gz!P1/seed4/S3__S_TGAT_EVENT/analysis/checkpoint_curve.csv,MPTC,85.33,项目交接参考；当前归档未找到原始 S 阶段解析 CSV,UAGMC_SOURCE passenger-only + LQ,84.19,128.76,exp11 同包曲线；训练种子 1；评估种子 123-125；本矩阵另有种子 2-5 四条 UAGMC 曲线,需核对同物理/guard/轨迹；解析值为交接参考，非本次独立复算
exp13,S3__S_TGAT_EVENT,S3,S_TGAT_EVENT,4,550000,175.8022222222222,146.04,7.38111111111111,21.408888888888892,1.0,True,3,3,0.0,0.0,0.0,0.0,exp13_single_priority_69p6m__analysis_snapshot_20260928.tar.gz!P1/seed4/S3__S_TGAT_EVENT/analysis/checkpoint_curve.csv,MPTC,85.33,项目交接参考；当前归档未找到原始 S 阶段解析 CSV,UAGMC_SOURCE passenger-only + LQ,84.19,128.76,exp11 同包曲线；训练种子 1；评估种子 123-125；本矩阵另有种子 2-5 四条 UAGMC 曲线,需核对同物理/guard/轨迹；解析值为交接参考，非本次独立复算
exp13,S3__S_TGAT_EVENT,S3,S_TGAT_EVENT,4,600000,158.51333333333335,128.66444444444446,7.486666666666667,21.395555555555557,1.0,True,3,3,0.0,0.0,0.0,0.0,exp13_single_priority_69p6m__analysis_snapshot_20260928.tar.gz!P1/seed4/S3__S_TGAT_EVENT/analysis/checkpoint_curve.csv,MPTC,85.33,项目交接参考；当前归档未找到原始 S 阶段解析 CSV,UAGMC_SOURCE passenger-only + LQ,84.19,128.76,exp11 同包曲线；训练种子 1；评估种子 123-125；本矩阵另有种子 2-5 四条 UAGMC 曲线,需核对同物理/guard/轨迹；解析值为交接参考，非本次独立复算
exp13,S3__S_TGAT_EVENT,S3,S_TGAT_EVENT,5,50000,222.4677777777778,189.92444444444445,8.556666666666667,23.0,1.0,True,3,3,0.0,0.0,0.0,0.0,exp13_single_priority_69p6m__analysis_snapshot_20260928.tar.gz!P1/seed5/S3__S_TGAT_EVENT/analysis/checkpoint_curve.csv,MPTC,85.33,项目交接参考；当前归档未找到原始 S 阶段解析 CSV,UAGMC_SOURCE passenger-only + LQ,84.19,128.76,exp11 同包曲线；训练种子 1；评估种子 123-125；本矩阵另有种子 2-5 四条 UAGMC 曲线,需核对同物理/guard/轨迹；解析值为交接参考，非本次独立复算
exp13,S3__S_TGAT_EVENT,S3,S_TGAT_EVENT,5,100000,180.70333333333335,150.30666666666667,7.59,21.826666666666668,1.0,True,3,3,0.0,0.0,0.0,0.0,exp13_single_priority_69p6m__analysis_snapshot_20260928.tar.gz!P1/seed5/S3__S_TGAT_EVENT/analysis/checkpoint_curve.csv,MPTC,85.33,项目交接参考；当前归档未找到原始 S 阶段解析 CSV,UAGMC_SOURCE passenger-only + LQ,84.19,128.76,exp11 同包曲线；训练种子 1；评估种子 123-125；本矩阵另有种子 2-5 四条 UAGMC 曲线,需核对同物理/guard/轨迹；解析值为交接参考，非本次独立复算
exp13,S3__S_TGAT_EVENT,S3,S_TGAT_EVENT,5,150000,256.1688888888889,225.18666666666664,7.955555555555556,22.06222222222222,1.0,True,3,3,0.0,0.0,0.0,0.0,exp13_single_priority_69p6m__analysis_snapshot_20260928.tar.gz!P1/seed5/S3__S_TGAT_EVENT/analysis/checkpoint_curve.csv,MPTC,85.33,项目交接参考；当前归档未找到原始 S 阶段解析 CSV,UAGMC_SOURCE passenger-only + LQ,84.19,128.76,exp11 同包曲线；训练种子 1；评估种子 123-125；本矩阵另有种子 2-5 四条 UAGMC 曲线,需核对同物理/guard/轨迹；解析值为交接参考，非本次独立复算
exp13,S3__S_TGAT_EVENT,S3,S_TGAT_EVENT,5,200000,211.80333333333337,182.2388888888889,7.391111111111111,21.21777777777778,1.0,True,3,3,0.0,0.0,0.0,0.0,exp13_single_priority_69p6m__analysis_snapshot_20260928.tar.gz!P1/seed5/S3__S_TGAT_EVENT/analysis/checkpoint_curve.csv,MPTC,85.33,项目交接参考；当前归档未找到原始 S 阶段解析 CSV,UAGMC_SOURCE passenger-only + LQ,84.19,128.76,exp11 同包曲线；训练种子 1；评估种子 123-125；本矩阵另有种子 2-5 四条 UAGMC 曲线,需核对同物理/guard/轨迹；解析值为交接参考，非本次独立复算
exp13,S3__S_TGAT_EVENT,S3,S_TGAT_EVENT,5,250000,168.84777777777776,140.12333333333333,7.111111111111111,20.653333333333332,1.0,True,3,3,0.0,0.0,0.0,0.0,exp13_single_priority_69p6m__analysis_snapshot_20260928.tar.gz!P1/seed5/S3__S_TGAT_EVENT/analysis/checkpoint_curve.csv,MPTC,85.33,项目交接参考；当前归档未找到原始 S 阶段解析 CSV,UAGMC_SOURCE passenger-only + LQ,84.19,128.76,exp11 同包曲线；训练种子 1；评估种子 123-125；本矩阵另有种子 2-5 四条 UAGMC 曲线,需核对同物理/guard/轨迹；解析值为交接参考，非本次独立复算
exp13,S3__S_TGAT_EVENT,S3,S_TGAT_EVENT,5,300000,208.20555555555555,178.74444444444444,7.3311111111111105,21.16,1.0,True,3,3,0.0,0.0,0.0,0.0,exp13_single_priority_69p6m__analysis_snapshot_20260928.tar.gz!P1/seed5/S3__S_TGAT_EVENT/analysis/checkpoint_curve.csv,MPTC,85.33,项目交接参考；当前归档未找到原始 S 阶段解析 CSV,UAGMC_SOURCE passenger-only + LQ,84.19,128.76,exp11 同包曲线；训练种子 1；评估种子 123-125；本矩阵另有种子 2-5 四条 UAGMC 曲线,需核对同物理/guard/轨迹；解析值为交接参考，非本次独立复算
exp13,S3__S_TGAT_EVENT,S3,S_TGAT_EVENT,5,350000,243.3988888888889,213.36333333333334,7.484444444444445,21.586666666666662,1.0,True,3,3,0.0,0.0,0.0,0.0,exp13_single_priority_69p6m__analysis_snapshot_20260928.tar.gz!P1/seed5/S3__S_TGAT_EVENT/analysis/checkpoint_curve.csv,MPTC,85.33,项目交接参考；当前归档未找到原始 S 阶段解析 CSV,UAGMC_SOURCE passenger-only + LQ,84.19,128.76,exp11 同包曲线；训练种子 1；评估种子 123-125；本矩阵另有种子 2-5 四条 UAGMC 曲线,需核对同物理/guard/轨迹；解析值为交接参考，非本次独立复算
exp13,S3__S_TGAT_EVENT,S3,S_TGAT_EVENT,5,400000,173.5688888888889,144.57333333333332,7.285555555555555,20.75111111111111,1.0,True,3,3,0.0,0.0,0.0,0.0,exp13_single_priority_69p6m__analysis_snapshot_20260928.tar.gz!P1/seed5/S3__S_TGAT_EVENT/analysis/checkpoint_curve.csv,MPTC,85.33,项目交接参考；当前归档未找到原始 S 阶段解析 CSV,UAGMC_SOURCE passenger-only + LQ,84.19,128.76,exp11 同包曲线；训练种子 1；评估种子 123-125；本矩阵另有种子 2-5 四条 UAGMC 曲线,需核对同物理/guard/轨迹；解析值为交接参考，非本次独立复算
exp13,S3__S_TGAT_EVENT,S3,S_TGAT_EVENT,5,450000,172.72,144.24666666666667,7.050000000000001,20.46222222222222,1.0,True,3,3,0.0,0.0,0.0,0.0,exp13_single_priority_69p6m__analysis_snapshot_20260928.tar.gz!P1/seed5/S3__S_TGAT_EVENT/analysis/checkpoint_curve.csv,MPTC,85.33,项目交接参考；当前归档未找到原始 S 阶段解析 CSV,UAGMC_SOURCE passenger-only + LQ,84.19,128.76,exp11 同包曲线；训练种子 1；评估种子 123-125；本矩阵另有种子 2-5 四条 UAGMC 曲线,需核对同物理/guard/轨迹；解析值为交接参考，非本次独立复算
exp13,S3__S_TGAT_EVENT,S3,S_TGAT_EVENT,5,500000,105.02333333333333,77.98888888888888,6.506666666666667,19.56888888888889,1.0,True,3,3,0.0,0.0,0.0,0.0,exp13_single_priority_69p6m__analysis_snapshot_20260928.tar.gz!P1/seed5/S3__S_TGAT_EVENT/analysis/checkpoint_curve.csv,MPTC,85.33,项目交接参考；当前归档未找到原始 S 阶段解析 CSV,UAGMC_SOURCE passenger-only + LQ,84.19,128.76,exp11 同包曲线；训练种子 1；评估种子 123-125；本矩阵另有种子 2-5 四条 UAGMC 曲线,需核对同物理/guard/轨迹；解析值为交接参考，非本次独立复算
exp13,S3__S_TGAT_EVENT,S3,S_TGAT_EVENT,5,550000,104.34444444444443,77.43444444444445,6.451111111111111,19.515555555555554,1.0,True,3,3,0.0,0.0,0.0,0.0,exp13_single_priority_69p6m__analysis_snapshot_20260928.tar.gz!P1/seed5/S3__S_TGAT_EVENT/analysis/checkpoint_curve.csv,MPTC,85.33,项目交接参考；当前归档未找到原始 S 阶段解析 CSV,UAGMC_SOURCE passenger-only + LQ,84.19,128.76,exp11 同包曲线；训练种子 1；评估种子 123-125；本矩阵另有种子 2-5 四条 UAGMC 曲线,需核对同物理/guard/轨迹；解析值为交接参考，非本次独立复算
exp13,S3__S_TGAT_EVENT,S3,S_TGAT_EVENT,5,600000,92.77555555555556,65.80777777777779,6.495555555555555,19.54222222222222,1.0,True,3,3,0.0,0.0,0.0,0.0,exp13_single_priority_69p6m__analysis_snapshot_20260928.tar.gz!P1/seed5/S3__S_TGAT_EVENT/analysis/checkpoint_curve.csv,MPTC,85.33,项目交接参考；当前归档未找到原始 S 阶段解析 CSV,UAGMC_SOURCE passenger-only + LQ,84.19,128.76,exp11 同包曲线；训练种子 1；评估种子 123-125；本矩阵另有种子 2-5 四条 UAGMC 曲线,需核对同物理/guard/轨迹；解析值为交接参考，非本次独立复算
exp13,S3__S_TGAT_EVENT,S3,S_TGAT_EVENT,6,50000,308.1477777777778,276.71,8.067777777777778,22.395555555555557,1.0,True,3,3,0.0,0.0,0.0,0.0,exp13_single_priority_69p6m__analysis_snapshot_20260928.tar.gz!P2/seed6/S3__S_TGAT_EVENT/analysis/checkpoint_curve.csv,MPTC,85.33,项目交接参考；当前归档未找到原始 S 阶段解析 CSV,UAGMC_SOURCE passenger-only + LQ,84.19,128.76,exp11 同包曲线；训练种子 1；评估种子 123-125；本矩阵另有种子 2-5 四条 UAGMC 曲线,需核对同物理/guard/轨迹；解析值为交接参考，非本次独立复算
exp13,S3__S_TGAT_EVENT,S3,S_TGAT_EVENT,6,100000,222.4677777777778,189.92444444444445,8.556666666666667,23.0,1.0,True,3,3,0.0,0.0,0.0,0.0,exp13_single_priority_69p6m__analysis_snapshot_20260928.tar.gz!P2/seed6/S3__S_TGAT_EVENT/analysis/checkpoint_curve.csv,MPTC,85.33,项目交接参考；当前归档未找到原始 S 阶段解析 CSV,UAGMC_SOURCE passenger-only + LQ,84.19,128.76,exp11 同包曲线；训练种子 1；评估种子 123-125；本矩阵另有种子 2-5 四条 UAGMC 曲线,需核对同物理/guard/轨迹；解析值为交接参考，非本次独立复算
exp13,S3__S_TGAT_EVENT,S3,S_TGAT_EVENT,6,150000,210.24444444444444,177.92555555555555,8.458888888888891,22.88,1.0,True,3,3,0.0,0.0,0.0,0.0,exp13_single_priority_69p6m__analysis_snapshot_20260928.tar.gz!P2/seed6/S3__S_TGAT_EVENT/analysis/checkpoint_curve.csv,MPTC,85.33,项目交接参考；当前归档未找到原始 S 阶段解析 CSV,UAGMC_SOURCE passenger-only + LQ,84.19,128.76,exp11 同包曲线；训练种子 1；评估种子 123-125；本矩阵另有种子 2-5 四条 UAGMC 曲线,需核对同物理/guard/轨迹；解析值为交接参考，非本次独立复算
exp13,S3__S_TGAT_EVENT,S3,S_TGAT_EVENT,6,200000,182.2111111111111,151.88,7.68,21.680000000000003,1.0,True,3,3,0.0,0.0,0.0,0.0,exp13_single_priority_69p6m__analysis_snapshot_20260928.tar.gz!P2/seed6/S3__S_TGAT_EVENT/analysis/checkpoint_curve.csv,MPTC,85.33,项目交接参考；当前归档未找到原始 S 阶段解析 CSV,UAGMC_SOURCE passenger-only + LQ,84.19,128.76,exp11 同包曲线；训练种子 1；评估种子 123-125；本矩阵另有种子 2-5 四条 UAGMC 曲线,需核对同物理/guard/轨迹；解析值为交接参考，非本次独立复算
exp13,S3__S_TGAT_EVENT,S3,S_TGAT_EVENT,6,250000,178.5922222222222,148.32222222222222,7.713333333333334,21.582222222222224,1.0,True,3,3,0.0,0.0,0.0,0.0,exp13_single_priority_69p6m__analysis_snapshot_20260928.tar.gz!P2/seed6/S3__S_TGAT_EVENT/analysis/checkpoint_curve.csv,MPTC,85.33,项目交接参考；当前归档未找到原始 S 阶段解析 CSV,UAGMC_SOURCE passenger-only + LQ,84.19,128.76,exp11 同包曲线；训练种子 1；评估种子 123-125；本矩阵另有种子 2-5 四条 UAGMC 曲线,需核对同物理/guard/轨迹；解析值为交接参考，非本次独立复算
exp13,S3__S_TGAT_EVENT,S3,S_TGAT_EVENT,6,300000,183.68999999999997,153.15333333333334,7.835555555555556,21.72888888888889,1.0,True,3,3,0.0,0.0,0.0,0.0,exp13_single_priority_69p6m__analysis_snapshot_20260928.tar.gz!P2/seed6/S3__S_TGAT_EVENT/analysis/checkpoint_curve.csv,MPTC,85.33,项目交接参考；当前归档未找到原始 S 阶段解析 CSV,UAGMC_SOURCE passenger-only + LQ,84.19,128.76,exp11 同包曲线；训练种子 1；评估种子 123-125；本矩阵另有种子 2-5 四条 UAGMC 曲线,需核对同物理/guard/轨迹；解析值为交接参考，非本次独立复算
exp13,S3__S_TGAT_EVENT,S3,S_TGAT_EVENT,6,350000,173.14777777777775,143.46888888888887,7.3999999999999995,21.302222222222223,1.0,True,3,3,0.0,0.0,0.0,0.0,exp13_single_priority_69p6m__analysis_snapshot_20260928.tar.gz!P2/seed6/S3__S_TGAT_EVENT/analysis/checkpoint_curve.csv,MPTC,85.33,项目交接参考；当前归档未找到原始 S 阶段解析 CSV,UAGMC_SOURCE passenger-only + LQ,84.19,128.76,exp11 同包曲线；训练种子 1；评估种子 123-125；本矩阵另有种子 2-5 四条 UAGMC 曲线,需核对同物理/guard/轨迹；解析值为交接参考，非本次独立复算
exp13,S3__S_TGAT_EVENT,S3,S_TGAT_EVENT,6,400000,169.65,139.79333333333332,7.502222222222223,21.386666666666667,1.0,True,3,3,0.0,0.0,0.0,0.0,exp13_single_priority_69p6m__analysis_snapshot_20260928.tar.gz!P2/seed6/S3__S_TGAT_EVENT/analysis/checkpoint_curve.csv,MPTC,85.33,项目交接参考；当前归档未找到原始 S 阶段解析 CSV,UAGMC_SOURCE passenger-only + LQ,84.19,128.76,exp11 同包曲线；训练种子 1；评估种子 123-125；本矩阵另有种子 2-5 四条 UAGMC 曲线,需核对同物理/guard/轨迹；解析值为交接参考，非本次独立复算
exp13,S3__S_TGAT_EVENT,S3,S_TGAT_EVENT,6,450000,189.69111111111113,158.98111111111112,7.947777777777778,21.786666666666665,1.0,True,3,3,0.0,0.0,0.0,0.0,exp13_single_priority_69p6m__analysis_snapshot_20260928.tar.gz!P2/seed6/S3__S_TGAT_EVENT/analysis/checkpoint_curve.csv,MPTC,85.33,项目交接参考；当前归档未找到原始 S 阶段解析 CSV,UAGMC_SOURCE passenger-only + LQ,84.19,128.76,exp11 同包曲线；训练种子 1；评估种子 123-125；本矩阵另有种子 2-5 四条 UAGMC 曲线,需核对同物理/guard/轨迹；解析值为交接参考，非本次独立复算
exp13,S3__S_TGAT_EVENT,S3,S_TGAT_EVENT,6,500000,176.41111111111113,145.76444444444442,7.885555555555555,21.786666666666665,1.0,True,3,3,0.0,0.0,0.0,0.0,exp13_single_priority_69p6m__analysis_snapshot_20260928.tar.gz!P2/seed6/S3__S_TGAT_EVENT/analysis/checkpoint_curve.csv,MPTC,85.33,项目交接参考；当前归档未找到原始 S 阶段解析 CSV,UAGMC_SOURCE passenger-only + LQ,84.19,128.76,exp11 同包曲线；训练种子 1；评估种子 123-125；本矩阵另有种子 2-5 四条 UAGMC 曲线,需核对同物理/guard/轨迹；解析值为交接参考，非本次独立复算
exp13,S3__S_TGAT_EVENT,S3,S_TGAT_EVENT,6,550000,222.4677777777778,189.92444444444445,8.556666666666667,23.0,1.0,True,3,3,0.0,0.0,0.0,0.0,exp13_single_priority_69p6m__analysis_snapshot_20260928.tar.gz!P2/seed6/S3__S_TGAT_EVENT/analysis/checkpoint_curve.csv,MPTC,85.33,项目交接参考；当前归档未找到原始 S 阶段解析 CSV,UAGMC_SOURCE passenger-only + LQ,84.19,128.76,exp11 同包曲线；训练种子 1；评估种子 123-125；本矩阵另有种子 2-5 四条 UAGMC 曲线,需核对同物理/guard/轨迹；解析值为交接参考，非本次独立复算
exp13,S3__S_TGAT_EVENT,S3,S_TGAT_EVENT,6,600000,155.5011111111111,125.9588888888889,7.213333333333334,21.351111111111113,1.0,True,3,3,0.0,0.0,0.0,0.0,exp13_single_priority_69p6m__analysis_snapshot_20260928.tar.gz!P2/seed6/S3__S_TGAT_EVENT/analysis/checkpoint_curve.csv,MPTC,85.33,项目交接参考；当前归档未找到原始 S 阶段解析 CSV,UAGMC_SOURCE passenger-only + LQ,84.19,128.76,exp11 同包曲线；训练种子 1；评估种子 123-125；本矩阵另有种子 2-5 四条 UAGMC 曲线,需核对同物理/guard/轨迹；解析值为交接参考，非本次独立复算
exp13,S3__S_TGAT_EVENT,S3,S_TGAT_EVENT,7,50000,88.2988888888889,60.91555555555556,6.702222222222223,19.702222222222222,1.0,True,3,3,0.0,0.0,0.0,0.0,exp13_single_priority_69p6m__analysis_snapshot_20260928.tar.gz!P2/seed7/S3__S_TGAT_EVENT/analysis/checkpoint_curve.csv,MPTC,85.33,项目交接参考；当前归档未找到原始 S 阶段解析 CSV,UAGMC_SOURCE passenger-only + LQ,84.19,128.76,exp11 同包曲线；训练种子 1；评估种子 123-125；本矩阵另有种子 2-5 四条 UAGMC 曲线,需核对同物理/guard/轨迹；解析值为交接参考，非本次独立复算
exp13,S3__S_TGAT_EVENT,S3,S_TGAT_EVENT,7,100000,222.4677777777778,189.92444444444445,8.556666666666667,23.0,1.0,True,3,3,0.0,0.0,0.0,0.0,exp13_single_priority_69p6m__analysis_snapshot_20260928.tar.gz!P2/seed7/S3__S_TGAT_EVENT/analysis/checkpoint_curve.csv,MPTC,85.33,项目交接参考；当前归档未找到原始 S 阶段解析 CSV,UAGMC_SOURCE passenger-only + LQ,84.19,128.76,exp11 同包曲线；训练种子 1；评估种子 123-125；本矩阵另有种子 2-5 四条 UAGMC 曲线,需核对同物理/guard/轨迹；解析值为交接参考，非本次独立复算
exp13,S3__S_TGAT_EVENT,S3,S_TGAT_EVENT,7,150000,222.4677777777778,189.92444444444445,8.556666666666667,23.0,1.0,True,3,3,0.0,0.0,0.0,0.0,exp13_single_priority_69p6m__analysis_snapshot_20260928.tar.gz!P2/seed7/S3__S_TGAT_EVENT/analysis/checkpoint_curve.csv,MPTC,85.33,项目交接参考；当前归档未找到原始 S 阶段解析 CSV,UAGMC_SOURCE passenger-only + LQ,84.19,128.76,exp11 同包曲线；训练种子 1；评估种子 123-125；本矩阵另有种子 2-5 四条 UAGMC 曲线,需核对同物理/guard/轨迹；解析值为交接参考，非本次独立复算
exp13,S3__S_TGAT_EVENT,S3,S_TGAT_EVENT,7,200000,193.27333333333334,162.1,8.042222222222223,22.146666666666665,1.0,True,3,3,0.0,0.0,0.0,0.0,exp13_single_priority_69p6m__analysis_snapshot_20260928.tar.gz!P2/seed7/S3__S_TGAT_EVENT/analysis/checkpoint_curve.csv,MPTC,85.33,项目交接参考；当前归档未找到原始 S 阶段解析 CSV,UAGMC_SOURCE passenger-only + LQ,84.19,128.76,exp11 同包曲线；训练种子 1；评估种子 123-125；本矩阵另有种子 2-5 四条 UAGMC 曲线,需核对同物理/guard/轨迹；解析值为交接参考，非本次独立复算
exp13,S3__S_TGAT_EVENT,S3,S_TGAT_EVENT,7,250000,194.54,163.41666666666666,8.02111111111111,22.12,1.0,True,3,3,0.0,0.0,0.0,0.0,exp13_single_priority_69p6m__analysis_snapshot_20260928.tar.gz!P2/seed7/S3__S_TGAT_EVENT/analysis/checkpoint_curve.csv,MPTC,85.33,项目交接参考；当前归档未找到原始 S 阶段解析 CSV,UAGMC_SOURCE passenger-only + LQ,84.19,128.76,exp11 同包曲线；训练种子 1；评估种子 123-125；本矩阵另有种子 2-5 四条 UAGMC 曲线,需核对同物理/guard/轨迹；解析值为交接参考，非本次独立复算
exp13,S3__S_TGAT_EVENT,S3,S_TGAT_EVENT,7,300000,179.39333333333335,148.90222222222224,7.814444444444445,21.697777777777777,1.0,True,3,3,0.0,0.0,0.0,0.0,exp13_single_priority_69p6m__analysis_snapshot_20260928.tar.gz!P2/seed7/S3__S_TGAT_EVENT/analysis/checkpoint_curve.csv,MPTC,85.33,项目交接参考；当前归档未找到原始 S 阶段解析 CSV,UAGMC_SOURCE passenger-only + LQ,84.19,128.76,exp11 同包曲线；训练种子 1；评估种子 123-125；本矩阵另有种子 2-5 四条 UAGMC 曲线,需核对同物理/guard/轨迹；解析值为交接参考，非本次独立复算
exp13,S3__S_TGAT_EVENT,S3,S_TGAT_EVENT,7,350000,184.86333333333334,153.82111111111112,8.001111111111111,22.057777777777776,1.0,True,3,3,0.0,0.0,0.0,0.0,exp13_single_priority_69p6m__analysis_snapshot_20260928.tar.gz!P2/seed7/S3__S_TGAT_EVENT/analysis/checkpoint_curve.csv,MPTC,85.33,项目交接参考；当前归档未找到原始 S 阶段解析 CSV,UAGMC_SOURCE passenger-only + LQ,84.19,128.76,exp11 同包曲线；训练种子 1；评估种子 123-125；本矩阵另有种子 2-5 四条 UAGMC 曲线,需核对同物理/guard/轨迹；解析值为交接参考，非本次独立复算
exp13,S3__S_TGAT_EVENT,S3,S_TGAT_EVENT,7,400000,193.14222222222222,161.28,8.306666666666667,22.582222222222224,1.0,True,3,3,0.0,0.0,0.0,0.0,exp13_single_priority_69p6m__analysis_snapshot_20260928.tar.gz!P2/seed7/S3__S_TGAT_EVENT/analysis/checkpoint_curve.csv,MPTC,85.33,项目交接参考；当前归档未找到原始 S 阶段解析 CSV,UAGMC_SOURCE passenger-only + LQ,84.19,128.76,exp11 同包曲线；训练种子 1；评估种子 123-125；本矩阵另有种子 2-5 四条 UAGMC 曲线,需核对同物理/guard/轨迹；解析值为交接参考，非本次独立复算
exp13,S3__S_TGAT_EVENT,S3,S_TGAT_EVENT,7,450000,191.58555555555554,159.71555555555557,8.317777777777778,22.57777777777778,1.0,True,3,3,0.0,0.0,0.0,0.0,exp13_single_priority_69p6m__analysis_snapshot_20260928.tar.gz!P2/seed7/S3__S_TGAT_EVENT/analysis/checkpoint_curve.csv,MPTC,85.33,项目交接参考；当前归档未找到原始 S 阶段解析 CSV,UAGMC_SOURCE passenger-only + LQ,84.19,128.76,exp11 同包曲线；训练种子 1；评估种子 123-125；本矩阵另有种子 2-5 四条 UAGMC 曲线,需核对同物理/guard/轨迹；解析值为交接参考，非本次独立复算
exp13,S3__S_TGAT_EVENT,S3,S_TGAT_EVENT,7,500000,77.49888888888889,50.49444444444445,6.463333333333334,19.604444444444447,1.0,True,3,3,0.0,0.0,0.0,0.0,exp13_single_priority_69p6m__analysis_snapshot_20260928.tar.gz!P2/seed7/S3__S_TGAT_EVENT/analysis/checkpoint_curve.csv,MPTC,85.33,项目交接参考；当前归档未找到原始 S 阶段解析 CSV,UAGMC_SOURCE passenger-only + LQ,84.19,128.76,exp11 同包曲线；训练种子 1；评估种子 123-125；本矩阵另有种子 2-5 四条 UAGMC 曲线,需核对同物理/guard/轨迹；解析值为交接参考，非本次独立复算
exp13,S3__S_TGAT_EVENT,S3,S_TGAT_EVENT,7,550000,80.66000000000001,53.97777777777778,6.286666666666666,19.475555555555555,1.0,True,3,3,0.0,0.0,0.0,0.0,exp13_single_priority_69p6m__analysis_snapshot_20260928.tar.gz!P2/seed7/S3__S_TGAT_EVENT/analysis/checkpoint_curve.csv,MPTC,85.33,项目交接参考；当前归档未找到原始 S 阶段解析 CSV,UAGMC_SOURCE passenger-only + LQ,84.19,128.76,exp11 同包曲线；训练种子 1；评估种子 123-125；本矩阵另有种子 2-5 四条 UAGMC 曲线,需核对同物理/guard/轨迹；解析值为交接参考，非本次独立复算
exp13,S3__S_TGAT_EVENT,S3,S_TGAT_EVENT,7,600000,105.28777777777778,78.36444444444446,6.464444444444445,19.551111111111112,1.0,True,3,3,0.0,0.0,0.0,0.0,exp13_single_priority_69p6m__analysis_snapshot_20260928.tar.gz!P2/seed7/S3__S_TGAT_EVENT/analysis/checkpoint_curve.csv,MPTC,85.33,项目交接参考；当前归档未找到原始 S 阶段解析 CSV,UAGMC_SOURCE passenger-only + LQ,84.19,128.76,exp11 同包曲线；训练种子 1；评估种子 123-125；本矩阵另有种子 2-5 四条 UAGMC 曲线,需核对同物理/guard/轨迹；解析值为交接参考，非本次独立复算
exp13,S3__UAGMC_SOURCE,S3,UAGMC_SOURCE,2,50000,135.40555555555557,108.92777777777776,6.093333333333334,19.475555555555555,1.0,True,3,3,0.0,0.0,0.0,0.0,exp13_single_priority_69p6m__analysis_snapshot_20260928.tar.gz!P0/seed2/S3__UAGMC_SOURCE/analysis/checkpoint_curve.csv,MPTC,85.33,项目交接参考；当前归档未找到原始 S 阶段解析 CSV,UAGMC_SOURCE passenger-only + LQ,84.19,128.76,exp11 同包曲线；训练种子 1；评估种子 123-125；本矩阵另有种子 2-5 四条 UAGMC 曲线,需核对同物理/guard/轨迹；解析值为交接参考，非本次独立复算
exp13,S3__UAGMC_SOURCE,S3,UAGMC_SOURCE,2,100000,246.27999999999997,219.9477777777778,6.145555555555556,19.24,1.0,True,3,3,0.0,0.0,0.0,0.0,exp13_single_priority_69p6m__analysis_snapshot_20260928.tar.gz!P0/seed2/S3__UAGMC_SOURCE/analysis/checkpoint_curve.csv,MPTC,85.33,项目交接参考；当前归档未找到原始 S 阶段解析 CSV,UAGMC_SOURCE passenger-only + LQ,84.19,128.76,exp11 同包曲线；训练种子 1；评估种子 123-125；本矩阵另有种子 2-5 四条 UAGMC 曲线,需核对同物理/guard/轨迹；解析值为交接参考，非本次独立复算
exp13,S3__UAGMC_SOURCE,S3,UAGMC_SOURCE,2,150000,307.4577777777777,275.83222222222224,8.139999999999999,22.515555555555554,1.0,True,3,3,0.0,0.0,0.0,0.0,exp13_single_priority_69p6m__analysis_snapshot_20260928.tar.gz!P0/seed2/S3__UAGMC_SOURCE/analysis/checkpoint_curve.csv,MPTC,85.33,项目交接参考；当前归档未找到原始 S 阶段解析 CSV,UAGMC_SOURCE passenger-only + LQ,84.19,128.76,exp11 同包曲线；训练种子 1；评估种子 123-125；本矩阵另有种子 2-5 四条 UAGMC 曲线,需核对同物理/guard/轨迹；解析值为交接参考，非本次独立复算
exp13,S3__UAGMC_SOURCE,S3,UAGMC_SOURCE,2,200000,306.5255555555555,274.85333333333335,8.161111111111111,22.53777777777778,1.0,True,3,3,0.0,0.0,0.0,0.0,exp13_single_priority_69p6m__analysis_snapshot_20260928.tar.gz!P0/seed2/S3__UAGMC_SOURCE/analysis/checkpoint_curve.csv,MPTC,85.33,项目交接参考；当前归档未找到原始 S 阶段解析 CSV,UAGMC_SOURCE passenger-only + LQ,84.19,128.76,exp11 同包曲线；训练种子 1；评估种子 123-125；本矩阵另有种子 2-5 四条 UAGMC 曲线,需核对同物理/guard/轨迹；解析值为交接参考，非本次独立复算
exp13,S3__UAGMC_SOURCE,S3,UAGMC_SOURCE,2,250000,306.8933333333334,275.22666666666663,8.158888888888889,22.53333333333333,1.0,True,3,3,0.0,0.0,0.0,0.0,exp13_single_priority_69p6m__analysis_snapshot_20260928.tar.gz!P0/seed2/S3__UAGMC_SOURCE/analysis/checkpoint_curve.csv,MPTC,85.33,项目交接参考；当前归档未找到原始 S 阶段解析 CSV,UAGMC_SOURCE passenger-only + LQ,84.19,128.76,exp11 同包曲线；训练种子 1；评估种子 123-125；本矩阵另有种子 2-5 四条 UAGMC 曲线,需核对同物理/guard/轨迹；解析值为交接参考，非本次独立复算
exp13,S3__UAGMC_SOURCE,S3,UAGMC_SOURCE,2,300000,306.3544444444445,274.71,8.147777777777778,22.52888888888889,1.0,True,3,3,0.0,0.0,0.0,0.0,exp13_single_priority_69p6m__analysis_snapshot_20260928.tar.gz!P0/seed2/S3__UAGMC_SOURCE/analysis/checkpoint_curve.csv,MPTC,85.33,项目交接参考；当前归档未找到原始 S 阶段解析 CSV,UAGMC_SOURCE passenger-only + LQ,84.19,128.76,exp11 同包曲线；训练种子 1；评估种子 123-125；本矩阵另有种子 2-5 四条 UAGMC 曲线,需核对同物理/guard/轨迹；解析值为交接参考，非本次独立复算
exp13,S3__UAGMC_SOURCE,S3,UAGMC_SOURCE,2,350000,299.46555555555557,268.1911111111111,8.03111111111111,22.275555555555556,1.0,True,3,3,0.0,0.0,0.0,0.0,exp13_single_priority_69p6m__analysis_snapshot_20260928.tar.gz!P0/seed2/S3__UAGMC_SOURCE/analysis/checkpoint_curve.csv,MPTC,85.33,项目交接参考；当前归档未找到原始 S 阶段解析 CSV,UAGMC_SOURCE passenger-only + LQ,84.19,128.76,exp11 同包曲线；训练种子 1；评估种子 123-125；本矩阵另有种子 2-5 四条 UAGMC 曲线,需核对同物理/guard/轨迹；解析值为交接参考，非本次独立复算
exp13,S3__UAGMC_SOURCE,S3,UAGMC_SOURCE,2,400000,170.6577777777778,142.33333333333334,6.941111111111112,20.40888888888889,1.0,True,3,3,0.0,0.0,0.0,0.0,exp13_single_priority_69p6m__analysis_snapshot_20260928.tar.gz!P0/seed2/S3__UAGMC_SOURCE/analysis/checkpoint_curve.csv,MPTC,85.33,项目交接参考；当前归档未找到原始 S 阶段解析 CSV,UAGMC_SOURCE passenger-only + LQ,84.19,128.76,exp11 同包曲线；训练种子 1；评估种子 123-125；本矩阵另有种子 2-5 四条 UAGMC 曲线,需核对同物理/guard/轨迹；解析值为交接参考，非本次独立复算
exp13,S3__UAGMC_SOURCE,S3,UAGMC_SOURCE,2,450000,272.3433333333333,241.47888888888892,8.023333333333333,21.862222222222226,1.0,True,3,3,0.0,0.0,0.0,0.0,exp13_single_priority_69p6m__analysis_snapshot_20260928.tar.gz!P0/seed2/S3__UAGMC_SOURCE/analysis/checkpoint_curve.csv,MPTC,85.33,项目交接参考；当前归档未找到原始 S 阶段解析 CSV,UAGMC_SOURCE passenger-only + LQ,84.19,128.76,exp11 同包曲线；训练种子 1；评估种子 123-125；本矩阵另有种子 2-5 四条 UAGMC 曲线,需核对同物理/guard/轨迹；解析值为交接参考，非本次独立复算
exp13,S3__UAGMC_SOURCE,S3,UAGMC_SOURCE,2,500000,194.45111111111112,163.5377777777778,7.966666666666666,21.977777777777778,1.0,True,3,3,0.0,0.0,0.0,0.0,exp13_single_priority_69p6m__analysis_snapshot_20260928.tar.gz!P0/seed2/S3__UAGMC_SOURCE/analysis/checkpoint_curve.csv,MPTC,85.33,项目交接参考；当前归档未找到原始 S 阶段解析 CSV,UAGMC_SOURCE passenger-only + LQ,84.19,128.76,exp11 同包曲线；训练种子 1；评估种子 123-125；本矩阵另有种子 2-5 四条 UAGMC 曲线,需核对同物理/guard/轨迹；解析值为交接参考，非本次独立复算
exp13,S3__UAGMC_SOURCE,S3,UAGMC_SOURCE,2,550000,110.5088888888889,82.84666666666668,6.841111111111111,19.853333333333335,1.0,True,3,3,0.0,0.0,0.0,0.0,exp13_single_priority_69p6m__analysis_snapshot_20260928.tar.gz!P0/seed2/S3__UAGMC_SOURCE/analysis/checkpoint_curve.csv,MPTC,85.33,项目交接参考；当前归档未找到原始 S 阶段解析 CSV,UAGMC_SOURCE passenger-only + LQ,84.19,128.76,exp11 同包曲线；训练种子 1；评估种子 123-125；本矩阵另有种子 2-5 四条 UAGMC 曲线,需核对同物理/guard/轨迹；解析值为交接参考，非本次独立复算
exp13,S3__UAGMC_SOURCE,S3,UAGMC_SOURCE,2,600000,102.12444444444445,75.25888888888888,6.435555555555555,19.462222222222223,1.0,True,3,3,0.0,0.0,0.0,0.0,exp13_single_priority_69p6m__analysis_snapshot_20260928.tar.gz!P0/seed2/S3__UAGMC_SOURCE/analysis/checkpoint_curve.csv,MPTC,85.33,项目交接参考；当前归档未找到原始 S 阶段解析 CSV,UAGMC_SOURCE passenger-only + LQ,84.19,128.76,exp11 同包曲线；训练种子 1；评估种子 123-125；本矩阵另有种子 2-5 四条 UAGMC 曲线,需核对同物理/guard/轨迹；解析值为交接参考，非本次独立复算
exp13,S3__UAGMC_SOURCE,S3,UAGMC_SOURCE,3,50000,222.4677777777778,189.92444444444445,8.556666666666667,23.0,1.0,True,3,3,0.0,0.0,0.0,0.0,exp13_single_priority_69p6m__analysis_snapshot_20260928.tar.gz!P0/seed3/S3__UAGMC_SOURCE/analysis/checkpoint_curve.csv,MPTC,85.33,项目交接参考；当前归档未找到原始 S 阶段解析 CSV,UAGMC_SOURCE passenger-only + LQ,84.19,128.76,exp11 同包曲线；训练种子 1；评估种子 123-125；本矩阵另有种子 2-5 四条 UAGMC 曲线,需核对同物理/guard/轨迹；解析值为交接参考，非本次独立复算
exp13,S3__UAGMC_SOURCE,S3,UAGMC_SOURCE,3,100000,222.4677777777778,189.92444444444445,8.556666666666667,23.0,1.0,True,3,3,0.0,0.0,0.0,0.0,exp13_single_priority_69p6m__analysis_snapshot_20260928.tar.gz!P0/seed3/S3__UAGMC_SOURCE/analysis/checkpoint_curve.csv,MPTC,85.33,项目交接参考；当前归档未找到原始 S 阶段解析 CSV,UAGMC_SOURCE passenger-only + LQ,84.19,128.76,exp11 同包曲线；训练种子 1；评估种子 123-125；本矩阵另有种子 2-5 四条 UAGMC 曲线,需核对同物理/guard/轨迹；解析值为交接参考，非本次独立复算
exp13,S3__UAGMC_SOURCE,S3,UAGMC_SOURCE,3,150000,234.85111111111112,202.30444444444444,8.573333333333334,22.986666666666668,1.0,True,3,3,0.0,0.0,0.0,0.0,exp13_single_priority_69p6m__analysis_snapshot_20260928.tar.gz!P0/seed3/S3__UAGMC_SOURCE/analysis/checkpoint_curve.csv,MPTC,85.33,项目交接参考；当前归档未找到原始 S 阶段解析 CSV,UAGMC_SOURCE passenger-only + LQ,84.19,128.76,exp11 同包曲线；训练种子 1；评估种子 123-125；本矩阵另有种子 2-5 四条 UAGMC 曲线,需核对同物理/guard/轨迹；解析值为交接参考，非本次独立复算
exp13,S3__UAGMC_SOURCE,S3,UAGMC_SOURCE,3,200000,224.75555555555556,192.35777777777778,8.49777777777778,22.915555555555557,1.0,True,3,3,0.0,0.0,0.0,0.0,exp13_single_priority_69p6m__analysis_snapshot_20260928.tar.gz!P0/seed3/S3__UAGMC_SOURCE/analysis/checkpoint_curve.csv,MPTC,85.33,项目交接参考；当前归档未找到原始 S 阶段解析 CSV,UAGMC_SOURCE passenger-only + LQ,84.19,128.76,exp11 同包曲线；训练种子 1；评估种子 123-125；本矩阵另有种子 2-5 四条 UAGMC 曲线,需核对同物理/guard/轨迹；解析值为交接参考，非本次独立复算
exp13,S3__UAGMC_SOURCE,S3,UAGMC_SOURCE,3,250000,216.63666666666666,184.94666666666663,8.205555555555556,22.49777777777778,1.0,True,3,3,0.0,0.0,0.0,0.0,exp13_single_priority_69p6m__analysis_snapshot_20260928.tar.gz!P0/seed3/S3__UAGMC_SOURCE/analysis/checkpoint_curve.csv,MPTC,85.33,项目交接参考；当前归档未找到原始 S 阶段解析 CSV,UAGMC_SOURCE passenger-only + LQ,84.19,128.76,exp11 同包曲线；训练种子 1；评估种子 123-125；本矩阵另有种子 2-5 四条 UAGMC 曲线,需核对同物理/guard/轨迹；解析值为交接参考，非本次独立复算
exp13,S3__UAGMC_SOURCE,S3,UAGMC_SOURCE,3,300000,195.53,164.7433333333333,7.8999999999999995,21.92,1.0,True,3,3,0.0,0.0,0.0,0.0,exp13_single_priority_69p6m__analysis_snapshot_20260928.tar.gz!P0/seed3/S3__UAGMC_SOURCE/analysis/checkpoint_curve.csv,MPTC,85.33,项目交接参考；当前归档未找到原始 S 阶段解析 CSV,UAGMC_SOURCE passenger-only + LQ,84.19,128.76,exp11 同包曲线；训练种子 1；评估种子 123-125；本矩阵另有种子 2-5 四条 UAGMC 曲线,需核对同物理/guard/轨迹；解析值为交接参考，非本次独立复算
exp13,S3__UAGMC_SOURCE,S3,UAGMC_SOURCE,3,350000,156.38777777777776,127.01,7.438888888888889,20.955555555555552,1.0,True,3,3,0.0,0.0,0.0,0.0,exp13_single_priority_69p6m__analysis_snapshot_20260928.tar.gz!P0/seed3/S3__UAGMC_SOURCE/analysis/checkpoint_curve.csv,MPTC,85.33,项目交接参考；当前归档未找到原始 S 阶段解析 CSV,UAGMC_SOURCE passenger-only + LQ,84.19,128.76,exp11 同包曲线；训练种子 1；评估种子 123-125；本矩阵另有种子 2-5 四条 UAGMC 曲线,需核对同物理/guard/轨迹；解析值为交接参考，非本次独立复算
exp13,S3__UAGMC_SOURCE,S3,UAGMC_SOURCE,3,400000,146.92555555555555,117.47555555555556,7.48888888888889,20.99111111111111,1.0,True,3,3,0.0,0.0,0.0,0.0,exp13_single_priority_69p6m__analysis_snapshot_20260928.tar.gz!P0/seed3/S3__UAGMC_SOURCE/analysis/checkpoint_curve.csv,MPTC,85.33,项目交接参考；当前归档未找到原始 S 阶段解析 CSV,UAGMC_SOURCE passenger-only + LQ,84.19,128.76,exp11 同包曲线；训练种子 1；评估种子 123-125；本矩阵另有种子 2-5 四条 UAGMC 曲线,需核对同物理/guard/轨迹；解析值为交接参考，非本次独立复算
exp13,S3__UAGMC_SOURCE,S3,UAGMC_SOURCE,3,450000,139.79444444444445,110.75111111111111,7.314444444444445,20.75111111111111,1.0,True,3,3,0.0,0.0,0.0,0.0,exp13_single_priority_69p6m__analysis_snapshot_20260928.tar.gz!P0/seed3/S3__UAGMC_SOURCE/analysis/checkpoint_curve.csv,MPTC,85.33,项目交接参考；当前归档未找到原始 S 阶段解析 CSV,UAGMC_SOURCE passenger-only + LQ,84.19,128.76,exp11 同包曲线；训练种子 1；评估种子 123-125；本矩阵另有种子 2-5 四条 UAGMC 曲线,需核对同物理/guard/轨迹；解析值为交接参考，非本次独立复算
exp13,S3__UAGMC_SOURCE,S3,UAGMC_SOURCE,3,500000,139.96555555555554,111.12888888888888,7.28,20.573333333333334,1.0,True,3,3,0.0,0.0,0.0,0.0,exp13_single_priority_69p6m__analysis_snapshot_20260928.tar.gz!P0/seed3/S3__UAGMC_SOURCE/analysis/checkpoint_curve.csv,MPTC,85.33,项目交接参考；当前归档未找到原始 S 阶段解析 CSV,UAGMC_SOURCE passenger-only + LQ,84.19,128.76,exp11 同包曲线；训练种子 1；评估种子 123-125；本矩阵另有种子 2-5 四条 UAGMC 曲线,需核对同物理/guard/轨迹；解析值为交接参考，非本次独立复算
exp13,S3__UAGMC_SOURCE,S3,UAGMC_SOURCE,3,550000,138.57888888888888,109.75333333333333,7.2877777777777775,20.56888888888889,1.0,True,3,3,0.0,0.0,0.0,0.0,exp13_single_priority_69p6m__analysis_snapshot_20260928.tar.gz!P0/seed3/S3__UAGMC_SOURCE/analysis/checkpoint_curve.csv,MPTC,85.33,项目交接参考；当前归档未找到原始 S 阶段解析 CSV,UAGMC_SOURCE passenger-only + LQ,84.19,128.76,exp11 同包曲线；训练种子 1；评估种子 123-125；本矩阵另有种子 2-5 四条 UAGMC 曲线,需核对同物理/guard/轨迹；解析值为交接参考，非本次独立复算
exp13,S3__UAGMC_SOURCE,S3,UAGMC_SOURCE,3,600000,134.04222222222222,105.52888888888889,7.1933333333333325,20.35111111111111,1.0,True,3,3,0.0,0.0,0.0,0.0,exp13_single_priority_69p6m__analysis_snapshot_20260928.tar.gz!P0/seed3/S3__UAGMC_SOURCE/analysis/checkpoint_curve.csv,MPTC,85.33,项目交接参考；当前归档未找到原始 S 阶段解析 CSV,UAGMC_SOURCE passenger-only + LQ,84.19,128.76,exp11 同包曲线；训练种子 1；评估种子 123-125；本矩阵另有种子 2-5 四条 UAGMC 曲线,需核对同物理/guard/轨迹；解析值为交接参考，非本次独立复算
exp13,S3__UAGMC_SOURCE,S3,UAGMC_SOURCE,4,50000,168.42999999999998,138.51444444444442,7.648888888888888,21.28888888888889,1.0,True,3,3,0.0,0.0,0.0,0.0,exp13_single_priority_69p6m__analysis_snapshot_20260928.tar.gz!P0/seed4/S3__UAGMC_SOURCE/analysis/checkpoint_curve.csv,MPTC,85.33,项目交接参考；当前归档未找到原始 S 阶段解析 CSV,UAGMC_SOURCE passenger-only + LQ,84.19,128.76,exp11 同包曲线；训练种子 1；评估种子 123-125；本矩阵另有种子 2-5 四条 UAGMC 曲线,需核对同物理/guard/轨迹；解析值为交接参考，非本次独立复算
exp13,S3__UAGMC_SOURCE,S3,UAGMC_SOURCE,4,100000,179.88555555555556,149.42555555555555,7.8422222222222215,21.635555555555555,1.0,True,3,3,0.0,0.0,0.0,0.0,exp13_single_priority_69p6m__analysis_snapshot_20260928.tar.gz!P0/seed4/S3__UAGMC_SOURCE/analysis/checkpoint_curve.csv,MPTC,85.33,项目交接参考；当前归档未找到原始 S 阶段解析 CSV,UAGMC_SOURCE passenger-only + LQ,84.19,128.76,exp11 同包曲线；训练种子 1；评估种子 123-125；本矩阵另有种子 2-5 四条 UAGMC 曲线,需核对同物理/guard/轨迹；解析值为交接参考，非本次独立复算
exp13,S3__UAGMC_SOURCE,S3,UAGMC_SOURCE,4,150000,182.6577777777778,151.96888888888887,8.064444444444446,21.64888888888889,1.0,True,3,3,0.0,0.0,0.0,0.0,exp13_single_priority_69p6m__analysis_snapshot_20260928.tar.gz!P0/seed4/S3__UAGMC_SOURCE/analysis/checkpoint_curve.csv,MPTC,85.33,项目交接参考；当前归档未找到原始 S 阶段解析 CSV,UAGMC_SOURCE passenger-only + LQ,84.19,128.76,exp11 同包曲线；训练种子 1；评估种子 123-125；本矩阵另有种子 2-5 四条 UAGMC 曲线,需核对同物理/guard/轨迹；解析值为交接参考，非本次独立复算
exp13,S3__UAGMC_SOURCE,S3,UAGMC_SOURCE,4,200000,222.4677777777778,189.92444444444445,8.556666666666667,23.0,1.0,True,3,3,0.0,0.0,0.0,0.0,exp13_single_priority_69p6m__analysis_snapshot_20260928.tar.gz!P0/seed4/S3__UAGMC_SOURCE/analysis/checkpoint_curve.csv,MPTC,85.33,项目交接参考；当前归档未找到原始 S 阶段解析 CSV,UAGMC_SOURCE passenger-only + LQ,84.19,128.76,exp11 同包曲线；训练种子 1；评估种子 123-125；本矩阵另有种子 2-5 四条 UAGMC 曲线,需核对同物理/guard/轨迹；解析值为交接参考，非本次独立复算
exp13,S3__UAGMC_SOURCE,S3,UAGMC_SOURCE,4,250000,222.4677777777778,189.92444444444445,8.556666666666667,23.0,1.0,True,3,3,0.0,0.0,0.0,0.0,exp13_single_priority_69p6m__analysis_snapshot_20260928.tar.gz!P0/seed4/S3__UAGMC_SOURCE/analysis/checkpoint_curve.csv,MPTC,85.33,项目交接参考；当前归档未找到原始 S 阶段解析 CSV,UAGMC_SOURCE passenger-only + LQ,84.19,128.76,exp11 同包曲线；训练种子 1；评估种子 123-125；本矩阵另有种子 2-5 四条 UAGMC 曲线,需核对同物理/guard/轨迹；解析值为交接参考，非本次独立复算
exp13,S3__UAGMC_SOURCE,S3,UAGMC_SOURCE,4,300000,222.4677777777778,189.92444444444445,8.556666666666667,23.0,1.0,True,3,3,0.0,0.0,0.0,0.0,exp13_single_priority_69p6m__analysis_snapshot_20260928.tar.gz!P0/seed4/S3__UAGMC_SOURCE/analysis/checkpoint_curve.csv,MPTC,85.33,项目交接参考；当前归档未找到原始 S 阶段解析 CSV,UAGMC_SOURCE passenger-only + LQ,84.19,128.76,exp11 同包曲线；训练种子 1；评估种子 123-125；本矩阵另有种子 2-5 四条 UAGMC 曲线,需核对同物理/guard/轨迹；解析值为交接参考，非本次独立复算
exp13,S3__UAGMC_SOURCE,S3,UAGMC_SOURCE,4,350000,222.4677777777778,189.92444444444445,8.556666666666667,23.0,1.0,True,3,3,0.0,0.0,0.0,0.0,exp13_single_priority_69p6m__analysis_snapshot_20260928.tar.gz!P0/seed4/S3__UAGMC_SOURCE/analysis/checkpoint_curve.csv,MPTC,85.33,项目交接参考；当前归档未找到原始 S 阶段解析 CSV,UAGMC_SOURCE passenger-only + LQ,84.19,128.76,exp11 同包曲线；训练种子 1；评估种子 123-125；本矩阵另有种子 2-5 四条 UAGMC 曲线,需核对同物理/guard/轨迹；解析值为交接参考，非本次独立复算
exp13,S3__UAGMC_SOURCE,S3,UAGMC_SOURCE,4,400000,222.4677777777778,189.92444444444445,8.556666666666667,23.0,1.0,True,3,3,0.0,0.0,0.0,0.0,exp13_single_priority_69p6m__analysis_snapshot_20260928.tar.gz!P0/seed4/S3__UAGMC_SOURCE/analysis/checkpoint_curve.csv,MPTC,85.33,项目交接参考；当前归档未找到原始 S 阶段解析 CSV,UAGMC_SOURCE passenger-only + LQ,84.19,128.76,exp11 同包曲线；训练种子 1；评估种子 123-125；本矩阵另有种子 2-5 四条 UAGMC 曲线,需核对同物理/guard/轨迹；解析值为交接参考，非本次独立复算
exp13,S3__UAGMC_SOURCE,S3,UAGMC_SOURCE,4,450000,206.83333333333334,174.6288888888889,8.473333333333334,22.75111111111111,1.0,True,3,3,0.0,0.0,0.0,0.0,exp13_single_priority_69p6m__analysis_snapshot_20260928.tar.gz!P0/seed4/S3__UAGMC_SOURCE/analysis/checkpoint_curve.csv,MPTC,85.33,项目交接参考；当前归档未找到原始 S 阶段解析 CSV,UAGMC_SOURCE passenger-only + LQ,84.19,128.76,exp11 同包曲线；训练种子 1；评估种子 123-125；本矩阵另有种子 2-5 四条 UAGMC 曲线,需核对同物理/guard/轨迹；解析值为交接参考，非本次独立复算
exp13,S3__UAGMC_SOURCE,S3,UAGMC_SOURCE,4,500000,146.1311111111111,116.66333333333334,7.517777777777778,20.977777777777778,1.0,True,3,3,0.0,0.0,0.0,0.0,exp13_single_priority_69p6m__analysis_snapshot_20260928.tar.gz!P0/seed4/S3__UAGMC_SOURCE/analysis/checkpoint_curve.csv,MPTC,85.33,项目交接参考；当前归档未找到原始 S 阶段解析 CSV,UAGMC_SOURCE passenger-only + LQ,84.19,128.76,exp11 同包曲线；训练种子 1；评估种子 123-125；本矩阵另有种子 2-5 四条 UAGMC 曲线,需核对同物理/guard/轨迹；解析值为交接参考，非本次独立复算
exp13,S3__UAGMC_SOURCE,S3,UAGMC_SOURCE,4,550000,105.45777777777778,77.49888888888889,6.933333333333334,20.04444444444444,1.0,True,3,3,0.0,0.0,0.0,0.0,exp13_single_priority_69p6m__analysis_snapshot_20260928.tar.gz!P0/seed4/S3__UAGMC_SOURCE/analysis/checkpoint_curve.csv,MPTC,85.33,项目交接参考；当前归档未找到原始 S 阶段解析 CSV,UAGMC_SOURCE passenger-only + LQ,84.19,128.76,exp11 同包曲线；训练种子 1；评估种子 123-125；本矩阵另有种子 2-5 四条 UAGMC 曲线,需核对同物理/guard/轨迹；解析值为交接参考，非本次独立复算
exp13,S3__UAGMC_SOURCE,S3,UAGMC_SOURCE,4,600000,94.72444444444444,67.94777777777777,6.406666666666666,19.4,1.0,True,3,3,0.0,0.0,0.0,0.0,exp13_single_priority_69p6m__analysis_snapshot_20260928.tar.gz!P0/seed4/S3__UAGMC_SOURCE/analysis/checkpoint_curve.csv,MPTC,85.33,项目交接参考；当前归档未找到原始 S 阶段解析 CSV,UAGMC_SOURCE passenger-only + LQ,84.19,128.76,exp11 同包曲线；训练种子 1；评估种子 123-125；本矩阵另有种子 2-5 四条 UAGMC 曲线,需核对同物理/guard/轨迹；解析值为交接参考，非本次独立复算
exp13,S3__UAGMC_SOURCE,S3,UAGMC_SOURCE,5,50000,203.81555555555556,173.74666666666667,7.487777777777777,21.63111111111111,1.0,True,3,3,0.0,0.0,0.0,0.0,exp13_single_priority_69p6m__analysis_snapshot_20260928.tar.gz!P0/seed5/S3__UAGMC_SOURCE/analysis/checkpoint_curve.csv,MPTC,85.33,项目交接参考；当前归档未找到原始 S 阶段解析 CSV,UAGMC_SOURCE passenger-only + LQ,84.19,128.76,exp11 同包曲线；训练种子 1；评估种子 123-125；本矩阵另有种子 2-5 四条 UAGMC 曲线,需核对同物理/guard/轨迹；解析值为交接参考，非本次独立复算
exp13,S3__UAGMC_SOURCE,S3,UAGMC_SOURCE,5,100000,214.82777777777778,182.3988888888889,8.5,22.94666666666667,1.0,True,3,3,0.0,0.0,0.0,0.0,exp13_single_priority_69p6m__analysis_snapshot_20260928.tar.gz!P0/seed5/S3__UAGMC_SOURCE/analysis/checkpoint_curve.csv,MPTC,85.33,项目交接参考；当前归档未找到原始 S 阶段解析 CSV,UAGMC_SOURCE passenger-only + LQ,84.19,128.76,exp11 同包曲线；训练种子 1；评估种子 123-125；本矩阵另有种子 2-5 四条 UAGMC 曲线,需核对同物理/guard/轨迹；解析值为交接参考，非本次独立复算
exp13,S3__UAGMC_SOURCE,S3,UAGMC_SOURCE,5,150000,222.4677777777778,189.92444444444445,8.556666666666667,23.0,1.0,True,3,3,0.0,0.0,0.0,0.0,exp13_single_priority_69p6m__analysis_snapshot_20260928.tar.gz!P0/seed5/S3__UAGMC_SOURCE/analysis/checkpoint_curve.csv,MPTC,85.33,项目交接参考；当前归档未找到原始 S 阶段解析 CSV,UAGMC_SOURCE passenger-only + LQ,84.19,128.76,exp11 同包曲线；训练种子 1；评估种子 123-125；本矩阵另有种子 2-5 四条 UAGMC 曲线,需核对同物理/guard/轨迹；解析值为交接参考，非本次独立复算
exp13,S3__UAGMC_SOURCE,S3,UAGMC_SOURCE,5,200000,192.24,161.19444444444446,8.0,22.06222222222222,1.0,True,3,3,0.0,0.0,0.0,0.0,exp13_single_priority_69p6m__analysis_snapshot_20260928.tar.gz!P0/seed5/S3__UAGMC_SOURCE/analysis/checkpoint_curve.csv,MPTC,85.33,项目交接参考；当前归档未找到原始 S 阶段解析 CSV,UAGMC_SOURCE passenger-only + LQ,84.19,128.76,exp11 同包曲线；训练种子 1；评估种子 123-125；本矩阵另有种子 2-5 四条 UAGMC 曲线,需核对同物理/guard/轨迹；解析值为交接参考，非本次独立复算
exp13,S3__UAGMC_SOURCE,S3,UAGMC_SOURCE,5,250000,186.9577777777778,156.31555555555556,7.791111111111111,21.88,1.0,True,3,3,0.0,0.0,0.0,0.0,exp13_single_priority_69p6m__analysis_snapshot_20260928.tar.gz!P0/seed5/S3__UAGMC_SOURCE/analysis/checkpoint_curve.csv,MPTC,85.33,项目交接参考；当前归档未找到原始 S 阶段解析 CSV,UAGMC_SOURCE passenger-only + LQ,84.19,128.76,exp11 同包曲线；训练种子 1；评估种子 123-125；本矩阵另有种子 2-5 四条 UAGMC 曲线,需核对同物理/guard/轨迹；解析值为交接参考，非本次独立复算
exp13,S3__UAGMC_SOURCE,S3,UAGMC_SOURCE,5,300000,178.3811111111111,148.28333333333333,7.624444444444445,21.497777777777774,1.0,True,3,3,0.0,0.0,0.0,0.0,exp13_single_priority_69p6m__analysis_snapshot_20260928.tar.gz!P0/seed5/S3__UAGMC_SOURCE/analysis/checkpoint_curve.csv,MPTC,85.33,项目交接参考；当前归档未找到原始 S 阶段解析 CSV,UAGMC_SOURCE passenger-only + LQ,84.19,128.76,exp11 同包曲线；训练种子 1；评估种子 123-125；本矩阵另有种子 2-5 四条 UAGMC 曲线,需核对同物理/guard/轨迹；解析值为交接参考，非本次独立复算
exp13,S3__UAGMC_SOURCE,S3,UAGMC_SOURCE,5,350000,181.50444444444443,150.24,7.855555555555555,22.444444444444443,1.0,True,3,3,0.0,0.0,0.0,0.0,exp13_single_priority_69p6m__analysis_snapshot_20260928.tar.gz!P0/seed5/S3__UAGMC_SOURCE/analysis/checkpoint_curve.csv,MPTC,85.33,项目交接参考；当前归档未找到原始 S 阶段解析 CSV,UAGMC_SOURCE passenger-only + LQ,84.19,128.76,exp11 同包曲线；训练种子 1；评估种子 123-125；本矩阵另有种子 2-5 四条 UAGMC 曲线,需核对同物理/guard/轨迹；解析值为交接参考，非本次独立复算
exp13,S3__UAGMC_SOURCE,S3,UAGMC_SOURCE,5,400000,173.45444444444445,142.0522222222222,7.94,22.50222222222222,1.0,True,3,3,0.0,0.0,0.0,0.0,exp13_single_priority_69p6m__analysis_snapshot_20260928.tar.gz!P0/seed5/S3__UAGMC_SOURCE/analysis/checkpoint_curve.csv,MPTC,85.33,项目交接参考；当前归档未找到原始 S 阶段解析 CSV,UAGMC_SOURCE passenger-only + LQ,84.19,128.76,exp11 同包曲线；训练种子 1；评估种子 123-125；本矩阵另有种子 2-5 四条 UAGMC 曲线,需核对同物理/guard/轨迹；解析值为交接参考，非本次独立复算
exp13,S3__UAGMC_SOURCE,S3,UAGMC_SOURCE,5,450000,189.4755555555556,159.44444444444446,7.418888888888888,21.64,1.0,True,3,3,0.0,0.0,0.0,0.0,exp13_single_priority_69p6m__analysis_snapshot_20260928.tar.gz!P0/seed5/S3__UAGMC_SOURCE/analysis/checkpoint_curve.csv,MPTC,85.33,项目交接参考；当前归档未找到原始 S 阶段解析 CSV,UAGMC_SOURCE passenger-only + LQ,84.19,128.76,exp11 同包曲线；训练种子 1；评估种子 123-125；本矩阵另有种子 2-5 四条 UAGMC 曲线,需核对同物理/guard/轨迹；解析值为交接参考，非本次独立复算
exp13,S3__UAGMC_SOURCE,S3,UAGMC_SOURCE,5,500000,171.81111111111113,141.2488888888889,7.50111111111111,22.102222222222224,1.0,True,3,3,0.0,0.0,0.0,0.0,exp13_single_priority_69p6m__analysis_snapshot_20260928.tar.gz!P0/seed5/S3__UAGMC_SOURCE/analysis/checkpoint_curve.csv,MPTC,85.33,项目交接参考；当前归档未找到原始 S 阶段解析 CSV,UAGMC_SOURCE passenger-only + LQ,84.19,128.76,exp11 同包曲线；训练种子 1；评估种子 123-125；本矩阵另有种子 2-5 四条 UAGMC 曲线,需核对同物理/guard/轨迹；解析值为交接参考，非本次独立复算
exp13,S3__UAGMC_SOURCE,S3,UAGMC_SOURCE,5,550000,172.85444444444443,142.3311111111111,7.6322222222222225,21.92888888888889,1.0,True,3,3,0.0,0.0,0.0,0.0,exp13_single_priority_69p6m__analysis_snapshot_20260928.tar.gz!P0/seed5/S3__UAGMC_SOURCE/analysis/checkpoint_curve.csv,MPTC,85.33,项目交接参考；当前归档未找到原始 S 阶段解析 CSV,UAGMC_SOURCE passenger-only + LQ,84.19,128.76,exp11 同包曲线；训练种子 1；评估种子 123-125；本矩阵另有种子 2-5 四条 UAGMC 曲线,需核对同物理/guard/轨迹；解析值为交接参考，非本次独立复算
exp13,S3__UAGMC_SOURCE,S3,UAGMC_SOURCE,5,600000,156.95888888888888,126.94666666666667,7.553333333333334,21.49333333333333,1.0,True,3,3,0.0,0.0,0.0,0.0,exp13_single_priority_69p6m__analysis_snapshot_20260928.tar.gz!P0/seed5/S3__UAGMC_SOURCE/analysis/checkpoint_curve.csv,MPTC,85.33,项目交接参考；当前归档未找到原始 S 阶段解析 CSV,UAGMC_SOURCE passenger-only + LQ,84.19,128.76,exp11 同包曲线；训练种子 1；评估种子 123-125；本矩阵另有种子 2-5 四条 UAGMC 曲线,需核对同物理/guard/轨迹；解析值为交接参考，非本次独立复算
exp13,S3__W_DREAMER_BALANCED,S3,W_DREAMER_BALANCED,8,50000,192.93333333333337,160.67,8.458888888888888,22.835555555555555,1.0,True,3,3,0.0,0.0,0.0,0.0,exp13_single_priority_69p6m__analysis_snapshot_20260928.tar.gz!P3/seed8/S3__W_DREAMER_BALANCED/analysis/checkpoint_curve.csv,MPTC,85.33,项目交接参考；当前归档未找到原始 S 阶段解析 CSV,UAGMC_SOURCE passenger-only + LQ,84.19,128.76,exp11 同包曲线；训练种子 1；评估种子 123-125；本矩阵另有种子 2-5 四条 UAGMC 曲线,需核对同物理/guard/轨迹；解析值为交接参考，非本次独立复算
exp13,S3__W_DREAMER_BALANCED,S3,W_DREAMER_BALANCED,8,100000,80.18888888888888,53.21666666666667,6.501111111111111,19.493333333333332,1.0,True,3,3,0.0,0.0,0.0,0.0,exp13_single_priority_69p6m__analysis_snapshot_20260928.tar.gz!P3/seed8/S3__W_DREAMER_BALANCED/analysis/checkpoint_curve.csv,MPTC,85.33,项目交接参考；当前归档未找到原始 S 阶段解析 CSV,UAGMC_SOURCE passenger-only + LQ,84.19,128.76,exp11 同包曲线；训练种子 1；评估种子 123-125；本矩阵另有种子 2-5 四条 UAGMC 曲线,需核对同物理/guard/轨迹；解析值为交接参考，非本次独立复算
exp13,S3__W_DREAMER_BALANCED,S3,W_DREAMER_BALANCED,8,150000,84.95777777777778,57.653333333333336,6.593333333333334,19.72888888888889,1.0,True,3,3,0.0,0.0,0.0,0.0,exp13_single_priority_69p6m__analysis_snapshot_20260928.tar.gz!P3/seed8/S3__W_DREAMER_BALANCED/analysis/checkpoint_curve.csv,MPTC,85.33,项目交接参考；当前归档未找到原始 S 阶段解析 CSV,UAGMC_SOURCE passenger-only + LQ,84.19,128.76,exp11 同包曲线；训练种子 1；评估种子 123-125；本矩阵另有种子 2-5 四条 UAGMC 曲线,需核对同物理/guard/轨迹；解析值为交接参考，非本次独立复算
exp13,S3__W_DREAMER_BALANCED,S3,W_DREAMER_BALANCED,8,200000,117.79888888888888,89.33555555555556,6.906666666666666,20.57777777777778,1.0,True,3,3,0.0,0.0,0.0,0.0,exp13_single_priority_69p6m__analysis_snapshot_20260928.tar.gz!P3/seed8/S3__W_DREAMER_BALANCED/analysis/checkpoint_curve.csv,MPTC,85.33,项目交接参考；当前归档未找到原始 S 阶段解析 CSV,UAGMC_SOURCE passenger-only + LQ,84.19,128.76,exp11 同包曲线；训练种子 1；评估种子 123-125；本矩阵另有种子 2-5 四条 UAGMC 曲线,需核对同物理/guard/轨迹；解析值为交接参考，非本次独立复算
exp13,S3__W_DREAMER_BALANCED,S3,W_DREAMER_BALANCED,8,250000,140.26333333333335,111.40777777777778,7.014444444444444,20.86222222222222,1.0,True,3,3,0.0,0.0,0.0,0.0,exp13_single_priority_69p6m__analysis_snapshot_20260928.tar.gz!P3/seed8/S3__W_DREAMER_BALANCED/analysis/checkpoint_curve.csv,MPTC,85.33,项目交接参考；当前归档未找到原始 S 阶段解析 CSV,UAGMC_SOURCE passenger-only + LQ,84.19,128.76,exp11 同包曲线；训练种子 1；评估种子 123-125；本矩阵另有种子 2-5 四条 UAGMC 曲线,需核对同物理/guard/轨迹；解析值为交接参考，非本次独立复算
exp13,S3__W_DREAMER_BALANCED,S3,W_DREAMER_BALANCED,8,300000,104.29444444444444,76.21555555555555,6.753333333333333,20.342222222222222,1.0,True,3,3,0.0,0.0,0.0,0.0,exp13_single_priority_69p6m__analysis_snapshot_20260928.tar.gz!P3/seed8/S3__W_DREAMER_BALANCED/analysis/checkpoint_curve.csv,MPTC,85.33,项目交接参考；当前归档未找到原始 S 阶段解析 CSV,UAGMC_SOURCE passenger-only + LQ,84.19,128.76,exp11 同包曲线；训练种子 1；评估种子 123-125；本矩阵另有种子 2-5 四条 UAGMC 曲线,需核对同物理/guard/轨迹；解析值为交接参考，非本次独立复算
exp13,S3__W_DREAMER_BALANCED,S3,W_DREAMER_BALANCED,8,350000,130.65222222222224,101.85444444444444,7.1433333333333335,20.67111111111111,1.0,True,3,3,0.0,0.0,0.0,0.0,exp13_single_priority_69p6m__analysis_snapshot_20260928.tar.gz!P3/seed8/S3__W_DREAMER_BALANCED/analysis/checkpoint_curve.csv,MPTC,85.33,项目交接参考；当前归档未找到原始 S 阶段解析 CSV,UAGMC_SOURCE passenger-only + LQ,84.19,128.76,exp11 同包曲线；训练种子 1；评估种子 123-125；本矩阵另有种子 2-5 四条 UAGMC 曲线,需核对同物理/guard/轨迹；解析值为交接参考，非本次独立复算
exp13,S3__W_DREAMER_BALANCED,S3,W_DREAMER_BALANCED,8,400000,115.85888888888888,87.50999999999999,7.050000000000001,20.342222222222222,1.0,True,3,3,0.0,0.0,0.0,0.0,exp13_single_priority_69p6m__analysis_snapshot_20260928.tar.gz!P3/seed8/S3__W_DREAMER_BALANCED/analysis/checkpoint_curve.csv,MPTC,85.33,项目交接参考；当前归档未找到原始 S 阶段解析 CSV,UAGMC_SOURCE passenger-only + LQ,84.19,128.76,exp11 同包曲线；训练种子 1；评估种子 123-125；本矩阵另有种子 2-5 四条 UAGMC 曲线,需核对同物理/guard/轨迹；解析值为交接参考，非本次独立复算
exp13,S3__W_DREAMER_BALANCED,S3,W_DREAMER_BALANCED,8,450000,168.9466666666667,139.17555555555555,7.527777777777779,21.26222222222222,1.0,True,3,3,0.0,0.0,0.0,0.0,exp13_single_priority_69p6m__analysis_snapshot_20260928.tar.gz!P3/seed8/S3__W_DREAMER_BALANCED/analysis/checkpoint_curve.csv,MPTC,85.33,项目交接参考；当前归档未找到原始 S 阶段解析 CSV,UAGMC_SOURCE passenger-only + LQ,84.19,128.76,exp11 同包曲线；训练种子 1；评估种子 123-125；本矩阵另有种子 2-5 四条 UAGMC 曲线,需核对同物理/guard/轨迹；解析值为交接参考，非本次独立复算
exp13,S3__W_DREAMER_BALANCED,S3,W_DREAMER_BALANCED,8,500000,125.66666666666667,96.78666666666668,7.323333333333333,20.57777777777778,1.0,True,3,3,0.0,0.0,0.0,0.0,exp13_single_priority_69p6m__analysis_snapshot_20260928.tar.gz!P3/seed8/S3__W_DREAMER_BALANCED/analysis/checkpoint_curve.csv,MPTC,85.33,项目交接参考；当前归档未找到原始 S 阶段解析 CSV,UAGMC_SOURCE passenger-only + LQ,84.19,128.76,exp11 同包曲线；训练种子 1；评估种子 123-125；本矩阵另有种子 2-5 四条 UAGMC 曲线,需核对同物理/guard/轨迹；解析值为交接参考，非本次独立复算
exp13,S3__W_DREAMER_BALANCED,S3,W_DREAMER_BALANCED,8,550000,161.4,131.42111111111112,7.728888888888889,21.266666666666666,1.0,True,3,3,0.0,0.0,0.0,0.0,exp13_single_priority_69p6m__analysis_snapshot_20260928.tar.gz!P3/seed8/S3__W_DREAMER_BALANCED/analysis/checkpoint_curve.csv,MPTC,85.33,项目交接参考；当前归档未找到原始 S 阶段解析 CSV,UAGMC_SOURCE passenger-only + LQ,84.19,128.76,exp11 同包曲线；训练种子 1；评估种子 123-125；本矩阵另有种子 2-5 四条 UAGMC 曲线,需核对同物理/guard/轨迹；解析值为交接参考，非本次独立复算
exp13,S3__W_DREAMER_BALANCED,S3,W_DREAMER_BALANCED,8,600000,198.16111111111113,166.5522222222222,8.26,22.373333333333335,1.0,True,3,3,0.0,0.0,0.0,0.0,exp13_single_priority_69p6m__analysis_snapshot_20260928.tar.gz!P3/seed8/S3__W_DREAMER_BALANCED/analysis/checkpoint_curve.csv,MPTC,85.33,项目交接参考；当前归档未找到原始 S 阶段解析 CSV,UAGMC_SOURCE passenger-only + LQ,84.19,128.76,exp11 同包曲线；训练种子 1；评估种子 123-125；本矩阵另有种子 2-5 四条 UAGMC 曲线,需核对同物理/guard/轨迹；解析值为交接参考，非本次独立复算
exp13,S3__W_DREAMER_BALANCED,S3,W_DREAMER_BALANCED,8,650000,166.14333333333335,136.74666666666667,7.32888888888889,21.155555555555555,1.0,True,3,3,0.0,0.0,0.0,0.0,exp13_single_priority_69p6m__analysis_snapshot_20260928.tar.gz!P3/seed8/S3__W_DREAMER_BALANCED/analysis/checkpoint_curve.csv,MPTC,85.33,项目交接参考；当前归档未找到原始 S 阶段解析 CSV,UAGMC_SOURCE passenger-only + LQ,84.19,128.76,exp11 同包曲线；训练种子 1；评估种子 123-125；本矩阵另有种子 2-5 四条 UAGMC 曲线,需核对同物理/guard/轨迹；解析值为交接参考，非本次独立复算
exp13,S3__W_DREAMER_BALANCED,S3,W_DREAMER_BALANCED,8,700000,128.52333333333334,100.18666666666667,6.868888888888889,20.560000000000002,1.0,True,3,3,0.0,0.0,0.0,0.0,exp13_single_priority_69p6m__analysis_snapshot_20260928.tar.gz!P3/seed8/S3__W_DREAMER_BALANCED/analysis/checkpoint_curve.csv,MPTC,85.33,项目交接参考；当前归档未找到原始 S 阶段解析 CSV,UAGMC_SOURCE passenger-only + LQ,84.19,128.76,exp11 同包曲线；训练种子 1；评估种子 123-125；本矩阵另有种子 2-5 四条 UAGMC 曲线,需核对同物理/guard/轨迹；解析值为交接参考，非本次独立复算
exp13,S3__W_DREAMER_BALANCED,S3,W_DREAMER_BALANCED,8,750000,179.22,149.08333333333334,7.677777777777778,21.484444444444446,1.0,True,3,3,0.0,0.0,0.0,0.0,exp13_single_priority_69p6m__analysis_snapshot_20260928.tar.gz!P3/seed8/S3__W_DREAMER_BALANCED/analysis/checkpoint_curve.csv,MPTC,85.33,项目交接参考；当前归档未找到原始 S 阶段解析 CSV,UAGMC_SOURCE passenger-only + LQ,84.19,128.76,exp11 同包曲线；训练种子 1；评估种子 123-125；本矩阵另有种子 2-5 四条 UAGMC 曲线,需核对同物理/guard/轨迹；解析值为交接参考，非本次独立复算
exp13,S3__W_DREAMER_BALANCED,S3,W_DREAMER_BALANCED,8,800000,174.34555555555553,144.93,7.357777777777778,21.12888888888889,1.0,True,3,3,0.0,0.0,0.0,0.0,exp13_single_priority_69p6m__analysis_snapshot_20260928.tar.gz!P3/seed8/S3__W_DREAMER_BALANCED/analysis/checkpoint_curve.csv,MPTC,85.33,项目交接参考；当前归档未找到原始 S 阶段解析 CSV,UAGMC_SOURCE passenger-only + LQ,84.19,128.76,exp11 同包曲线；训练种子 1；评估种子 123-125；本矩阵另有种子 2-5 四条 UAGMC 曲线,需核对同物理/guard/轨迹；解析值为交接参考，非本次独立复算
exp13,S3__W_DREAMER_BALANCED,S3,W_DREAMER_BALANCED,8,850000,166.37,137.02555555555557,7.342222222222222,21.080000000000002,1.0,True,3,3,0.0,0.0,0.0,0.0,exp13_single_priority_69p6m__analysis_snapshot_20260928.tar.gz!P3/seed8/S3__W_DREAMER_BALANCED/analysis/checkpoint_curve.csv,MPTC,85.33,项目交接参考；当前归档未找到原始 S 阶段解析 CSV,UAGMC_SOURCE passenger-only + LQ,84.19,128.76,exp11 同包曲线；训练种子 1；评估种子 123-125；本矩阵另有种子 2-5 四条 UAGMC 曲线,需核对同物理/guard/轨迹；解析值为交接参考，非本次独立复算
exp13,S3__W_DREAMER_BALANCED,S3,W_DREAMER_BALANCED,8,900000,200.45777777777778,170.60777777777778,7.532222222222223,21.36,1.0,True,3,3,0.0,0.0,0.0,0.0,exp13_single_priority_69p6m__analysis_snapshot_20260928.tar.gz!P3/seed8/S3__W_DREAMER_BALANCED/analysis/checkpoint_curve.csv,MPTC,85.33,项目交接参考；当前归档未找到原始 S 阶段解析 CSV,UAGMC_SOURCE passenger-only + LQ,84.19,128.76,exp11 同包曲线；训练种子 1；评估种子 123-125；本矩阵另有种子 2-5 四条 UAGMC 曲线,需核对同物理/guard/轨迹；解析值为交接参考，非本次独立复算
exp13,S3__W_DREAMER_BALANCED,S3,W_DREAMER_BALANCED,8,950000,185.11666666666667,155.3166666666667,7.527777777777778,21.288888888888888,1.0,True,3,3,0.0,0.0,0.0,0.0,exp13_single_priority_69p6m__analysis_snapshot_20260928.tar.gz!P3/seed8/S3__W_DREAMER_BALANCED/analysis/checkpoint_curve.csv,MPTC,85.33,项目交接参考；当前归档未找到原始 S 阶段解析 CSV,UAGMC_SOURCE passenger-only + LQ,84.19,128.76,exp11 同包曲线；训练种子 1；评估种子 123-125；本矩阵另有种子 2-5 四条 UAGMC 曲线,需核对同物理/guard/轨迹；解析值为交接参考，非本次独立复算
exp13,S3__W_DREAMER_BALANCED,S3,W_DREAMER_BALANCED,8,1000000,133.29777777777778,105.24000000000001,6.738888888888888,20.391111111111112,1.0,True,3,3,0.0,0.0,0.0,0.0,exp13_single_priority_69p6m__analysis_snapshot_20260928.tar.gz!P3/seed8/S3__W_DREAMER_BALANCED/analysis/checkpoint_curve.csv,MPTC,85.33,项目交接参考；当前归档未找到原始 S 阶段解析 CSV,UAGMC_SOURCE passenger-only + LQ,84.19,128.76,exp11 同包曲线；训练种子 1；评估种子 123-125；本矩阵另有种子 2-5 四条 UAGMC 曲线,需核对同物理/guard/轨迹；解析值为交接参考，非本次独立复算
exp13,S3__W_DREAMER_BALANCED,S3,W_DREAMER_BALANCED,8,1050000,106.85444444444444,79.55666666666667,6.506666666666667,19.866666666666667,1.0,True,3,3,0.0,0.0,0.0,0.0,exp13_single_priority_69p6m__analysis_snapshot_20260928.tar.gz!P3/seed8/S3__W_DREAMER_BALANCED/analysis/checkpoint_curve.csv,MPTC,85.33,项目交接参考；当前归档未找到原始 S 阶段解析 CSV,UAGMC_SOURCE passenger-only + LQ,84.19,128.76,exp11 同包曲线；训练种子 1；评估种子 123-125；本矩阵另有种子 2-5 四条 UAGMC 曲线,需核对同物理/guard/轨迹；解析值为交接参考，非本次独立复算
exp13,S3__W_DREAMER_BALANCED,S3,W_DREAMER_BALANCED,8,1100000,144.34,115.41666666666667,7.2622222222222215,20.688888888888886,1.0,True,3,3,0.0,0.0,0.0,0.0,exp13_single_priority_69p6m__analysis_snapshot_20260928.tar.gz!P3/seed8/S3__W_DREAMER_BALANCED/analysis/checkpoint_curve.csv,MPTC,85.33,项目交接参考；当前归档未找到原始 S 阶段解析 CSV,UAGMC_SOURCE passenger-only + LQ,84.19,128.76,exp11 同包曲线；训练种子 1；评估种子 123-125；本矩阵另有种子 2-5 四条 UAGMC 曲线,需核对同物理/guard/轨迹；解析值为交接参考，非本次独立复算
exp13,S3__W_DREAMER_BALANCED,S3,W_DREAMER_BALANCED,8,1150000,144.46333333333334,115.54444444444444,7.216666666666666,20.724444444444444,1.0,True,3,3,0.0,0.0,0.0,0.0,exp13_single_priority_69p6m__analysis_snapshot_20260928.tar.gz!P3/seed8/S3__W_DREAMER_BALANCED/analysis/checkpoint_curve.csv,MPTC,85.33,项目交接参考；当前归档未找到原始 S 阶段解析 CSV,UAGMC_SOURCE passenger-only + LQ,84.19,128.76,exp11 同包曲线；训练种子 1；评估种子 123-125；本矩阵另有种子 2-5 四条 UAGMC 曲线,需核对同物理/guard/轨迹；解析值为交接参考，非本次独立复算
exp13,S3__W_DREAMER_BALANCED,S3,W_DREAMER_BALANCED,8,1200000,150.58444444444444,121.57222222222224,7.23888888888889,20.8,1.0,True,3,3,0.0,0.0,0.0,0.0,exp13_single_priority_69p6m__analysis_snapshot_20260928.tar.gz!P3/seed8/S3__W_DREAMER_BALANCED/analysis/checkpoint_curve.csv,MPTC,85.33,项目交接参考；当前归档未找到原始 S 阶段解析 CSV,UAGMC_SOURCE passenger-only + LQ,84.19,128.76,exp11 同包曲线；训练种子 1；评估种子 123-125；本矩阵另有种子 2-5 四条 UAGMC 曲线,需核对同物理/guard/轨迹；解析值为交接参考，非本次独立复算
exp13,S3__W_DREAMER_BALANCED,S3,W_DREAMER_BALANCED,8,1250000,166.30444444444444,136.59666666666666,7.587777777777778,21.15111111111111,1.0,True,3,3,0.0,0.0,0.0,0.0,exp13_single_priority_69p6m__analysis_snapshot_20260928.tar.gz!P3/seed8/S3__W_DREAMER_BALANCED/analysis/checkpoint_curve.csv,MPTC,85.33,项目交接参考；当前归档未找到原始 S 阶段解析 CSV,UAGMC_SOURCE passenger-only + LQ,84.19,128.76,exp11 同包曲线；训练种子 1；评估种子 123-125；本矩阵另有种子 2-5 四条 UAGMC 曲线,需核对同物理/guard/轨迹；解析值为交接参考，非本次独立复算
exp13,S3__W_DREAMER_BALANCED,S3,W_DREAMER_BALANCED,8,1300000,169.2722222222222,139.4,7.673333333333333,21.23111111111111,1.0,True,3,3,0.0,0.0,0.0,0.0,exp13_single_priority_69p6m__analysis_snapshot_20260928.tar.gz!P3/seed8/S3__W_DREAMER_BALANCED/analysis/checkpoint_curve.csv,MPTC,85.33,项目交接参考；当前归档未找到原始 S 阶段解析 CSV,UAGMC_SOURCE passenger-only + LQ,84.19,128.76,exp11 同包曲线；训练种子 1；评估种子 123-125；本矩阵另有种子 2-5 四条 UAGMC 曲线,需核对同物理/guard/轨迹；解析值为交接参考，非本次独立复算
exp13,S3__W_DREAMER_BALANCED,S3,W_DREAMER_BALANCED,8,1350000,171.5233333333333,141.6,7.612222222222222,21.346666666666664,1.0,True,3,3,0.0,0.0,0.0,0.0,exp13_single_priority_69p6m__analysis_snapshot_20260928.tar.gz!P3/seed8/S3__W_DREAMER_BALANCED/analysis/checkpoint_curve.csv,MPTC,85.33,项目交接参考；当前归档未找到原始 S 阶段解析 CSV,UAGMC_SOURCE passenger-only + LQ,84.19,128.76,exp11 同包曲线；训练种子 1；评估种子 123-125；本矩阵另有种子 2-5 四条 UAGMC 曲线,需核对同物理/guard/轨迹；解析值为交接参考，非本次独立复算
exp13,S3__W_DREAMER_BALANCED,S3,W_DREAMER_BALANCED,8,1400000,161.43,131.85333333333332,7.404444444444445,21.20888888888889,1.0,True,3,3,0.0,0.0,0.0,0.0,exp13_single_priority_69p6m__analysis_snapshot_20260928.tar.gz!P3/seed8/S3__W_DREAMER_BALANCED/analysis/checkpoint_curve.csv,MPTC,85.33,项目交接参考；当前归档未找到原始 S 阶段解析 CSV,UAGMC_SOURCE passenger-only + LQ,84.19,128.76,exp11 同包曲线；训练种子 1；评估种子 123-125；本矩阵另有种子 2-5 四条 UAGMC 曲线,需核对同物理/guard/轨迹；解析值为交接参考，非本次独立复算
exp13,S3__W_DREAMER_BALANCED,S3,W_DREAMER_BALANCED,8,1450000,165.81444444444443,136.08555555555554,7.497777777777777,21.262222222222224,1.0,True,3,3,0.0,0.0,0.0,0.0,exp13_single_priority_69p6m__analysis_snapshot_20260928.tar.gz!P3/seed8/S3__W_DREAMER_BALANCED/analysis/checkpoint_curve.csv,MPTC,85.33,项目交接参考；当前归档未找到原始 S 阶段解析 CSV,UAGMC_SOURCE passenger-only + LQ,84.19,128.76,exp11 同包曲线；训练种子 1；评估种子 123-125；本矩阵另有种子 2-5 四条 UAGMC 曲线,需核对同物理/guard/轨迹；解析值为交接参考，非本次独立复算
exp13,S3__W_DREAMER_BALANCED,S3,W_DREAMER_BALANCED,8,1500000,160.3411111111111,130.67777777777778,7.50111111111111,21.191111111111113,1.0,True,3,3,0.0,0.0,0.0,0.0,exp13_single_priority_69p6m__analysis_snapshot_20260928.tar.gz!P3/seed8/S3__W_DREAMER_BALANCED/analysis/checkpoint_curve.csv,MPTC,85.33,项目交接参考；当前归档未找到原始 S 阶段解析 CSV,UAGMC_SOURCE passenger-only + LQ,84.19,128.76,exp11 同包曲线；训练种子 1；评估种子 123-125；本矩阵另有种子 2-5 四条 UAGMC 曲线,需核对同物理/guard/轨迹；解析值为交接参考，非本次独立复算
exp13,S3__W_DREAMER_BALANCED,S3,W_DREAMER_BALANCED,8,1550000,175.07777777777778,145.24333333333334,7.587777777777778,21.275555555555556,1.0,True,3,3,0.0,0.0,0.0,0.0,exp13_single_priority_69p6m__analysis_snapshot_20260928.tar.gz!P3/seed8/S3__W_DREAMER_BALANCED/analysis/checkpoint_curve.csv,MPTC,85.33,项目交接参考；当前归档未找到原始 S 阶段解析 CSV,UAGMC_SOURCE passenger-only + LQ,84.19,128.76,exp11 同包曲线；训练种子 1；评估种子 123-125；本矩阵另有种子 2-5 四条 UAGMC 曲线,需核对同物理/guard/轨迹；解析值为交接参考，非本次独立复算
exp13,S3__W_DREAMER_BALANCED,S3,W_DREAMER_BALANCED,8,1600000,166.56222222222223,136.98333333333332,7.421111111111112,21.177777777777777,1.0,True,3,3,0.0,0.0,0.0,0.0,exp13_single_priority_69p6m__analysis_snapshot_20260928.tar.gz!P3/seed8/S3__W_DREAMER_BALANCED/analysis/checkpoint_curve.csv,MPTC,85.33,项目交接参考；当前归档未找到原始 S 阶段解析 CSV,UAGMC_SOURCE passenger-only + LQ,84.19,128.76,exp11 同包曲线；训练种子 1；评估种子 123-125；本矩阵另有种子 2-5 四条 UAGMC 曲线,需核对同物理/guard/轨迹；解析值为交接参考，非本次独立复算
exp13,S3__W_DREAMER_BALANCED,S3,W_DREAMER_BALANCED,8,1650000,151.64222222222222,122.3988888888889,7.298888888888889,20.977777777777778,1.0,True,3,3,0.0,0.0,0.0,0.0,exp13_single_priority_69p6m__analysis_snapshot_20260928.tar.gz!P3/seed8/S3__W_DREAMER_BALANCED/analysis/checkpoint_curve.csv,MPTC,85.33,项目交接参考；当前归档未找到原始 S 阶段解析 CSV,UAGMC_SOURCE passenger-only + LQ,84.19,128.76,exp11 同包曲线；训练种子 1；评估种子 123-125；本矩阵另有种子 2-5 四条 UAGMC 曲线,需核对同物理/guard/轨迹；解析值为交接参考，非本次独立复算
exp13,S3__W_DREAMER_BALANCED,S3,W_DREAMER_BALANCED,8,1700000,160.37,131.79999999999998,6.954444444444444,20.679999999999996,1.0,True,3,3,0.0,0.0,0.0,0.0,exp13_single_priority_69p6m__analysis_snapshot_20260928.tar.gz!P3/seed8/S3__W_DREAMER_BALANCED/analysis/checkpoint_curve.csv,MPTC,85.33,项目交接参考；当前归档未找到原始 S 阶段解析 CSV,UAGMC_SOURCE passenger-only + LQ,84.19,128.76,exp11 同包曲线；训练种子 1；评估种子 123-125；本矩阵另有种子 2-5 四条 UAGMC 曲线,需核对同物理/guard/轨迹；解析值为交接参考，非本次独立复算
exp13,S3__W_DREAMER_BALANCED,S3,W_DREAMER_BALANCED,8,1750000,164.55555555555557,136.1,6.891111111111111,20.64,1.0,True,3,3,0.0,0.0,0.0,0.0,exp13_single_priority_69p6m__analysis_snapshot_20260928.tar.gz!P3/seed8/S3__W_DREAMER_BALANCED/analysis/checkpoint_curve.csv,MPTC,85.33,项目交接参考；当前归档未找到原始 S 阶段解析 CSV,UAGMC_SOURCE passenger-only + LQ,84.19,128.76,exp11 同包曲线；训练种子 1；评估种子 123-125；本矩阵另有种子 2-5 四条 UAGMC 曲线,需核对同物理/guard/轨迹；解析值为交接参考，非本次独立复算
exp13,S3__W_DREAMER_BALANCED,S3,W_DREAMER_BALANCED,8,1800000,162.4788888888889,133.91444444444446,6.923333333333333,20.702222222222222,1.0,True,3,3,0.0,0.0,0.0,0.0,exp13_single_priority_69p6m__analysis_snapshot_20260928.tar.gz!P3/seed8/S3__W_DREAMER_BALANCED/analysis/checkpoint_curve.csv,MPTC,85.33,项目交接参考；当前归档未找到原始 S 阶段解析 CSV,UAGMC_SOURCE passenger-only + LQ,84.19,128.76,exp11 同包曲线；训练种子 1；评估种子 123-125；本矩阵另有种子 2-5 四条 UAGMC 曲线,需核对同物理/guard/轨迹；解析值为交接参考，非本次独立复算
exp13,S3__W_DREAMER_BALANCED,S3,W_DREAMER_BALANCED,8,1850000,167.53444444444446,139.07777777777778,6.863333333333333,20.657777777777778,1.0,True,3,3,0.0,0.0,0.0,0.0,exp13_single_priority_69p6m__analysis_snapshot_20260928.tar.gz!P3/seed8/S3__W_DREAMER_BALANCED/analysis/checkpoint_curve.csv,MPTC,85.33,项目交接参考；当前归档未找到原始 S 阶段解析 CSV,UAGMC_SOURCE passenger-only + LQ,84.19,128.76,exp11 同包曲线；训练种子 1；评估种子 123-125；本矩阵另有种子 2-5 四条 UAGMC 曲线,需核对同物理/guard/轨迹；解析值为交接参考，非本次独立复算
exp13,S3__W_DREAMER_BALANCED,S3,W_DREAMER_BALANCED,8,1900000,173.53111111111113,145.07333333333332,6.891111111111111,20.63111111111111,1.0,True,3,3,0.0,0.0,0.0,0.0,exp13_single_priority_69p6m__analysis_snapshot_20260928.tar.gz!P3/seed8/S3__W_DREAMER_BALANCED/analysis/checkpoint_curve.csv,MPTC,85.33,项目交接参考；当前归档未找到原始 S 阶段解析 CSV,UAGMC_SOURCE passenger-only + LQ,84.19,128.76,exp11 同包曲线；训练种子 1；评估种子 123-125；本矩阵另有种子 2-5 四条 UAGMC 曲线,需核对同物理/guard/轨迹；解析值为交接参考，非本次独立复算
exp13,S3__W_DREAMER_BALANCED,S3,W_DREAMER_BALANCED,8,1950000,167.14666666666668,138.83666666666667,6.886666666666666,20.475555555555555,1.0,True,3,3,0.0,0.0,0.0,0.0,exp13_single_priority_69p6m__analysis_snapshot_20260928.tar.gz!P3/seed8/S3__W_DREAMER_BALANCED/analysis/checkpoint_curve.csv,MPTC,85.33,项目交接参考；当前归档未找到原始 S 阶段解析 CSV,UAGMC_SOURCE passenger-only + LQ,84.19,128.76,exp11 同包曲线；训练种子 1；评估种子 123-125；本矩阵另有种子 2-5 四条 UAGMC 曲线,需核对同物理/guard/轨迹；解析值为交接参考，非本次独立复算
exp13,S3__W_DREAMER_BALANCED,S3,W_DREAMER_BALANCED,8,2000000,171.14777777777775,142.88,6.845555555555555,20.48,1.0,True,3,3,0.0,0.0,0.0,0.0,exp13_single_priority_69p6m__analysis_snapshot_20260928.tar.gz!P3/seed8/S3__W_DREAMER_BALANCED/analysis/checkpoint_curve.csv,MPTC,85.33,项目交接参考；当前归档未找到原始 S 阶段解析 CSV,UAGMC_SOURCE passenger-only + LQ,84.19,128.76,exp11 同包曲线；训练种子 1；评估种子 123-125；本矩阵另有种子 2-5 四条 UAGMC 曲线,需核对同物理/guard/轨迹；解析值为交接参考，非本次独立复算
exp13,S3__W_DREAMER_BALANCED,S3,W_DREAMER_BALANCED,9,50000,222.4677777777778,189.92444444444445,8.556666666666667,23.0,1.0,True,3,3,0.0,0.0,0.0,0.0,exp13_single_priority_69p6m__analysis_snapshot_20260928.tar.gz!P3/seed9/S3__W_DREAMER_BALANCED/analysis/checkpoint_curve.csv,MPTC,85.33,项目交接参考；当前归档未找到原始 S 阶段解析 CSV,UAGMC_SOURCE passenger-only + LQ,84.19,128.76,exp11 同包曲线；训练种子 1；评估种子 123-125；本矩阵另有种子 2-5 四条 UAGMC 曲线,需核对同物理/guard/轨迹；解析值为交接参考，非本次独立复算
exp13,S3__W_DREAMER_BALANCED,S3,W_DREAMER_BALANCED,9,100000,194.5111111111111,162.64,8.263333333333334,22.644444444444446,1.0,True,3,3,0.0,0.0,0.0,0.0,exp13_single_priority_69p6m__analysis_snapshot_20260928.tar.gz!P3/seed9/S3__W_DREAMER_BALANCED/analysis/checkpoint_curve.csv,MPTC,85.33,项目交接参考；当前归档未找到原始 S 阶段解析 CSV,UAGMC_SOURCE passenger-only + LQ,84.19,128.76,exp11 同包曲线；训练种子 1；评估种子 123-125；本矩阵另有种子 2-5 四条 UAGMC 曲线,需核对同物理/guard/轨迹；解析值为交接参考，非本次独立复算
exp13,S3__W_DREAMER_BALANCED,S3,W_DREAMER_BALANCED,9,150000,188.08777777777777,157.49222222222224,7.7122222222222225,21.91111111111111,1.0,True,3,3,0.0,0.0,0.0,0.0,exp13_single_priority_69p6m__analysis_snapshot_20260928.tar.gz!P3/seed9/S3__W_DREAMER_BALANCED/analysis/checkpoint_curve.csv,MPTC,85.33,项目交接参考；当前归档未找到原始 S 阶段解析 CSV,UAGMC_SOURCE passenger-only + LQ,84.19,128.76,exp11 同包曲线；训练种子 1；评估种子 123-125；本矩阵另有种子 2-5 四条 UAGMC 曲线,需核对同物理/guard/轨迹；解析值为交接参考，非本次独立复算
exp13,S3__W_DREAMER_BALANCED,S3,W_DREAMER_BALANCED,9,200000,208.1977777777778,176.27999999999997,8.283333333333333,22.653333333333332,1.0,True,3,3,0.0,0.0,0.0,0.0,exp13_single_priority_69p6m__analysis_snapshot_20260928.tar.gz!P3/seed9/S3__W_DREAMER_BALANCED/analysis/checkpoint_curve.csv,MPTC,85.33,项目交接参考；当前归档未找到原始 S 阶段解析 CSV,UAGMC_SOURCE passenger-only + LQ,84.19,128.76,exp11 同包曲线；训练种子 1；评估种子 123-125；本矩阵另有种子 2-5 四条 UAGMC 曲线,需核对同物理/guard/轨迹；解析值为交接参考，非本次独立复算
exp13,S3__W_DREAMER_BALANCED,S3,W_DREAMER_BALANCED,9,250000,222.4677777777778,189.92444444444445,8.556666666666667,23.0,1.0,True,3,3,0.0,0.0,0.0,0.0,exp13_single_priority_69p6m__analysis_snapshot_20260928.tar.gz!P3/seed9/S3__W_DREAMER_BALANCED/analysis/checkpoint_curve.csv,MPTC,85.33,项目交接参考；当前归档未找到原始 S 阶段解析 CSV,UAGMC_SOURCE passenger-only + LQ,84.19,128.76,exp11 同包曲线；训练种子 1；评估种子 123-125；本矩阵另有种子 2-5 四条 UAGMC 曲线,需核对同物理/guard/轨迹；解析值为交接参考，非本次独立复算
exp13,S3__W_DREAMER_BALANCED,S3,W_DREAMER_BALANCED,9,300000,167.2288888888889,137.15555555555557,7.638888888888888,21.462222222222223,1.0,True,3,3,0.0,0.0,0.0,0.0,exp13_single_priority_69p6m__analysis_snapshot_20260928.tar.gz!P3/seed9/S3__W_DREAMER_BALANCED/analysis/checkpoint_curve.csv,MPTC,85.33,项目交接参考；当前归档未找到原始 S 阶段解析 CSV,UAGMC_SOURCE passenger-only + LQ,84.19,128.76,exp11 同包曲线；训练种子 1；评估种子 123-125；本矩阵另有种子 2-5 四条 UAGMC 曲线,需核对同物理/guard/轨迹；解析值为交接参考，非本次独立复算
exp13,S3__W_DREAMER_BALANCED,S3,W_DREAMER_BALANCED,9,350000,156.44333333333336,126.90777777777778,7.375555555555555,21.186666666666667,1.0,True,3,3,0.0,0.0,0.0,0.0,exp13_single_priority_69p6m__analysis_snapshot_20260928.tar.gz!P3/seed9/S3__W_DREAMER_BALANCED/analysis/checkpoint_curve.csv,MPTC,85.33,项目交接参考；当前归档未找到原始 S 阶段解析 CSV,UAGMC_SOURCE passenger-only + LQ,84.19,128.76,exp11 同包曲线；训练种子 1；评估种子 123-125；本矩阵另有种子 2-5 四条 UAGMC 曲线,需核对同物理/guard/轨迹；解析值为交接参考，非本次独立复算
exp13,S3__W_DREAMER_BALANCED,S3,W_DREAMER_BALANCED,9,400000,182.67666666666665,152.3588888888889,7.724444444444444,21.617777777777775,1.0,True,3,3,0.0,0.0,0.0,0.0,exp13_single_priority_69p6m__analysis_snapshot_20260928.tar.gz!P3/seed9/S3__W_DREAMER_BALANCED/analysis/checkpoint_curve.csv,MPTC,85.33,项目交接参考；当前归档未找到原始 S 阶段解析 CSV,UAGMC_SOURCE passenger-only + LQ,84.19,128.76,exp11 同包曲线；训练种子 1；评估种子 123-125；本矩阵另有种子 2-5 四条 UAGMC 曲线,需核对同物理/guard/轨迹；解析值为交接参考，非本次独立复算
exp13,S3__W_DREAMER_BALANCED,S3,W_DREAMER_BALANCED,9,450000,126.32222222222224,97.7688888888889,6.982222222222222,20.613333333333333,1.0,True,3,3,0.0,0.0,0.0,0.0,exp13_single_priority_69p6m__analysis_snapshot_20260928.tar.gz!P3/seed9/S3__W_DREAMER_BALANCED/analysis/checkpoint_curve.csv,MPTC,85.33,项目交接参考；当前归档未找到原始 S 阶段解析 CSV,UAGMC_SOURCE passenger-only + LQ,84.19,128.76,exp11 同包曲线；训练种子 1；评估种子 123-125；本矩阵另有种子 2-5 四条 UAGMC 曲线,需核对同物理/guard/轨迹；解析值为交接参考，非本次独立复算
exp13,S3__W_DREAMER_BALANCED,S3,W_DREAMER_BALANCED,9,500000,84.70333333333333,57.53666666666666,6.56,19.68444444444444,1.0,True,3,3,0.0,0.0,0.0,0.0,exp13_single_priority_69p6m__analysis_snapshot_20260928.tar.gz!P3/seed9/S3__W_DREAMER_BALANCED/analysis/checkpoint_curve.csv,MPTC,85.33,项目交接参考；当前归档未找到原始 S 阶段解析 CSV,UAGMC_SOURCE passenger-only + LQ,84.19,128.76,exp11 同包曲线；训练种子 1；评估种子 123-125；本矩阵另有种子 2-5 四条 UAGMC 曲线,需核对同物理/guard/轨迹；解析值为交接参考，非本次独立复算
exp13,S3__W_DREAMER_BALANCED,S3,W_DREAMER_BALANCED,9,550000,88.86555555555556,61.45222222222222,6.661111111111111,19.817777777777778,1.0,True,3,3,0.0,0.0,0.0,0.0,exp13_single_priority_69p6m__analysis_snapshot_20260928.tar.gz!P3/seed9/S3__W_DREAMER_BALANCED/analysis/checkpoint_curve.csv,MPTC,85.33,项目交接参考；当前归档未找到原始 S 阶段解析 CSV,UAGMC_SOURCE passenger-only + LQ,84.19,128.76,exp11 同包曲线；训练种子 1；评估种子 123-125；本矩阵另有种子 2-5 四条 UAGMC 曲线,需核对同物理/guard/轨迹；解析值为交接参考，非本次独立复算
exp13,S3__W_DREAMER_BALANCED,S3,W_DREAMER_BALANCED,9,600000,105.29333333333334,77.17,6.878888888888889,20.266666666666666,1.0,True,3,3,0.0,0.0,0.0,0.0,exp13_single_priority_69p6m__analysis_snapshot_20260928.tar.gz!P3/seed9/S3__W_DREAMER_BALANCED/analysis/checkpoint_curve.csv,MPTC,85.33,项目交接参考；当前归档未找到原始 S 阶段解析 CSV,UAGMC_SOURCE passenger-only + LQ,84.19,128.76,exp11 同包曲线；训练种子 1；评估种子 123-125；本矩阵另有种子 2-5 四条 UAGMC 曲线,需核对同物理/guard/轨迹；解析值为交接参考，非本次独立复算
exp13,S3__W_DREAMER_BALANCED,S3,W_DREAMER_BALANCED,9,650000,137.89444444444445,108.99333333333334,7.124444444444445,20.804444444444446,1.0,True,3,3,0.0,0.0,0.0,0.0,exp13_single_priority_69p6m__analysis_snapshot_20260928.tar.gz!P3/seed9/S3__W_DREAMER_BALANCED/analysis/checkpoint_curve.csv,MPTC,85.33,项目交接参考；当前归档未找到原始 S 阶段解析 CSV,UAGMC_SOURCE passenger-only + LQ,84.19,128.76,exp11 同包曲线；训练种子 1；评估种子 123-125；本矩阵另有种子 2-5 四条 UAGMC 曲线,需核对同物理/guard/轨迹；解析值为交接参考，非本次独立复算
exp13,S3__W_DREAMER_BALANCED,S3,W_DREAMER_BALANCED,9,700000,176.49444444444444,147.24333333333334,7.308888888888888,21.00888888888889,1.0,True,3,3,0.0,0.0,0.0,0.0,exp13_single_priority_69p6m__analysis_snapshot_20260928.tar.gz!P3/seed9/S3__W_DREAMER_BALANCED/analysis/checkpoint_curve.csv,MPTC,85.33,项目交接参考；当前归档未找到原始 S 阶段解析 CSV,UAGMC_SOURCE passenger-only + LQ,84.19,128.76,exp11 同包曲线；训练种子 1；评估种子 123-125；本矩阵另有种子 2-5 四条 UAGMC 曲线,需核对同物理/guard/轨迹；解析值为交接参考，非本次独立复算
exp13,S3__W_DREAMER_BALANCED,S3,W_DREAMER_BALANCED,9,750000,229.14000000000001,198.9677777777778,7.597777777777778,21.62222222222222,1.0,True,3,3,0.0,0.0,0.0,0.0,exp13_single_priority_69p6m__analysis_snapshot_20260928.tar.gz!P3/seed9/S3__W_DREAMER_BALANCED/analysis/checkpoint_curve.csv,MPTC,85.33,项目交接参考；当前归档未找到原始 S 阶段解析 CSV,UAGMC_SOURCE passenger-only + LQ,84.19,128.76,exp11 同包曲线；训练种子 1；评估种子 123-125；本矩阵另有种子 2-5 四条 UAGMC 曲线,需核对同物理/guard/轨迹；解析值为交接参考，非本次独立复算
exp13,S3__W_DREAMER_BALANCED,S3,W_DREAMER_BALANCED,9,800000,179.1822222222222,149.94444444444446,7.321111111111112,20.964444444444446,1.0,True,3,3,0.0,0.0,0.0,0.0,exp13_single_priority_69p6m__analysis_snapshot_20260928.tar.gz!P3/seed9/S3__W_DREAMER_BALANCED/analysis/checkpoint_curve.csv,MPTC,85.33,项目交接参考；当前归档未找到原始 S 阶段解析 CSV,UAGMC_SOURCE passenger-only + LQ,84.19,128.76,exp11 同包曲线；训练种子 1；评估种子 123-125；本矩阵另有种子 2-5 四条 UAGMC 曲线,需核对同物理/guard/轨迹；解析值为交接参考，非本次独立复算
exp13,S3__W_DREAMER_BALANCED,S3,W_DREAMER_BALANCED,9,850000,161.42555555555558,132.22888888888892,7.282222222222221,20.964444444444442,1.0,True,3,3,0.0,0.0,0.0,0.0,exp13_single_priority_69p6m__analysis_snapshot_20260928.tar.gz!P3/seed9/S3__W_DREAMER_BALANCED/analysis/checkpoint_curve.csv,MPTC,85.33,项目交接参考；当前归档未找到原始 S 阶段解析 CSV,UAGMC_SOURCE passenger-only + LQ,84.19,128.76,exp11 同包曲线；训练种子 1；评估种子 123-125；本矩阵另有种子 2-5 四条 UAGMC 曲线,需核对同物理/guard/轨迹；解析值为交接参考，非本次独立复算
exp13,S3__W_DREAMER_BALANCED,S3,W_DREAMER_BALANCED,9,900000,149.59444444444443,120.86666666666667,7.121111111111111,20.684444444444445,1.0,True,3,3,0.0,0.0,0.0,0.0,exp13_single_priority_69p6m__analysis_snapshot_20260928.tar.gz!P3/seed9/S3__W_DREAMER_BALANCED/analysis/checkpoint_curve.csv,MPTC,85.33,项目交接参考；当前归档未找到原始 S 阶段解析 CSV,UAGMC_SOURCE passenger-only + LQ,84.19,128.76,exp11 同包曲线；训练种子 1；评估种子 123-125；本矩阵另有种子 2-5 四条 UAGMC 曲线,需核对同物理/guard/轨迹；解析值为交接参考，非本次独立复算
exp13,S3__W_DREAMER_BALANCED,S3,W_DREAMER_BALANCED,9,950000,129.04666666666665,100.94555555555554,6.904444444444445,20.26222222222222,1.0,True,3,3,0.0,0.0,0.0,0.0,exp13_single_priority_69p6m__analysis_snapshot_20260928.tar.gz!P3/seed9/S3__W_DREAMER_BALANCED/analysis/checkpoint_curve.csv,MPTC,85.33,项目交接参考；当前归档未找到原始 S 阶段解析 CSV,UAGMC_SOURCE passenger-only + LQ,84.19,128.76,exp11 同包曲线；训练种子 1；评估种子 123-125；本矩阵另有种子 2-5 四条 UAGMC 曲线,需核对同物理/guard/轨迹；解析值为交接参考，非本次独立复算
exp13,S3__W_DREAMER_BALANCED,S3,W_DREAMER_BALANCED,9,1000000,112.74333333333334,85.23222222222222,6.667777777777778,19.906666666666666,1.0,True,3,3,0.0,0.0,0.0,0.0,exp13_single_priority_69p6m__analysis_snapshot_20260928.tar.gz!P3/seed9/S3__W_DREAMER_BALANCED/analysis/checkpoint_curve.csv,MPTC,85.33,项目交接参考；当前归档未找到原始 S 阶段解析 CSV,UAGMC_SOURCE passenger-only + LQ,84.19,128.76,exp11 同包曲线；训练种子 1；评估种子 123-125；本矩阵另有种子 2-5 四条 UAGMC 曲线,需核对同物理/guard/轨迹；解析值为交接参考，非本次独立复算
exp13,S3__W_DREAMER_BALANCED,S3,W_DREAMER_BALANCED,9,1050000,131.67222222222222,103.13111111111111,7.141111111111112,20.484444444444446,1.0,True,3,3,0.0,0.0,0.0,0.0,exp13_single_priority_69p6m__analysis_snapshot_20260928.tar.gz!P3/seed9/S3__W_DREAMER_BALANCED/analysis/checkpoint_curve.csv,MPTC,85.33,项目交接参考；当前归档未找到原始 S 阶段解析 CSV,UAGMC_SOURCE passenger-only + LQ,84.19,128.76,exp11 同包曲线；训练种子 1；评估种子 123-125；本矩阵另有种子 2-5 四条 UAGMC 曲线,需核对同物理/guard/轨迹；解析值为交接参考，非本次独立复算
exp13,S3__W_DREAMER_BALANCED,S3,W_DREAMER_BALANCED,9,1100000,168.4811111111111,138.62666666666667,7.558888888888888,21.333333333333332,1.0,True,3,3,0.0,0.0,0.0,0.0,exp13_single_priority_69p6m__analysis_snapshot_20260928.tar.gz!P3/seed9/S3__W_DREAMER_BALANCED/analysis/checkpoint_curve.csv,MPTC,85.33,项目交接参考；当前归档未找到原始 S 阶段解析 CSV,UAGMC_SOURCE passenger-only + LQ,84.19,128.76,exp11 同包曲线；训练种子 1；评估种子 123-125；本矩阵另有种子 2-5 四条 UAGMC 曲线,需核对同物理/guard/轨迹；解析值为交接参考，非本次独立复算
exp13,S3__W_DREAMER_BALANCED,S3,W_DREAMER_BALANCED,9,1150000,192.45555555555555,160.92777777777778,8.125555555555556,22.43111111111111,1.0,True,3,3,0.0,0.0,0.0,0.0,exp13_single_priority_69p6m__analysis_snapshot_20260928.tar.gz!P3/seed9/S3__W_DREAMER_BALANCED/analysis/checkpoint_curve.csv,MPTC,85.33,项目交接参考；当前归档未找到原始 S 阶段解析 CSV,UAGMC_SOURCE passenger-only + LQ,84.19,128.76,exp11 同包曲线；训练种子 1；评估种子 123-125；本矩阵另有种子 2-5 四条 UAGMC 曲线,需核对同物理/guard/轨迹；解析值为交接参考，非本次独立复算
exp13,S3__W_DREAMER_BALANCED,S3,W_DREAMER_BALANCED,9,1200000,188.19444444444443,157.17555555555555,7.998888888888889,22.040000000000003,1.0,True,3,3,0.0,0.0,0.0,0.0,exp13_single_priority_69p6m__analysis_snapshot_20260928.tar.gz!P3/seed9/S3__W_DREAMER_BALANCED/analysis/checkpoint_curve.csv,MPTC,85.33,项目交接参考；当前归档未找到原始 S 阶段解析 CSV,UAGMC_SOURCE passenger-only + LQ,84.19,128.76,exp11 同包曲线；训练种子 1；评估种子 123-125；本矩阵另有种子 2-5 四条 UAGMC 曲线,需核对同物理/guard/轨迹；解析值为交接参考，非本次独立复算
exp13,S3__W_DREAMER_BALANCED,S3,W_DREAMER_BALANCED,9,1250000,164.86777777777777,134.57222222222222,7.724444444444445,21.595555555555553,1.0,True,3,3,0.0,0.0,0.0,0.0,exp13_single_priority_69p6m__analysis_snapshot_20260928.tar.gz!P3/seed9/S3__W_DREAMER_BALANCED/analysis/checkpoint_curve.csv,MPTC,85.33,项目交接参考；当前归档未找到原始 S 阶段解析 CSV,UAGMC_SOURCE passenger-only + LQ,84.19,128.76,exp11 同包曲线；训练种子 1；评估种子 123-125；本矩阵另有种子 2-5 四条 UAGMC 曲线,需核对同物理/guard/轨迹；解析值为交接参考，非本次独立复算
exp13,S3__W_DREAMER_BALANCED,S3,W_DREAMER_BALANCED,9,1300000,161.74777777777777,131.7,7.633333333333333,21.439999999999998,1.0,True,3,3,0.0,0.0,0.0,0.0,exp13_single_priority_69p6m__analysis_snapshot_20260928.tar.gz!P3/seed9/S3__W_DREAMER_BALANCED/analysis/checkpoint_curve.csv,MPTC,85.33,项目交接参考；当前归档未找到原始 S 阶段解析 CSV,UAGMC_SOURCE passenger-only + LQ,84.19,128.76,exp11 同包曲线；训练种子 1；评估种子 123-125；本矩阵另有种子 2-5 四条 UAGMC 曲线,需核对同物理/guard/轨迹；解析值为交接参考，非本次独立复算
exp13,S3__W_DREAMER_BALANCED,S3,W_DREAMER_BALANCED,9,1350000,167.76222222222222,137.97444444444443,7.4944444444444445,21.320000000000004,1.0,True,3,3,0.0,0.0,0.0,0.0,exp13_single_priority_69p6m__analysis_snapshot_20260928.tar.gz!P3/seed9/S3__W_DREAMER_BALANCED/analysis/checkpoint_curve.csv,MPTC,85.33,项目交接参考；当前归档未找到原始 S 阶段解析 CSV,UAGMC_SOURCE passenger-only + LQ,84.19,128.76,exp11 同包曲线；训练种子 1；评估种子 123-125；本矩阵另有种子 2-5 四条 UAGMC 曲线,需核对同物理/guard/轨迹；解析值为交接参考，非本次独立复算
exp13,S3__W_DREAMER_BALANCED,S3,W_DREAMER_BALANCED,9,1400000,149.16111111111113,120.07666666666667,7.293333333333333,20.83111111111111,1.0,True,3,3,0.0,0.0,0.0,0.0,exp13_single_priority_69p6m__analysis_snapshot_20260928.tar.gz!P3/seed9/S3__W_DREAMER_BALANCED/analysis/checkpoint_curve.csv,MPTC,85.33,项目交接参考；当前归档未找到原始 S 阶段解析 CSV,UAGMC_SOURCE passenger-only + LQ,84.19,128.76,exp11 同包曲线；训练种子 1；评估种子 123-125；本矩阵另有种子 2-5 四条 UAGMC 曲线,需核对同物理/guard/轨迹；解析值为交接参考，非本次独立复算
exp13,S3__W_DREAMER_BALANCED,S3,W_DREAMER_BALANCED,9,1450000,157.51222222222222,128.05777777777777,7.385555555555555,21.102222222222224,1.0,True,3,3,0.0,0.0,0.0,0.0,exp13_single_priority_69p6m__analysis_snapshot_20260928.tar.gz!P3/seed9/S3__W_DREAMER_BALANCED/analysis/checkpoint_curve.csv,MPTC,85.33,项目交接参考；当前归档未找到原始 S 阶段解析 CSV,UAGMC_SOURCE passenger-only + LQ,84.19,128.76,exp11 同包曲线；训练种子 1；评估种子 123-125；本矩阵另有种子 2-5 四条 UAGMC 曲线,需核对同物理/guard/轨迹；解析值为交接参考，非本次独立复算
exp13,S3__W_DREAMER_BALANCED,S3,W_DREAMER_BALANCED,9,1500000,159.45222222222222,129.88777777777779,7.357777777777778,21.24888888888889,1.0,True,3,3,0.0,0.0,0.0,0.0,exp13_single_priority_69p6m__analysis_snapshot_20260928.tar.gz!P3/seed9/S3__W_DREAMER_BALANCED/analysis/checkpoint_curve.csv,MPTC,85.33,项目交接参考；当前归档未找到原始 S 阶段解析 CSV,UAGMC_SOURCE passenger-only + LQ,84.19,128.76,exp11 同包曲线；训练种子 1；评估种子 123-125；本矩阵另有种子 2-5 四条 UAGMC 曲线,需核对同物理/guard/轨迹；解析值为交接参考，非本次独立复算
exp13,S3__W_DREAMER_BALANCED,S3,W_DREAMER_BALANCED,9,1550000,158.96444444444444,129.0911111111111,7.554444444444445,21.35111111111111,1.0,True,3,3,0.0,0.0,0.0,0.0,exp13_single_priority_69p6m__analysis_snapshot_20260928.tar.gz!P3/seed9/S3__W_DREAMER_BALANCED/analysis/checkpoint_curve.csv,MPTC,85.33,项目交接参考；当前归档未找到原始 S 阶段解析 CSV,UAGMC_SOURCE passenger-only + LQ,84.19,128.76,exp11 同包曲线；训练种子 1；评估种子 123-125；本矩阵另有种子 2-5 四条 UAGMC 曲线,需核对同物理/guard/轨迹；解析值为交接参考，非本次独立复算
exp13,S3__W_DREAMER_BALANCED,S3,W_DREAMER_BALANCED,9,1600000,160.37,130.4611111111111,7.536666666666666,21.400000000000002,1.0,True,3,3,0.0,0.0,0.0,0.0,exp13_single_priority_69p6m__analysis_snapshot_20260928.tar.gz!P3/seed9/S3__W_DREAMER_BALANCED/analysis/checkpoint_curve.csv,MPTC,85.33,项目交接参考；当前归档未找到原始 S 阶段解析 CSV,UAGMC_SOURCE passenger-only + LQ,84.19,128.76,exp11 同包曲线；训练种子 1；评估种子 123-125；本矩阵另有种子 2-5 四条 UAGMC 曲线,需核对同物理/guard/轨迹；解析值为交接参考，非本次独立复算
exp13,S3__W_DREAMER_BALANCED,S3,W_DREAMER_BALANCED,9,1650000,165.60888888888888,135.26777777777778,7.704444444444444,21.666666666666668,1.0,True,3,3,0.0,0.0,0.0,0.0,exp13_single_priority_69p6m__analysis_snapshot_20260928.tar.gz!P3/seed9/S3__W_DREAMER_BALANCED/analysis/checkpoint_curve.csv,MPTC,85.33,项目交接参考；当前归档未找到原始 S 阶段解析 CSV,UAGMC_SOURCE passenger-only + LQ,84.19,128.76,exp11 同包曲线；训练种子 1；评估种子 123-125；本矩阵另有种子 2-5 四条 UAGMC 曲线,需核对同物理/guard/轨迹；解析值为交接参考，非本次独立复算
exp13,S3__W_DREAMER_BALANCED,S3,W_DREAMER_BALANCED,9,1700000,159.67666666666665,129.5088888888889,7.6322222222222225,21.564444444444444,1.0,True,3,3,0.0,0.0,0.0,0.0,exp13_single_priority_69p6m__analysis_snapshot_20260928.tar.gz!P3/seed9/S3__W_DREAMER_BALANCED/analysis/checkpoint_curve.csv,MPTC,85.33,项目交接参考；当前归档未找到原始 S 阶段解析 CSV,UAGMC_SOURCE passenger-only + LQ,84.19,128.76,exp11 同包曲线；训练种子 1；评估种子 123-125；本矩阵另有种子 2-5 四条 UAGMC 曲线,需核对同物理/guard/轨迹；解析值为交接参考，非本次独立复算
exp13,S3__W_DREAMER_BALANCED,S3,W_DREAMER_BALANCED,9,1750000,158.15666666666667,128.1833333333333,7.524444444444445,21.484444444444446,1.0,True,3,3,0.0,0.0,0.0,0.0,exp13_single_priority_69p6m__analysis_snapshot_20260928.tar.gz!P3/seed9/S3__W_DREAMER_BALANCED/analysis/checkpoint_curve.csv,MPTC,85.33,项目交接参考；当前归档未找到原始 S 阶段解析 CSV,UAGMC_SOURCE passenger-only + LQ,84.19,128.76,exp11 同包曲线；训练种子 1；评估种子 123-125；本矩阵另有种子 2-5 四条 UAGMC 曲线,需核对同物理/guard/轨迹；解析值为交接参考，非本次独立复算
exp13,S3__W_DREAMER_BALANCED,S3,W_DREAMER_BALANCED,9,1800000,157.71888888888887,127.96222222222222,7.404444444444445,21.386666666666667,1.0,True,3,3,0.0,0.0,0.0,0.0,exp13_single_priority_69p6m__analysis_snapshot_20260928.tar.gz!P3/seed9/S3__W_DREAMER_BALANCED/analysis/checkpoint_curve.csv,MPTC,85.33,项目交接参考；当前归档未找到原始 S 阶段解析 CSV,UAGMC_SOURCE passenger-only + LQ,84.19,128.76,exp11 同包曲线；训练种子 1；评估种子 123-125；本矩阵另有种子 2-5 四条 UAGMC 曲线,需核对同物理/guard/轨迹；解析值为交接参考，非本次独立复算
exp13,S3__W_DREAMER_BALANCED,S3,W_DREAMER_BALANCED,9,1850000,157.96444444444444,128.10888888888888,7.525555555555556,21.364444444444445,1.0,True,3,3,0.0,0.0,0.0,0.0,exp13_single_priority_69p6m__analysis_snapshot_20260928.tar.gz!P3/seed9/S3__W_DREAMER_BALANCED/analysis/checkpoint_curve.csv,MPTC,85.33,项目交接参考；当前归档未找到原始 S 阶段解析 CSV,UAGMC_SOURCE passenger-only + LQ,84.19,128.76,exp11 同包曲线；训练种子 1；评估种子 123-125；本矩阵另有种子 2-5 四条 UAGMC 曲线,需核对同物理/guard/轨迹；解析值为交接参考，非本次独立复算
exp13,S3__W_DREAMER_BALANCED,S3,W_DREAMER_BALANCED,9,1900000,160.64555555555555,130.7411111111111,7.502222222222223,21.439999999999998,1.0,True,3,3,0.0,0.0,0.0,0.0,exp13_single_priority_69p6m__analysis_snapshot_20260928.tar.gz!P3/seed9/S3__W_DREAMER_BALANCED/analysis/checkpoint_curve.csv,MPTC,85.33,项目交接参考；当前归档未找到原始 S 阶段解析 CSV,UAGMC_SOURCE passenger-only + LQ,84.19,128.76,exp11 同包曲线；训练种子 1；评估种子 123-125；本矩阵另有种子 2-5 四条 UAGMC 曲线,需核对同物理/guard/轨迹；解析值为交接参考，非本次独立复算
exp13,S3__W_DREAMER_BALANCED,S3,W_DREAMER_BALANCED,9,1950000,153.5988888888889,123.90666666666665,7.405555555555556,21.319999999999997,1.0,True,3,3,0.0,0.0,0.0,0.0,exp13_single_priority_69p6m__analysis_snapshot_20260928.tar.gz!P3/seed9/S3__W_DREAMER_BALANCED/analysis/checkpoint_curve.csv,MPTC,85.33,项目交接参考；当前归档未找到原始 S 阶段解析 CSV,UAGMC_SOURCE passenger-only + LQ,84.19,128.76,exp11 同包曲线；训练种子 1；评估种子 123-125；本矩阵另有种子 2-5 四条 UAGMC 曲线,需核对同物理/guard/轨迹；解析值为交接参考，非本次独立复算
exp13,S3__W_DREAMER_BALANCED,S3,W_DREAMER_BALANCED,9,2000000,155.0222222222222,125.30666666666667,7.442222222222223,21.30666666666667,1.0,True,3,3,0.0,0.0,0.0,0.0,exp13_single_priority_69p6m__analysis_snapshot_20260928.tar.gz!P3/seed9/S3__W_DREAMER_BALANCED/analysis/checkpoint_curve.csv,MPTC,85.33,项目交接参考；当前归档未找到原始 S 阶段解析 CSV,UAGMC_SOURCE passenger-only + LQ,84.19,128.76,exp11 同包曲线；训练种子 1；评估种子 123-125；本矩阵另有种子 2-5 四条 UAGMC 曲线,需核对同物理/guard/轨迹；解析值为交接参考，非本次独立复算
exp13,S3__W_EVENTQ_VE_EMA,S3,W_EVENTQ_VE_EMA,4,50000,191.24,161.36333333333334,7.838888888888889,21.075555555555557,1.0,True,3,3,0.0,0.0,0.0,0.0,exp13_single_priority_69p6m__analysis_snapshot_20260928.tar.gz!P1/seed4/S3__W_EVENTQ_VE_EMA/analysis/checkpoint_curve.csv,MPTC,85.33,项目交接参考；当前归档未找到原始 S 阶段解析 CSV,UAGMC_SOURCE passenger-only + LQ,84.19,128.76,exp11 同包曲线；训练种子 1；评估种子 123-125；本矩阵另有种子 2-5 四条 UAGMC 曲线,需核对同物理/guard/轨迹；解析值为交接参考，非本次独立复算
exp13,S3__W_EVENTQ_VE_EMA,S3,W_EVENTQ_VE_EMA,4,100000,298.34444444444443,266.2711111111111,8.38888888888889,22.72,1.0,True,3,3,0.0,0.0,0.0,0.0,exp13_single_priority_69p6m__analysis_snapshot_20260928.tar.gz!P1/seed4/S3__W_EVENTQ_VE_EMA/analysis/checkpoint_curve.csv,MPTC,85.33,项目交接参考；当前归档未找到原始 S 阶段解析 CSV,UAGMC_SOURCE passenger-only + LQ,84.19,128.76,exp11 同包曲线；训练种子 1；评估种子 123-125；本矩阵另有种子 2-5 四条 UAGMC 曲线,需核对同物理/guard/轨迹；解析值为交接参考，非本次独立复算
exp13,S3__W_EVENTQ_VE_EMA,S3,W_EVENTQ_VE_EMA,4,150000,276.6277777777778,245.22111111111113,8.263333333333334,22.186666666666667,1.0,True,3,3,0.0,0.0,0.0,0.0,exp13_single_priority_69p6m__analysis_snapshot_20260928.tar.gz!P1/seed4/S3__W_EVENTQ_VE_EMA/analysis/checkpoint_curve.csv,MPTC,85.33,项目交接参考；当前归档未找到原始 S 阶段解析 CSV,UAGMC_SOURCE passenger-only + LQ,84.19,128.76,exp11 同包曲线；训练种子 1；评估种子 123-125；本矩阵另有种子 2-5 四条 UAGMC 曲线,需核对同物理/guard/轨迹；解析值为交接参考，非本次独立复算
exp13,S3__W_EVENTQ_VE_EMA,S3,W_EVENTQ_VE_EMA,4,200000,247.27111111111108,216.4677777777778,8.047777777777776,21.804444444444442,1.0,True,3,3,0.0,0.0,0.0,0.0,exp13_single_priority_69p6m__analysis_snapshot_20260928.tar.gz!P1/seed4/S3__W_EVENTQ_VE_EMA/analysis/checkpoint_curve.csv,MPTC,85.33,项目交接参考；当前归档未找到原始 S 阶段解析 CSV,UAGMC_SOURCE passenger-only + LQ,84.19,128.76,exp11 同包曲线；训练种子 1；评估种子 123-125；本矩阵另有种子 2-5 四条 UAGMC 曲线,需核对同物理/guard/轨迹；解析值为交接参考，非本次独立复算
exp13,S3__W_EVENTQ_VE_EMA,S3,W_EVENTQ_VE_EMA,4,250000,212.14999999999998,182.61222222222224,7.486666666666667,21.08888888888889,1.0,True,3,3,0.0,0.0,0.0,0.0,exp13_single_priority_69p6m__analysis_snapshot_20260928.tar.gz!P1/seed4/S3__W_EVENTQ_VE_EMA/analysis/checkpoint_curve.csv,MPTC,85.33,项目交接参考；当前归档未找到原始 S 阶段解析 CSV,UAGMC_SOURCE passenger-only + LQ,84.19,128.76,exp11 同包曲线；训练种子 1；评估种子 123-125；本矩阵另有种子 2-5 四条 UAGMC 曲线,需核对同物理/guard/轨迹；解析值为交接参考，非本次独立复算
exp13,S3__W_EVENTQ_VE_EMA,S3,W_EVENTQ_VE_EMA,4,300000,248.57222222222222,218.1,7.865555555555556,21.644444444444446,1.0,True,3,3,0.0,0.0,0.0,0.0,exp13_single_priority_69p6m__analysis_snapshot_20260928.tar.gz!P1/seed4/S3__W_EVENTQ_VE_EMA/analysis/checkpoint_curve.csv,MPTC,85.33,项目交接参考；当前归档未找到原始 S 阶段解析 CSV,UAGMC_SOURCE passenger-only + LQ,84.19,128.76,exp11 同包曲线；训练种子 1；评估种子 123-125；本矩阵另有种子 2-5 四条 UAGMC 曲线,需核对同物理/guard/轨迹；解析值为交接参考，非本次独立复算
exp13,S3__W_EVENTQ_VE_EMA,S3,W_EVENTQ_VE_EMA,4,350000,288.20000000000005,257.01666666666665,8.06888888888889,22.151111111111117,1.0,True,3,3,0.0,0.0,0.0,0.0,exp13_single_priority_69p6m__analysis_snapshot_20260928.tar.gz!P1/seed4/S3__W_EVENTQ_VE_EMA/analysis/checkpoint_curve.csv,MPTC,85.33,项目交接参考；当前归档未找到原始 S 阶段解析 CSV,UAGMC_SOURCE passenger-only + LQ,84.19,128.76,exp11 同包曲线；训练种子 1；评估种子 123-125；本矩阵另有种子 2-5 四条 UAGMC 曲线,需核对同物理/guard/轨迹；解析值为交接参考，非本次独立复算
exp13,S3__W_EVENTQ_VE_EMA,S3,W_EVENTQ_VE_EMA,4,400000,236.15666666666667,205.98000000000002,7.641111111111111,21.573333333333334,1.0,True,3,3,0.0,0.0,0.0,0.0,exp13_single_priority_69p6m__analysis_snapshot_20260928.tar.gz!P1/seed4/S3__W_EVENTQ_VE_EMA/analysis/checkpoint_curve.csv,MPTC,85.33,项目交接参考；当前归档未找到原始 S 阶段解析 CSV,UAGMC_SOURCE passenger-only + LQ,84.19,128.76,exp11 同包曲线；训练种子 1；评估种子 123-125；本矩阵另有种子 2-5 四条 UAGMC 曲线,需核对同物理/guard/轨迹；解析值为交接参考，非本次独立复算
exp13,S3__W_EVENTQ_VE_EMA,S3,W_EVENTQ_VE_EMA,4,450000,225.31999999999996,195.38,7.588888888888889,21.391111111111112,1.0,True,3,3,0.0,0.0,0.0,0.0,exp13_single_priority_69p6m__analysis_snapshot_20260928.tar.gz!P1/seed4/S3__W_EVENTQ_VE_EMA/analysis/checkpoint_curve.csv,MPTC,85.33,项目交接参考；当前归档未找到原始 S 阶段解析 CSV,UAGMC_SOURCE passenger-only + LQ,84.19,128.76,exp11 同包曲线；训练种子 1；评估种子 123-125；本矩阵另有种子 2-5 四条 UAGMC 曲线,需核对同物理/guard/轨迹；解析值为交接参考，非本次独立复算
exp13,S3__W_EVENTQ_VE_EMA,S3,W_EVENTQ_VE_EMA,4,500000,173.78111111111107,144.76444444444442,7.266666666666666,20.79111111111111,1.0,True,3,3,0.0,0.0,0.0,0.0,exp13_single_priority_69p6m__analysis_snapshot_20260928.tar.gz!P1/seed4/S3__W_EVENTQ_VE_EMA/analysis/checkpoint_curve.csv,MPTC,85.33,项目交接参考；当前归档未找到原始 S 阶段解析 CSV,UAGMC_SOURCE passenger-only + LQ,84.19,128.76,exp11 同包曲线；训练种子 1；评估种子 123-125；本矩阵另有种子 2-5 四条 UAGMC 曲线,需核对同物理/guard/轨迹；解析值为交接参考，非本次独立复算
exp13,S3__W_EVENTQ_VE_EMA,S3,W_EVENTQ_VE_EMA,4,550000,177.11111111111111,148.09,7.247777777777777,20.817777777777778,1.0,True,3,3,0.0,0.0,0.0,0.0,exp13_single_priority_69p6m__analysis_snapshot_20260928.tar.gz!P1/seed4/S3__W_EVENTQ_VE_EMA/analysis/checkpoint_curve.csv,MPTC,85.33,项目交接参考；当前归档未找到原始 S 阶段解析 CSV,UAGMC_SOURCE passenger-only + LQ,84.19,128.76,exp11 同包曲线；训练种子 1；评估种子 123-125；本矩阵另有种子 2-5 四条 UAGMC 曲线,需核对同物理/guard/轨迹；解析值为交接参考，非本次独立复算
exp13,S3__W_EVENTQ_VE_EMA,S3,W_EVENTQ_VE_EMA,4,600000,160.15444444444447,131.3911111111111,7.207777777777778,20.6,1.0,True,3,3,0.0,0.0,0.0,0.0,exp13_single_priority_69p6m__analysis_snapshot_20260928.tar.gz!P1/seed4/S3__W_EVENTQ_VE_EMA/analysis/checkpoint_curve.csv,MPTC,85.33,项目交接参考；当前归档未找到原始 S 阶段解析 CSV,UAGMC_SOURCE passenger-only + LQ,84.19,128.76,exp11 同包曲线；训练种子 1；评估种子 123-125；本矩阵另有种子 2-5 四条 UAGMC 曲线,需核对同物理/guard/轨迹；解析值为交接参考，非本次独立复算
exp13,S3__W_EVENTQ_VE_EMA,S3,W_EVENTQ_VE_EMA,5,50000,191.8033333333333,161.6911111111111,7.696666666666666,21.48,1.0,True,3,3,0.0,0.0,0.0,0.0,exp13_single_priority_69p6m__analysis_snapshot_20260928.tar.gz!P1/seed5/S3__W_EVENTQ_VE_EMA/analysis/checkpoint_curve.csv,MPTC,85.33,项目交接参考；当前归档未找到原始 S 阶段解析 CSV,UAGMC_SOURCE passenger-only + LQ,84.19,128.76,exp11 同包曲线；训练种子 1；评估种子 123-125；本矩阵另有种子 2-5 四条 UAGMC 曲线,需核对同物理/guard/轨迹；解析值为交接参考，非本次独立复算
exp13,S3__W_EVENTQ_VE_EMA,S3,W_EVENTQ_VE_EMA,5,100000,174.50222222222223,145.33666666666667,7.341111111111111,20.88,1.0,True,3,3,0.0,0.0,0.0,0.0,exp13_single_priority_69p6m__analysis_snapshot_20260928.tar.gz!P1/seed5/S3__W_EVENTQ_VE_EMA/analysis/checkpoint_curve.csv,MPTC,85.33,项目交接参考；当前归档未找到原始 S 阶段解析 CSV,UAGMC_SOURCE passenger-only + LQ,84.19,128.76,exp11 同包曲线；训练种子 1；评估种子 123-125；本矩阵另有种子 2-5 四条 UAGMC 曲线,需核对同物理/guard/轨迹；解析值为交接参考，非本次独立复算
exp13,S3__W_EVENTQ_VE_EMA,S3,W_EVENTQ_VE_EMA,5,150000,183.46666666666667,153.74777777777777,7.538888888888889,21.244444444444444,1.0,True,3,3,0.0,0.0,0.0,0.0,exp13_single_priority_69p6m__analysis_snapshot_20260928.tar.gz!P1/seed5/S3__W_EVENTQ_VE_EMA/analysis/checkpoint_curve.csv,MPTC,85.33,项目交接参考；当前归档未找到原始 S 阶段解析 CSV,UAGMC_SOURCE passenger-only + LQ,84.19,128.76,exp11 同包曲线；训练种子 1；评估种子 123-125；本矩阵另有种子 2-5 四条 UAGMC 曲线,需核对同物理/guard/轨迹；解析值为交接参考，非本次独立复算
exp13,S3__W_EVENTQ_VE_EMA,S3,W_EVENTQ_VE_EMA,5,200000,190.12666666666667,160.3788888888889,7.548888888888889,21.26222222222222,1.0,True,3,3,0.0,0.0,0.0,0.0,exp13_single_priority_69p6m__analysis_snapshot_20260928.tar.gz!P1/seed5/S3__W_EVENTQ_VE_EMA/analysis/checkpoint_curve.csv,MPTC,85.33,项目交接参考；当前归档未找到原始 S 阶段解析 CSV,UAGMC_SOURCE passenger-only + LQ,84.19,128.76,exp11 同包曲线；训练种子 1；评估种子 123-125；本矩阵另有种子 2-5 四条 UAGMC 曲线,需核对同物理/guard/轨迹；解析值为交接参考，非本次独立复算
exp13,S3__W_EVENTQ_VE_EMA,S3,W_EVENTQ_VE_EMA,5,250000,211.08333333333334,181.05666666666664,7.717777777777777,21.36888888888889,1.0,True,3,3,0.0,0.0,0.0,0.0,exp13_single_priority_69p6m__analysis_snapshot_20260928.tar.gz!P1/seed5/S3__W_EVENTQ_VE_EMA/analysis/checkpoint_curve.csv,MPTC,85.33,项目交接参考；当前归档未找到原始 S 阶段解析 CSV,UAGMC_SOURCE passenger-only + LQ,84.19,128.76,exp11 同包曲线；训练种子 1；评估种子 123-125；本矩阵另有种子 2-5 四条 UAGMC 曲线,需核对同物理/guard/轨迹；解析值为交接参考，非本次独立复算
exp13,S3__W_EVENTQ_VE_EMA,S3,W_EVENTQ_VE_EMA,5,300000,213.17222222222222,183.04222222222222,7.757777777777778,21.435555555555556,1.0,True,3,3,0.0,0.0,0.0,0.0,exp13_single_priority_69p6m__analysis_snapshot_20260928.tar.gz!P1/seed5/S3__W_EVENTQ_VE_EMA/analysis/checkpoint_curve.csv,MPTC,85.33,项目交接参考；当前归档未找到原始 S 阶段解析 CSV,UAGMC_SOURCE passenger-only + LQ,84.19,128.76,exp11 同包曲线；训练种子 1；评估种子 123-125；本矩阵另有种子 2-5 四条 UAGMC 曲线,需核对同物理/guard/轨迹；解析值为交接参考，非本次独立复算
exp13,S3__W_EVENTQ_VE_EMA,S3,W_EVENTQ_VE_EMA,5,350000,212.68666666666664,182.68555555555554,7.634444444444445,21.426666666666666,1.0,True,3,3,0.0,0.0,0.0,0.0,exp13_single_priority_69p6m__analysis_snapshot_20260928.tar.gz!P1/seed5/S3__W_EVENTQ_VE_EMA/analysis/checkpoint_curve.csv,MPTC,85.33,项目交接参考；当前归档未找到原始 S 阶段解析 CSV,UAGMC_SOURCE passenger-only + LQ,84.19,128.76,exp11 同包曲线；训练种子 1；评估种子 123-125；本矩阵另有种子 2-5 四条 UAGMC 曲线,需核对同物理/guard/轨迹；解析值为交接参考，非本次独立复算
exp13,S3__W_EVENTQ_VE_EMA,S3,W_EVENTQ_VE_EMA,5,400000,205.95111111111112,176.39999999999998,7.417777777777778,21.195555555555554,1.0,True,3,3,0.0,0.0,0.0,0.0,exp13_single_priority_69p6m__analysis_snapshot_20260928.tar.gz!P1/seed5/S3__W_EVENTQ_VE_EMA/analysis/checkpoint_curve.csv,MPTC,85.33,项目交接参考；当前归档未找到原始 S 阶段解析 CSV,UAGMC_SOURCE passenger-only + LQ,84.19,128.76,exp11 同包曲线；训练种子 1；评估种子 123-125；本矩阵另有种子 2-5 四条 UAGMC 曲线,需核对同物理/guard/轨迹；解析值为交接参考，非本次独立复算
exp13,S3__W_EVENTQ_VE_EMA,S3,W_EVENTQ_VE_EMA,5,450000,179.89333333333332,150.92666666666668,7.108888888888889,20.915555555555557,1.0,True,3,3,0.0,0.0,0.0,0.0,exp13_single_priority_69p6m__analysis_snapshot_20260928.tar.gz!P1/seed5/S3__W_EVENTQ_VE_EMA/analysis/checkpoint_curve.csv,MPTC,85.33,项目交接参考；当前归档未找到原始 S 阶段解析 CSV,UAGMC_SOURCE passenger-only + LQ,84.19,128.76,exp11 同包曲线；训练种子 1；评估种子 123-125；本矩阵另有种子 2-5 四条 UAGMC 曲线,需核对同物理/guard/轨迹；解析值为交接参考，非本次独立复算
exp13,S3__W_EVENTQ_VE_EMA,S3,W_EVENTQ_VE_EMA,5,500000,133.58444444444444,105.65333333333332,6.653333333333333,20.346666666666668,1.0,True,3,3,0.0,0.0,0.0,0.0,exp13_single_priority_69p6m__analysis_snapshot_20260928.tar.gz!P1/seed5/S3__W_EVENTQ_VE_EMA/analysis/checkpoint_curve.csv,MPTC,85.33,项目交接参考；当前归档未找到原始 S 阶段解析 CSV,UAGMC_SOURCE passenger-only + LQ,84.19,128.76,exp11 同包曲线；训练种子 1；评估种子 123-125；本矩阵另有种子 2-5 四条 UAGMC 曲线,需核对同物理/guard/轨迹；解析值为交接参考，非本次独立复算
exp13,S3__W_EVENTQ_VE_EMA,S3,W_EVENTQ_VE_EMA,5,550000,114.71222222222222,86.75111111111111,6.773333333333333,20.262222222222224,1.0,True,3,3,0.0,0.0,0.0,0.0,exp13_single_priority_69p6m__analysis_snapshot_20260928.tar.gz!P1/seed5/S3__W_EVENTQ_VE_EMA/analysis/checkpoint_curve.csv,MPTC,85.33,项目交接参考；当前归档未找到原始 S 阶段解析 CSV,UAGMC_SOURCE passenger-only + LQ,84.19,128.76,exp11 同包曲线；训练种子 1；评估种子 123-125；本矩阵另有种子 2-5 四条 UAGMC 曲线,需核对同物理/guard/轨迹；解析值为交接参考，非本次独立复算
exp13,S3__W_EVENTQ_VE_EMA,S3,W_EVENTQ_VE_EMA,5,600000,98.38444444444445,71.37333333333333,6.471111111111111,19.62222222222222,1.0,True,3,3,0.0,0.0,0.0,0.0,exp13_single_priority_69p6m__analysis_snapshot_20260928.tar.gz!P1/seed5/S3__W_EVENTQ_VE_EMA/analysis/checkpoint_curve.csv,MPTC,85.33,项目交接参考；当前归档未找到原始 S 阶段解析 CSV,UAGMC_SOURCE passenger-only + LQ,84.19,128.76,exp11 同包曲线；训练种子 1；评估种子 123-125；本矩阵另有种子 2-5 四条 UAGMC 曲线,需核对同物理/guard/轨迹；解析值为交接参考，非本次独立复算
exp13,S3__W_VALUE_CONTROLLABLE,S3,W_VALUE_CONTROLLABLE,4,50000,219.4611111111111,186.92888888888888,8.55888888888889,22.986666666666668,1.0,True,3,3,0.0,0.0,0.0,0.0,exp13_single_priority_69p6m__analysis_snapshot_20260928.tar.gz!P1/seed4/S3__W_VALUE_CONTROLLABLE/analysis/checkpoint_curve.csv,MPTC,85.33,项目交接参考；当前归档未找到原始 S 阶段解析 CSV,UAGMC_SOURCE passenger-only + LQ,84.19,128.76,exp11 同包曲线；训练种子 1；评估种子 123-125；本矩阵另有种子 2-5 四条 UAGMC 曲线,需核对同物理/guard/轨迹；解析值为交接参考，非本次独立复算
exp13,S3__W_VALUE_CONTROLLABLE,S3,W_VALUE_CONTROLLABLE,4,100000,222.4677777777778,189.92444444444445,8.556666666666667,23.0,1.0,True,3,3,0.0,0.0,0.0,0.0,exp13_single_priority_69p6m__analysis_snapshot_20260928.tar.gz!P1/seed4/S3__W_VALUE_CONTROLLABLE/analysis/checkpoint_curve.csv,MPTC,85.33,项目交接参考；当前归档未找到原始 S 阶段解析 CSV,UAGMC_SOURCE passenger-only + LQ,84.19,128.76,exp11 同包曲线；训练种子 1；评估种子 123-125；本矩阵另有种子 2-5 四条 UAGMC 曲线,需核对同物理/guard/轨迹；解析值为交接参考，非本次独立复算
exp13,S3__W_VALUE_CONTROLLABLE,S3,W_VALUE_CONTROLLABLE,4,150000,205.9377777777778,173.62555555555556,8.482222222222223,22.853333333333335,1.0,True,3,3,0.0,0.0,0.0,0.0,exp13_single_priority_69p6m__analysis_snapshot_20260928.tar.gz!P1/seed4/S3__W_VALUE_CONTROLLABLE/analysis/checkpoint_curve.csv,MPTC,85.33,项目交接参考；当前归档未找到原始 S 阶段解析 CSV,UAGMC_SOURCE passenger-only + LQ,84.19,128.76,exp11 同包曲线；训练种子 1；评估种子 123-125；本矩阵另有种子 2-5 四条 UAGMC 曲线,需核对同物理/guard/轨迹；解析值为交接参考，非本次独立复算
exp13,S3__W_VALUE_CONTROLLABLE,S3,W_VALUE_CONTROLLABLE,4,200000,195.50666666666666,163.3133333333333,8.46888888888889,22.755555555555556,1.0,True,3,3,0.0,0.0,0.0,0.0,exp13_single_priority_69p6m__analysis_snapshot_20260928.tar.gz!P1/seed4/S3__W_VALUE_CONTROLLABLE/analysis/checkpoint_curve.csv,MPTC,85.33,项目交接参考；当前归档未找到原始 S 阶段解析 CSV,UAGMC_SOURCE passenger-only + LQ,84.19,128.76,exp11 同包曲线；训练种子 1；评估种子 123-125；本矩阵另有种子 2-5 四条 UAGMC 曲线,需核对同物理/guard/轨迹；解析值为交接参考，非本次独立复算
exp13,S3__W_VALUE_CONTROLLABLE,S3,W_VALUE_CONTROLLABLE,4,250000,196.80777777777777,165.42333333333332,8.166666666666666,22.24888888888889,1.0,True,3,3,0.0,0.0,0.0,0.0,exp13_single_priority_69p6m__analysis_snapshot_20260928.tar.gz!P1/seed4/S3__W_VALUE_CONTROLLABLE/analysis/checkpoint_curve.csv,MPTC,85.33,项目交接参考；当前归档未找到原始 S 阶段解析 CSV,UAGMC_SOURCE passenger-only + LQ,84.19,128.76,exp11 同包曲线；训练种子 1；评估种子 123-125；本矩阵另有种子 2-5 四条 UAGMC 曲线,需核对同物理/guard/轨迹；解析值为交接参考，非本次独立复算
exp13,S3__W_VALUE_CONTROLLABLE,S3,W_VALUE_CONTROLLABLE,4,300000,179.74444444444444,149.16333333333333,7.863333333333333,21.74222222222222,1.0,True,3,3,0.0,0.0,0.0,0.0,exp13_single_priority_69p6m__analysis_snapshot_20260928.tar.gz!P1/seed4/S3__W_VALUE_CONTROLLABLE/analysis/checkpoint_curve.csv,MPTC,85.33,项目交接参考；当前归档未找到原始 S 阶段解析 CSV,UAGMC_SOURCE passenger-only + LQ,84.19,128.76,exp11 同包曲线；训练种子 1；评估种子 123-125；本矩阵另有种子 2-5 四条 UAGMC 曲线,需核对同物理/guard/轨迹；解析值为交接参考，非本次独立复算
exp13,S3__W_VALUE_CONTROLLABLE,S3,W_VALUE_CONTROLLABLE,4,350000,189.1922222222222,158.0822222222222,8.090000000000002,22.048888888888893,1.0,True,3,3,0.0,0.0,0.0,0.0,exp13_single_priority_69p6m__analysis_snapshot_20260928.tar.gz!P1/seed4/S3__W_VALUE_CONTROLLABLE/analysis/checkpoint_curve.csv,MPTC,85.33,项目交接参考；当前归档未找到原始 S 阶段解析 CSV,UAGMC_SOURCE passenger-only + LQ,84.19,128.76,exp11 同包曲线；训练种子 1；评估种子 123-125；本矩阵另有种子 2-5 四条 UAGMC 曲线,需核对同物理/guard/轨迹；解析值为交接参考，非本次独立复算
exp13,S3__W_VALUE_CONTROLLABLE,S3,W_VALUE_CONTROLLABLE,4,400000,180.78,150.03,7.991111111111111,21.78222222222222,1.0,True,3,3,0.0,0.0,0.0,0.0,exp13_single_priority_69p6m__analysis_snapshot_20260928.tar.gz!P1/seed4/S3__W_VALUE_CONTROLLABLE/analysis/checkpoint_curve.csv,MPTC,85.33,项目交接参考；当前归档未找到原始 S 阶段解析 CSV,UAGMC_SOURCE passenger-only + LQ,84.19,128.76,exp11 同包曲线；训练种子 1；评估种子 123-125；本矩阵另有种子 2-5 四条 UAGMC 曲线,需核对同物理/guard/轨迹；解析值为交接参考，非本次独立复算
exp13,S3__W_VALUE_CONTROLLABLE,S3,W_VALUE_CONTROLLABLE,4,450000,158.4777777777778,128.50222222222223,7.697777777777778,21.311111111111114,1.0,True,3,3,0.0,0.0,0.0,0.0,exp13_single_priority_69p6m__analysis_snapshot_20260928.tar.gz!P1/seed4/S3__W_VALUE_CONTROLLABLE/analysis/checkpoint_curve.csv,MPTC,85.33,项目交接参考；当前归档未找到原始 S 阶段解析 CSV,UAGMC_SOURCE passenger-only + LQ,84.19,128.76,exp11 同包曲线；训练种子 1；评估种子 123-125；本矩阵另有种子 2-5 四条 UAGMC 曲线,需核对同物理/guard/轨迹；解析值为交接参考，非本次独立复算
exp13,S3__W_VALUE_CONTROLLABLE,S3,W_VALUE_CONTROLLABLE,4,500000,170.5,141.61444444444444,7.164444444444445,20.77777777777778,1.0,True,3,3,0.0,0.0,0.0,0.0,exp13_single_priority_69p6m__analysis_snapshot_20260928.tar.gz!P1/seed4/S3__W_VALUE_CONTROLLABLE/analysis/checkpoint_curve.csv,MPTC,85.33,项目交接参考；当前归档未找到原始 S 阶段解析 CSV,UAGMC_SOURCE passenger-only + LQ,84.19,128.76,exp11 同包曲线；训练种子 1；评估种子 123-125；本矩阵另有种子 2-5 四条 UAGMC 曲线,需核对同物理/guard/轨迹；解析值为交接参考，非本次独立复算
exp13,S3__W_VALUE_CONTROLLABLE,S3,W_VALUE_CONTROLLABLE,4,550000,165.06,135.92222222222222,7.264444444444444,20.933333333333334,1.0,True,3,3,0.0,0.0,0.0,0.0,exp13_single_priority_69p6m__analysis_snapshot_20260928.tar.gz!P1/seed4/S3__W_VALUE_CONTROLLABLE/analysis/checkpoint_curve.csv,MPTC,85.33,项目交接参考；当前归档未找到原始 S 阶段解析 CSV,UAGMC_SOURCE passenger-only + LQ,84.19,128.76,exp11 同包曲线；训练种子 1；评估种子 123-125；本矩阵另有种子 2-5 四条 UAGMC 曲线,需核对同物理/guard/轨迹；解析值为交接参考，非本次独立复算
exp13,S3__W_VALUE_CONTROLLABLE,S3,W_VALUE_CONTROLLABLE,4,600000,138.68999999999997,109.88444444444444,7.19,20.680000000000003,1.0,True,3,3,0.0,0.0,0.0,0.0,exp13_single_priority_69p6m__analysis_snapshot_20260928.tar.gz!P1/seed4/S3__W_VALUE_CONTROLLABLE/analysis/checkpoint_curve.csv,MPTC,85.33,项目交接参考；当前归档未找到原始 S 阶段解析 CSV,UAGMC_SOURCE passenger-only + LQ,84.19,128.76,exp11 同包曲线；训练种子 1；评估种子 123-125；本矩阵另有种子 2-5 四条 UAGMC 曲线,需核对同物理/guard/轨迹；解析值为交接参考，非本次独立复算
exp13,S3__W_VALUE_CONTROLLABLE,S3,W_VALUE_CONTROLLABLE,5,50000,222.4677777777778,189.92444444444445,8.556666666666667,23.0,1.0,True,3,3,0.0,0.0,0.0,0.0,exp13_single_priority_69p6m__analysis_snapshot_20260928.tar.gz!P1/seed5/S3__W_VALUE_CONTROLLABLE/analysis/checkpoint_curve.csv,MPTC,85.33,项目交接参考；当前归档未找到原始 S 阶段解析 CSV,UAGMC_SOURCE passenger-only + LQ,84.19,128.76,exp11 同包曲线；训练种子 1；评估种子 123-125；本矩阵另有种子 2-5 四条 UAGMC 曲线,需核对同物理/guard/轨迹；解析值为交接参考，非本次独立复算
exp13,S3__W_VALUE_CONTROLLABLE,S3,W_VALUE_CONTROLLABLE,5,100000,203.98333333333332,172.28111111111113,8.232222222222221,22.484444444444446,1.0,True,3,3,0.0,0.0,0.0,0.0,exp13_single_priority_69p6m__analysis_snapshot_20260928.tar.gz!P1/seed5/S3__W_VALUE_CONTROLLABLE/analysis/checkpoint_curve.csv,MPTC,85.33,项目交接参考；当前归档未找到原始 S 阶段解析 CSV,UAGMC_SOURCE passenger-only + LQ,84.19,128.76,exp11 同包曲线；训练种子 1；评估种子 123-125；本矩阵另有种子 2-5 四条 UAGMC 曲线,需核对同物理/guard/轨迹；解析值为交接参考，非本次独立复算
exp13,S3__W_VALUE_CONTROLLABLE,S3,W_VALUE_CONTROLLABLE,5,150000,207.86111111111111,176.4388888888889,8.113333333333335,22.333333333333332,1.0,True,3,3,0.0,0.0,0.0,0.0,exp13_single_priority_69p6m__analysis_snapshot_20260928.tar.gz!P1/seed5/S3__W_VALUE_CONTROLLABLE/analysis/checkpoint_curve.csv,MPTC,85.33,项目交接参考；当前归档未找到原始 S 阶段解析 CSV,UAGMC_SOURCE passenger-only + LQ,84.19,128.76,exp11 同包曲线；训练种子 1；评估种子 123-125；本矩阵另有种子 2-5 四条 UAGMC 曲线,需核对同物理/guard/轨迹；解析值为交接参考，非本次独立复算
exp13,S3__W_VALUE_CONTROLLABLE,S3,W_VALUE_CONTROLLABLE,5,200000,199.99222222222224,168.71444444444444,8.064444444444446,22.24,1.0,True,3,3,0.0,0.0,0.0,0.0,exp13_single_priority_69p6m__analysis_snapshot_20260928.tar.gz!P1/seed5/S3__W_VALUE_CONTROLLABLE/analysis/checkpoint_curve.csv,MPTC,85.33,项目交接参考；当前归档未找到原始 S 阶段解析 CSV,UAGMC_SOURCE passenger-only + LQ,84.19,128.76,exp11 同包曲线；训练种子 1；评估种子 123-125；本矩阵另有种子 2-5 四条 UAGMC 曲线,需核对同物理/guard/轨迹；解析值为交接参考，非本次独立复算
exp13,S3__W_VALUE_CONTROLLABLE,S3,W_VALUE_CONTROLLABLE,5,250000,226.92222222222222,194.45111111111112,8.525555555555556,22.959999999999997,1.0,True,3,3,0.0,0.0,0.0,0.0,exp13_single_priority_69p6m__analysis_snapshot_20260928.tar.gz!P1/seed5/S3__W_VALUE_CONTROLLABLE/analysis/checkpoint_curve.csv,MPTC,85.33,项目交接参考；当前归档未找到原始 S 阶段解析 CSV,UAGMC_SOURCE passenger-only + LQ,84.19,128.76,exp11 同包曲线；训练种子 1；评估种子 123-125；本矩阵另有种子 2-5 四条 UAGMC 曲线,需核对同物理/guard/轨迹；解析值为交接参考，非本次独立复算
exp13,S3__W_VALUE_CONTROLLABLE,S3,W_VALUE_CONTROLLABLE,5,300000,201.6933333333333,170.1977777777778,8.136666666666665,22.386666666666667,1.0,True,3,3,0.0,0.0,0.0,0.0,exp13_single_priority_69p6m__analysis_snapshot_20260928.tar.gz!P1/seed5/S3__W_VALUE_CONTROLLABLE/analysis/checkpoint_curve.csv,MPTC,85.33,项目交接参考；当前归档未找到原始 S 阶段解析 CSV,UAGMC_SOURCE passenger-only + LQ,84.19,128.76,exp11 同包曲线；训练种子 1；评估种子 123-125；本矩阵另有种子 2-5 四条 UAGMC 曲线,需核对同物理/guard/轨迹；解析值为交接参考，非本次独立复算
exp13,S3__W_VALUE_CONTROLLABLE,S3,W_VALUE_CONTROLLABLE,5,350000,203.97222222222226,172.61555555555557,8.152222222222223,22.226666666666663,1.0,True,3,3,0.0,0.0,0.0,0.0,exp13_single_priority_69p6m__analysis_snapshot_20260928.tar.gz!P1/seed5/S3__W_VALUE_CONTROLLABLE/analysis/checkpoint_curve.csv,MPTC,85.33,项目交接参考；当前归档未找到原始 S 阶段解析 CSV,UAGMC_SOURCE passenger-only + LQ,84.19,128.76,exp11 同包曲线；训练种子 1；评估种子 123-125；本矩阵另有种子 2-5 四条 UAGMC 曲线,需核对同物理/guard/轨迹；解析值为交接参考，非本次独立复算
exp13,S3__W_VALUE_CONTROLLABLE,S3,W_VALUE_CONTROLLABLE,5,400000,164.93333333333334,134.56444444444443,7.862222222222222,21.537777777777777,1.0,True,3,3,0.0,0.0,0.0,0.0,exp13_single_priority_69p6m__analysis_snapshot_20260928.tar.gz!P1/seed5/S3__W_VALUE_CONTROLLABLE/analysis/checkpoint_curve.csv,MPTC,85.33,项目交接参考；当前归档未找到原始 S 阶段解析 CSV,UAGMC_SOURCE passenger-only + LQ,84.19,128.76,exp11 同包曲线；训练种子 1；评估种子 123-125；本矩阵另有种子 2-5 四条 UAGMC 曲线,需核对同物理/guard/轨迹；解析值为交接参考，非本次独立复算
exp13,S3__W_VALUE_CONTROLLABLE,S3,W_VALUE_CONTROLLABLE,5,450000,183.26,152.71888888888887,7.890000000000001,21.675555555555558,1.0,True,3,3,0.0,0.0,0.0,0.0,exp13_single_priority_69p6m__analysis_snapshot_20260928.tar.gz!P1/seed5/S3__W_VALUE_CONTROLLABLE/analysis/checkpoint_curve.csv,MPTC,85.33,项目交接参考；当前归档未找到原始 S 阶段解析 CSV,UAGMC_SOURCE passenger-only + LQ,84.19,128.76,exp11 同包曲线；训练种子 1；评估种子 123-125；本矩阵另有种子 2-5 四条 UAGMC 曲线,需核对同物理/guard/轨迹；解析值为交接参考，非本次独立复算
exp13,S3__W_VALUE_CONTROLLABLE,S3,W_VALUE_CONTROLLABLE,5,500000,197.20000000000002,167.44555555555556,7.535555555555557,21.27111111111111,1.0,True,3,3,0.0,0.0,0.0,0.0,exp13_single_priority_69p6m__analysis_snapshot_20260928.tar.gz!P1/seed5/S3__W_VALUE_CONTROLLABLE/analysis/checkpoint_curve.csv,MPTC,85.33,项目交接参考；当前归档未找到原始 S 阶段解析 CSV,UAGMC_SOURCE passenger-only + LQ,84.19,128.76,exp11 同包曲线；训练种子 1；评估种子 123-125；本矩阵另有种子 2-5 四条 UAGMC 曲线,需核对同物理/guard/轨迹；解析值为交接参考，非本次独立复算
exp13,S3__W_VALUE_CONTROLLABLE,S3,W_VALUE_CONTROLLABLE,5,550000,154.39333333333335,125.38111111111111,7.293333333333334,20.74222222222222,1.0,True,3,3,0.0,0.0,0.0,0.0,exp13_single_priority_69p6m__analysis_snapshot_20260928.tar.gz!P1/seed5/S3__W_VALUE_CONTROLLABLE/analysis/checkpoint_curve.csv,MPTC,85.33,项目交接参考；当前归档未找到原始 S 阶段解析 CSV,UAGMC_SOURCE passenger-only + LQ,84.19,128.76,exp11 同包曲线；训练种子 1；评估种子 123-125；本矩阵另有种子 2-5 四条 UAGMC 曲线,需核对同物理/guard/轨迹；解析值为交接参考，非本次独立复算
exp13,S3__W_VALUE_CONTROLLABLE,S3,W_VALUE_CONTROLLABLE,5,600000,127.33444444444444,98.80333333333334,7.012222222222223,20.53777777777778,1.0,True,3,3,0.0,0.0,0.0,0.0,exp13_single_priority_69p6m__analysis_snapshot_20260928.tar.gz!P1/seed5/S3__W_VALUE_CONTROLLABLE/analysis/checkpoint_curve.csv,MPTC,85.33,项目交接参考；当前归档未找到原始 S 阶段解析 CSV,UAGMC_SOURCE passenger-only + LQ,84.19,128.76,exp11 同包曲线；训练种子 1；评估种子 123-125；本矩阵另有种子 2-5 四条 UAGMC 曲线,需核对同物理/guard/轨迹；解析值为交接参考，非本次独立复算
