experiment,cell,env,method,train_seed,step,att_min,awt_min,agt_min,aft_min,completion_rate,full_completion,n_eval_seeds,n_valid,passenger_v0_share,passenger_v1_share,aircraft_v0_share,aircraft_v1_share,source,analytic_baseline,analytic_att_min,analytic_evidence,uagmc_baseline,uagmc_best_att_min,uagmc_final_att_min,uagmc_evidence,baseline_comparability_note
exp10,J0__A_COMA_AC,J0,A_COMA_AC,1,50000,210.51222222222222,178.0511111111111,8.520000000000001,22.959999999999997,1.0,True,3,3,0.9957486592764179,0.004251340723582112,0.813503137338433,0.18649686266156693,exp10_jointfirst_v5_60m__analysis_full.zip!RUN/J0__A_COMA_AC/analysis/checkpoint_curve.csv,MPTC,85.33,项目交接参考；当前归档未找到原始 S 阶段解析 CSV,UAGMC_SOURCE passenger-only + LQ,84.19,128.76,exp11 同包曲线；训练种子 1；评估种子 123-125,Joint 与 passenger-only 控制权不同；跨矩阵训练实现/guard 未必完全锁定
exp10,J0__A_COMA_AC,J0,A_COMA_AC,1,100000,120.64999999999999,91.52555555555556,7.122222222222223,21.017777777777777,1.0,True,3,3,0.6284673777740287,0.3715326222259712,0.6646282475801284,0.33537175241987155,exp10_jointfirst_v5_60m__analysis_full.zip!RUN/J0__A_COMA_AC/analysis/checkpoint_curve.csv,MPTC,85.33,项目交接参考；当前归档未找到原始 S 阶段解析 CSV,UAGMC_SOURCE passenger-only + LQ,84.19,128.76,exp11 同包曲线；训练种子 1；评估种子 123-125,Joint 与 passenger-only 控制权不同；跨矩阵训练实现/guard 未必完全锁定
exp10,J0__A_COMA_AC,J0,A_COMA_AC,1,150000,114.17444444444443,86.11666666666666,6.886666666666667,20.244444444444444,1.0,True,3,3,0.4628200527571597,0.5371799472428403,0.4784288576741407,0.5215711423258593,exp10_jointfirst_v5_60m__analysis_full.zip!RUN/J0__A_COMA_AC/analysis/checkpoint_curve.csv,MPTC,85.33,项目交接参考；当前归档未找到原始 S 阶段解析 CSV,UAGMC_SOURCE passenger-only + LQ,84.19,128.76,exp11 同包曲线；训练种子 1；评估种子 123-125,Joint 与 passenger-only 控制权不同；跨矩阵训练实现/guard 未必完全锁定
exp10,J0__A_COMA_AC,J0,A_COMA_AC,1,200000,101.52444444444446,74.18888888888888,6.601111111111112,19.8,1.0,True,3,3,0.45917564492024576,0.5408243550797542,0.458357508685219,0.5416424913147809,exp10_jointfirst_v5_60m__analysis_full.zip!RUN/J0__A_COMA_AC/analysis/checkpoint_curve.csv,MPTC,85.33,项目交接参考；当前归档未找到原始 S 阶段解析 CSV,UAGMC_SOURCE passenger-only + LQ,84.19,128.76,exp11 同包曲线；训练种子 1；评估种子 123-125,Joint 与 passenger-only 控制权不同；跨矩阵训练实现/guard 未必完全锁定
exp10,J0__A_COMA_AC,J0,A_COMA_AC,1,250000,120.92333333333333,92.29888888888888,6.834444444444444,20.835555555555555,1.0,True,3,3,0.56909020078298,0.43090979921701994,0.27978981978057355,0.7202101802194264,exp10_jointfirst_v5_60m__analysis_full.zip!RUN/J0__A_COMA_AC/analysis/checkpoint_curve.csv,MPTC,85.33,项目交接参考；当前归档未找到原始 S 阶段解析 CSV,UAGMC_SOURCE passenger-only + LQ,84.19,128.76,exp11 同包曲线；训练种子 1；评估种子 123-125,Joint 与 passenger-only 控制权不同；跨矩阵训练实现/guard 未必完全锁定
exp10,J0__A_COMA_AC,J0,A_COMA_AC,1,300000,124.77,95.79888888888888,7.025555555555556,20.99111111111111,1.0,True,3,3,0.6586141081456244,0.3413858918543757,0.27318166761309864,0.7268183323869014,exp10_jointfirst_v5_60m__analysis_full.zip!RUN/J0__A_COMA_AC/analysis/checkpoint_curve.csv,MPTC,85.33,项目交接参考；当前归档未找到原始 S 阶段解析 CSV,UAGMC_SOURCE passenger-only + LQ,84.19,128.76,exp11 同包曲线；训练种子 1；评估种子 123-125,Joint 与 passenger-only 控制权不同；跨矩阵训练实现/guard 未必完全锁定
exp10,J0__A_COMA_AC,J0,A_COMA_AC,1,350000,120.96111111111111,91.78555555555556,7.176666666666667,21.048888888888886,1.0,True,3,3,0.5173670830597906,0.48263291694020943,0.35270432540634594,0.6472956745936541,exp10_jointfirst_v5_60m__analysis_full.zip!RUN/J0__A_COMA_AC/analysis/checkpoint_curve.csv,MPTC,85.33,项目交接参考；当前归档未找到原始 S 阶段解析 CSV,UAGMC_SOURCE passenger-only + LQ,84.19,128.76,exp11 同包曲线；训练种子 1；评估种子 123-125,Joint 与 passenger-only 控制权不同；跨矩阵训练实现/guard 未必完全锁定
exp10,J0__A_COMA_AC,J0,A_COMA_AC,1,400000,129.39666666666665,100.33111111111111,7.161111111111111,20.955555555555552,1.0,True,3,3,0.5713722391923084,0.4286277608076916,0.25305567174079285,0.7469443282592071,exp10_jointfirst_v5_60m__analysis_full.zip!RUN/J0__A_COMA_AC/analysis/checkpoint_curve.csv,MPTC,85.33,项目交接参考；当前归档未找到原始 S 阶段解析 CSV,UAGMC_SOURCE passenger-only + LQ,84.19,128.76,exp11 同包曲线；训练种子 1；评估种子 123-125,Joint 与 passenger-only 控制权不同；跨矩阵训练实现/guard 未必完全锁定
exp10,J0__A_COMA_AC,J0,A_COMA_AC,1,450000,124.51444444444445,94.98222222222222,7.283333333333334,21.293333333333333,1.0,True,3,3,0.5267968479320885,0.4732031520679116,0.3017116576437447,0.6982883423562553,exp10_jointfirst_v5_60m__analysis_full.zip!RUN/J0__A_COMA_AC/analysis/checkpoint_curve.csv,MPTC,85.33,项目交接参考；当前归档未找到原始 S 阶段解析 CSV,UAGMC_SOURCE passenger-only + LQ,84.19,128.76,exp11 同包曲线；训练种子 1；评估种子 123-125,Joint 与 passenger-only 控制权不同；跨矩阵训练实现/guard 未必完全锁定
exp10,J0__A_COMA_AC,J0,A_COMA_AC,1,500000,153.31555555555556,122.57222222222224,7.768888888888888,22.044444444444448,1.0,True,3,3,0.8230438387103414,0.1769561612896586,0.21369752972064826,0.7863024702793519,exp10_jointfirst_v5_60m__analysis_full.zip!RUN/J0__A_COMA_AC/analysis/checkpoint_curve.csv,MPTC,85.33,项目交接参考；当前归档未找到原始 S 阶段解析 CSV,UAGMC_SOURCE passenger-only + LQ,84.19,128.76,exp11 同包曲线；训练种子 1；评估种子 123-125,Joint 与 passenger-only 控制权不同；跨矩阵训练实现/guard 未必完全锁定
exp10,J0__A_COMA_AC,J0,A_COMA_AC,1,550000,146.5111111111111,115.64777777777778,7.895555555555556,22.031111111111112,1.0,True,3,3,0.8238526422921808,0.17614735770781928,0.21079303896672263,0.7892069610332774,exp10_jointfirst_v5_60m__analysis_full.zip!RUN/J0__A_COMA_AC/analysis/checkpoint_curve.csv,MPTC,85.33,项目交接参考；当前归档未找到原始 S 阶段解析 CSV,UAGMC_SOURCE passenger-only + LQ,84.19,128.76,exp11 同包曲线；训练种子 1；评估种子 123-125,Joint 与 passenger-only 控制权不同；跨矩阵训练实现/guard 未必完全锁定
exp10,J0__A_COMA_AC,J0,A_COMA_AC,1,600000,135.22444444444446,104.50666666666666,7.8311111111111105,21.924444444444443,1.0,True,3,3,0.7504165385630222,0.24958346143697793,0.3195917588530135,0.6804082411469866,exp10_jointfirst_v5_60m__analysis_full.zip!RUN/J0__A_COMA_AC/analysis/checkpoint_curve.csv,MPTC,85.33,项目交接参考；当前归档未找到原始 S 阶段解析 CSV,UAGMC_SOURCE passenger-only + LQ,84.19,128.76,exp11 同包曲线；训练种子 1；评估种子 123-125,Joint 与 passenger-only 控制权不同；跨矩阵训练实现/guard 未必完全锁定
exp10,J0__A_DEEPMDP_AC,J0,A_DEEPMDP_AC,1,50000,194.82777777777778,164.61666666666667,7.734444444444445,21.53333333333333,1.0,True,3,3,0.7055721592575342,0.2944278407424658,0.9556631010078762,0.044336898992123695,exp10_jointfirst_v5_60m__analysis_full.zip!RUN/J0__A_DEEPMDP_AC/analysis/checkpoint_curve.csv,MPTC,85.33,项目交接参考；当前归档未找到原始 S 阶段解析 CSV,UAGMC_SOURCE passenger-only + LQ,84.19,128.76,exp11 同包曲线；训练种子 1；评估种子 123-125,Joint 与 passenger-only 控制权不同；跨矩阵训练实现/guard 未必完全锁定
exp10,J0__A_DEEPMDP_AC,J0,A_DEEPMDP_AC,1,100000,154.91666666666666,125.11333333333334,7.397777777777777,21.466666666666665,1.0,True,3,3,0.2933722645603451,0.706627735439655,0.2868086328661019,0.7131913671338981,exp10_jointfirst_v5_60m__analysis_full.zip!RUN/J0__A_DEEPMDP_AC/analysis/checkpoint_curve.csv,MPTC,85.33,项目交接参考；当前归档未找到原始 S 阶段解析 CSV,UAGMC_SOURCE passenger-only + LQ,84.19,128.76,exp11 同包曲线；训练种子 1；评估种子 123-125,Joint 与 passenger-only 控制权不同；跨矩阵训练实现/guard 未必完全锁定
exp10,J0__A_DEEPMDP_AC,J0,A_DEEPMDP_AC,1,150000,156.51777777777778,126.89555555555556,7.275555555555556,21.43111111111111,1.0,True,3,3,0.45948301374273637,0.5405169862572636,0.16201438949772964,0.8379856105022703,exp10_jointfirst_v5_60m__analysis_full.zip!RUN/J0__A_DEEPMDP_AC/analysis/checkpoint_curve.csv,MPTC,85.33,项目交接参考；当前归档未找到原始 S 阶段解析 CSV,UAGMC_SOURCE passenger-only + LQ,84.19,128.76,exp11 同包曲线；训练种子 1；评估种子 123-125,Joint 与 passenger-only 控制权不同；跨矩阵训练实现/guard 未必完全锁定
exp10,J0__A_DEEPMDP_AC,J0,A_DEEPMDP_AC,1,200000,151.21444444444444,121.33333333333333,7.336666666666667,21.626666666666665,1.0,True,3,3,0.5793148659297737,0.4206851340702264,0.5471800414835456,0.45281995851645446,exp10_jointfirst_v5_60m__analysis_full.zip!RUN/J0__A_DEEPMDP_AC/analysis/checkpoint_curve.csv,MPTC,85.33,项目交接参考；当前归档未找到原始 S 阶段解析 CSV,UAGMC_SOURCE passenger-only + LQ,84.19,128.76,exp11 同包曲线；训练种子 1；评估种子 123-125,Joint 与 passenger-only 控制权不同；跨矩阵训练实现/guard 未必完全锁定
exp10,J0__A_DEEPMDP_AC,J0,A_DEEPMDP_AC,1,250000,147.21222222222224,117.30888888888887,7.489999999999999,21.45777777777778,1.0,True,3,3,0.5751843505415707,0.42481564945842926,0.3934424442748881,0.6065575557251118,exp10_jointfirst_v5_60m__analysis_full.zip!RUN/J0__A_DEEPMDP_AC/analysis/checkpoint_curve.csv,MPTC,85.33,项目交接参考；当前归档未找到原始 S 阶段解析 CSV,UAGMC_SOURCE passenger-only + LQ,84.19,128.76,exp11 同包曲线；训练种子 1；评估种子 123-125,Joint 与 passenger-only 控制权不同；跨矩阵训练实现/guard 未必完全锁定
exp10,J0__A_DEEPMDP_AC,J0,A_DEEPMDP_AC,1,300000,137.70000000000002,107.85777777777777,7.447777777777778,21.426666666666666,1.0,True,3,3,0.6445591667989644,0.35544083320103564,0.5815622249029399,0.4184377750970601,exp10_jointfirst_v5_60m__analysis_full.zip!RUN/J0__A_DEEPMDP_AC/analysis/checkpoint_curve.csv,MPTC,85.33,项目交接参考；当前归档未找到原始 S 阶段解析 CSV,UAGMC_SOURCE passenger-only + LQ,84.19,128.76,exp11 同包曲线；训练种子 1；评估种子 123-125,Joint 与 passenger-only 控制权不同；跨矩阵训练实现/guard 未必完全锁定
exp10,J0__A_DEEPMDP_AC,J0,A_DEEPMDP_AC,1,350000,133.61444444444444,103.79666666666667,7.45,21.417777777777776,1.0,True,3,3,0.5841737371542873,0.4158262628457127,0.5780144727362236,0.4219855272637763,exp10_jointfirst_v5_60m__analysis_full.zip!RUN/J0__A_DEEPMDP_AC/analysis/checkpoint_curve.csv,MPTC,85.33,项目交接参考；当前归档未找到原始 S 阶段解析 CSV,UAGMC_SOURCE passenger-only + LQ,84.19,128.76,exp11 同包曲线；训练种子 1；评估种子 123-125,Joint 与 passenger-only 控制权不同；跨矩阵训练实现/guard 未必完全锁定
exp10,J0__A_DEEPMDP_AC,J0,A_DEEPMDP_AC,1,400000,127.05888888888889,97.58999999999999,7.253333333333333,21.275555555555556,1.0,True,3,3,0.5820444929275533,0.4179555070724466,0.49766641444162385,0.5023335855583762,exp10_jointfirst_v5_60m__analysis_full.zip!RUN/J0__A_DEEPMDP_AC/analysis/checkpoint_curve.csv,MPTC,85.33,项目交接参考；当前归档未找到原始 S 阶段解析 CSV,UAGMC_SOURCE passenger-only + LQ,84.19,128.76,exp11 同包曲线；训练种子 1；评估种子 123-125,Joint 与 passenger-only 控制权不同；跨矩阵训练实现/guard 未必完全锁定
exp10,J0__A_DEEPMDP_AC,J0,A_DEEPMDP_AC,1,450000,120.01666666666667,90.87,7.048888888888889,21.14222222222222,1.0,True,3,3,0.539413262768497,0.4605867372315031,0.4295277717647415,0.5704722282352584,exp10_jointfirst_v5_60m__analysis_full.zip!RUN/J0__A_DEEPMDP_AC/analysis/checkpoint_curve.csv,MPTC,85.33,项目交接参考；当前归档未找到原始 S 阶段解析 CSV,UAGMC_SOURCE passenger-only + LQ,84.19,128.76,exp11 同包曲线；训练种子 1；评估种子 123-125,Joint 与 passenger-only 控制权不同；跨矩阵训练实现/guard 未必完全锁定
exp10,J0__A_DEEPMDP_AC,J0,A_DEEPMDP_AC,1,500000,122.17222222222222,92.79444444444444,7.181111111111111,21.253333333333334,1.0,True,3,3,0.6522380478617045,0.34776195213829536,0.559497564019353,0.4405024359806469,exp10_jointfirst_v5_60m__analysis_full.zip!RUN/J0__A_DEEPMDP_AC/analysis/checkpoint_curve.csv,MPTC,85.33,项目交接参考；当前归档未找到原始 S 阶段解析 CSV,UAGMC_SOURCE passenger-only + LQ,84.19,128.76,exp11 同包曲线；训练种子 1；评估种子 123-125,Joint 与 passenger-only 控制权不同；跨矩阵训练实现/guard 未必完全锁定
exp10,J0__A_DEEPMDP_AC,J0,A_DEEPMDP_AC,1,550000,130.69222222222223,101.00444444444445,7.282222222222221,21.462222222222223,1.0,True,3,3,0.6660887029323657,0.33391129706763434,0.5637282183930449,0.43627178160695507,exp10_jointfirst_v5_60m__analysis_full.zip!RUN/J0__A_DEEPMDP_AC/analysis/checkpoint_curve.csv,MPTC,85.33,项目交接参考；当前归档未找到原始 S 阶段解析 CSV,UAGMC_SOURCE passenger-only + LQ,84.19,128.76,exp11 同包曲线；训练种子 1；评估种子 123-125,Joint 与 passenger-only 控制权不同；跨矩阵训练实现/guard 未必完全锁定
exp10,J0__A_DEEPMDP_AC,J0,A_DEEPMDP_AC,1,600000,147.75777777777776,118.05777777777779,7.325555555555556,21.413333333333338,1.0,True,3,3,0.6417954462121308,0.35820455378786914,0.6079040560489778,0.39209594395102226,exp10_jointfirst_v5_60m__analysis_full.zip!RUN/J0__A_DEEPMDP_AC/analysis/checkpoint_curve.csv,MPTC,85.33,项目交接参考；当前归档未找到原始 S 阶段解析 CSV,UAGMC_SOURCE passenger-only + LQ,84.19,128.76,exp11 同包曲线；训练种子 1；评估种子 123-125,Joint 与 passenger-only 控制权不同；跨矩阵训练实现/guard 未必完全锁定
exp10,J0__A_DIRECT_CQM,J0,A_DIRECT_CQM,1,50000,159.68666666666667,130.70888888888888,7.045555555555556,20.995555555555555,1.0,True,3,3,0.6013538282411307,0.39864617175886935,0.897278419922717,0.10272158007728309,exp10_jointfirst_v5_60m__analysis_full.zip!RUN/J0__A_DIRECT_CQM/analysis/checkpoint_curve.csv,MPTC,85.33,项目交接参考；当前归档未找到原始 S 阶段解析 CSV,UAGMC_SOURCE passenger-only + LQ,84.19,128.76,exp11 同包曲线；训练种子 1；评估种子 123-125,Joint 与 passenger-only 控制权不同；跨矩阵训练实现/guard 未必完全锁定
exp10,J0__A_DIRECT_CQM,J0,A_DIRECT_CQM,1,100000,223.5588888888889,191.67888888888888,8.31,22.608888888888888,1.0,True,3,3,0.5226161767262818,0.47738382327371826,0.29875691777287267,0.7012430822271273,exp10_jointfirst_v5_60m__analysis_full.zip!RUN/J0__A_DIRECT_CQM/analysis/checkpoint_curve.csv,MPTC,85.33,项目交接参考；当前归档未找到原始 S 阶段解析 CSV,UAGMC_SOURCE passenger-only + LQ,84.19,128.76,exp11 同包曲线；训练种子 1；评估种子 123-125,Joint 与 passenger-only 控制权不同；跨矩阵训练实现/guard 未必完全锁定
exp10,J0__A_DIRECT_CQM,J0,A_DIRECT_CQM,1,150000,151.9988888888889,122.28000000000002,7.154444444444445,21.608888888888888,1.0,True,3,3,0.6406502489098561,0.35934975109014394,0.6858890178153901,0.31411098218460987,exp10_jointfirst_v5_60m__analysis_full.zip!RUN/J0__A_DIRECT_CQM/analysis/checkpoint_curve.csv,MPTC,85.33,项目交接参考；当前归档未找到原始 S 阶段解析 CSV,UAGMC_SOURCE passenger-only + LQ,84.19,128.76,exp11 同包曲线；训练种子 1；评估种子 123-125,Joint 与 passenger-only 控制权不同；跨矩阵训练实现/guard 未必完全锁定
exp10,J0__A_DIRECT_CQM,J0,A_DIRECT_CQM,1,200000,147.54777777777778,117.30999999999999,7.510000000000001,21.76,1.0,True,3,3,0.4912053103735374,0.5087946896264627,0.39060070745353775,0.6093992925464623,exp10_jointfirst_v5_60m__analysis_full.zip!RUN/J0__A_DIRECT_CQM/analysis/checkpoint_curve.csv,MPTC,85.33,项目交接参考；当前归档未找到原始 S 阶段解析 CSV,UAGMC_SOURCE passenger-only + LQ,84.19,128.76,exp11 同包曲线；训练种子 1；评估种子 123-125,Joint 与 passenger-only 控制权不同；跨矩阵训练实现/guard 未必完全锁定
exp10,J0__A_DIRECT_CQM,J0,A_DIRECT_CQM,1,250000,167.42888888888888,137.72555555555556,7.562222222222221,21.177777777777777,1.0,True,3,3,0.6353469471425296,0.3646530528574703,0.5446144256220955,0.4553855743779045,exp10_jointfirst_v5_60m__analysis_full.zip!RUN/J0__A_DIRECT_CQM/analysis/checkpoint_curve.csv,MPTC,85.33,项目交接参考；当前归档未找到原始 S 阶段解析 CSV,UAGMC_SOURCE passenger-only + LQ,84.19,128.76,exp11 同包曲线；训练种子 1；评估种子 123-125,Joint 与 passenger-only 控制权不同；跨矩阵训练实现/guard 未必完全锁定
exp10,J0__A_DIRECT_CQM,J0,A_DIRECT_CQM,1,300000,186.15,155.79888888888888,7.948888888888889,21.42222222222222,1.0,True,3,3,0.6573526536569875,0.34264734634301247,0.5211211992337947,0.47887880076620526,exp10_jointfirst_v5_60m__analysis_full.zip!RUN/J0__A_DIRECT_CQM/analysis/checkpoint_curve.csv,MPTC,85.33,项目交接参考；当前归档未找到原始 S 阶段解析 CSV,UAGMC_SOURCE passenger-only + LQ,84.19,128.76,exp11 同包曲线；训练种子 1；评估种子 123-125,Joint 与 passenger-only 控制权不同；跨矩阵训练实现/guard 未必完全锁定
exp10,J0__A_DIRECT_CQM,J0,A_DIRECT_CQM,1,350000,156.56000000000003,126.46,7.657777777777778,21.46666666666667,1.0,True,3,3,0.7008754242640144,0.2991245757359858,0.5756287397468248,0.42437126025317523,exp10_jointfirst_v5_60m__analysis_full.zip!RUN/J0__A_DIRECT_CQM/analysis/checkpoint_curve.csv,MPTC,85.33,项目交接参考；当前归档未找到原始 S 阶段解析 CSV,UAGMC_SOURCE passenger-only + LQ,84.19,128.76,exp11 同包曲线；训练种子 1；评估种子 123-125,Joint 与 passenger-only 控制权不同；跨矩阵训练实现/guard 未必完全锁定
exp10,J0__A_DIRECT_CQM,J0,A_DIRECT_CQM,1,400000,136.75222222222223,106.67666666666666,7.817777777777778,21.28,1.0,True,3,3,0.5422633159475265,0.45773668405247353,0.4690374585111427,0.5309625414888574,exp10_jointfirst_v5_60m__analysis_full.zip!RUN/J0__A_DIRECT_CQM/analysis/checkpoint_curve.csv,MPTC,85.33,项目交接参考；当前归档未找到原始 S 阶段解析 CSV,UAGMC_SOURCE passenger-only + LQ,84.19,128.76,exp11 同包曲线；训练种子 1；评估种子 123-125,Joint 与 passenger-only 控制权不同；跨矩阵训练实现/guard 未必完全锁定
exp10,J0__A_DIRECT_CQM,J0,A_DIRECT_CQM,1,450000,131.87555555555556,101.86222222222223,7.886666666666667,21.15111111111111,1.0,True,3,3,0.4938592793647482,0.5061407206352518,0.46724773317561435,0.5327522668243857,exp10_jointfirst_v5_60m__analysis_full.zip!RUN/J0__A_DIRECT_CQM/analysis/checkpoint_curve.csv,MPTC,85.33,项目交接参考；当前归档未找到原始 S 阶段解析 CSV,UAGMC_SOURCE passenger-only + LQ,84.19,128.76,exp11 同包曲线；训练种子 1；评估种子 123-125,Joint 与 passenger-only 控制权不同；跨矩阵训练实现/guard 未必完全锁定
exp10,J0__A_DIRECT_CQM,J0,A_DIRECT_CQM,1,500000,122.03888888888889,92.16111111111111,7.78,21.137777777777778,1.0,True,3,3,0.5266075763775421,0.473392423622458,0.4298058322276594,0.5701941677723407,exp10_jointfirst_v5_60m__analysis_full.zip!RUN/J0__A_DIRECT_CQM/analysis/checkpoint_curve.csv,MPTC,85.33,项目交接参考；当前归档未找到原始 S 阶段解析 CSV,UAGMC_SOURCE passenger-only + LQ,84.19,128.76,exp11 同包曲线；训练种子 1；评估种子 123-125,Joint 与 passenger-only 控制权不同；跨矩阵训练实现/guard 未必完全锁定
exp10,J0__A_DIRECT_CQM,J0,A_DIRECT_CQM,1,550000,134.01444444444445,104.23666666666666,7.725555555555556,21.08888888888889,1.0,True,3,3,0.48957223861645294,0.5104277613835471,0.4613478118030892,0.5386521881969109,exp10_jointfirst_v5_60m__analysis_full.zip!RUN/J0__A_DIRECT_CQM/analysis/checkpoint_curve.csv,MPTC,85.33,项目交接参考；当前归档未找到原始 S 阶段解析 CSV,UAGMC_SOURCE passenger-only + LQ,84.19,128.76,exp11 同包曲线；训练种子 1；评估种子 123-125,Joint 与 passenger-only 控制权不同；跨矩阵训练实现/guard 未必完全锁定
exp10,J0__A_DIRECT_CQM,J0,A_DIRECT_CQM,1,600000,142.2388888888889,112.41777777777777,7.69,21.164444444444445,1.0,True,3,3,0.49622828279177833,0.5037717172082217,0.47842240714777784,0.5215775928522222,exp10_jointfirst_v5_60m__analysis_full.zip!RUN/J0__A_DIRECT_CQM/analysis/checkpoint_curve.csv,MPTC,85.33,项目交接参考；当前归档未找到原始 S 阶段解析 CSV,UAGMC_SOURCE passenger-only + LQ,84.19,128.76,exp11 同包曲线；训练种子 1；评估种子 123-125,Joint 与 passenger-only 控制权不同；跨矩阵训练实现/guard 未必完全锁定
exp10,J0__A_ICM_AC,J0,A_ICM_AC,1,50000,177.12666666666667,149.35444444444445,6.677777777777777,20.151111111111113,1.0,True,3,3,0.16331330499399763,0.8366866950060023,0.8632441139615565,0.1367558860384434,exp10_jointfirst_v5_60m__analysis_full.zip!RUN/J0__A_ICM_AC/analysis/checkpoint_curve.csv,MPTC,85.33,项目交接参考；当前归档未找到原始 S 阶段解析 CSV,UAGMC_SOURCE passenger-only + LQ,84.19,128.76,exp11 同包曲线；训练种子 1；评估种子 123-125,Joint 与 passenger-only 控制权不同；跨矩阵训练实现/guard 未必完全锁定
exp10,J0__A_ICM_AC,J0,A_ICM_AC,1,100000,145.5222222222222,116.2188888888889,7.305555555555556,21.084444444444443,1.0,True,3,3,0.41146171575442314,0.5885382842455769,0.7658033919649588,0.2341966080350412,exp10_jointfirst_v5_60m__analysis_full.zip!RUN/J0__A_ICM_AC/analysis/checkpoint_curve.csv,MPTC,85.33,项目交接参考；当前归档未找到原始 S 阶段解析 CSV,UAGMC_SOURCE passenger-only + LQ,84.19,128.76,exp11 同包曲线；训练种子 1；评估种子 123-125,Joint 与 passenger-only 控制权不同；跨矩阵训练实现/guard 未必完全锁定
exp10,J0__A_ICM_AC,J0,A_ICM_AC,1,150000,126.7,97.61444444444443,7.266666666666667,20.87111111111111,1.0,True,3,3,0.5941802237760906,0.40581977622390936,0.5936341956029306,0.4063658043970693,exp10_jointfirst_v5_60m__analysis_full.zip!RUN/J0__A_ICM_AC/analysis/checkpoint_curve.csv,MPTC,85.33,项目交接参考；当前归档未找到原始 S 阶段解析 CSV,UAGMC_SOURCE passenger-only + LQ,84.19,128.76,exp11 同包曲线；训练种子 1；评估种子 123-125,Joint 与 passenger-only 控制权不同；跨矩阵训练实现/guard 未必完全锁定
exp10,J0__A_ICM_AC,J0,A_ICM_AC,1,200000,124.75333333333333,95.13222222222224,7.463333333333334,21.186666666666667,1.0,True,3,3,0.5633003504692581,0.43669964953074186,0.42735577461536095,0.572644225384639,exp10_jointfirst_v5_60m__analysis_full.zip!RUN/J0__A_ICM_AC/analysis/checkpoint_curve.csv,MPTC,85.33,项目交接参考；当前归档未找到原始 S 阶段解析 CSV,UAGMC_SOURCE passenger-only + LQ,84.19,128.76,exp11 同包曲线；训练种子 1；评估种子 123-125,Joint 与 passenger-only 控制权不同；跨矩阵训练实现/guard 未必完全锁定
exp10,J0__A_ICM_AC,J0,A_ICM_AC,1,250000,120.03333333333335,91.12333333333333,7.147777777777777,20.835555555555555,1.0,True,3,3,0.421017233731289,0.5789827662687109,0.4396785359762516,0.5603214640237484,exp10_jointfirst_v5_60m__analysis_full.zip!RUN/J0__A_ICM_AC/analysis/checkpoint_curve.csv,MPTC,85.33,项目交接参考；当前归档未找到原始 S 阶段解析 CSV,UAGMC_SOURCE passenger-only + LQ,84.19,128.76,exp11 同包曲线；训练种子 1；评估种子 123-125,Joint 与 passenger-only 控制权不同；跨矩阵训练实现/guard 未必完全锁定
exp10,J0__A_ICM_AC,J0,A_ICM_AC,1,300000,112.81777777777778,83.7377777777778,7.234444444444445,20.91111111111111,1.0,True,3,3,0.3389366608685757,0.6610633391314242,0.27763417524910117,0.7223658247508987,exp10_jointfirst_v5_60m__analysis_full.zip!RUN/J0__A_ICM_AC/analysis/checkpoint_curve.csv,MPTC,85.33,项目交接参考；当前归档未找到原始 S 阶段解析 CSV,UAGMC_SOURCE passenger-only + LQ,84.19,128.76,exp11 同包曲线；训练种子 1；评估种子 123-125,Joint 与 passenger-only 控制权不同；跨矩阵训练实现/guard 未必完全锁定
exp10,J0__A_ICM_AC,J0,A_ICM_AC,1,350000,99.74777777777778,70.88111111111111,7.231111111111112,20.68,1.0,True,3,3,0.4298031360321379,0.5701968639678622,0.3414363053288259,0.658563694671174,exp10_jointfirst_v5_60m__analysis_full.zip!RUN/J0__A_ICM_AC/analysis/checkpoint_curve.csv,MPTC,85.33,项目交接参考；当前归档未找到原始 S 阶段解析 CSV,UAGMC_SOURCE passenger-only + LQ,84.19,128.76,exp11 同包曲线；训练种子 1；评估种子 123-125,Joint 与 passenger-only 控制权不同；跨矩阵训练实现/guard 未必完全锁定
exp10,J0__A_ICM_AC,J0,A_ICM_AC,1,400000,103.62,74.76333333333334,7.173333333333333,20.724444444444444,1.0,True,3,3,0.4893485435486003,0.5106514564513996,0.3430095207001292,0.6569904792998708,exp10_jointfirst_v5_60m__analysis_full.zip!RUN/J0__A_ICM_AC/analysis/checkpoint_curve.csv,MPTC,85.33,项目交接参考；当前归档未找到原始 S 阶段解析 CSV,UAGMC_SOURCE passenger-only + LQ,84.19,128.76,exp11 同包曲线；训练种子 1；评估种子 123-125,Joint 与 passenger-only 控制权不同；跨矩阵训练实现/guard 未必完全锁定
exp10,J0__A_ICM_AC,J0,A_ICM_AC,1,450000,108.49222222222222,79.76444444444445,7.091111111111111,20.697777777777777,1.0,True,3,3,0.4427731308571625,0.5572268691428375,0.3142032471615757,0.6857967528384243,exp10_jointfirst_v5_60m__analysis_full.zip!RUN/J0__A_ICM_AC/analysis/checkpoint_curve.csv,MPTC,85.33,项目交接参考；当前归档未找到原始 S 阶段解析 CSV,UAGMC_SOURCE passenger-only + LQ,84.19,128.76,exp11 同包曲线；训练种子 1；评估种子 123-125,Joint 与 passenger-only 控制权不同；跨矩阵训练实现/guard 未必完全锁定
exp10,J0__A_ICM_AC,J0,A_ICM_AC,1,500000,99.67555555555555,70.79666666666667,7.21,20.72888888888889,1.0,True,3,3,0.4018853473740294,0.5981146526259705,0.31279434568518555,0.6872056543148144,exp10_jointfirst_v5_60m__analysis_full.zip!RUN/J0__A_ICM_AC/analysis/checkpoint_curve.csv,MPTC,85.33,项目交接参考；当前归档未找到原始 S 阶段解析 CSV,UAGMC_SOURCE passenger-only + LQ,84.19,128.76,exp11 同包曲线；训练种子 1；评估种子 123-125,Joint 与 passenger-only 控制权不同；跨矩阵训练实现/guard 未必完全锁定
exp10,J0__A_ICM_AC,J0,A_ICM_AC,1,550000,100.17777777777779,71.34,7.13,20.768888888888885,1.0,True,3,3,0.4176028632550372,0.5823971367449629,0.3106797642852786,0.6893202357147215,exp10_jointfirst_v5_60m__analysis_full.zip!RUN/J0__A_ICM_AC/analysis/checkpoint_curve.csv,MPTC,85.33,项目交接参考；当前归档未找到原始 S 阶段解析 CSV,UAGMC_SOURCE passenger-only + LQ,84.19,128.76,exp11 同包曲线；训练种子 1；评估种子 123-125,Joint 与 passenger-only 控制权不同；跨矩阵训练实现/guard 未必完全锁定
exp10,J0__A_ICM_AC,J0,A_ICM_AC,1,600000,106.42,77.84777777777778,6.914444444444444,20.71111111111111,1.0,True,3,3,0.4372810220276859,0.5627189779723142,0.31008536789000113,0.6899146321099988,exp10_jointfirst_v5_60m__analysis_full.zip!RUN/J0__A_ICM_AC/analysis/checkpoint_curve.csv,MPTC,85.33,项目交接参考；当前归档未找到原始 S 阶段解析 CSV,UAGMC_SOURCE passenger-only + LQ,84.19,128.76,exp11 同包曲线；训练种子 1；评估种子 123-125,Joint 与 passenger-only 控制权不同；跨矩阵训练实现/guard 未必完全锁定
exp10,J0__CURRENT,J0,CURRENT,1,50000,204.17,175.7111111111111,7.282222222222223,20.275555555555556,1.0,True,3,3,0.5141781569411177,0.4858218430588823,0.9340956067207191,0.0659043932792809,exp10_jointfirst_v5_60m__analysis_full.zip!RUN/J0__CURRENT/analysis/checkpoint_curve.csv,MPTC,85.33,项目交接参考；当前归档未找到原始 S 阶段解析 CSV,UAGMC_SOURCE passenger-only + LQ,84.19,128.76,exp11 同包曲线；训练种子 1；评估种子 123-125,Joint 与 passenger-only 控制权不同；跨矩阵训练实现/guard 未必完全锁定
exp10,J0__CURRENT,J0,CURRENT,1,100000,247.57333333333335,217.0388888888889,8.034444444444444,21.52,1.0,True,3,3,0.8194380971765273,0.18056190282347273,0.5021763665388481,0.4978236334611519,exp10_jointfirst_v5_60m__analysis_full.zip!RUN/J0__CURRENT/analysis/checkpoint_curve.csv,MPTC,85.33,项目交接参考；当前归档未找到原始 S 阶段解析 CSV,UAGMC_SOURCE passenger-only + LQ,84.19,128.76,exp11 同包曲线；训练种子 1；评估种子 123-125,Joint 与 passenger-only 控制权不同；跨矩阵训练实现/guard 未必完全锁定
exp10,J0__CURRENT,J0,CURRENT,1,150000,290.5,261.31333333333333,7.404444444444445,20.813333333333333,1.0,True,3,3,0.5299147682877875,0.47008523171221256,0.3240015161149418,0.6759984838850581,exp10_jointfirst_v5_60m__analysis_full.zip!RUN/J0__CURRENT/analysis/checkpoint_curve.csv,MPTC,85.33,项目交接参考；当前归档未找到原始 S 阶段解析 CSV,UAGMC_SOURCE passenger-only + LQ,84.19,128.76,exp11 同包曲线；训练种子 1；评估种子 123-125,Joint 与 passenger-only 控制权不同；跨矩阵训练实现/guard 未必完全锁定
exp10,J0__CURRENT,J0,CURRENT,1,200000,149.42777777777778,119.50555555555555,7.683333333333334,21.275555555555556,1.0,True,3,3,0.587262366105615,0.4127376338943851,0.5929243330132633,0.40707566698673664,exp10_jointfirst_v5_60m__analysis_full.zip!RUN/J0__CURRENT/analysis/checkpoint_curve.csv,MPTC,85.33,项目交接参考；当前归档未找到原始 S 阶段解析 CSV,UAGMC_SOURCE passenger-only + LQ,84.19,128.76,exp11 同包曲线；训练种子 1；评估种子 123-125,Joint 与 passenger-only 控制权不同；跨矩阵训练实现/guard 未必完全锁定
exp10,J0__CURRENT,J0,CURRENT,1,250000,129.31222222222223,99.94111111111111,7.361111111111112,21.044444444444448,1.0,True,3,3,0.30670760298994953,0.6932923970100505,0.5689568751432629,0.4310431248567372,exp10_jointfirst_v5_60m__analysis_full.zip!RUN/J0__CURRENT/analysis/checkpoint_curve.csv,MPTC,85.33,项目交接参考；当前归档未找到原始 S 阶段解析 CSV,UAGMC_SOURCE passenger-only + LQ,84.19,128.76,exp11 同包曲线；训练种子 1；评估种子 123-125,Joint 与 passenger-only 控制权不同；跨矩阵训练实现/guard 未必完全锁定
exp10,J0__CURRENT,J0,CURRENT,1,300000,123.50444444444445,94.32,7.26111111111111,20.95555555555556,1.0,True,3,3,0.2993784920096252,0.7006215079903749,0.4990157097426482,0.5009842902573518,exp10_jointfirst_v5_60m__analysis_full.zip!RUN/J0__CURRENT/analysis/checkpoint_curve.csv,MPTC,85.33,项目交接参考；当前归档未找到原始 S 阶段解析 CSV,UAGMC_SOURCE passenger-only + LQ,84.19,128.76,exp11 同包曲线；训练种子 1；评估种子 123-125,Joint 与 passenger-only 控制权不同；跨矩阵训练实现/guard 未必完全锁定
exp10,J0__CURRENT,J0,CURRENT,1,350000,111.11222222222223,82.19888888888889,7.076666666666665,20.85777777777778,1.0,True,3,3,0.35396817776924355,0.6460318222307565,0.4409645880338598,0.5590354119661401,exp10_jointfirst_v5_60m__analysis_full.zip!RUN/J0__CURRENT/analysis/checkpoint_curve.csv,MPTC,85.33,项目交接参考；当前归档未找到原始 S 阶段解析 CSV,UAGMC_SOURCE passenger-only + LQ,84.19,128.76,exp11 同包曲线；训练种子 1；评估种子 123-125,Joint 与 passenger-only 控制权不同；跨矩阵训练实现/guard 未必完全锁定
exp10,J0__CURRENT,J0,CURRENT,1,400000,105.71555555555555,77.24222222222222,6.858888888888889,20.64,1.0,True,3,3,0.35669572902090074,0.6433042709790993,0.37080615824327195,0.6291938417567281,exp10_jointfirst_v5_60m__analysis_full.zip!RUN/J0__CURRENT/analysis/checkpoint_curve.csv,MPTC,85.33,项目交接参考；当前归档未找到原始 S 阶段解析 CSV,UAGMC_SOURCE passenger-only + LQ,84.19,128.76,exp11 同包曲线；训练种子 1；评估种子 123-125,Joint 与 passenger-only 控制权不同；跨矩阵训练实现/guard 未必完全锁定
exp10,J0__CURRENT,J0,CURRENT,1,450000,112.17222222222222,83.8288888888889,6.874444444444445,20.51111111111111,1.0,True,3,3,0.34307029772873904,0.6569297022712609,0.36725790681169784,0.632742093188302,exp10_jointfirst_v5_60m__analysis_full.zip!RUN/J0__CURRENT/analysis/checkpoint_curve.csv,MPTC,85.33,项目交接参考；当前归档未找到原始 S 阶段解析 CSV,UAGMC_SOURCE passenger-only + LQ,84.19,128.76,exp11 同包曲线；训练种子 1；评估种子 123-125,Joint 与 passenger-only 控制权不同；跨矩阵训练实现/guard 未必完全锁定
exp10,J0__CURRENT,J0,CURRENT,1,500000,108.40777777777778,80.13444444444444,6.822222222222223,20.48,1.0,True,3,3,0.2750488864670422,0.7249511135329577,0.4015640030340079,0.5984359969659921,exp10_jointfirst_v5_60m__analysis_full.zip!RUN/J0__CURRENT/analysis/checkpoint_curve.csv,MPTC,85.33,项目交接参考；当前归档未找到原始 S 阶段解析 CSV,UAGMC_SOURCE passenger-only + LQ,84.19,128.76,exp11 同包曲线；训练种子 1；评估种子 123-125,Joint 与 passenger-only 控制权不同；跨矩阵训练实现/guard 未必完全锁定
exp10,J0__CURRENT,J0,CURRENT,1,550000,114.62111111111112,86.64999999999999,6.6688888888888895,20.333333333333332,1.0,True,3,3,0.24741539320598468,0.7525846067940153,0.39302335472362127,0.6069766452763788,exp10_jointfirst_v5_60m__analysis_full.zip!RUN/J0__CURRENT/analysis/checkpoint_curve.csv,MPTC,85.33,项目交接参考；当前归档未找到原始 S 阶段解析 CSV,UAGMC_SOURCE passenger-only + LQ,84.19,128.76,exp11 同包曲线；训练种子 1；评估种子 123-125,Joint 与 passenger-only 控制权不同；跨矩阵训练实现/guard 未必完全锁定
exp10,J0__CURRENT,J0,CURRENT,1,600000,120.61,93.12,6.59,19.973333333333333,1.0,True,3,3,0.17547568710359407,0.8245243128964059,0.3086680761099366,0.6913319238900634,exp10_jointfirst_v5_60m__analysis_full.zip!RUN/J0__CURRENT/analysis/checkpoint_curve.csv,MPTC,85.33,项目交接参考；当前归档未找到原始 S 阶段解析 CSV,UAGMC_SOURCE passenger-only + LQ,84.19,128.76,exp11 同包曲线；训练种子 1；评估种子 123-125,Joint 与 passenger-only 控制权不同；跨矩阵训练实现/guard 未必完全锁定
exp10,J0__C_AW,J0,C_AW,1,50000,269.99555555555554,242.48444444444442,6.8755555555555565,19.755555555555556,1.0,True,3,3,0.24110547905715074,0.7588945209428491,0.9956447152055307,0.004355284794469423,exp10_jointfirst_v5_60m__analysis_full.zip!RUN/J0__C_AW/analysis/checkpoint_curve.csv,MPTC,85.33,项目交接参考；当前归档未找到原始 S 阶段解析 CSV,UAGMC_SOURCE passenger-only + LQ,84.19,128.76,exp11 同包曲线；训练种子 1；评估种子 123-125,Joint 与 passenger-only 控制权不同；跨矩阵训练实现/guard 未必完全锁定
exp10,J0__C_AW,J0,C_AW,1,100000,190.35111111111112,160.91444444444446,7.37,21.106666666666666,1.0,True,3,3,0.701455228491984,0.298544771508016,0.9610863591352495,0.03891364086475036,exp10_jointfirst_v5_60m__analysis_full.zip!RUN/J0__C_AW/analysis/checkpoint_curve.csv,MPTC,85.33,项目交接参考；当前归档未找到原始 S 阶段解析 CSV,UAGMC_SOURCE passenger-only + LQ,84.19,128.76,exp11 同包曲线；训练种子 1；评估种子 123-125,Joint 与 passenger-only 控制权不同；跨矩阵训练实现/guard 未必完全锁定
exp10,J0__C_AW,J0,C_AW,1,150000,171.3311111111111,140.36222222222224,7.896666666666666,22.09777777777778,1.0,True,3,3,0.4717741548803032,0.5282258451196967,0.2620565383951314,0.7379434616048687,exp10_jointfirst_v5_60m__analysis_full.zip!RUN/J0__C_AW/analysis/checkpoint_curve.csv,MPTC,85.33,项目交接参考；当前归档未找到原始 S 阶段解析 CSV,UAGMC_SOURCE passenger-only + LQ,84.19,128.76,exp11 同包曲线；训练种子 1；评估种子 123-125,Joint 与 passenger-only 控制权不同；跨矩阵训练实现/guard 未必完全锁定
exp10,J0__C_AW,J0,C_AW,1,200000,146.3733333333333,117.01444444444445,7.317777777777778,21.080000000000002,1.0,True,3,3,0.4569458552134007,0.5430541447865993,0.7735560407980232,0.2264439592019769,exp10_jointfirst_v5_60m__analysis_full.zip!RUN/J0__C_AW/analysis/checkpoint_curve.csv,MPTC,85.33,项目交接参考；当前归档未找到原始 S 阶段解析 CSV,UAGMC_SOURCE passenger-only + LQ,84.19,128.76,exp11 同包曲线；训练种子 1；评估种子 123-125,Joint 与 passenger-only 控制权不同；跨矩阵训练实现/guard 未必完全锁定
exp10,J0__C_AW,J0,C_AW,1,250000,143.21333333333334,113.1411111111111,7.4622222222222225,21.648888888888887,1.0,True,3,3,0.6117826447874557,0.38821735521254436,0.2658520520811996,0.7341479479188004,exp10_jointfirst_v5_60m__analysis_full.zip!RUN/J0__C_AW/analysis/checkpoint_curve.csv,MPTC,85.33,项目交接参考；当前归档未找到原始 S 阶段解析 CSV,UAGMC_SOURCE passenger-only + LQ,84.19,128.76,exp11 同包曲线；训练种子 1；评估种子 123-125,Joint 与 passenger-only 控制权不同；跨矩阵训练实现/guard 未必完全锁定
exp10,J0__C_AW,J0,C_AW,1,300000,163.1988888888889,132.23111111111112,7.902222222222222,22.102222222222224,1.0,True,3,3,0.8110787350663351,0.18892126493366487,0.33736440204535767,0.6626355979546424,exp10_jointfirst_v5_60m__analysis_full.zip!RUN/J0__C_AW/analysis/checkpoint_curve.csv,MPTC,85.33,项目交接参考；当前归档未找到原始 S 阶段解析 CSV,UAGMC_SOURCE passenger-only + LQ,84.19,128.76,exp11 同包曲线；训练种子 1；评估种子 123-125,Joint 与 passenger-only 控制权不同；跨矩阵训练实现/guard 未必完全锁定
exp10,J0__C_AW,J0,C_AW,1,350000,151.55666666666664,122.14444444444445,7.3133333333333335,21.124444444444446,1.0,True,3,3,0.5713598337413396,0.42864016625866047,0.6053560921230473,0.3946439078769528,exp10_jointfirst_v5_60m__analysis_full.zip!RUN/J0__C_AW/analysis/checkpoint_curve.csv,MPTC,85.33,项目交接参考；当前归档未找到原始 S 阶段解析 CSV,UAGMC_SOURCE passenger-only + LQ,84.19,128.76,exp11 同包曲线；训练种子 1；评估种子 123-125,Joint 与 passenger-only 控制权不同；跨矩阵训练实现/guard 未必完全锁定
exp10,J0__C_AW,J0,C_AW,1,400000,142.59777777777776,112.62777777777778,7.522222222222222,21.48,1.0,True,3,3,0.6689144704817417,0.3310855295182582,0.7459098243673475,0.2540901756326525,exp10_jointfirst_v5_60m__analysis_full.zip!RUN/J0__C_AW/analysis/checkpoint_curve.csv,MPTC,85.33,项目交接参考；当前归档未找到原始 S 阶段解析 CSV,UAGMC_SOURCE passenger-only + LQ,84.19,128.76,exp11 同包曲线；训练种子 1；评估种子 123-125,Joint 与 passenger-only 控制权不同；跨矩阵训练实现/guard 未必完全锁定
exp10,J0__C_AW,J0,C_AW,1,450000,141.91444444444446,111.29333333333334,7.724444444444444,21.915555555555557,1.0,True,3,3,0.6869945119716286,0.3130054880283713,0.7310172499760602,0.26898275002393995,exp10_jointfirst_v5_60m__analysis_full.zip!RUN/J0__C_AW/analysis/checkpoint_curve.csv,MPTC,85.33,项目交接参考；当前归档未找到原始 S 阶段解析 CSV,UAGMC_SOURCE passenger-only + LQ,84.19,128.76,exp11 同包曲线；训练种子 1；评估种子 123-125,Joint 与 passenger-only 控制权不同；跨矩阵训练实现/guard 未必完全锁定
exp10,J0__C_AW,J0,C_AW,1,500000,136.96888888888887,106.1711111111111,7.8933333333333335,21.942222222222224,1.0,True,3,3,0.6831201896500404,0.31687981034995955,0.49932078010436226,0.5006792198956379,exp10_jointfirst_v5_60m__analysis_full.zip!RUN/J0__C_AW/analysis/checkpoint_curve.csv,MPTC,85.33,项目交接参考；当前归档未找到原始 S 阶段解析 CSV,UAGMC_SOURCE passenger-only + LQ,84.19,128.76,exp11 同包曲线；训练种子 1；评估种子 123-125,Joint 与 passenger-only 控制权不同；跨矩阵训练实现/guard 未必完全锁定
exp10,J0__C_AW,J0,C_AW,1,550000,127.44111111111113,97.49333333333334,7.521111111111111,21.48,1.0,True,3,3,0.6310708833637592,0.3689291166362409,0.5564198181131363,0.4435801818868635,exp10_jointfirst_v5_60m__analysis_full.zip!RUN/J0__C_AW/analysis/checkpoint_curve.csv,MPTC,85.33,项目交接参考；当前归档未找到原始 S 阶段解析 CSV,UAGMC_SOURCE passenger-only + LQ,84.19,128.76,exp11 同包曲线；训练种子 1；评估种子 123-125,Joint 与 passenger-only 控制权不同；跨矩阵训练实现/guard 未必完全锁定
exp10,J0__C_AW,J0,C_AW,1,600000,132.6188888888889,103.71222222222222,7.041111111111111,20.942222222222224,1.0,True,3,3,0.6157082987685403,0.3842917012314597,0.7125706622281882,0.28742933777181184,exp10_jointfirst_v5_60m__analysis_full.zip!RUN/J0__C_AW/analysis/checkpoint_curve.csv,MPTC,85.33,项目交接参考；当前归档未找到原始 S 阶段解析 CSV,UAGMC_SOURCE passenger-only + LQ,84.19,128.76,exp11 同包曲线；训练种子 1；评估种子 123-125,Joint 与 passenger-only 控制权不同；跨矩阵训练实现/guard 未必完全锁定
exp10,J0__C_SA,J0,C_SA,1,50000,136.65666666666667,108.30666666666666,7.311111111111111,20.20888888888889,1.0,True,3,3,0.5767200651534122,0.4232799348465878,0.7855682377730475,0.21443176222695248,exp10_jointfirst_v5_60m__analysis_full.zip!RUN/J0__C_SA/analysis/checkpoint_curve.csv,MPTC,85.33,项目交接参考；当前归档未找到原始 S 阶段解析 CSV,UAGMC_SOURCE passenger-only + LQ,84.19,128.76,exp11 同包曲线；训练种子 1；评估种子 123-125,Joint 与 passenger-only 控制权不同；跨矩阵训练实现/guard 未必完全锁定
exp10,J0__C_SA,J0,C_SA,1,100000,176.9466666666667,149.13777777777776,7.015555555555555,19.919999999999998,1.0,True,3,3,0.20025758345952982,0.7997424165404702,0.43670326475808136,0.5632967352419186,exp10_jointfirst_v5_60m__analysis_full.zip!RUN/J0__C_SA/analysis/checkpoint_curve.csv,MPTC,85.33,项目交接参考；当前归档未找到原始 S 阶段解析 CSV,UAGMC_SOURCE passenger-only + LQ,84.19,128.76,exp11 同包曲线；训练种子 1；评估种子 123-125,Joint 与 passenger-only 控制权不同；跨矩阵训练实现/guard 未必完全锁定
exp10,J0__C_SA,J0,C_SA,1,150000,159.5588888888889,130.39333333333335,7.25111111111111,20.959999999999997,1.0,True,3,3,0.6608718940351426,0.33912810596485743,0.5198666968502114,0.4801333031497885,exp10_jointfirst_v5_60m__analysis_full.zip!RUN/J0__C_SA/analysis/checkpoint_curve.csv,MPTC,85.33,项目交接参考；当前归档未找到原始 S 阶段解析 CSV,UAGMC_SOURCE passenger-only + LQ,84.19,128.76,exp11 同包曲线；训练种子 1；评估种子 123-125,Joint 与 passenger-only 控制权不同；跨矩阵训练实现/guard 未必完全锁定
exp10,J0__C_SA,J0,C_SA,1,200000,155.45111111111112,126.41222222222223,7.222222222222222,20.88,1.0,True,3,3,0.6251737482994407,0.3748262517005594,0.5309175352929832,0.4690824647070168,exp10_jointfirst_v5_60m__analysis_full.zip!RUN/J0__C_SA/analysis/checkpoint_curve.csv,MPTC,85.33,项目交接参考；当前归档未找到原始 S 阶段解析 CSV,UAGMC_SOURCE passenger-only + LQ,84.19,128.76,exp11 同包曲线；训练种子 1；评估种子 123-125,Joint 与 passenger-only 控制权不同；跨矩阵训练实现/guard 未必完全锁定
exp10,J0__C_SA,J0,C_SA,1,250000,127.25111111111111,98.03777777777778,7.283333333333332,20.977777777777778,1.0,True,3,3,0.6022121868758623,0.39778781312413763,0.5471778063203517,0.4528221936796483,exp10_jointfirst_v5_60m__analysis_full.zip!RUN/J0__C_SA/analysis/checkpoint_curve.csv,MPTC,85.33,项目交接参考；当前归档未找到原始 S 阶段解析 CSV,UAGMC_SOURCE passenger-only + LQ,84.19,128.76,exp11 同包曲线；训练种子 1；评估种子 123-125,Joint 与 passenger-only 控制权不同；跨矩阵训练实现/guard 未必完全锁定
exp10,J0__C_SA,J0,C_SA,1,300000,130.79,101.46555555555555,7.22,21.146666666666665,1.0,True,3,3,0.6317320705503441,0.368267929449656,0.5944291183758802,0.40557088162411975,exp10_jointfirst_v5_60m__analysis_full.zip!RUN/J0__C_SA/analysis/checkpoint_curve.csv,MPTC,85.33,项目交接参考；当前归档未找到原始 S 阶段解析 CSV,UAGMC_SOURCE passenger-only + LQ,84.19,128.76,exp11 同包曲线；训练种子 1；评估种子 123-125,Joint 与 passenger-only 控制权不同；跨矩阵训练实现/guard 未必完全锁定
exp10,J0__C_SA,J0,C_SA,1,350000,116.13333333333333,87.58333333333333,6.9688888888888885,20.622222222222224,1.0,True,3,3,0.5940416360633519,0.40595836393664814,0.572248297035435,0.42775170296456505,exp10_jointfirst_v5_60m__analysis_full.zip!RUN/J0__C_SA/analysis/checkpoint_curve.csv,MPTC,85.33,项目交接参考；当前归档未找到原始 S 阶段解析 CSV,UAGMC_SOURCE passenger-only + LQ,84.19,128.76,exp11 同包曲线；训练种子 1；评估种子 123-125,Joint 与 passenger-only 控制权不同；跨矩阵训练实现/guard 未必完全锁定
exp10,J0__C_SA,J0,C_SA,1,400000,120.41666666666667,91.85111111111111,7.0311111111111115,20.582222222222224,1.0,True,3,3,0.545000907229206,0.45499909277079403,0.498962564439455,0.5010374355605449,exp10_jointfirst_v5_60m__analysis_full.zip!RUN/J0__C_SA/analysis/checkpoint_curve.csv,MPTC,85.33,项目交接参考；当前归档未找到原始 S 阶段解析 CSV,UAGMC_SOURCE passenger-only + LQ,84.19,128.76,exp11 同包曲线；训练种子 1；评估种子 123-125,Joint 与 passenger-only 控制权不同；跨矩阵训练实现/guard 未必完全锁定
exp10,J0__C_SA,J0,C_SA,1,450000,122.00777777777778,93.63777777777779,7.003333333333333,20.493333333333336,1.0,True,3,3,0.5373395996613871,0.4626604003386128,0.4856675299804041,0.514332470019596,exp10_jointfirst_v5_60m__analysis_full.zip!RUN/J0__C_SA/analysis/checkpoint_curve.csv,MPTC,85.33,项目交接参考；当前归档未找到原始 S 阶段解析 CSV,UAGMC_SOURCE passenger-only + LQ,84.19,128.76,exp11 同包曲线；训练种子 1；评估种子 123-125,Joint 与 passenger-only 控制权不同；跨矩阵训练实现/guard 未必完全锁定
exp10,J0__C_SA,J0,C_SA,1,500000,122.11444444444443,93.91888888888889,6.981111111111112,20.351111111111113,1.0,True,3,3,0.49258476697245795,0.507415233027542,0.5420011725224202,0.45799882747757986,exp10_jointfirst_v5_60m__analysis_full.zip!RUN/J0__C_SA/analysis/checkpoint_curve.csv,MPTC,85.33,项目交接参考；当前归档未找到原始 S 阶段解析 CSV,UAGMC_SOURCE passenger-only + LQ,84.19,128.76,exp11 同包曲线；训练种子 1；评估种子 123-125,Joint 与 passenger-only 控制权不同；跨矩阵训练实现/guard 未必完全锁定
exp10,J0__C_SA,J0,C_SA,1,550000,108.47333333333334,80.60555555555555,6.890000000000001,20.115555555555556,1.0,True,3,3,0.4767602491304492,0.5232397508695509,0.5143509713724146,0.4856490286275854,exp10_jointfirst_v5_60m__analysis_full.zip!RUN/J0__C_SA/analysis/checkpoint_curve.csv,MPTC,85.33,项目交接参考；当前归档未找到原始 S 阶段解析 CSV,UAGMC_SOURCE passenger-only + LQ,84.19,128.76,exp11 同包曲线；训练种子 1；评估种子 123-125,Joint 与 passenger-only 控制权不同；跨矩阵训练实现/guard 未必完全锁定
exp10,J0__C_SA,J0,C_SA,1,600000,119.14111111111112,91.10333333333334,6.801111111111111,20.355555555555554,1.0,True,3,3,0.46626767154458665,0.5337323284554133,0.563467187307442,0.4365328126925579,exp10_jointfirst_v5_60m__analysis_full.zip!RUN/J0__C_SA/analysis/checkpoint_curve.csv,MPTC,85.33,项目交接参考；当前归档未找到原始 S 阶段解析 CSV,UAGMC_SOURCE passenger-only + LQ,84.19,128.76,exp11 同包曲线；训练种子 1；评估种子 123-125,Joint 与 passenger-only 控制权不同；跨矩阵训练实现/guard 未必完全锁定
exp10,J0__C_SAW,J0,C_SAW,1,50000,125.87444444444445,96.72555555555556,7.4188888888888895,20.78222222222222,1.0,True,3,3,0.5919060437903648,0.40809395620963507,0.626563760907485,0.37343623909251505,exp10_jointfirst_v5_60m__analysis_full.zip!RUN/J0__C_SAW/analysis/checkpoint_curve.csv,MPTC,85.33,项目交接参考；当前归档未找到原始 S 阶段解析 CSV,UAGMC_SOURCE passenger-only + LQ,84.19,128.76,exp11 同包曲线；训练种子 1；评估种子 123-125,Joint 与 passenger-only 控制权不同；跨矩阵训练实现/guard 未必完全锁定
exp10,J0__C_SAW,J0,C_SAW,1,100000,227.01888888888888,194.97111111111113,8.364444444444445,22.73777777777778,1.0,True,3,3,0.8461182367876169,0.15388176321238303,0.9506170142135532,0.0493829857864469,exp10_jointfirst_v5_60m__analysis_full.zip!RUN/J0__C_SAW/analysis/checkpoint_curve.csv,MPTC,85.33,项目交接参考；当前归档未找到原始 S 阶段解析 CSV,UAGMC_SOURCE passenger-only + LQ,84.19,128.76,exp11 同包曲线；训练种子 1；评估种子 123-125,Joint 与 passenger-only 控制权不同；跨矩阵训练实现/guard 未必完全锁定
exp10,J0__C_SAW,J0,C_SAW,1,150000,229.28444444444446,197.72333333333336,8.15888888888889,22.44,1.0,True,3,3,0.8697287419434772,0.13027125805652295,0.8461789584808276,0.15382104151917256,exp10_jointfirst_v5_60m__analysis_full.zip!RUN/J0__C_SAW/analysis/checkpoint_curve.csv,MPTC,85.33,项目交接参考；当前归档未找到原始 S 阶段解析 CSV,UAGMC_SOURCE passenger-only + LQ,84.19,128.76,exp11 同包曲线；训练种子 1；评估种子 123-125,Joint 与 passenger-only 控制权不同；跨矩阵训练实现/guard 未必完全锁定
exp10,J0__C_SAW,J0,C_SAW,1,200000,217.69555555555556,186.3511111111111,8.02888888888889,22.346666666666664,1.0,True,3,3,0.8259950786084788,0.17400492139152124,0.8154815150090275,0.18451848499097248,exp10_jointfirst_v5_60m__analysis_full.zip!RUN/J0__C_SAW/analysis/checkpoint_curve.csv,MPTC,85.33,项目交接参考；当前归档未找到原始 S 阶段解析 CSV,UAGMC_SOURCE passenger-only + LQ,84.19,128.76,exp11 同包曲线；训练种子 1；评估种子 123-125,Joint 与 passenger-only 控制权不同；跨矩阵训练实现/guard 未必完全锁定
exp10,J0__C_SAW,J0,C_SAW,1,250000,201.16333333333333,170.48333333333332,7.967777777777777,21.75111111111111,1.0,True,3,3,0.6552822419780057,0.3447177580219943,0.719085854240921,0.28091414575907897,exp10_jointfirst_v5_60m__analysis_full.zip!RUN/J0__C_SAW/analysis/checkpoint_curve.csv,MPTC,85.33,项目交接参考；当前归档未找到原始 S 阶段解析 CSV,UAGMC_SOURCE passenger-only + LQ,84.19,128.76,exp11 同包曲线；训练种子 1；评估种子 123-125,Joint 与 passenger-only 控制权不同；跨矩阵训练实现/guard 未必完全锁定
exp10,J0__C_SAW,J0,C_SAW,1,300000,178.2733333333333,147.55444444444444,7.957777777777778,21.80888888888889,1.0,True,3,3,0.6985614845558409,0.30143851544415906,0.7021851819007073,0.2978148180992928,exp10_jointfirst_v5_60m__analysis_full.zip!RUN/J0__C_SAW/analysis/checkpoint_curve.csv,MPTC,85.33,项目交接参考；当前归档未找到原始 S 阶段解析 CSV,UAGMC_SOURCE passenger-only + LQ,84.19,128.76,exp11 同包曲线；训练种子 1；评估种子 123-125,Joint 与 passenger-only 控制权不同；跨矩阵训练实现/guard 未必完全锁定
exp10,J0__C_SAW,J0,C_SAW,1,350000,175.56222222222223,146.2611111111111,7.413333333333334,20.933333333333334,1.0,True,3,3,0.49590782749609685,0.5040921725039031,0.6109952970634368,0.38900470293656314,exp10_jointfirst_v5_60m__analysis_full.zip!RUN/J0__C_SAW/analysis/checkpoint_curve.csv,MPTC,85.33,项目交接参考；当前归档未找到原始 S 阶段解析 CSV,UAGMC_SOURCE passenger-only + LQ,84.19,128.76,exp11 同包曲线；训练种子 1；评估种子 123-125,Joint 与 passenger-only 控制权不同；跨矩阵训练实现/guard 未必完全锁定
exp10,J0__C_SAW,J0,C_SAW,1,400000,145.82333333333335,117.06777777777778,7.185555555555555,20.64,1.0,True,3,3,0.532589574820042,0.467410425179958,0.6121680196660834,0.3878319803339166,exp10_jointfirst_v5_60m__analysis_full.zip!RUN/J0__C_SAW/analysis/checkpoint_curve.csv,MPTC,85.33,项目交接参考；当前归档未找到原始 S 阶段解析 CSV,UAGMC_SOURCE passenger-only + LQ,84.19,128.76,exp11 同包曲线；训练种子 1；评估种子 123-125,Joint 与 passenger-only 控制权不同；跨矩阵训练实现/guard 未必完全锁定
exp10,J0__C_SAW,J0,C_SAW,1,450000,183.34777777777776,154.04222222222222,7.208888888888889,21.15111111111111,1.0,True,3,3,0.5513148093375837,0.44868519066241636,0.6294858523119392,0.37051414768806074,exp10_jointfirst_v5_60m__analysis_full.zip!RUN/J0__C_SAW/analysis/checkpoint_curve.csv,MPTC,85.33,项目交接参考；当前归档未找到原始 S 阶段解析 CSV,UAGMC_SOURCE passenger-only + LQ,84.19,128.76,exp11 同包曲线；训练种子 1；评估种子 123-125,Joint 与 passenger-only 控制权不同；跨矩阵训练实现/guard 未必完全锁定
exp10,J0__C_SAW,J0,C_SAW,1,500000,147.14222222222222,118.46888888888888,7.041111111111111,20.75111111111111,1.0,True,3,3,0.48413872785986456,0.5158612721401353,0.589867750169704,0.410132249830296,exp10_jointfirst_v5_60m__analysis_full.zip!RUN/J0__C_SAW/analysis/checkpoint_curve.csv,MPTC,85.33,项目交接参考；当前归档未找到原始 S 阶段解析 CSV,UAGMC_SOURCE passenger-only + LQ,84.19,128.76,exp11 同包曲线；训练种子 1；评估种子 123-125,Joint 与 passenger-only 控制权不同；跨矩阵训练实现/guard 未必完全锁定
exp10,J0__C_SAW,J0,C_SAW,1,550000,140.10444444444445,111.63666666666666,6.892222222222223,20.702222222222222,1.0,True,3,3,0.4790023957853234,0.5209976042146766,0.610863476646078,0.38913652335392207,exp10_jointfirst_v5_60m__analysis_full.zip!RUN/J0__C_SAW/analysis/checkpoint_curve.csv,MPTC,85.33,项目交接参考；当前归档未找到原始 S 阶段解析 CSV,UAGMC_SOURCE passenger-only + LQ,84.19,128.76,exp11 同包曲线；训练种子 1；评估种子 123-125,Joint 与 passenger-only 控制权不同；跨矩阵训练实现/guard 未必完全锁定
exp10,J0__C_SAW,J0,C_SAW,1,600000,143.88888888888889,115.24444444444445,6.955555555555556,20.804444444444446,1.0,True,3,3,0.4917196744602947,0.5082803255397054,0.6239493637578474,0.3760506362421525,exp10_jointfirst_v5_60m__analysis_full.zip!RUN/J0__C_SAW/analysis/checkpoint_curve.csv,MPTC,85.33,项目交接参考；当前归档未找到原始 S 阶段解析 CSV,UAGMC_SOURCE passenger-only + LQ,84.19,128.76,exp11 同包曲线；训练种子 1；评估种子 123-125,Joint 与 passenger-only 控制权不同；跨矩阵训练实现/guard 未必完全锁定
exp10,J0__C_SW,J0,C_SW,1,50000,192.6577777777778,163.5522222222222,7.151111111111111,20.986666666666668,1.0,True,3,3,0.7557641543745772,0.2442358456254227,1.0,0.0,exp10_jointfirst_v5_60m__analysis_full.zip!RUN/J0__C_SW/analysis/checkpoint_curve.csv,MPTC,85.33,项目交接参考；当前归档未找到原始 S 阶段解析 CSV,UAGMC_SOURCE passenger-only + LQ,84.19,128.76,exp11 同包曲线；训练种子 1；评估种子 123-125,Joint 与 passenger-only 控制权不同；跨矩阵训练实现/guard 未必完全锁定
exp10,J0__C_SW,J0,C_SW,1,100000,155.21555555555557,125.49777777777778,7.486666666666667,21.257777777777775,1.0,True,3,3,0.4756862195886586,0.5243137804113415,0.5879212635310197,0.4120787364689804,exp10_jointfirst_v5_60m__analysis_full.zip!RUN/J0__C_SW/analysis/checkpoint_curve.csv,MPTC,85.33,项目交接参考；当前归档未找到原始 S 阶段解析 CSV,UAGMC_SOURCE passenger-only + LQ,84.19,128.76,exp11 同包曲线；训练种子 1；评估种子 123-125,Joint 与 passenger-only 控制权不同；跨矩阵训练实现/guard 未必完全锁定
exp10,J0__C_SW,J0,C_SW,1,150000,218.92222222222222,187.47,8.046666666666667,22.444444444444443,1.0,True,3,3,0.6215059241942896,0.37849407580571043,0.8280045555355752,0.17199544446442486,exp10_jointfirst_v5_60m__analysis_full.zip!RUN/J0__C_SW/analysis/checkpoint_curve.csv,MPTC,85.33,项目交接参考；当前归档未找到原始 S 阶段解析 CSV,UAGMC_SOURCE passenger-only + LQ,84.19,128.76,exp11 同包曲线；训练种子 1；评估种子 123-125,Joint 与 passenger-only 控制权不同；跨矩阵训练实现/guard 未必完全锁定
exp10,J0__C_SW,J0,C_SW,1,200000,222.4677777777778,189.92444444444445,8.556666666666667,23.0,1.0,True,3,3,0.9725151872302206,0.0274848127697794,0.6890391716217019,0.31096082837829814,exp10_jointfirst_v5_60m__analysis_full.zip!RUN/J0__C_SW/analysis/checkpoint_curve.csv,MPTC,85.33,项目交接参考；当前归档未找到原始 S 阶段解析 CSV,UAGMC_SOURCE passenger-only + LQ,84.19,128.76,exp11 同包曲线；训练种子 1；评估种子 123-125,Joint 与 passenger-only 控制权不同；跨矩阵训练实现/guard 未必完全锁定
exp10,J0__C_SW,J0,C_SW,1,250000,215.38444444444448,182.9333333333333,8.512222222222222,22.955555555555552,1.0,True,3,3,0.8606075988525271,0.13939240114747278,0.7757573237075094,0.2242426762924905,exp10_jointfirst_v5_60m__analysis_full.zip!RUN/J0__C_SW/analysis/checkpoint_curve.csv,MPTC,85.33,项目交接参考；当前归档未找到原始 S 阶段解析 CSV,UAGMC_SOURCE passenger-only + LQ,84.19,128.76,exp11 同包曲线；训练种子 1；评估种子 123-125,Joint 与 passenger-only 控制权不同；跨矩阵训练实现/guard 未必完全锁定
exp10,J0__C_SW,J0,C_SW,1,300000,215.11666666666665,182.62222222222223,8.546666666666665,22.964444444444442,1.0,True,3,3,0.9226471514006924,0.07735284859930752,0.6968892796283633,0.3031107203716367,exp10_jointfirst_v5_60m__analysis_full.zip!RUN/J0__C_SW/analysis/checkpoint_curve.csv,MPTC,85.33,项目交接参考；当前归档未找到原始 S 阶段解析 CSV,UAGMC_SOURCE passenger-only + LQ,84.19,128.76,exp11 同包曲线；训练种子 1；评估种子 123-125,Joint 与 passenger-only 控制权不同；跨矩阵训练实现/guard 未必完全锁定
exp10,J0__C_SW,J0,C_SW,1,350000,187.2722222222222,155.3911111111111,8.36,22.551111111111112,1.0,True,3,3,0.7276011516988162,0.2723988483011838,0.7313377610829841,0.26866223891701596,exp10_jointfirst_v5_60m__analysis_full.zip!RUN/J0__C_SW/analysis/checkpoint_curve.csv,MPTC,85.33,项目交接参考；当前归档未找到原始 S 阶段解析 CSV,UAGMC_SOURCE passenger-only + LQ,84.19,128.76,exp11 同包曲线；训练种子 1；评估种子 123-125,Joint 与 passenger-only 控制权不同；跨矩阵训练实现/guard 未必完全锁定
exp10,J0__C_SW,J0,C_SW,1,400000,194.81222222222223,162.92666666666665,8.367777777777777,22.546666666666667,1.0,True,3,3,0.6480554642501131,0.3519445357498869,0.7936702308830773,0.20632976911692258,exp10_jointfirst_v5_60m__analysis_full.zip!RUN/J0__C_SW/analysis/checkpoint_curve.csv,MPTC,85.33,项目交接参考；当前归档未找到原始 S 阶段解析 CSV,UAGMC_SOURCE passenger-only + LQ,84.19,128.76,exp11 同包曲线；训练种子 1；评估种子 123-125,Joint 与 passenger-only 控制权不同；跨矩阵训练实现/guard 未必完全锁定
exp10,J0__C_SW,J0,C_SW,1,450000,165.46555555555554,134.9611111111111,7.696666666666666,21.84888888888889,1.0,True,3,3,0.7908243355216776,0.20917566447832234,0.9002225926617093,0.0997774073382906,exp10_jointfirst_v5_60m__analysis_full.zip!RUN/J0__C_SW/analysis/checkpoint_curve.csv,MPTC,85.33,项目交接参考；当前归档未找到原始 S 阶段解析 CSV,UAGMC_SOURCE passenger-only + LQ,84.19,128.76,exp11 同包曲线；训练种子 1；评估种子 123-125,Joint 与 passenger-only 控制权不同；跨矩阵训练实现/guard 未必完全锁定
exp10,J0__C_SW,J0,C_SW,1,500000,169.98333333333332,140.19222222222223,7.45888888888889,21.36,1.0,True,3,3,0.7658170142642421,0.23418298573575783,0.9040832020118178,0.09591679798818227,exp10_jointfirst_v5_60m__analysis_full.zip!RUN/J0__C_SW/analysis/checkpoint_curve.csv,MPTC,85.33,项目交接参考；当前归档未找到原始 S 阶段解析 CSV,UAGMC_SOURCE passenger-only + LQ,84.19,128.76,exp11 同包曲线；训练种子 1；评估种子 123-125,Joint 与 passenger-only 控制权不同；跨矩阵训练实现/guard 未必完全锁定
exp10,J0__C_SW,J0,C_SW,1,550000,159.37444444444444,130.42666666666665,7.167777777777778,20.817777777777778,1.0,True,3,3,0.6976237876185576,0.3023762123814424,0.9141622986092782,0.08583770139072182,exp10_jointfirst_v5_60m__analysis_full.zip!RUN/J0__C_SW/analysis/checkpoint_curve.csv,MPTC,85.33,项目交接参考；当前归档未找到原始 S 阶段解析 CSV,UAGMC_SOURCE passenger-only + LQ,84.19,128.76,exp11 同包曲线；训练种子 1；评估种子 123-125,Joint 与 passenger-only 控制权不同；跨矩阵训练实现/guard 未必完全锁定
exp10,J0__C_SW,J0,C_SW,1,600000,156.7488888888889,127.85555555555555,7.096666666666667,20.853333333333335,1.0,True,3,3,0.6872866158097306,0.3127133841902694,0.9140570457448579,0.08594295425514198,exp10_jointfirst_v5_60m__analysis_full.zip!RUN/J0__C_SW/analysis/checkpoint_curve.csv,MPTC,85.33,项目交接参考；当前归档未找到原始 S 阶段解析 CSV,UAGMC_SOURCE passenger-only + LQ,84.19,128.76,exp11 同包曲线；训练种子 1；评估种子 123-125,Joint 与 passenger-only 控制权不同；跨矩阵训练实现/guard 未必完全锁定
exp10,J0__R_EVENTQ,J0,R_EVENTQ,1,50000,170.20777777777778,141.29222222222222,7.024444444444445,20.964444444444442,1.0,True,3,3,0.751128290445806,0.2488717095541941,1.0,0.0,exp10_jointfirst_v5_60m__analysis_full.zip!RUN/J0__R_EVENTQ/analysis/checkpoint_curve.csv,MPTC,85.33,项目交接参考；当前归档未找到原始 S 阶段解析 CSV,UAGMC_SOURCE passenger-only + LQ,84.19,128.76,exp11 同包曲线；训练种子 1；评估种子 123-125,Joint 与 passenger-only 控制权不同；跨矩阵训练实现/guard 未必完全锁定
exp10,J0__R_EVENTQ,J0,R_EVENTQ,1,100000,215.15222222222224,182.66,8.536666666666667,22.968888888888888,1.0,True,3,3,0.9948137369071919,0.005186263092808181,0.9820838245806223,0.01791617541937765,exp10_jointfirst_v5_60m__analysis_full.zip!RUN/J0__R_EVENTQ/analysis/checkpoint_curve.csv,MPTC,85.33,项目交接参考；当前归档未找到原始 S 阶段解析 CSV,UAGMC_SOURCE passenger-only + LQ,84.19,128.76,exp11 同包曲线；训练种子 1；评估种子 123-125,Joint 与 passenger-only 控制权不同；跨矩阵训练实现/guard 未必完全锁定
exp10,J0__R_EVENTQ,J0,R_EVENTQ,1,150000,153.13444444444443,124.76888888888887,6.702222222222223,20.795555555555556,1.0,True,3,3,0.5734087940187331,0.4265912059812669,0.5171962047931363,0.4828037952068636,exp10_jointfirst_v5_60m__analysis_full.zip!RUN/J0__R_EVENTQ/analysis/checkpoint_curve.csv,MPTC,85.33,项目交接参考；当前归档未找到原始 S 阶段解析 CSV,UAGMC_SOURCE passenger-only + LQ,84.19,128.76,exp11 同包曲线；训练种子 1；评估种子 123-125,Joint 与 passenger-only 控制权不同；跨矩阵训练实现/guard 未必完全锁定
exp10,J0__R_EVENTQ,J0,R_EVENTQ,1,200000,164.10555555555553,136.45777777777778,6.481111111111112,20.284444444444446,1.0,True,3,3,0.30707001558909336,0.6929299844109066,0.4581164731693225,0.5418835268306775,exp10_jointfirst_v5_60m__analysis_full.zip!RUN/J0__R_EVENTQ/analysis/checkpoint_curve.csv,MPTC,85.33,项目交接参考；当前归档未找到原始 S 阶段解析 CSV,UAGMC_SOURCE passenger-only + LQ,84.19,128.76,exp11 同包曲线；训练种子 1；评估种子 123-125,Joint 与 passenger-only 控制权不同；跨矩阵训练实现/guard 未必完全锁定
exp10,J0__R_EVENTQ,J0,R_EVENTQ,1,250000,155.1022222222222,127.45222222222223,6.451111111111111,20.32,1.0,True,3,3,0.3296903850340914,0.6703096149659086,0.4373428726968885,0.5626571273031115,exp10_jointfirst_v5_60m__analysis_full.zip!RUN/J0__R_EVENTQ/analysis/checkpoint_curve.csv,MPTC,85.33,项目交接参考；当前归档未找到原始 S 阶段解析 CSV,UAGMC_SOURCE passenger-only + LQ,84.19,128.76,exp11 同包曲线；训练种子 1；评估种子 123-125,Joint 与 passenger-only 控制权不同；跨矩阵训练实现/guard 未必完全锁定
exp10,J0__R_EVENTQ,J0,R_EVENTQ,1,300000,123.33,95.16111111111111,6.59,20.671111111111113,1.0,True,3,3,0.34477625325082956,0.6552237467491705,0.38388305981526316,0.6161169401847367,exp10_jointfirst_v5_60m__analysis_full.zip!RUN/J0__R_EVENTQ/analysis/checkpoint_curve.csv,MPTC,85.33,项目交接参考；当前归档未找到原始 S 阶段解析 CSV,UAGMC_SOURCE passenger-only + LQ,84.19,128.76,exp11 同包曲线；训练种子 1；评估种子 123-125,Joint 与 passenger-only 控制权不同；跨矩阵训练实现/guard 未必完全锁定
exp10,J0__R_EVENTQ,J0,R_EVENTQ,1,350000,126.18888888888888,98.02444444444444,6.633333333333333,20.613333333333333,1.0,True,3,3,0.27683816378448717,0.7231618362155129,0.42201767331646756,0.5779823266835323,exp10_jointfirst_v5_60m__analysis_full.zip!RUN/J0__R_EVENTQ/analysis/checkpoint_curve.csv,MPTC,85.33,项目交接参考；当前归档未找到原始 S 阶段解析 CSV,UAGMC_SOURCE passenger-only + LQ,84.19,128.76,exp11 同包曲线；训练种子 1；评估种子 123-125,Joint 与 passenger-only 控制权不同；跨矩阵训练实现/guard 未必完全锁定
exp10,J0__R_EVENTQ,J0,R_EVENTQ,1,400000,120.04,91.5188888888889,6.830000000000001,20.768888888888892,1.0,True,3,3,0.35248494451724927,0.6475150554827508,0.4013123236544162,0.5986876763455837,exp10_jointfirst_v5_60m__analysis_full.zip!RUN/J0__R_EVENTQ/analysis/checkpoint_curve.csv,MPTC,85.33,项目交接参考；当前归档未找到原始 S 阶段解析 CSV,UAGMC_SOURCE passenger-only + LQ,84.19,128.76,exp11 同包曲线；训练种子 1；评估种子 123-125,Joint 与 passenger-only 控制权不同；跨矩阵训练实现/guard 未必完全锁定
exp10,J0__R_EVENTQ,J0,R_EVENTQ,1,450000,118.41111111111111,90.02999999999999,6.773333333333333,20.715555555555557,1.0,True,3,3,0.3331655375843499,0.66683446241565,0.4010917713596083,0.5989082286403918,exp10_jointfirst_v5_60m__analysis_full.zip!RUN/J0__R_EVENTQ/analysis/checkpoint_curve.csv,MPTC,85.33,项目交接参考；当前归档未找到原始 S 阶段解析 CSV,UAGMC_SOURCE passenger-only + LQ,84.19,128.76,exp11 同包曲线；训练种子 1；评估种子 123-125,Joint 与 passenger-only 控制权不同；跨矩阵训练实现/guard 未必完全锁定
exp10,J0__R_EVENTQ,J0,R_EVENTQ,1,500000,126.40222222222222,97.98333333333333,6.815555555555555,20.702222222222222,1.0,True,3,3,0.3466719132238431,0.653328086776157,0.42761930520988806,0.5723806947901119,exp10_jointfirst_v5_60m__analysis_full.zip!RUN/J0__R_EVENTQ/analysis/checkpoint_curve.csv,MPTC,85.33,项目交接参考；当前归档未找到原始 S 阶段解析 CSV,UAGMC_SOURCE passenger-only + LQ,84.19,128.76,exp11 同包曲线；训练种子 1；评估种子 123-125,Joint 与 passenger-only 控制权不同；跨矩阵训练实现/guard 未必完全锁定
exp10,J0__R_EVENTQ,J0,R_EVENTQ,1,550000,119.34777777777778,90.50111111111111,6.9255555555555555,20.93777777777778,1.0,True,3,3,0.3755414535124568,0.6244585464875433,0.4192457770525056,0.5807542229474945,exp10_jointfirst_v5_60m__analysis_full.zip!RUN/J0__R_EVENTQ/analysis/checkpoint_curve.csv,MPTC,85.33,项目交接参考；当前归档未找到原始 S 阶段解析 CSV,UAGMC_SOURCE passenger-only + LQ,84.19,128.76,exp11 同包曲线；训练种子 1；评估种子 123-125,Joint 与 passenger-only 控制权不同；跨矩阵训练实现/guard 未必完全锁定
exp10,J0__R_EVENTQ,J0,R_EVENTQ,1,600000,130.86444444444444,101.73444444444443,7.111111111111112,21.044444444444444,1.0,True,3,3,0.48716878846934925,0.5128312115306507,0.3897791300428217,0.6102208699571783,exp10_jointfirst_v5_60m__analysis_full.zip!RUN/J0__R_EVENTQ/analysis/checkpoint_curve.csv,MPTC,85.33,项目交接参考；当前归档未找到原始 S 阶段解析 CSV,UAGMC_SOURCE passenger-only + LQ,84.19,128.76,exp11 同包曲线；训练种子 1；评估种子 123-125,Joint 与 passenger-only 控制权不同；跨矩阵训练实现/guard 未必完全锁定
exp10,J0__R_SRAC,J0,R_SRAC,1,50000,211.44999999999996,182.29111111111112,6.985555555555556,21.253333333333334,1.0,True,3,3,0.49282496066948367,0.5071750393305163,0.976316954541336,0.023683045458663832,exp10_jointfirst_v5_60m__analysis_full.zip!RUN/J0__R_SRAC/analysis/checkpoint_curve.csv,MPTC,85.33,项目交接参考；当前归档未找到原始 S 阶段解析 CSV,UAGMC_SOURCE passenger-only + LQ,84.19,128.76,exp11 同包曲线；训练种子 1；评估种子 123-125,Joint 与 passenger-only 控制权不同；跨矩阵训练实现/guard 未必完全锁定
exp10,J0__R_SRAC,J0,R_SRAC,1,100000,220.11777777777777,188.73555555555558,7.952222222222222,22.475555555555555,1.0,True,3,3,0.919792806383844,0.08020719361615594,0.770287430925169,0.22971256907483095,exp10_jointfirst_v5_60m__analysis_full.zip!RUN/J0__R_SRAC/analysis/checkpoint_curve.csv,MPTC,85.33,项目交接参考；当前归档未找到原始 S 阶段解析 CSV,UAGMC_SOURCE passenger-only + LQ,84.19,128.76,exp11 同包曲线；训练种子 1；评估种子 123-125,Joint 与 passenger-only 控制权不同；跨矩阵训练实现/guard 未必完全锁定
exp10,J0__R_SRAC,J0,R_SRAC,1,150000,252.80888888888887,223.17888888888888,7.147777777777779,21.52,1.0,True,3,3,0.6283707464741947,0.3716292535258052,0.5597860847860848,0.44021391521391523,exp10_jointfirst_v5_60m__analysis_full.zip!RUN/J0__R_SRAC/analysis/checkpoint_curve.csv,MPTC,85.33,项目交接参考；当前归档未找到原始 S 阶段解析 CSV,UAGMC_SOURCE passenger-only + LQ,84.19,128.76,exp11 同包曲线；训练种子 1；评估种子 123-125,Joint 与 passenger-only 控制权不同；跨矩阵训练实现/guard 未必完全锁定
exp10,J0__R_SRAC,J0,R_SRAC,1,200000,181.7266666666667,152.74555555555557,6.942222222222221,21.09777777777778,1.0,True,3,3,0.6026168754158568,0.3973831245841431,0.5594008308932762,0.44059916910672386,exp10_jointfirst_v5_60m__analysis_full.zip!RUN/J0__R_SRAC/analysis/checkpoint_curve.csv,MPTC,85.33,项目交接参考；当前归档未找到原始 S 阶段解析 CSV,UAGMC_SOURCE passenger-only + LQ,84.19,128.76,exp11 同包曲线；训练种子 1；评估种子 123-125,Joint 与 passenger-only 控制权不同；跨矩阵训练实现/guard 未必完全锁定
exp10,J0__R_SRAC,J0,R_SRAC,1,250000,145.11555555555557,115.90333333333335,7.18,21.066666666666666,1.0,True,3,3,0.6452836879432624,0.3547163120567376,0.5639733198243837,0.43602668017561635,exp10_jointfirst_v5_60m__analysis_full.zip!RUN/J0__R_SRAC/analysis/checkpoint_curve.csv,MPTC,85.33,项目交接参考；当前归档未找到原始 S 阶段解析 CSV,UAGMC_SOURCE passenger-only + LQ,84.19,128.76,exp11 同包曲线；训练种子 1；评估种子 123-125,Joint 与 passenger-only 控制权不同；跨矩阵训练实现/guard 未必完全锁定
exp10,J0__R_SRAC,J0,R_SRAC,1,300000,151.53666666666666,122.4711111111111,7.105555555555555,20.995555555555555,1.0,True,3,3,0.539130000694513,0.460869999305487,0.55872812815802,0.4412718718419801,exp10_jointfirst_v5_60m__analysis_full.zip!RUN/J0__R_SRAC/analysis/checkpoint_curve.csv,MPTC,85.33,项目交接参考；当前归档未找到原始 S 阶段解析 CSV,UAGMC_SOURCE passenger-only + LQ,84.19,128.76,exp11 同包曲线；训练种子 1；评估种子 123-125,Joint 与 passenger-only 控制权不同；跨矩阵训练实现/guard 未必完全锁定
exp10,J0__R_SRAC,J0,R_SRAC,1,350000,149.42777777777778,119.64555555555557,7.592222222222222,21.226666666666667,1.0,True,3,3,0.7658820407446562,0.23411795925534373,0.6570961910200229,0.342903808979977,exp10_jointfirst_v5_60m__analysis_full.zip!RUN/J0__R_SRAC/analysis/checkpoint_curve.csv,MPTC,85.33,项目交接参考；当前归档未找到原始 S 阶段解析 CSV,UAGMC_SOURCE passenger-only + LQ,84.19,128.76,exp11 同包曲线；训练种子 1；评估种子 123-125,Joint 与 passenger-only 控制权不同；跨矩阵训练实现/guard 未必完全锁定
exp10,J0__R_SRAC,J0,R_SRAC,1,400000,148.92444444444445,119.06555555555555,7.553333333333334,21.342222222222222,1.0,True,3,3,0.7636401264918499,0.23635987350815024,0.43548592578746104,0.564514074212539,exp10_jointfirst_v5_60m__analysis_full.zip!RUN/J0__R_SRAC/analysis/checkpoint_curve.csv,MPTC,85.33,项目交接参考；当前归档未找到原始 S 阶段解析 CSV,UAGMC_SOURCE passenger-only + LQ,84.19,128.76,exp11 同包曲线；训练种子 1；评估种子 123-125,Joint 与 passenger-only 控制权不同；跨矩阵训练实现/guard 未必完全锁定
exp10,J0__R_SRAC,J0,R_SRAC,1,450000,140.38111111111112,110.62222222222222,7.492222222222222,21.30666666666667,1.0,True,3,3,0.7394149551230008,0.26058504487699924,0.3977361326382039,0.602263867361796,exp10_jointfirst_v5_60m__analysis_full.zip!RUN/J0__R_SRAC/analysis/checkpoint_curve.csv,MPTC,85.33,项目交接参考；当前归档未找到原始 S 阶段解析 CSV,UAGMC_SOURCE passenger-only + LQ,84.19,128.76,exp11 同包曲线；训练种子 1；评估种子 123-125,Joint 与 passenger-only 控制权不同；跨矩阵训练实现/guard 未必完全锁定
exp10,J0__R_SRAC,J0,R_SRAC,1,500000,130.7511111111111,101.42222222222222,7.284444444444444,21.084444444444443,1.0,True,3,3,0.5857632686564954,0.41423673134350447,0.33735300848050986,0.6626469915194901,exp10_jointfirst_v5_60m__analysis_full.zip!RUN/J0__R_SRAC/analysis/checkpoint_curve.csv,MPTC,85.33,项目交接参考；当前归档未找到原始 S 阶段解析 CSV,UAGMC_SOURCE passenger-only + LQ,84.19,128.76,exp11 同包曲线；训练种子 1；评估种子 123-125,Joint 与 passenger-only 控制权不同；跨矩阵训练实现/guard 未必完全锁定
exp10,J0__R_SRAC,J0,R_SRAC,1,550000,131.4677777777778,102.09222222222223,7.354444444444444,21.044444444444444,1.0,True,3,3,0.5190565421567706,0.48094345784322945,0.36469418420099314,0.6353058157990069,exp10_jointfirst_v5_60m__analysis_full.zip!RUN/J0__R_SRAC/analysis/checkpoint_curve.csv,MPTC,85.33,项目交接参考；当前归档未找到原始 S 阶段解析 CSV,UAGMC_SOURCE passenger-only + LQ,84.19,128.76,exp11 同包曲线；训练种子 1；评估种子 123-125,Joint 与 passenger-only 控制权不同；跨矩阵训练实现/guard 未必完全锁定
exp10,J0__R_SRAC,J0,R_SRAC,1,600000,120.25111111111111,91.31666666666666,7.1066666666666665,20.866666666666667,1.0,True,3,3,0.4287308947802568,0.5712691052197433,0.4937828856028145,0.5062171143971855,exp10_jointfirst_v5_60m__analysis_full.zip!RUN/J0__R_SRAC/analysis/checkpoint_curve.csv,MPTC,85.33,项目交接参考；当前归档未找到原始 S 阶段解析 CSV,UAGMC_SOURCE passenger-only + LQ,84.19,128.76,exp11 同包曲线；训练种子 1；评估种子 123-125,Joint 与 passenger-only 控制权不同；跨矩阵训练实现/guard 未必完全锁定
exp10,J0__R_TDM,J0,R_TDM,1,50000,209.19555555555553,177.79999999999998,8.024444444444443,22.426666666666666,1.0,True,3,3,0.9141275207104421,0.08587247928955795,0.9209894245259406,0.0790105754740595,exp10_jointfirst_v5_60m__analysis_full.zip!RUN/J0__R_TDM/analysis/checkpoint_curve.csv,MPTC,85.33,项目交接参考；当前归档未找到原始 S 阶段解析 CSV,UAGMC_SOURCE passenger-only + LQ,84.19,128.76,exp11 同包曲线；训练种子 1；评估种子 123-125,Joint 与 passenger-only 控制权不同；跨矩阵训练实现/guard 未必完全锁定
exp10,J0__R_TDM,J0,R_TDM,1,100000,222.21555555555554,190.7677777777778,7.962222222222221,22.52888888888889,1.0,True,3,3,0.9419381589948093,0.05806184100519076,0.6839286303572019,0.3160713696427982,exp10_jointfirst_v5_60m__analysis_full.zip!RUN/J0__R_TDM/analysis/checkpoint_curve.csv,MPTC,85.33,项目交接参考；当前归档未找到原始 S 阶段解析 CSV,UAGMC_SOURCE passenger-only + LQ,84.19,128.76,exp11 同包曲线；训练种子 1；评估种子 123-125,Joint 与 passenger-only 控制权不同；跨矩阵训练实现/guard 未必完全锁定
exp10,J0__R_TDM,J0,R_TDM,1,150000,187.8711111111111,157.77666666666667,7.294444444444444,21.83555555555556,1.0,True,3,3,0.7245628202363213,0.2754371797636787,0.6458719332470656,0.35412806675293446,exp10_jointfirst_v5_60m__analysis_full.zip!RUN/J0__R_TDM/analysis/checkpoint_curve.csv,MPTC,85.33,项目交接参考；当前归档未找到原始 S 阶段解析 CSV,UAGMC_SOURCE passenger-only + LQ,84.19,128.76,exp11 同包曲线；训练种子 1；评估种子 123-125,Joint 与 passenger-only 控制权不同；跨矩阵训练实现/guard 未必完全锁定
exp10,J0__R_TDM,J0,R_TDM,1,200000,168.8688888888889,139.23444444444445,7.316666666666667,21.36,1.0,True,3,3,0.5508027047749556,0.4491972952250444,0.5412025481655491,0.4587974518344508,exp10_jointfirst_v5_60m__analysis_full.zip!RUN/J0__R_TDM/analysis/checkpoint_curve.csv,MPTC,85.33,项目交接参考；当前归档未找到原始 S 阶段解析 CSV,UAGMC_SOURCE passenger-only + LQ,84.19,128.76,exp11 同包曲线；训练种子 1；评估种子 123-125,Joint 与 passenger-only 控制权不同；跨矩阵训练实现/guard 未必完全锁定
exp10,J0__R_TDM,J0,R_TDM,1,250000,155.6888888888889,126.13111111111111,7.291111111111111,21.31555555555555,1.0,True,3,3,0.5674733615325799,0.43252663846742,0.452737534894146,0.5472624651058541,exp10_jointfirst_v5_60m__analysis_full.zip!RUN/J0__R_TDM/analysis/checkpoint_curve.csv,MPTC,85.33,项目交接参考；当前归档未找到原始 S 阶段解析 CSV,UAGMC_SOURCE passenger-only + LQ,84.19,128.76,exp11 同包曲线；训练种子 1；评估种子 123-125,Joint 与 passenger-only 控制权不同；跨矩阵训练实现/guard 未必完全锁定
exp10,J0__R_TDM,J0,R_TDM,1,300000,153.02666666666667,123.18222222222222,7.451111111111111,21.435555555555553,1.0,True,3,3,0.5424615956767683,0.4575384043232316,0.46104866557438523,0.5389513344256148,exp10_jointfirst_v5_60m__analysis_full.zip!RUN/J0__R_TDM/analysis/checkpoint_curve.csv,MPTC,85.33,项目交接参考；当前归档未找到原始 S 阶段解析 CSV,UAGMC_SOURCE passenger-only + LQ,84.19,128.76,exp11 同包曲线；训练种子 1；评估种子 123-125,Joint 与 passenger-only 控制权不同；跨矩阵训练实现/guard 未必完全锁定
exp10,J0__R_TDM,J0,R_TDM,1,350000,125.34222222222222,95.91666666666667,7.333333333333333,21.146666666666665,1.0,True,3,3,0.5654120114390898,0.43458798856091013,0.48349219180683417,0.5165078081931659,exp10_jointfirst_v5_60m__analysis_full.zip!RUN/J0__R_TDM/analysis/checkpoint_curve.csv,MPTC,85.33,项目交接参考；当前归档未找到原始 S 阶段解析 CSV,UAGMC_SOURCE passenger-only + LQ,84.19,128.76,exp11 同包曲线；训练种子 1；评估种子 123-125,Joint 与 passenger-only 控制权不同；跨矩阵训练实现/guard 未必完全锁定
exp10,J0__R_TDM,J0,R_TDM,1,400000,123.77444444444444,94.51666666666667,7.222222222222221,21.093333333333334,1.0,True,3,3,0.552280346516826,0.44771965348317394,0.48552308266331584,0.5144769173366842,exp10_jointfirst_v5_60m__analysis_full.zip!RUN/J0__R_TDM/analysis/checkpoint_curve.csv,MPTC,85.33,项目交接参考；当前归档未找到原始 S 阶段解析 CSV,UAGMC_SOURCE passenger-only + LQ,84.19,128.76,exp11 同包曲线；训练种子 1；评估种子 123-125,Joint 与 passenger-only 控制权不同；跨矩阵训练实现/guard 未必完全锁定
exp10,J0__R_TDM,J0,R_TDM,1,450000,119.55111111111113,90.4488888888889,7.086666666666666,21.07111111111111,1.0,True,3,3,0.5588859416445624,0.44111405835543765,0.460956380783967,0.539043619216033,exp10_jointfirst_v5_60m__analysis_full.zip!RUN/J0__R_TDM/analysis/checkpoint_curve.csv,MPTC,85.33,项目交接参考；当前归档未找到原始 S 阶段解析 CSV,UAGMC_SOURCE passenger-only + LQ,84.19,128.76,exp11 同包曲线；训练种子 1；评估种子 123-125,Joint 与 passenger-only 控制权不同；跨矩阵训练实现/guard 未必完全锁定
exp10,J0__R_TDM,J0,R_TDM,1,500000,119.22333333333331,90.05444444444446,7.1066666666666665,21.124444444444446,1.0,True,3,3,0.561448677031045,0.4385513229689551,0.46315466079639656,0.5368453392036034,exp10_jointfirst_v5_60m__analysis_full.zip!RUN/J0__R_TDM/analysis/checkpoint_curve.csv,MPTC,85.33,项目交接参考；当前归档未找到原始 S 阶段解析 CSV,UAGMC_SOURCE passenger-only + LQ,84.19,128.76,exp11 同包曲线；训练种子 1；评估种子 123-125,Joint 与 passenger-only 控制权不同；跨矩阵训练实现/guard 未必完全锁定
exp10,J0__R_TDM,J0,R_TDM,1,550000,118.5511111111111,89.50333333333333,7.087777777777778,21.013333333333332,1.0,True,3,3,0.5226798969697933,0.4773201030302066,0.4812690443111438,0.5187309556888562,exp10_jointfirst_v5_60m__analysis_full.zip!RUN/J0__R_TDM/analysis/checkpoint_curve.csv,MPTC,85.33,项目交接参考；当前归档未找到原始 S 阶段解析 CSV,UAGMC_SOURCE passenger-only + LQ,84.19,128.76,exp11 同包曲线；训练种子 1；评估种子 123-125,Joint 与 passenger-only 控制权不同；跨矩阵训练实现/guard 未必完全锁定
exp10,J0__R_TDM,J0,R_TDM,1,600000,124.13666666666666,95.19555555555557,6.998888888888889,20.991111111111113,1.0,True,3,3,0.4850221144204389,0.5149778855795611,0.5314631940679161,0.46853680593208397,exp10_jointfirst_v5_60m__analysis_full.zip!RUN/J0__R_TDM/analysis/checkpoint_curve.csv,MPTC,85.33,项目交接参考；当前归档未找到原始 S 阶段解析 CSV,UAGMC_SOURCE passenger-only + LQ,84.19,128.76,exp11 同包曲线；训练种子 1；评估种子 123-125,Joint 与 passenger-only 控制权不同；跨矩阵训练实现/guard 未必完全锁定
exp10,J0__R_TDM__W_TAU,J0,R_TDM__W_TAU,1,50000,182.8322222222222,152.35666666666665,7.794444444444444,21.755555555555556,1.0,True,3,3,0.7348234790231091,0.265176520976891,0.7871202561754399,0.21287974382455999,exp10_jointfirst_v5_60m__analysis_full.zip!RUN/J0__R_TDM__W_TAU/analysis/checkpoint_curve.csv,MPTC,85.33,项目交接参考；当前归档未找到原始 S 阶段解析 CSV,UAGMC_SOURCE passenger-only + LQ,84.19,128.76,exp11 同包曲线；训练种子 1；评估种子 123-125,Joint 与 passenger-only 控制权不同；跨矩阵训练实现/guard 未必完全锁定
exp10,J0__R_TDM__W_TAU,J0,R_TDM__W_TAU,1,100000,169.09,139.42333333333332,7.573333333333333,21.164444444444445,1.0,True,3,3,0.6929741032370954,0.30702589676290465,0.7157800524934382,0.28421994750656165,exp10_jointfirst_v5_60m__analysis_full.zip!RUN/J0__R_TDM__W_TAU/analysis/checkpoint_curve.csv,MPTC,85.33,项目交接参考；当前归档未找到原始 S 阶段解析 CSV,UAGMC_SOURCE passenger-only + LQ,84.19,128.76,exp11 同包曲线；训练种子 1；评估种子 123-125,Joint 与 passenger-only 控制权不同；跨矩阵训练实现/guard 未必完全锁定
exp10,J0__R_TDM__W_TAU,J0,R_TDM__W_TAU,1,150000,131.4388888888889,102.14222222222223,7.291111111111111,21.06222222222222,1.0,True,3,3,0.6072035008109231,0.3927964991890769,0.5490193969543279,0.45098060304567217,exp10_jointfirst_v5_60m__analysis_full.zip!RUN/J0__R_TDM__W_TAU/analysis/checkpoint_curve.csv,MPTC,85.33,项目交接参考；当前归档未找到原始 S 阶段解析 CSV,UAGMC_SOURCE passenger-only + LQ,84.19,128.76,exp11 同包曲线；训练种子 1；评估种子 123-125,Joint 与 passenger-only 控制权不同；跨矩阵训练实现/guard 未必完全锁定
exp10,J0__R_TDM__W_TAU,J0,R_TDM__W_TAU,1,200000,135.7888888888889,106.79,7.365555555555556,20.697777777777777,1.0,True,3,3,0.5227999310934476,0.4772000689065523,0.5774077305377013,0.4225922694622987,exp10_jointfirst_v5_60m__analysis_full.zip!RUN/J0__R_TDM__W_TAU/analysis/checkpoint_curve.csv,MPTC,85.33,项目交接参考；当前归档未找到原始 S 阶段解析 CSV,UAGMC_SOURCE passenger-only + LQ,84.19,128.76,exp11 同包曲线；训练种子 1；评估种子 123-125,Joint 与 passenger-only 控制权不同；跨矩阵训练实现/guard 未必完全锁定
exp10,J0__R_TDM__W_TAU,J0,R_TDM__W_TAU,1,250000,129.0511111111111,99.61222222222221,7.326666666666667,21.173333333333332,1.0,True,3,3,0.4976835810169144,0.5023164189830857,0.44703036369703036,0.5529696363029696,exp10_jointfirst_v5_60m__analysis_full.zip!RUN/J0__R_TDM__W_TAU/analysis/checkpoint_curve.csv,MPTC,85.33,项目交接参考；当前归档未找到原始 S 阶段解析 CSV,UAGMC_SOURCE passenger-only + LQ,84.19,128.76,exp11 同包曲线；训练种子 1；评估种子 123-125,Joint 与 passenger-only 控制权不同；跨矩阵训练实现/guard 未必完全锁定
exp10,J0__R_TDM__W_TAU,J0,R_TDM__W_TAU,1,300000,133.88,103.91222222222223,7.626666666666668,21.404444444444447,1.0,True,3,3,0.5879745068520482,0.4120254931479519,0.37563556679630267,0.6243644332036973,exp10_jointfirst_v5_60m__analysis_full.zip!RUN/J0__R_TDM__W_TAU/analysis/checkpoint_curve.csv,MPTC,85.33,项目交接参考；当前归档未找到原始 S 阶段解析 CSV,UAGMC_SOURCE passenger-only + LQ,84.19,128.76,exp11 同包曲线；训练种子 1；评估种子 123-125,Joint 与 passenger-only 控制权不同；跨矩阵训练实现/guard 未必完全锁定
exp10,J0__R_TDM__W_TAU,J0,R_TDM__W_TAU,1,350000,129.98333333333332,101.01444444444445,7.168888888888888,20.86666666666667,1.0,True,3,3,0.45861452018850674,0.5413854798114933,0.3523414601303581,0.6476585398696418,exp10_jointfirst_v5_60m__analysis_full.zip!RUN/J0__R_TDM__W_TAU/analysis/checkpoint_curve.csv,MPTC,85.33,项目交接参考；当前归档未找到原始 S 阶段解析 CSV,UAGMC_SOURCE passenger-only + LQ,84.19,128.76,exp11 同包曲线；训练种子 1；评估种子 123-125,Joint 与 passenger-only 控制权不同；跨矩阵训练实现/guard 未必完全锁定
exp10,J0__R_TDM__W_TAU,J0,R_TDM__W_TAU,1,400000,175.17333333333332,145.28333333333333,7.545555555555556,21.395555555555557,1.0,True,3,3,0.598629733050564,0.40137026694943606,0.38056304526797763,0.6194369547320224,exp10_jointfirst_v5_60m__analysis_full.zip!RUN/J0__R_TDM__W_TAU/analysis/checkpoint_curve.csv,MPTC,85.33,项目交接参考；当前归档未找到原始 S 阶段解析 CSV,UAGMC_SOURCE passenger-only + LQ,84.19,128.76,exp11 同包曲线；训练种子 1；评估种子 123-125,Joint 与 passenger-only 控制权不同；跨矩阵训练实现/guard 未必完全锁定
exp10,J0__R_TDM__W_TAU,J0,R_TDM__W_TAU,1,450000,171.77666666666667,142.13,7.433333333333334,21.28,1.0,True,3,3,0.5266016605405287,0.47339833945947135,0.36733056489752675,0.6326694351024732,exp10_jointfirst_v5_60m__analysis_full.zip!RUN/J0__R_TDM__W_TAU/analysis/checkpoint_curve.csv,MPTC,85.33,项目交接参考；当前归档未找到原始 S 阶段解析 CSV,UAGMC_SOURCE passenger-only + LQ,84.19,128.76,exp11 同包曲线；训练种子 1；评估种子 123-125,Joint 与 passenger-only 控制权不同；跨矩阵训练实现/guard 未必完全锁定
exp10,J0__R_TDM__W_TAU,J0,R_TDM__W_TAU,1,500000,150.89222222222222,121.8288888888889,7.177777777777777,20.951111111111114,1.0,True,3,3,0.4812730296550682,0.5187269703449319,0.44110388753296803,0.558896112467032,exp10_jointfirst_v5_60m__analysis_full.zip!RUN/J0__R_TDM__W_TAU/analysis/checkpoint_curve.csv,MPTC,85.33,项目交接参考；当前归档未找到原始 S 阶段解析 CSV,UAGMC_SOURCE passenger-only + LQ,84.19,128.76,exp11 同包曲线；训练种子 1；评估种子 123-125,Joint 与 passenger-only 控制权不同；跨矩阵训练实现/guard 未必完全锁定
exp10,J0__R_TDM__W_TAU,J0,R_TDM__W_TAU,1,550000,157.11,128.13333333333333,7.16,20.884444444444444,1.0,True,3,3,0.5024733831058585,0.4975266168941415,0.44231062552894485,0.5576893744710553,exp10_jointfirst_v5_60m__analysis_full.zip!RUN/J0__R_TDM__W_TAU/analysis/checkpoint_curve.csv,MPTC,85.33,项目交接参考；当前归档未找到原始 S 阶段解析 CSV,UAGMC_SOURCE passenger-only + LQ,84.19,128.76,exp11 同包曲线；训练种子 1；评估种子 123-125,Joint 与 passenger-only 控制权不同；跨矩阵训练实现/guard 未必完全锁定
exp10,J0__R_TDM__W_TAU,J0,R_TDM__W_TAU,1,600000,159.60666666666665,130.7488888888889,7.008888888888889,20.91111111111111,1.0,True,3,3,0.4643928327344555,0.5356071672655446,0.4262077994156104,0.5737922005843896,exp10_jointfirst_v5_60m__analysis_full.zip!RUN/J0__R_TDM__W_TAU/analysis/checkpoint_curve.csv,MPTC,85.33,项目交接参考；当前归档未找到原始 S 阶段解析 CSV,UAGMC_SOURCE passenger-only + LQ,84.19,128.76,exp11 同包曲线；训练种子 1；评估种子 123-125,Joint 与 passenger-only 控制权不同；跨矩阵训练实现/guard 未必完全锁定
exp10,J0__SHARED,J0,SHARED,1,50000,105.68888888888888,78.33999999999999,6.6322222222222225,19.844444444444445,1.0,True,3,3,0.41166287051360784,0.588337129486392,0.7589090400267415,0.24109095997325847,exp10_jointfirst_v5_60m__analysis_full.zip!RUN/J0__SHARED/analysis/checkpoint_curve.csv,MPTC,85.33,项目交接参考；当前归档未找到原始 S 阶段解析 CSV,UAGMC_SOURCE passenger-only + LQ,84.19,128.76,exp11 同包曲线；训练种子 1；评估种子 123-125,Joint 与 passenger-only 控制权不同；跨矩阵训练实现/guard 未必完全锁定
exp10,J0__SHARED,J0,SHARED,1,100000,173.46444444444444,144.14000000000001,7.157777777777778,21.204444444444444,1.0,True,3,3,0.37085472197765795,0.629145278022342,0.8466325649725658,0.1533674350274341,exp10_jointfirst_v5_60m__analysis_full.zip!RUN/J0__SHARED/analysis/checkpoint_curve.csv,MPTC,85.33,项目交接参考；当前归档未找到原始 S 阶段解析 CSV,UAGMC_SOURCE passenger-only + LQ,84.19,128.76,exp11 同包曲线；训练种子 1；评估种子 123-125,Joint 与 passenger-only 控制权不同；跨矩阵训练实现/guard 未必完全锁定
exp10,J0__SHARED,J0,SHARED,1,150000,114.01666666666667,86.06555555555558,6.703333333333333,20.337777777777777,1.0,True,3,3,0.27930862080737656,0.7206913791926235,0.6262042645498643,0.37379573545013556,exp10_jointfirst_v5_60m__analysis_full.zip!RUN/J0__SHARED/analysis/checkpoint_curve.csv,MPTC,85.33,项目交接参考；当前归档未找到原始 S 阶段解析 CSV,UAGMC_SOURCE passenger-only + LQ,84.19,128.76,exp11 同包曲线；训练种子 1；评估种子 123-125,Joint 与 passenger-only 控制权不同；跨矩阵训练实现/guard 未必完全锁定
exp10,J0__SHARED,J0,SHARED,1,200000,112.68333333333332,83.83444444444444,6.982222222222222,20.89777777777778,1.0,True,3,3,0.34098214381865405,0.6590178561813459,0.599639996805012,0.40036000319498805,exp10_jointfirst_v5_60m__analysis_full.zip!RUN/J0__SHARED/analysis/checkpoint_curve.csv,MPTC,85.33,项目交接参考；当前归档未找到原始 S 阶段解析 CSV,UAGMC_SOURCE passenger-only + LQ,84.19,128.76,exp11 同包曲线；训练种子 1；评估种子 123-125,Joint 与 passenger-only 控制权不同；跨矩阵训练实现/guard 未必完全锁定
exp10,J0__SHARED,J0,SHARED,1,250000,113.92555555555556,84.59888888888888,7.07,21.279999999999998,1.0,True,3,3,0.6448959702406235,0.35510402975937655,0.3005361702514431,0.699463829748557,exp10_jointfirst_v5_60m__analysis_full.zip!RUN/J0__SHARED/analysis/checkpoint_curve.csv,MPTC,85.33,项目交接参考；当前归档未找到原始 S 阶段解析 CSV,UAGMC_SOURCE passenger-only + LQ,84.19,128.76,exp11 同包曲线；训练种子 1；评估种子 123-125,Joint 与 passenger-only 控制权不同；跨矩阵训练实现/guard 未必完全锁定
exp10,J0__SHARED,J0,SHARED,1,300000,111.95333333333332,82.74888888888889,7.024444444444445,21.20888888888889,1.0,True,3,3,0.5915600169993921,0.40843998300060785,0.3751125223475658,0.6248874776524341,exp10_jointfirst_v5_60m__analysis_full.zip!RUN/J0__SHARED/analysis/checkpoint_curve.csv,MPTC,85.33,项目交接参考；当前归档未找到原始 S 阶段解析 CSV,UAGMC_SOURCE passenger-only + LQ,84.19,128.76,exp11 同包曲线；训练种子 1；评估种子 123-125,Joint 与 passenger-only 控制权不同；跨矩阵训练实现/guard 未必完全锁定
exp10,J0__SHARED,J0,SHARED,1,350000,120.96888888888888,91.41666666666667,7.124444444444445,21.448888888888888,1.0,True,3,3,0.5963249898631057,0.4036750101368944,0.34877656318000955,0.6512234368199904,exp10_jointfirst_v5_60m__analysis_full.zip!RUN/J0__SHARED/analysis/checkpoint_curve.csv,MPTC,85.33,项目交接参考；当前归档未找到原始 S 阶段解析 CSV,UAGMC_SOURCE passenger-only + LQ,84.19,128.76,exp11 同包曲线；训练种子 1；评估种子 123-125,Joint 与 passenger-only 控制权不同；跨矩阵训练实现/guard 未必完全锁定
exp10,J0__SHARED,J0,SHARED,1,400000,125.08777777777777,95.43333333333332,7.152222222222222,21.52,1.0,True,3,3,0.5580389050570926,0.4419610949429073,0.3358112325406591,0.6641887674593409,exp10_jointfirst_v5_60m__analysis_full.zip!RUN/J0__SHARED/analysis/checkpoint_curve.csv,MPTC,85.33,项目交接参考；当前归档未找到原始 S 阶段解析 CSV,UAGMC_SOURCE passenger-only + LQ,84.19,128.76,exp11 同包曲线；训练种子 1；评估种子 123-125,Joint 与 passenger-only 控制权不同；跨矩阵训练实现/guard 未必完全锁定
exp10,J0__SHARED,J0,SHARED,1,450000,128.5211111111111,98.76555555555557,7.181111111111111,21.599999999999998,1.0,True,3,3,0.4947937717849755,0.5052062282150245,0.32013911300572345,0.6798608869942765,exp10_jointfirst_v5_60m__analysis_full.zip!RUN/J0__SHARED/analysis/checkpoint_curve.csv,MPTC,85.33,项目交接参考；当前归档未找到原始 S 阶段解析 CSV,UAGMC_SOURCE passenger-only + LQ,84.19,128.76,exp11 同包曲线；训练种子 1；评估种子 123-125,Joint 与 passenger-only 控制权不同；跨矩阵训练实现/guard 未必完全锁定
exp10,J0__SHARED,J0,SHARED,1,500000,142.70777777777778,112.39333333333332,7.482222222222223,21.862222222222226,1.0,True,3,3,0.587713558241025,0.4122864417589749,0.3124482428962876,0.6875517571037125,exp10_jointfirst_v5_60m__analysis_full.zip!RUN/J0__SHARED/analysis/checkpoint_curve.csv,MPTC,85.33,项目交接参考；当前归档未找到原始 S 阶段解析 CSV,UAGMC_SOURCE passenger-only + LQ,84.19,128.76,exp11 同包曲线；训练种子 1；评估种子 123-125,Joint 与 passenger-only 控制权不同；跨矩阵训练实现/guard 未必完全锁定
exp10,J0__SHARED,J0,SHARED,1,550000,140.30222222222224,110.15333333333332,7.359999999999999,21.813333333333333,1.0,True,3,3,0.5704245157849775,0.4295754842150225,0.5089092663957797,0.4910907336042203,exp10_jointfirst_v5_60m__analysis_full.zip!RUN/J0__SHARED/analysis/checkpoint_curve.csv,MPTC,85.33,项目交接参考；当前归档未找到原始 S 阶段解析 CSV,UAGMC_SOURCE passenger-only + LQ,84.19,128.76,exp11 同包曲线；训练种子 1；评估种子 123-125,Joint 与 passenger-only 控制权不同；跨矩阵训练实现/guard 未必完全锁定
exp10,J0__SHARED,J0,SHARED,1,600000,146.62555555555556,116.43,7.395555555555556,21.826666666666664,1.0,True,3,3,0.5034888911654788,0.49651110883452115,0.7028696033426135,0.2971303966573864,exp10_jointfirst_v5_60m__analysis_full.zip!RUN/J0__SHARED/analysis/checkpoint_curve.csv,MPTC,85.33,项目交接参考；当前归档未找到原始 S 阶段解析 CSV,UAGMC_SOURCE passenger-only + LQ,84.19,128.76,exp11 同包曲线；训练种子 1；评估种子 123-125,Joint 与 passenger-only 控制权不同；跨矩阵训练实现/guard 未必完全锁定
exp10,J0__S_EVENTGRAPH_GAT,J0,S_EVENTGRAPH_GAT,1,50000,617.9966666666668,591.8333333333334,6.163333333333333,19.0,1.0,True,3,3,0.0,1.0,0.9368339088769518,0.06316609112304832,exp10_jointfirst_v5_60m__analysis_full.zip!RUN/J0__S_EVENTGRAPH_GAT/analysis/checkpoint_curve.csv,MPTC,85.33,项目交接参考；当前归档未找到原始 S 阶段解析 CSV,UAGMC_SOURCE passenger-only + LQ,84.19,128.76,exp11 同包曲线；训练种子 1；评估种子 123-125,Joint 与 passenger-only 控制权不同；跨矩阵训练实现/guard 未必完全锁定
exp10,J0__S_EVENTGRAPH_GAT,J0,S_EVENTGRAPH_GAT,1,100000,225.64333333333332,196.12444444444444,7.373333333333332,21.204444444444444,1.0,True,3,3,0.4309989446705864,0.5690010553294135,0.9748445650535204,0.025155434946479722,exp10_jointfirst_v5_60m__analysis_full.zip!RUN/J0__S_EVENTGRAPH_GAT/analysis/checkpoint_curve.csv,MPTC,85.33,项目交接参考；当前归档未找到原始 S 阶段解析 CSV,UAGMC_SOURCE passenger-only + LQ,84.19,128.76,exp11 同包曲线；训练种子 1；评估种子 123-125,Joint 与 passenger-only 控制权不同；跨矩阵训练实现/guard 未必完全锁定
exp10,J0__S_EVENTGRAPH_GAT,J0,S_EVENTGRAPH_GAT,1,150000,163.82666666666668,134.35555555555558,7.324444444444445,21.213333333333335,1.0,True,3,3,0.6846933440300113,0.31530665596998875,0.24299181540157636,0.7570081845984236,exp10_jointfirst_v5_60m__analysis_full.zip!RUN/J0__S_EVENTGRAPH_GAT/analysis/checkpoint_curve.csv,MPTC,85.33,项目交接参考；当前归档未找到原始 S 阶段解析 CSV,UAGMC_SOURCE passenger-only + LQ,84.19,128.76,exp11 同包曲线；训练种子 1；评估种子 123-125,Joint 与 passenger-only 控制权不同；跨矩阵训练实现/guard 未必完全锁定
exp10,J0__S_EVENTGRAPH_GAT,J0,S_EVENTGRAPH_GAT,1,200000,152.57888888888888,123.25222222222222,7.342222222222222,21.05333333333333,1.0,True,3,3,0.6665059897809378,0.33349401021906216,0.3137703589588741,0.6862296410411259,exp10_jointfirst_v5_60m__analysis_full.zip!RUN/J0__S_EVENTGRAPH_GAT/analysis/checkpoint_curve.csv,MPTC,85.33,项目交接参考；当前归档未找到原始 S 阶段解析 CSV,UAGMC_SOURCE passenger-only + LQ,84.19,128.76,exp11 同包曲线；训练种子 1；评估种子 123-125,Joint 与 passenger-only 控制权不同；跨矩阵训练实现/guard 未必完全锁定
exp10,J0__S_EVENTGRAPH_GAT,J0,S_EVENTGRAPH_GAT,1,250000,144.25444444444443,115.04777777777777,7.355555555555555,20.924444444444443,1.0,True,3,3,0.5449125101328903,0.4550874898671098,0.4697760405035611,0.5302239594964389,exp10_jointfirst_v5_60m__analysis_full.zip!RUN/J0__S_EVENTGRAPH_GAT/analysis/checkpoint_curve.csv,MPTC,85.33,项目交接参考；当前归档未找到原始 S 阶段解析 CSV,UAGMC_SOURCE passenger-only + LQ,84.19,128.76,exp11 同包曲线；训练种子 1；评估种子 123-125,Joint 与 passenger-only 控制权不同；跨矩阵训练实现/guard 未必完全锁定
exp10,J0__S_EVENTGRAPH_GAT,J0,S_EVENTGRAPH_GAT,1,300000,150.46888888888893,120.98666666666666,7.47,21.084444444444447,1.0,True,3,3,0.5830004049622889,0.41699959503771106,0.4147656502036247,0.5852343497963753,exp10_jointfirst_v5_60m__analysis_full.zip!RUN/J0__S_EVENTGRAPH_GAT/analysis/checkpoint_curve.csv,MPTC,85.33,项目交接参考；当前归档未找到原始 S 阶段解析 CSV,UAGMC_SOURCE passenger-only + LQ,84.19,128.76,exp11 同包曲线；训练种子 1；评估种子 123-125,Joint 与 passenger-only 控制权不同；跨矩阵训练实现/guard 未必完全锁定
exp10,J0__S_EVENTGRAPH_GAT,J0,S_EVENTGRAPH_GAT,1,350000,126.50222222222222,97.74,7.228888888888889,20.604444444444443,1.0,True,3,3,0.48963889476352085,0.510361105236479,0.23969915170313974,0.7603008482968603,exp10_jointfirst_v5_60m__analysis_full.zip!RUN/J0__S_EVENTGRAPH_GAT/analysis/checkpoint_curve.csv,MPTC,85.33,项目交接参考；当前归档未找到原始 S 阶段解析 CSV,UAGMC_SOURCE passenger-only + LQ,84.19,128.76,exp11 同包曲线；训练种子 1；评估种子 123-125,Joint 与 passenger-only 控制权不同；跨矩阵训练实现/guard 未必完全锁定
exp10,J0__S_EVENTGRAPH_GAT,J0,S_EVENTGRAPH_GAT,1,400000,118.5311111111111,90.01777777777778,7.101111111111112,20.488888888888887,1.0,True,3,3,0.38396430269108744,0.6160356973089126,0.3944599072515651,0.6055400927484348,exp10_jointfirst_v5_60m__analysis_full.zip!RUN/J0__S_EVENTGRAPH_GAT/analysis/checkpoint_curve.csv,MPTC,85.33,项目交接参考；当前归档未找到原始 S 阶段解析 CSV,UAGMC_SOURCE passenger-only + LQ,84.19,128.76,exp11 同包曲线；训练种子 1；评估种子 123-125,Joint 与 passenger-only 控制权不同；跨矩阵训练实现/guard 未必完全锁定
exp10,J0__S_EVENTGRAPH_GAT,J0,S_EVENTGRAPH_GAT,1,450000,124.81666666666666,96.11222222222221,7.176666666666667,20.599999999999998,1.0,True,3,3,0.38447816837172577,0.6155218316282742,0.3302885127114819,0.669711487288518,exp10_jointfirst_v5_60m__analysis_full.zip!RUN/J0__S_EVENTGRAPH_GAT/analysis/checkpoint_curve.csv,MPTC,85.33,项目交接参考；当前归档未找到原始 S 阶段解析 CSV,UAGMC_SOURCE passenger-only + LQ,84.19,128.76,exp11 同包曲线；训练种子 1；评估种子 123-125,Joint 与 passenger-only 控制权不同；跨矩阵训练实现/guard 未必完全锁定
exp10,J0__S_EVENTGRAPH_GAT,J0,S_EVENTGRAPH_GAT,1,500000,134.36444444444444,105.34666666666665,7.284444444444445,20.795555555555552,1.0,True,3,3,0.35304698069445467,0.6469530193055454,0.3893321880079321,0.610667811992068,exp10_jointfirst_v5_60m__analysis_full.zip!RUN/J0__S_EVENTGRAPH_GAT/analysis/checkpoint_curve.csv,MPTC,85.33,项目交接参考；当前归档未找到原始 S 阶段解析 CSV,UAGMC_SOURCE passenger-only + LQ,84.19,128.76,exp11 同包曲线；训练种子 1；评估种子 123-125,Joint 与 passenger-only 控制权不同；跨矩阵训练实现/guard 未必完全锁定
exp10,J0__S_EVENTGRAPH_GAT,J0,S_EVENTGRAPH_GAT,1,550000,126.69777777777777,97.56666666666668,7.31,20.862222222222222,1.0,True,3,3,0.4168904514504521,0.5831095485495479,0.456882629784982,0.5431173702150179,exp10_jointfirst_v5_60m__analysis_full.zip!RUN/J0__S_EVENTGRAPH_GAT/analysis/checkpoint_curve.csv,MPTC,85.33,项目交接参考；当前归档未找到原始 S 阶段解析 CSV,UAGMC_SOURCE passenger-only + LQ,84.19,128.76,exp11 同包曲线；训练种子 1；评估种子 123-125,Joint 与 passenger-only 控制权不同；跨矩阵训练实现/guard 未必完全锁定
exp10,J0__S_EVENTGRAPH_GAT,J0,S_EVENTGRAPH_GAT,1,600000,127.28444444444445,98.16000000000001,7.201111111111111,20.94666666666667,1.0,True,3,3,0.4664354885640401,0.5335645114359598,0.5174898290104408,0.4825101709895592,exp10_jointfirst_v5_60m__analysis_full.zip!RUN/J0__S_EVENTGRAPH_GAT/analysis/checkpoint_curve.csv,MPTC,85.33,项目交接参考；当前归档未找到原始 S 阶段解析 CSV,UAGMC_SOURCE passenger-only + LQ,84.19,128.76,exp11 同包曲线；训练种子 1；评估种子 123-125,Joint 与 passenger-only 控制权不同；跨矩阵训练实现/guard 未必完全锁定
exp10,J0__S_HKSL_MULTI,J0,S_HKSL_MULTI,1,50000,178.74333333333334,147.42222222222222,8.018888888888888,22.337777777777777,1.0,True,3,3,0.9011147237138757,0.09888527628612438,0.8581990425342881,0.14180095746571178,exp10_jointfirst_v5_60m__analysis_full.zip!RUN/J0__S_HKSL_MULTI/analysis/checkpoint_curve.csv,MPTC,85.33,项目交接参考；当前归档未找到原始 S 阶段解析 CSV,UAGMC_SOURCE passenger-only + LQ,84.19,128.76,exp11 同包曲线；训练种子 1；评估种子 123-125,Joint 与 passenger-only 控制权不同；跨矩阵训练实现/guard 未必完全锁定
exp10,J0__S_HKSL_MULTI,J0,S_HKSL_MULTI,1,100000,249.5911111111111,217.5955555555556,8.337777777777777,22.711111111111112,1.0,True,3,3,0.9735287030414632,0.02647129695853684,0.14900701182695056,0.8509929881730494,exp10_jointfirst_v5_60m__analysis_full.zip!RUN/J0__S_HKSL_MULTI/analysis/checkpoint_curve.csv,MPTC,85.33,项目交接参考；当前归档未找到原始 S 阶段解析 CSV,UAGMC_SOURCE passenger-only + LQ,84.19,128.76,exp11 同包曲线；训练种子 1；评估种子 123-125,Joint 与 passenger-only 控制权不同；跨矩阵训练实现/guard 未必完全锁定
exp10,J0__S_HKSL_MULTI,J0,S_HKSL_MULTI,1,150000,266.0111111111111,233.84555555555553,8.463333333333333,22.74222222222222,1.0,True,3,3,0.932072852488134,0.06792714751186607,0.2375869872891537,0.7624130127108463,exp10_jointfirst_v5_60m__analysis_full.zip!RUN/J0__S_HKSL_MULTI/analysis/checkpoint_curve.csv,MPTC,85.33,项目交接参考；当前归档未找到原始 S 阶段解析 CSV,UAGMC_SOURCE passenger-only + LQ,84.19,128.76,exp11 同包曲线；训练种子 1；评估种子 123-125,Joint 与 passenger-only 控制权不同；跨矩阵训练实现/guard 未必完全锁定
exp10,J0__S_HKSL_MULTI,J0,S_HKSL_MULTI,1,200000,253.8611111111111,221.74777777777777,8.462222222222222,22.688888888888886,1.0,True,3,3,0.8726469808271492,0.12735301917285094,0.23906308122776201,0.760936918772238,exp10_jointfirst_v5_60m__analysis_full.zip!RUN/J0__S_HKSL_MULTI/analysis/checkpoint_curve.csv,MPTC,85.33,项目交接参考；当前归档未找到原始 S 阶段解析 CSV,UAGMC_SOURCE passenger-only + LQ,84.19,128.76,exp11 同包曲线；训练种子 1；评估种子 123-125,Joint 与 passenger-only 控制权不同；跨矩阵训练实现/guard 未必完全锁定
exp10,J0__S_HKSL_MULTI,J0,S_HKSL_MULTI,1,250000,199.22222222222226,167.6677777777778,8.312222222222223,22.28888888888889,1.0,True,3,3,0.690144285778714,0.30985571422128605,0.26293085182036247,0.7370691481796375,exp10_jointfirst_v5_60m__analysis_full.zip!RUN/J0__S_HKSL_MULTI/analysis/checkpoint_curve.csv,MPTC,85.33,项目交接参考；当前归档未找到原始 S 阶段解析 CSV,UAGMC_SOURCE passenger-only + LQ,84.19,128.76,exp11 同包曲线；训练种子 1；评估种子 123-125,Joint 与 passenger-only 控制权不同；跨矩阵训练实现/guard 未必完全锁定
exp10,J0__S_HKSL_MULTI,J0,S_HKSL_MULTI,1,300000,181.43444444444444,150.1111111111111,8.197777777777778,22.182222222222222,1.0,True,3,3,0.6211684774979646,0.3788315225020354,0.2802366749575587,0.7197633250424413,exp10_jointfirst_v5_60m__analysis_full.zip!RUN/J0__S_HKSL_MULTI/analysis/checkpoint_curve.csv,MPTC,85.33,项目交接参考；当前归档未找到原始 S 阶段解析 CSV,UAGMC_SOURCE passenger-only + LQ,84.19,128.76,exp11 同包曲线；训练种子 1；评估种子 123-125,Joint 与 passenger-only 控制权不同；跨矩阵训练实现/guard 未必完全锁定
exp10,J0__S_HKSL_MULTI,J0,S_HKSL_MULTI,1,350000,187.84444444444443,157.00222222222223,7.9688888888888885,21.911111111111115,1.0,True,3,3,0.5300752312655911,0.46992476873440897,0.38696156453428326,0.6130384354657167,exp10_jointfirst_v5_60m__analysis_full.zip!RUN/J0__S_HKSL_MULTI/analysis/checkpoint_curve.csv,MPTC,85.33,项目交接参考；当前归档未找到原始 S 阶段解析 CSV,UAGMC_SOURCE passenger-only + LQ,84.19,128.76,exp11 同包曲线；训练种子 1；评估种子 123-125,Joint 与 passenger-only 控制权不同；跨矩阵训练实现/guard 未必完全锁定
exp10,J0__S_HKSL_MULTI,J0,S_HKSL_MULTI,1,400000,194.79888888888888,163.63777777777776,8.096666666666666,22.11111111111111,1.0,True,3,3,0.6182211363787214,0.38177886362127844,0.35754518814619135,0.6424548118538086,exp10_jointfirst_v5_60m__analysis_full.zip!RUN/J0__S_HKSL_MULTI/analysis/checkpoint_curve.csv,MPTC,85.33,项目交接参考；当前归档未找到原始 S 阶段解析 CSV,UAGMC_SOURCE passenger-only + LQ,84.19,128.76,exp11 同包曲线；训练种子 1；评估种子 123-125,Joint 与 passenger-only 控制权不同；跨矩阵训练实现/guard 未必完全锁定
exp10,J0__S_HKSL_MULTI,J0,S_HKSL_MULTI,1,450000,169.77666666666667,138.24555555555557,8.277777777777777,22.311111111111114,1.0,True,3,3,0.6739252921417692,0.3260747078582307,0.2552661718226204,0.7447338281773795,exp10_jointfirst_v5_60m__analysis_full.zip!RUN/J0__S_HKSL_MULTI/analysis/checkpoint_curve.csv,MPTC,85.33,项目交接参考；当前归档未找到原始 S 阶段解析 CSV,UAGMC_SOURCE passenger-only + LQ,84.19,128.76,exp11 同包曲线；训练种子 1；评估种子 123-125,Joint 与 passenger-only 控制权不同；跨矩阵训练实现/guard 未必完全锁定
exp10,J0__S_HKSL_MULTI,J0,S_HKSL_MULTI,1,500000,136.0411111111111,105.88111111111111,7.794444444444444,21.413333333333338,1.0,True,3,3,0.4654804201663581,0.5345195798336418,0.4413410140483823,0.5586589859516177,exp10_jointfirst_v5_60m__analysis_full.zip!RUN/J0__S_HKSL_MULTI/analysis/checkpoint_curve.csv,MPTC,85.33,项目交接参考；当前归档未找到原始 S 阶段解析 CSV,UAGMC_SOURCE passenger-only + LQ,84.19,128.76,exp11 同包曲线；训练种子 1；评估种子 123-125,Joint 与 passenger-only 控制权不同；跨矩阵训练实现/guard 未必完全锁定
exp10,J0__S_HKSL_MULTI,J0,S_HKSL_MULTI,1,550000,112.7088888888889,83.21111111111112,7.391111111111111,21.137777777777774,1.0,True,3,3,0.48142096956561115,0.5185790304343888,0.34383609529585796,0.656163904704142,exp10_jointfirst_v5_60m__analysis_full.zip!RUN/J0__S_HKSL_MULTI/analysis/checkpoint_curve.csv,MPTC,85.33,项目交接参考；当前归档未找到原始 S 阶段解析 CSV,UAGMC_SOURCE passenger-only + LQ,84.19,128.76,exp11 同包曲线；训练种子 1；评估种子 123-125,Joint 与 passenger-only 控制权不同；跨矩阵训练实现/guard 未必完全锁定
exp10,J0__S_HKSL_MULTI,J0,S_HKSL_MULTI,1,600000,145.9411111111111,117.58555555555556,7.024444444444445,20.395555555555557,1.0,True,3,3,0.22699053072986397,0.773009469270136,0.5588674638157962,0.4411325361842038,exp10_jointfirst_v5_60m__analysis_full.zip!RUN/J0__S_HKSL_MULTI/analysis/checkpoint_curve.csv,MPTC,85.33,项目交接参考；当前归档未找到原始 S 阶段解析 CSV,UAGMC_SOURCE passenger-only + LQ,84.19,128.76,exp11 同包曲线；训练种子 1；评估种子 123-125,Joint 与 passenger-only 控制权不同；跨矩阵训练实现/guard 未必完全锁定
exp10,J0__S_SETTRANS_EVENT,J0,S_SETTRANS_EVENT,1,50000,197.4188888888889,165.67,8.193333333333333,22.591111111111108,1.0,True,3,3,0.8837100306587232,0.11628996934127674,0.918021428336636,0.08197857166336393,exp10_jointfirst_v5_60m__analysis_full.zip!RUN/J0__S_SETTRANS_EVENT/analysis/checkpoint_curve.csv,MPTC,85.33,项目交接参考；当前归档未找到原始 S 阶段解析 CSV,UAGMC_SOURCE passenger-only + LQ,84.19,128.76,exp11 同包曲线；训练种子 1；评估种子 123-125,Joint 与 passenger-only 控制权不同；跨矩阵训练实现/guard 未必完全锁定
exp10,J0__S_SETTRANS_EVENT,J0,S_SETTRANS_EVENT,1,100000,204.01,173.46444444444444,7.73888888888889,21.84,1.0,True,3,3,0.7410422405119391,0.25895775948806077,0.9453278297876464,0.0546721702123536,exp10_jointfirst_v5_60m__analysis_full.zip!RUN/J0__S_SETTRANS_EVENT/analysis/checkpoint_curve.csv,MPTC,85.33,项目交接参考；当前归档未找到原始 S 阶段解析 CSV,UAGMC_SOURCE passenger-only + LQ,84.19,128.76,exp11 同包曲线；训练种子 1；评估种子 123-125,Joint 与 passenger-only 控制权不同；跨矩阵训练实现/guard 未必完全锁定
exp10,J0__S_SETTRANS_EVENT,J0,S_SETTRANS_EVENT,1,150000,164.72,136.10666666666665,7.0377777777777775,20.653333333333332,1.0,True,3,3,0.4694522739658324,0.5305477260341676,0.9296396255628631,0.0703603744371369,exp10_jointfirst_v5_60m__analysis_full.zip!RUN/J0__S_SETTRANS_EVENT/analysis/checkpoint_curve.csv,MPTC,85.33,项目交接参考；当前归档未找到原始 S 阶段解析 CSV,UAGMC_SOURCE passenger-only + LQ,84.19,128.76,exp11 同包曲线；训练种子 1；评估种子 123-125,Joint 与 passenger-only 控制权不同；跨矩阵训练实现/guard 未必完全锁定
exp10,J0__S_SETTRANS_EVENT,J0,S_SETTRANS_EVENT,1,200000,213.24555555555557,183.45555555555555,7.473333333333333,21.36888888888889,1.0,True,3,3,0.623555971340589,0.3764440286594109,0.9582329256709862,0.04176707432901383,exp10_jointfirst_v5_60m__analysis_full.zip!RUN/J0__S_SETTRANS_EVENT/analysis/checkpoint_curve.csv,MPTC,85.33,项目交接参考；当前归档未找到原始 S 阶段解析 CSV,UAGMC_SOURCE passenger-only + LQ,84.19,128.76,exp11 同包曲线；训练种子 1；评估种子 123-125,Joint 与 passenger-only 控制权不同；跨矩阵训练实现/guard 未必完全锁定
exp10,J0__S_SETTRANS_EVENT,J0,S_SETTRANS_EVENT,1,250000,161.87777777777777,131.6611111111111,7.638888888888889,21.608888888888888,1.0,True,3,3,0.8321311022487027,0.16786889775129732,0.7116703504388493,0.28832964956115065,exp10_jointfirst_v5_60m__analysis_full.zip!RUN/J0__S_SETTRANS_EVENT/analysis/checkpoint_curve.csv,MPTC,85.33,项目交接参考；当前归档未找到原始 S 阶段解析 CSV,UAGMC_SOURCE passenger-only + LQ,84.19,128.76,exp11 同包曲线；训练种子 1；评估种子 123-125,Joint 与 passenger-only 控制权不同；跨矩阵训练实现/guard 未必完全锁定
exp10,J0__S_SETTRANS_EVENT,J0,S_SETTRANS_EVENT,1,300000,149.89333333333335,120.40333333333335,7.29,21.253333333333334,1.0,True,3,3,0.7138279193234517,0.28617208067654826,0.5615710588751374,0.4384289411248627,exp10_jointfirst_v5_60m__analysis_full.zip!RUN/J0__S_SETTRANS_EVENT/analysis/checkpoint_curve.csv,MPTC,85.33,项目交接参考；当前归档未找到原始 S 阶段解析 CSV,UAGMC_SOURCE passenger-only + LQ,84.19,128.76,exp11 同包曲线；训练种子 1；评估种子 123-125,Joint 与 passenger-only 控制权不同；跨矩阵训练实现/guard 未必完全锁定
exp10,J0__S_SETTRANS_EVENT,J0,S_SETTRANS_EVENT,1,350000,138.36333333333332,108.81222222222222,7.303333333333332,21.26666666666667,1.0,True,3,3,0.6469985146989681,0.3530014853010319,0.5804016060553808,0.4195983939446191,exp10_jointfirst_v5_60m__analysis_full.zip!RUN/J0__S_SETTRANS_EVENT/analysis/checkpoint_curve.csv,MPTC,85.33,项目交接参考；当前归档未找到原始 S 阶段解析 CSV,UAGMC_SOURCE passenger-only + LQ,84.19,128.76,exp11 同包曲线；训练种子 1；评估种子 123-125,Joint 与 passenger-only 控制权不同；跨矩阵训练实现/guard 未必完全锁定
exp10,J0__S_SETTRANS_EVENT,J0,S_SETTRANS_EVENT,1,400000,130.7222222222222,101.44333333333333,7.094444444444444,21.20888888888889,1.0,True,3,3,0.6908045110893427,0.30919548891065735,0.5351768597113359,0.46482314028866406,exp10_jointfirst_v5_60m__analysis_full.zip!RUN/J0__S_SETTRANS_EVENT/analysis/checkpoint_curve.csv,MPTC,85.33,项目交接参考；当前归档未找到原始 S 阶段解析 CSV,UAGMC_SOURCE passenger-only + LQ,84.19,128.76,exp11 同包曲线；训练种子 1；评估种子 123-125,Joint 与 passenger-only 控制权不同；跨矩阵训练实现/guard 未必完全锁定
exp10,J0__S_SETTRANS_EVENT,J0,S_SETTRANS_EVENT,1,450000,126.68888888888888,97.34222222222222,7.176666666666667,21.195555555555554,1.0,True,3,3,0.616679442608549,0.38332055739145104,0.48350962656143426,0.5164903734385656,exp10_jointfirst_v5_60m__analysis_full.zip!RUN/J0__S_SETTRANS_EVENT/analysis/checkpoint_curve.csv,MPTC,85.33,项目交接参考；当前归档未找到原始 S 阶段解析 CSV,UAGMC_SOURCE passenger-only + LQ,84.19,128.76,exp11 同包曲线；训练种子 1；评估种子 123-125,Joint 与 passenger-only 控制权不同；跨矩阵训练实现/guard 未必完全锁定
exp10,J0__S_SETTRANS_EVENT,J0,S_SETTRANS_EVENT,1,500000,133.63555555555556,104.43888888888888,7.062222222222222,21.164444444444445,1.0,True,3,3,0.644243735674451,0.35575626432554897,0.474929411889686,0.525070588110314,exp10_jointfirst_v5_60m__analysis_full.zip!RUN/J0__S_SETTRANS_EVENT/analysis/checkpoint_curve.csv,MPTC,85.33,项目交接参考；当前归档未找到原始 S 阶段解析 CSV,UAGMC_SOURCE passenger-only + LQ,84.19,128.76,exp11 同包曲线；训练种子 1；评估种子 123-125,Joint 与 passenger-only 控制权不同；跨矩阵训练实现/guard 未必完全锁定
exp10,J0__S_SETTRANS_EVENT,J0,S_SETTRANS_EVENT,1,550000,141.3311111111111,112.18666666666667,7.047777777777778,21.12,1.0,True,3,3,0.5978793309438472,0.4021206690561529,0.4853084323712507,0.5146915676287492,exp10_jointfirst_v5_60m__analysis_full.zip!RUN/J0__S_SETTRANS_EVENT/analysis/checkpoint_curve.csv,MPTC,85.33,项目交接参考；当前归档未找到原始 S 阶段解析 CSV,UAGMC_SOURCE passenger-only + LQ,84.19,128.76,exp11 同包曲线；训练种子 1；评估种子 123-125,Joint 与 passenger-only 控制权不同；跨矩阵训练实现/guard 未必完全锁定
exp10,J0__S_SETTRANS_EVENT,J0,S_SETTRANS_EVENT,1,600000,176.74666666666667,147.51,7.104444444444444,21.155555555555555,1.0,True,3,3,0.5163062843189553,0.48369371568104474,0.5344516917939507,0.4655483082060494,exp10_jointfirst_v5_60m__analysis_full.zip!RUN/J0__S_SETTRANS_EVENT/analysis/checkpoint_curve.csv,MPTC,85.33,项目交接参考；当前归档未找到原始 S 阶段解析 CSV,UAGMC_SOURCE passenger-only + LQ,84.19,128.76,exp11 同包曲线；训练种子 1；评估种子 123-125,Joint 与 passenger-only 控制权不同；跨矩阵训练实现/guard 未必完全锁定
exp10,J0__S_TDM_EVENT_FUSION,J0,S_TDM_EVENT_FUSION,1,50000,183.7111111111111,154.57111111111112,7.330000000000001,20.88,1.0,True,3,3,0.5641055180377569,0.43589448196224306,0.9489367230051698,0.05106327699483009,exp10_jointfirst_v5_60m__analysis_full.zip!RUN/J0__S_TDM_EVENT_FUSION/analysis/checkpoint_curve.csv,MPTC,85.33,项目交接参考；当前归档未找到原始 S 阶段解析 CSV,UAGMC_SOURCE passenger-only + LQ,84.19,128.76,exp11 同包曲线；训练种子 1；评估种子 123-125,Joint 与 passenger-only 控制权不同；跨矩阵训练实现/guard 未必完全锁定
exp10,J0__S_TDM_EVENT_FUSION,J0,S_TDM_EVENT_FUSION,1,100000,232.17777777777778,201.45666666666668,7.773333333333333,21.98222222222222,1.0,True,3,3,0.7353250132611593,0.26467498673884077,0.9541101240075015,0.04588987599249857,exp10_jointfirst_v5_60m__analysis_full.zip!RUN/J0__S_TDM_EVENT_FUSION/analysis/checkpoint_curve.csv,MPTC,85.33,项目交接参考；当前归档未找到原始 S 阶段解析 CSV,UAGMC_SOURCE passenger-only + LQ,84.19,128.76,exp11 同包曲线；训练种子 1；评估种子 123-125,Joint 与 passenger-only 控制权不同；跨矩阵训练实现/guard 未必完全锁定
exp10,J0__S_TDM_EVENT_FUSION,J0,S_TDM_EVENT_FUSION,1,150000,215.92666666666665,183.42,8.545555555555554,22.977777777777778,1.0,True,3,3,0.9291128389555249,0.07088716104447525,0.8724006991742511,0.1275993008257489,exp10_jointfirst_v5_60m__analysis_full.zip!RUN/J0__S_TDM_EVENT_FUSION/analysis/checkpoint_curve.csv,MPTC,85.33,项目交接参考；当前归档未找到原始 S 阶段解析 CSV,UAGMC_SOURCE passenger-only + LQ,84.19,128.76,exp11 同包曲线；训练种子 1；评估种子 123-125,Joint 与 passenger-only 控制权不同；跨矩阵训练实现/guard 未必完全锁定
exp10,J0__S_TDM_EVENT_FUSION,J0,S_TDM_EVENT_FUSION,1,200000,174.27777777777774,142.95333333333335,8.125555555555556,22.226666666666663,1.0,True,3,3,0.5359570260455473,0.46404297395445265,0.6462824422861742,0.3537175577138258,exp10_jointfirst_v5_60m__analysis_full.zip!RUN/J0__S_TDM_EVENT_FUSION/analysis/checkpoint_curve.csv,MPTC,85.33,项目交接参考；当前归档未找到原始 S 阶段解析 CSV,UAGMC_SOURCE passenger-only + LQ,84.19,128.76,exp11 同包曲线；训练种子 1；评估种子 123-125,Joint 与 passenger-only 控制权不同；跨矩阵训练实现/guard 未必完全锁定
exp10,J0__S_TDM_EVENT_FUSION,J0,S_TDM_EVENT_FUSION,1,250000,234.37,202.47888888888892,8.313333333333333,22.608888888888888,1.0,True,3,3,0.49004979043476454,0.5099502095652353,0.5497090424854432,0.4502909575145569,exp10_jointfirst_v5_60m__analysis_full.zip!RUN/J0__S_TDM_EVENT_FUSION/analysis/checkpoint_curve.csv,MPTC,85.33,项目交接参考；当前归档未找到原始 S 阶段解析 CSV,UAGMC_SOURCE passenger-only + LQ,84.19,128.76,exp11 同包曲线；训练种子 1；评估种子 123-125,Joint 与 passenger-only 控制权不同；跨矩阵训练实现/guard 未必完全锁定
exp10,J0__S_TDM_EVENT_FUSION,J0,S_TDM_EVENT_FUSION,1,300000,199.58333333333334,167.81444444444446,8.276666666666666,22.515555555555554,1.0,True,3,3,0.7735372028566632,0.22646279714333675,0.5716738789727228,0.42832612102727713,exp10_jointfirst_v5_60m__analysis_full.zip!RUN/J0__S_TDM_EVENT_FUSION/analysis/checkpoint_curve.csv,MPTC,85.33,项目交接参考；当前归档未找到原始 S 阶段解析 CSV,UAGMC_SOURCE passenger-only + LQ,84.19,128.76,exp11 同包曲线；训练种子 1；评估种子 123-125,Joint 与 passenger-only 控制权不同；跨矩阵训练实现/guard 未必完全锁定
exp10,J0__S_TDM_EVENT_FUSION,J0,S_TDM_EVENT_FUSION,1,350000,192.16444444444446,160.42333333333332,8.27111111111111,22.493333333333336,1.0,True,3,3,0.7904549234263368,0.2095450765736632,0.5878692494234805,0.4121307505765195,exp10_jointfirst_v5_60m__analysis_full.zip!RUN/J0__S_TDM_EVENT_FUSION/analysis/checkpoint_curve.csv,MPTC,85.33,项目交接参考；当前归档未找到原始 S 阶段解析 CSV,UAGMC_SOURCE passenger-only + LQ,84.19,128.76,exp11 同包曲线；训练种子 1；评估种子 123-125,Joint 与 passenger-only 控制权不同；跨矩阵训练实现/guard 未必完全锁定
exp10,J0__S_TDM_EVENT_FUSION,J0,S_TDM_EVENT_FUSION,1,400000,181.17555555555555,149.61444444444444,8.21111111111111,22.37777777777778,1.0,True,3,3,0.7848660750792534,0.2151339249207466,0.38915857568958345,0.6108414243104165,exp10_jointfirst_v5_60m__analysis_full.zip!RUN/J0__S_TDM_EVENT_FUSION/analysis/checkpoint_curve.csv,MPTC,85.33,项目交接参考；当前归档未找到原始 S 阶段解析 CSV,UAGMC_SOURCE passenger-only + LQ,84.19,128.76,exp11 同包曲线；训练种子 1；评估种子 123-125,Joint 与 passenger-only 控制权不同；跨矩阵训练实现/guard 未必完全锁定
exp10,J0__S_TDM_EVENT_FUSION,J0,S_TDM_EVENT_FUSION,1,450000,124.44111111111111,94.27444444444444,7.684444444444445,21.50666666666667,1.0,True,3,3,0.6532581453634085,0.34674185463659146,0.4071585213032581,0.5928414786967419,exp10_jointfirst_v5_60m__analysis_full.zip!RUN/J0__S_TDM_EVENT_FUSION/analysis/checkpoint_curve.csv,MPTC,85.33,项目交接参考；当前归档未找到原始 S 阶段解析 CSV,UAGMC_SOURCE passenger-only + LQ,84.19,128.76,exp11 同包曲线；训练种子 1；评估种子 123-125,Joint 与 passenger-only 控制权不同；跨矩阵训练实现/guard 未必完全锁定
exp10,J0__S_TDM_EVENT_FUSION,J0,S_TDM_EVENT_FUSION,1,500000,141.75666666666666,111.24222222222222,7.858888888888889,21.679999999999996,1.0,True,3,3,0.6000510324947621,0.39994896750523773,0.4538227865790863,0.5461772134209136,exp10_jointfirst_v5_60m__analysis_full.zip!RUN/J0__S_TDM_EVENT_FUSION/analysis/checkpoint_curve.csv,MPTC,85.33,项目交接参考；当前归档未找到原始 S 阶段解析 CSV,UAGMC_SOURCE passenger-only + LQ,84.19,128.76,exp11 同包曲线；训练种子 1；评估种子 123-125,Joint 与 passenger-only 控制权不同；跨矩阵训练实现/guard 未必完全锁定
exp10,J0__S_TDM_EVENT_FUSION,J0,S_TDM_EVENT_FUSION,1,550000,127.37333333333333,97.27555555555556,7.657777777777778,21.46666666666667,1.0,True,3,3,0.6475033358502192,0.3524966641497807,0.40374047474318475,0.5962595252568152,exp10_jointfirst_v5_60m__analysis_full.zip!RUN/J0__S_TDM_EVENT_FUSION/analysis/checkpoint_curve.csv,MPTC,85.33,项目交接参考；当前归档未找到原始 S 阶段解析 CSV,UAGMC_SOURCE passenger-only + LQ,84.19,128.76,exp11 同包曲线；训练种子 1；评估种子 123-125,Joint 与 passenger-only 控制权不同；跨矩阵训练实现/guard 未必完全锁定
exp10,J0__S_TDM_EVENT_FUSION,J0,S_TDM_EVENT_FUSION,1,600000,138.22555555555553,108.00555555555555,7.69,21.560000000000002,1.0,True,3,3,0.6172600059009752,0.3827399940990248,0.45809344108770045,0.5419065589122996,exp10_jointfirst_v5_60m__analysis_full.zip!RUN/J0__S_TDM_EVENT_FUSION/analysis/checkpoint_curve.csv,MPTC,85.33,项目交接参考；当前归档未找到原始 S 阶段解析 CSV,UAGMC_SOURCE passenger-only + LQ,84.19,128.76,exp11 同包曲线；训练种子 1；评估种子 123-125,Joint 与 passenger-only 控制权不同；跨矩阵训练实现/guard 未必完全锁定
exp10,J0__W_EVENTQ_COCO_CF,J0,W_EVENTQ_COCO_CF,1,50000,147.31555555555556,119.94222222222221,6.61888888888889,19.84,1.0,True,3,3,0.23433686544578847,0.7656631345542116,0.7912924173121216,0.20870758268787845,exp10_jointfirst_v5_60m__analysis_full.zip!RUN/J0__W_EVENTQ_COCO_CF/analysis/checkpoint_curve.csv,MPTC,85.33,项目交接参考；当前归档未找到原始 S 阶段解析 CSV,UAGMC_SOURCE passenger-only + LQ,84.19,128.76,exp11 同包曲线；训练种子 1；评估种子 123-125,Joint 与 passenger-only 控制权不同；跨矩阵训练实现/guard 未必完全锁定
exp10,J0__W_EVENTQ_COCO_CF,J0,W_EVENTQ_COCO_CF,1,100000,194.82888888888888,163.5822222222222,8.02111111111111,22.24,1.0,True,3,3,0.7714882314456383,0.2285117685543618,0.9686700456045519,0.03132995439544816,exp10_jointfirst_v5_60m__analysis_full.zip!RUN/J0__W_EVENTQ_COCO_CF/analysis/checkpoint_curve.csv,MPTC,85.33,项目交接参考；当前归档未找到原始 S 阶段解析 CSV,UAGMC_SOURCE passenger-only + LQ,84.19,128.76,exp11 同包曲线；训练种子 1；评估种子 123-125,Joint 与 passenger-only 控制权不同；跨矩阵训练实现/guard 未必完全锁定
exp10,J0__W_EVENTQ_COCO_CF,J0,W_EVENTQ_COCO_CF,1,150000,232.8522222222222,200.92555555555555,8.262222222222222,22.697777777777777,1.0,True,3,3,0.9414980324993394,0.05850196750066056,0.5652487945243228,0.4347512054756773,exp10_jointfirst_v5_60m__analysis_full.zip!RUN/J0__W_EVENTQ_COCO_CF/analysis/checkpoint_curve.csv,MPTC,85.33,项目交接参考；当前归档未找到原始 S 阶段解析 CSV,UAGMC_SOURCE passenger-only + LQ,84.19,128.76,exp11 同包曲线；训练种子 1；评估种子 123-125,Joint 与 passenger-only 控制权不同；跨矩阵训练实现/guard 未必完全锁定
exp10,J0__W_EVENTQ_COCO_CF,J0,W_EVENTQ_COCO_CF,1,200000,185.12222222222223,154.26444444444445,7.783333333333334,22.11111111111111,1.0,True,3,3,0.7322914678355795,0.2677085321644204,0.6196770315873897,0.3803229684126103,exp10_jointfirst_v5_60m__analysis_full.zip!RUN/J0__W_EVENTQ_COCO_CF/analysis/checkpoint_curve.csv,MPTC,85.33,项目交接参考；当前归档未找到原始 S 阶段解析 CSV,UAGMC_SOURCE passenger-only + LQ,84.19,128.76,exp11 同包曲线；训练种子 1；评估种子 123-125,Joint 与 passenger-only 控制权不同；跨矩阵训练实现/guard 未必完全锁定
exp10,J0__W_EVENTQ_COCO_CF,J0,W_EVENTQ_COCO_CF,1,250000,179.59,148.5955555555556,7.947777777777778,22.080000000000002,1.0,True,3,3,0.6926535335479374,0.30734646645206265,0.6465375006583094,0.35346249934169055,exp10_jointfirst_v5_60m__analysis_full.zip!RUN/J0__W_EVENTQ_COCO_CF/analysis/checkpoint_curve.csv,MPTC,85.33,项目交接参考；当前归档未找到原始 S 阶段解析 CSV,UAGMC_SOURCE passenger-only + LQ,84.19,128.76,exp11 同包曲线；训练种子 1；评估种子 123-125,Joint 与 passenger-only 控制权不同；跨矩阵训练实现/guard 未必完全锁定
exp10,J0__W_EVENTQ_COCO_CF,J0,W_EVENTQ_COCO_CF,1,300000,161.6211111111111,131.71333333333334,7.4944444444444445,21.453333333333333,1.0,True,3,3,0.5363179978888853,0.46368200211111454,0.6095206628373914,0.3904793371626087,exp10_jointfirst_v5_60m__analysis_full.zip!RUN/J0__W_EVENTQ_COCO_CF/analysis/checkpoint_curve.csv,MPTC,85.33,项目交接参考；当前归档未找到原始 S 阶段解析 CSV,UAGMC_SOURCE passenger-only + LQ,84.19,128.76,exp11 同包曲线；训练种子 1；评估种子 123-125,Joint 与 passenger-only 控制权不同；跨矩阵训练实现/guard 未必完全锁定
exp10,J0__W_EVENTQ_COCO_CF,J0,W_EVENTQ_COCO_CF,1,350000,173.17333333333332,143.36666666666665,7.475555555555555,21.391111111111112,1.0,True,3,3,0.48553435716265825,0.5144656428373416,0.5643861021632522,0.4356138978367477,exp10_jointfirst_v5_60m__analysis_full.zip!RUN/J0__W_EVENTQ_COCO_CF/analysis/checkpoint_curve.csv,MPTC,85.33,项目交接参考；当前归档未找到原始 S 阶段解析 CSV,UAGMC_SOURCE passenger-only + LQ,84.19,128.76,exp11 同包曲线；训练种子 1；评估种子 123-125,Joint 与 passenger-only 控制权不同；跨矩阵训练实现/guard 未必完全锁定
exp10,J0__W_EVENTQ_COCO_CF,J0,W_EVENTQ_COCO_CF,1,400000,172.16555555555556,142.63333333333335,7.476666666666667,21.08888888888889,1.0,True,3,3,0.4687195223482956,0.5312804776517044,0.534149837056067,0.46585016294393305,exp10_jointfirst_v5_60m__analysis_full.zip!RUN/J0__W_EVENTQ_COCO_CF/analysis/checkpoint_curve.csv,MPTC,85.33,项目交接参考；当前归档未找到原始 S 阶段解析 CSV,UAGMC_SOURCE passenger-only + LQ,84.19,128.76,exp11 同包曲线；训练种子 1；评估种子 123-125,Joint 与 passenger-only 控制权不同；跨矩阵训练实现/guard 未必完全锁定
exp10,J0__W_EVENTQ_COCO_CF,J0,W_EVENTQ_COCO_CF,1,450000,123.26444444444444,93.68111111111112,7.464444444444443,21.177777777777777,1.0,True,3,3,0.47406802664808967,0.5259319733519104,0.4782751653189095,0.5217248346810904,exp10_jointfirst_v5_60m__analysis_full.zip!RUN/J0__W_EVENTQ_COCO_CF/analysis/checkpoint_curve.csv,MPTC,85.33,项目交接参考；当前归档未找到原始 S 阶段解析 CSV,UAGMC_SOURCE passenger-only + LQ,84.19,128.76,exp11 同包曲线；训练种子 1；评估种子 123-125,Joint 与 passenger-only 控制权不同；跨矩阵训练实现/guard 未必完全锁定
exp10,J0__W_EVENTQ_COCO_CF,J0,W_EVENTQ_COCO_CF,1,500000,139.7488888888889,110.6988888888889,7.258888888888889,20.86222222222222,1.0,True,3,3,0.3820893278856699,0.6179106721143302,0.4874155658913047,0.5125844341086953,exp10_jointfirst_v5_60m__analysis_full.zip!RUN/J0__W_EVENTQ_COCO_CF/analysis/checkpoint_curve.csv,MPTC,85.33,项目交接参考；当前归档未找到原始 S 阶段解析 CSV,UAGMC_SOURCE passenger-only + LQ,84.19,128.76,exp11 同包曲线；训练种子 1；评估种子 123-125,Joint 与 passenger-only 控制权不同；跨矩阵训练实现/guard 未必完全锁定
exp10,J0__W_EVENTQ_COCO_CF,J0,W_EVENTQ_COCO_CF,1,550000,150.64888888888888,121.56333333333333,7.228888888888889,20.924444444444443,1.0,True,3,3,0.41380835380835385,0.5861916461916462,0.49751023751023754,0.5024897624897625,exp10_jointfirst_v5_60m__analysis_full.zip!RUN/J0__W_EVENTQ_COCO_CF/analysis/checkpoint_curve.csv,MPTC,85.33,项目交接参考；当前归档未找到原始 S 阶段解析 CSV,UAGMC_SOURCE passenger-only + LQ,84.19,128.76,exp11 同包曲线；训练种子 1；评估种子 123-125,Joint 与 passenger-only 控制权不同；跨矩阵训练实现/guard 未必完全锁定
exp10,J0__W_EVENTQ_COCO_CF,J0,W_EVENTQ_COCO_CF,1,600000,154.3022222222222,125.47444444444443,7.083333333333333,20.822222222222223,1.0,True,3,3,0.3625491969957035,0.6374508030042966,0.5375047526727331,0.46249524732726693,exp10_jointfirst_v5_60m__analysis_full.zip!RUN/J0__W_EVENTQ_COCO_CF/analysis/checkpoint_curve.csv,MPTC,85.33,项目交接参考；当前归档未找到原始 S 阶段解析 CSV,UAGMC_SOURCE passenger-only + LQ,84.19,128.76,exp11 同包曲线；训练种子 1；评估种子 123-125,Joint 与 passenger-only 控制权不同；跨矩阵训练实现/guard 未必完全锁定
exp10,J0__W_EVENTQ_VE_EMA,J0,W_EVENTQ_VE_EMA,1,50000,167.67777777777778,138.90222222222224,7.246666666666667,20.577777777777776,1.0,True,3,3,0.560725251975945,0.43927474802405503,0.992332504486091,0.007667495513909002,exp10_jointfirst_v5_60m__analysis_full.zip!RUN/J0__W_EVENTQ_VE_EMA/analysis/checkpoint_curve.csv,MPTC,85.33,项目交接参考；当前归档未找到原始 S 阶段解析 CSV,UAGMC_SOURCE passenger-only + LQ,84.19,128.76,exp11 同包曲线；训练种子 1；评估种子 123-125,Joint 与 passenger-only 控制权不同；跨矩阵训练实现/guard 未必完全锁定
exp10,J0__W_EVENTQ_VE_EMA,J0,W_EVENTQ_VE_EMA,1,100000,229.99222222222224,197.6022222222222,8.47,22.94666666666667,1.0,True,3,3,0.8983357305358032,0.10166426946419678,0.45794526353176784,0.5420547364682322,exp10_jointfirst_v5_60m__analysis_full.zip!RUN/J0__W_EVENTQ_VE_EMA/analysis/checkpoint_curve.csv,MPTC,85.33,项目交接参考；当前归档未找到原始 S 阶段解析 CSV,UAGMC_SOURCE passenger-only + LQ,84.19,128.76,exp11 同包曲线；训练种子 1；评估种子 123-125,Joint 与 passenger-only 控制权不同；跨矩阵训练实现/guard 未必完全锁定
exp10,J0__W_EVENTQ_VE_EMA,J0,W_EVENTQ_VE_EMA,1,150000,222.64666666666665,191.13222222222223,8.111111111111112,22.44,1.0,True,3,3,0.7403001776374777,0.25969982236252226,0.2571898696250849,0.7428101303749152,exp10_jointfirst_v5_60m__analysis_full.zip!RUN/J0__W_EVENTQ_VE_EMA/analysis/checkpoint_curve.csv,MPTC,85.33,项目交接参考；当前归档未找到原始 S 阶段解析 CSV,UAGMC_SOURCE passenger-only + LQ,84.19,128.76,exp11 同包曲线；训练种子 1；评估种子 123-125,Joint 与 passenger-only 控制权不同；跨矩阵训练实现/guard 未必完全锁定
exp10,J0__W_EVENTQ_VE_EMA,J0,W_EVENTQ_VE_EMA,1,200000,207.3988888888889,175.44444444444446,8.295555555555557,22.688888888888886,1.0,True,3,3,0.8197940893938863,0.18020591060611366,0.4000260618756261,0.5999739381243739,exp10_jointfirst_v5_60m__analysis_full.zip!RUN/J0__W_EVENTQ_VE_EMA/analysis/checkpoint_curve.csv,MPTC,85.33,项目交接参考；当前归档未找到原始 S 阶段解析 CSV,UAGMC_SOURCE passenger-only + LQ,84.19,128.76,exp11 同包曲线；训练种子 1；评估种子 123-125,Joint 与 passenger-only 控制权不同；跨矩阵训练实现/guard 未必完全锁定
exp10,J0__W_EVENTQ_VE_EMA,J0,W_EVENTQ_VE_EMA,1,250000,115.51777777777778,86.74222222222222,7.147777777777779,20.644444444444446,1.0,True,3,3,0.4142098163834333,0.5857901836165668,0.3204179942254961,0.6795820057745039,exp10_jointfirst_v5_60m__analysis_full.zip!RUN/J0__W_EVENTQ_VE_EMA/analysis/checkpoint_curve.csv,MPTC,85.33,项目交接参考；当前归档未找到原始 S 阶段解析 CSV,UAGMC_SOURCE passenger-only + LQ,84.19,128.76,exp11 同包曲线；训练种子 1；评估种子 123-125,Joint 与 passenger-only 控制权不同；跨矩阵训练实现/guard 未必完全锁定
exp10,J0__W_EVENTQ_VE_EMA,J0,W_EVENTQ_VE_EMA,1,300000,197.73111111111112,166.89333333333332,7.946666666666668,21.951111111111107,1.0,True,3,3,0.8253190199607836,0.1746809800392164,0.12543376199224332,0.8745662380077567,exp10_jointfirst_v5_60m__analysis_full.zip!RUN/J0__W_EVENTQ_VE_EMA/analysis/checkpoint_curve.csv,MPTC,85.33,项目交接参考；当前归档未找到原始 S 阶段解析 CSV,UAGMC_SOURCE passenger-only + LQ,84.19,128.76,exp11 同包曲线；训练种子 1；评估种子 123-125,Joint 与 passenger-only 控制权不同；跨矩阵训练实现/guard 未必完全锁定
exp10,J0__W_EVENTQ_VE_EMA,J0,W_EVENTQ_VE_EMA,1,350000,116.18555555555555,87.17333333333335,7.211111111111111,20.822222222222223,1.0,True,3,3,0.43661438817675174,0.5633856118232482,0.4334623710367447,0.5665376289632552,exp10_jointfirst_v5_60m__analysis_full.zip!RUN/J0__W_EVENTQ_VE_EMA/analysis/checkpoint_curve.csv,MPTC,85.33,项目交接参考；当前归档未找到原始 S 阶段解析 CSV,UAGMC_SOURCE passenger-only + LQ,84.19,128.76,exp11 同包曲线；训练种子 1；评估种子 123-125,Joint 与 passenger-only 控制权不同；跨矩阵训练实现/guard 未必完全锁定
exp10,J0__W_EVENTQ_VE_EMA,J0,W_EVENTQ_VE_EMA,1,400000,127.71,98.23333333333333,7.386666666666667,21.133333333333336,1.0,True,3,3,0.4371427984046709,0.5628572015953291,0.34300398832284856,0.6569960116771515,exp10_jointfirst_v5_60m__analysis_full.zip!RUN/J0__W_EVENTQ_VE_EMA/analysis/checkpoint_curve.csv,MPTC,85.33,项目交接参考；当前归档未找到原始 S 阶段解析 CSV,UAGMC_SOURCE passenger-only + LQ,84.19,128.76,exp11 同包曲线；训练种子 1；评估种子 123-125,Joint 与 passenger-only 控制权不同；跨矩阵训练实现/guard 未必完全锁定
exp10,J0__W_EVENTQ_VE_EMA,J0,W_EVENTQ_VE_EMA,1,450000,169.56666666666666,139.35222222222222,7.676666666666667,21.568888888888893,1.0,True,3,3,0.4759346877700971,0.5240653122299029,0.26097205065727064,0.7390279493427293,exp10_jointfirst_v5_60m__analysis_full.zip!RUN/J0__W_EVENTQ_VE_EMA/analysis/checkpoint_curve.csv,MPTC,85.33,项目交接参考；当前归档未找到原始 S 阶段解析 CSV,UAGMC_SOURCE passenger-only + LQ,84.19,128.76,exp11 同包曲线；训练种子 1；评估种子 123-125,Joint 与 passenger-only 控制权不同；跨矩阵训练实现/guard 未必完全锁定
exp10,J0__W_EVENTQ_VE_EMA,J0,W_EVENTQ_VE_EMA,1,500000,153.3422222222222,123.60222222222222,7.612222222222222,21.16888888888889,1.0,True,3,3,0.47378457647789424,0.5262154235221058,0.5697824216441082,0.43021757835589175,exp10_jointfirst_v5_60m__analysis_full.zip!RUN/J0__W_EVENTQ_VE_EMA/analysis/checkpoint_curve.csv,MPTC,85.33,项目交接参考；当前归档未找到原始 S 阶段解析 CSV,UAGMC_SOURCE passenger-only + LQ,84.19,128.76,exp11 同包曲线；训练种子 1；评估种子 123-125,Joint 与 passenger-only 控制权不同；跨矩阵训练实现/guard 未必完全锁定
exp10,J0__W_EVENTQ_VE_EMA,J0,W_EVENTQ_VE_EMA,1,550000,148.3588888888889,118.50666666666666,7.665555555555556,21.22666666666667,1.0,True,3,3,0.4638610097323601,0.5361389902676399,0.537709093673966,0.4622909063260341,exp10_jointfirst_v5_60m__analysis_full.zip!RUN/J0__W_EVENTQ_VE_EMA/analysis/checkpoint_curve.csv,MPTC,85.33,项目交接参考；当前归档未找到原始 S 阶段解析 CSV,UAGMC_SOURCE passenger-only + LQ,84.19,128.76,exp11 同包曲线；训练种子 1；评估种子 123-125,Joint 与 passenger-only 控制权不同；跨矩阵训练实现/guard 未必完全锁定
exp10,J0__W_EVENTQ_VE_EMA,J0,W_EVENTQ_VE_EMA,1,600000,148.21666666666667,118.41333333333334,7.637777777777778,21.195555555555558,1.0,True,3,3,0.46592800586259536,0.5340719941374047,0.5583005292780098,0.4416994707219903,exp10_jointfirst_v5_60m__analysis_full.zip!RUN/J0__W_EVENTQ_VE_EMA/analysis/checkpoint_curve.csv,MPTC,85.33,项目交接参考；当前归档未找到原始 S 阶段解析 CSV,UAGMC_SOURCE passenger-only + LQ,84.19,128.76,exp11 同包曲线；训练种子 1；评估种子 123-125,Joint 与 passenger-only 控制权不同；跨矩阵训练实现/guard 未必完全锁定
exp10,J0__W_GAMMA_PETS_STEVE,J0,W_GAMMA_PETS_STEVE,1,50000,181.22444444444446,154.17999999999998,6.4255555555555555,19.68,1.0,True,3,3,0.09089965556119257,0.9091003444388074,0.9988405797101448,0.0011594202898550724,exp10_jointfirst_v5_60m__analysis_full.zip!RUN/J0__W_GAMMA_PETS_STEVE/analysis/checkpoint_curve.csv,MPTC,85.33,项目交接参考；当前归档未找到原始 S 阶段解析 CSV,UAGMC_SOURCE passenger-only + LQ,84.19,128.76,exp11 同包曲线；训练种子 1；评估种子 123-125,Joint 与 passenger-only 控制权不同；跨矩阵训练实现/guard 未必完全锁定
exp10,J0__W_GAMMA_PETS_STEVE,J0,W_GAMMA_PETS_STEVE,1,100000,121.82444444444445,94.12666666666667,6.726666666666667,20.04888888888889,1.0,True,3,3,0.26106931779302217,0.7389306822069779,0.8761012646648146,0.12389873533518538,exp10_jointfirst_v5_60m__analysis_full.zip!RUN/J0__W_GAMMA_PETS_STEVE/analysis/checkpoint_curve.csv,MPTC,85.33,项目交接参考；当前归档未找到原始 S 阶段解析 CSV,UAGMC_SOURCE passenger-only + LQ,84.19,128.76,exp11 同包曲线；训练种子 1；评估种子 123-125,Joint 与 passenger-only 控制权不同；跨矩阵训练实现/guard 未必完全锁定
exp10,J0__W_GAMMA_PETS_STEVE,J0,W_GAMMA_PETS_STEVE,1,150000,120.95111111111112,92.7911111111111,6.8822222222222225,20.351111111111113,1.0,True,3,3,0.3472843184580452,0.6527156815419548,0.6578954617056002,0.34210453829439985,exp10_jointfirst_v5_60m__analysis_full.zip!RUN/J0__W_GAMMA_PETS_STEVE/analysis/checkpoint_curve.csv,MPTC,85.33,项目交接参考；当前归档未找到原始 S 阶段解析 CSV,UAGMC_SOURCE passenger-only + LQ,84.19,128.76,exp11 同包曲线；训练种子 1；评估种子 123-125,Joint 与 passenger-only 控制权不同；跨矩阵训练实现/guard 未必完全锁定
exp10,J0__W_GAMMA_PETS_STEVE,J0,W_GAMMA_PETS_STEVE,1,200000,152.81444444444443,123.31222222222222,7.253333333333334,21.328888888888887,1.0,True,3,3,0.5469300544245111,0.4530699455754888,0.7270385194997169,0.2729614805002832,exp10_jointfirst_v5_60m__analysis_full.zip!RUN/J0__W_GAMMA_PETS_STEVE/analysis/checkpoint_curve.csv,MPTC,85.33,项目交接参考；当前归档未找到原始 S 阶段解析 CSV,UAGMC_SOURCE passenger-only + LQ,84.19,128.76,exp11 同包曲线；训练种子 1；评估种子 123-125,Joint 与 passenger-only 控制权不同；跨矩阵训练实现/guard 未必完全锁定
exp10,J0__W_GAMMA_PETS_STEVE,J0,W_GAMMA_PETS_STEVE,1,250000,160.78555555555556,131.27777777777777,7.31,21.275555555555556,1.0,True,3,3,0.6031183468724505,0.39688165312754964,0.7120410983198661,0.28795890168013394,exp10_jointfirst_v5_60m__analysis_full.zip!RUN/J0__W_GAMMA_PETS_STEVE/analysis/checkpoint_curve.csv,MPTC,85.33,项目交接参考；当前归档未找到原始 S 阶段解析 CSV,UAGMC_SOURCE passenger-only + LQ,84.19,128.76,exp11 同包曲线；训练种子 1；评估种子 123-125,Joint 与 passenger-only 控制权不同；跨矩阵训练实现/guard 未必完全锁定
exp10,J0__W_GAMMA_PETS_STEVE,J0,W_GAMMA_PETS_STEVE,1,300000,117.21222222222222,87.81666666666666,7.208888888888889,21.21777777777778,1.0,True,3,3,0.5162206495918371,0.4837793504081629,0.4746993099523924,0.5253006900476076,exp10_jointfirst_v5_60m__analysis_full.zip!RUN/J0__W_GAMMA_PETS_STEVE/analysis/checkpoint_curve.csv,MPTC,85.33,项目交接参考；当前归档未找到原始 S 阶段解析 CSV,UAGMC_SOURCE passenger-only + LQ,84.19,128.76,exp11 同包曲线；训练种子 1；评估种子 123-125,Joint 与 passenger-only 控制权不同；跨矩阵训练实现/guard 未必完全锁定
exp10,J0__W_GAMMA_PETS_STEVE,J0,W_GAMMA_PETS_STEVE,1,350000,184.84,154.68000000000004,7.66,21.52,1.0,True,3,3,0.545845805736828,0.454154194263172,0.7070756332448077,0.2929243667551924,exp10_jointfirst_v5_60m__analysis_full.zip!RUN/J0__W_GAMMA_PETS_STEVE/analysis/checkpoint_curve.csv,MPTC,85.33,项目交接参考；当前归档未找到原始 S 阶段解析 CSV,UAGMC_SOURCE passenger-only + LQ,84.19,128.76,exp11 同包曲线；训练种子 1；评估种子 123-125,Joint 与 passenger-only 控制权不同；跨矩阵训练实现/guard 未必完全锁定
exp10,J0__W_GAMMA_PETS_STEVE,J0,W_GAMMA_PETS_STEVE,1,400000,166.6811111111111,137.54888888888888,7.254444444444444,20.942222222222224,1.0,True,3,3,0.466680114772067,0.5333198852279329,0.7804011280750714,0.21959887192492852,exp10_jointfirst_v5_60m__analysis_full.zip!RUN/J0__W_GAMMA_PETS_STEVE/analysis/checkpoint_curve.csv,MPTC,85.33,项目交接参考；当前归档未找到原始 S 阶段解析 CSV,UAGMC_SOURCE passenger-only + LQ,84.19,128.76,exp11 同包曲线；训练种子 1；评估种子 123-125,Joint 与 passenger-only 控制权不同；跨矩阵训练实现/guard 未必完全锁定
exp10,J0__W_GAMMA_PETS_STEVE,J0,W_GAMMA_PETS_STEVE,1,450000,167.48333333333332,137.4188888888889,7.623333333333332,21.47111111111111,1.0,True,3,3,0.5424423922480949,0.4575576077519052,0.6602415853126044,0.3397584146873957,exp10_jointfirst_v5_60m__analysis_full.zip!RUN/J0__W_GAMMA_PETS_STEVE/analysis/checkpoint_curve.csv,MPTC,85.33,项目交接参考；当前归档未找到原始 S 阶段解析 CSV,UAGMC_SOURCE passenger-only + LQ,84.19,128.76,exp11 同包曲线；训练种子 1；评估种子 123-125,Joint 与 passenger-only 控制权不同；跨矩阵训练实现/guard 未必完全锁定
exp10,J0__W_GAMMA_PETS_STEVE,J0,W_GAMMA_PETS_STEVE,1,500000,161.53,131.3188888888889,7.636666666666667,21.617777777777775,1.0,True,3,3,0.6006446357612928,0.39935536423870727,0.6173391124332331,0.3826608875667668,exp10_jointfirst_v5_60m__analysis_full.zip!RUN/J0__W_GAMMA_PETS_STEVE/analysis/checkpoint_curve.csv,MPTC,85.33,项目交接参考；当前归档未找到原始 S 阶段解析 CSV,UAGMC_SOURCE passenger-only + LQ,84.19,128.76,exp11 同包曲线；训练种子 1；评估种子 123-125,Joint 与 passenger-only 控制权不同；跨矩阵训练实现/guard 未必完全锁定
exp10,J0__W_GAMMA_PETS_STEVE,J0,W_GAMMA_PETS_STEVE,1,550000,159.07888888888888,128.46555555555554,7.7811111111111115,21.85777777777778,1.0,True,3,3,0.7135762400454423,0.28642375995455777,0.6176289979896005,0.3823710020103995,exp10_jointfirst_v5_60m__analysis_full.zip!RUN/J0__W_GAMMA_PETS_STEVE/analysis/checkpoint_curve.csv,MPTC,85.33,项目交接参考；当前归档未找到原始 S 阶段解析 CSV,UAGMC_SOURCE passenger-only + LQ,84.19,128.76,exp11 同包曲线；训练种子 1；评估种子 123-125,Joint 与 passenger-only 控制权不同；跨矩阵训练实现/guard 未必完全锁定
exp10,J0__W_GAMMA_PETS_STEVE,J0,W_GAMMA_PETS_STEVE,1,600000,163.0377777777778,132.18222222222224,7.971111111111111,21.91111111111111,1.0,True,3,3,0.7119477738549772,0.2880522261450229,0.6673408985209379,0.33265910147906214,exp10_jointfirst_v5_60m__analysis_full.zip!RUN/J0__W_GAMMA_PETS_STEVE/analysis/checkpoint_curve.csv,MPTC,85.33,项目交接参考；当前归档未找到原始 S 阶段解析 CSV,UAGMC_SOURCE passenger-only + LQ,84.19,128.76,exp11 同包曲线；训练种子 1；评估种子 123-125,Joint 与 passenger-only 控制权不同；跨矩阵训练实现/guard 未必完全锁定
exp10,J0__W_TDM_CVAML,J0,W_TDM_CVAML,1,50000,172.70888888888888,141.15666666666667,8.12888888888889,22.475555555555555,1.0,True,3,3,0.9173910895411869,0.08260891045881306,0.9529864330456931,0.047013566954307,exp10_jointfirst_v5_60m__analysis_full.zip!RUN/J0__W_TDM_CVAML/analysis/checkpoint_curve.csv,MPTC,85.33,项目交接参考；当前归档未找到原始 S 阶段解析 CSV,UAGMC_SOURCE passenger-only + LQ,84.19,128.76,exp11 同包曲线；训练种子 1；评估种子 123-125,Joint 与 passenger-only 控制权不同；跨矩阵训练实现/guard 未必完全锁定
exp10,J0__W_TDM_CVAML,J0,W_TDM_CVAML,1,100000,203.12666666666667,171.65666666666667,8.04,22.49777777777778,1.0,True,3,3,0.614637719317492,0.38536228068250794,0.8539208999526703,0.14607910004732963,exp10_jointfirst_v5_60m__analysis_full.zip!RUN/J0__W_TDM_CVAML/analysis/checkpoint_curve.csv,MPTC,85.33,项目交接参考；当前归档未找到原始 S 阶段解析 CSV,UAGMC_SOURCE passenger-only + LQ,84.19,128.76,exp11 同包曲线；训练种子 1；评估种子 123-125,Joint 与 passenger-only 控制权不同；跨矩阵训练实现/guard 未必完全锁定
exp10,J0__W_TDM_CVAML,J0,W_TDM_CVAML,1,150000,161.01000000000002,130.98888888888888,7.45,21.622222222222224,1.0,True,3,3,0.3726790101763006,0.6273209898236994,0.7441692405866119,0.25583075941338806,exp10_jointfirst_v5_60m__analysis_full.zip!RUN/J0__W_TDM_CVAML/analysis/checkpoint_curve.csv,MPTC,85.33,项目交接参考；当前归档未找到原始 S 阶段解析 CSV,UAGMC_SOURCE passenger-only + LQ,84.19,128.76,exp11 同包曲线；训练种子 1；评估种子 123-125,Joint 与 passenger-only 控制权不同；跨矩阵训练实现/guard 未必完全锁定
exp10,J0__W_TDM_CVAML,J0,W_TDM_CVAML,1,200000,153.46666666666667,123.47333333333334,7.34,21.715555555555557,1.0,True,3,3,0.46273695510919005,0.53726304489081,0.5412878078617883,0.4587121921382116,exp10_jointfirst_v5_60m__analysis_full.zip!RUN/J0__W_TDM_CVAML/analysis/checkpoint_curve.csv,MPTC,85.33,项目交接参考；当前归档未找到原始 S 阶段解析 CSV,UAGMC_SOURCE passenger-only + LQ,84.19,128.76,exp11 同包曲线；训练种子 1；评估种子 123-125,Joint 与 passenger-only 控制权不同；跨矩阵训练实现/guard 未必完全锁定
exp10,J0__W_TDM_CVAML,J0,W_TDM_CVAML,1,250000,123.12555555555555,94.21444444444444,7.096666666666667,20.862222222222226,1.0,True,3,3,0.43326820510531144,0.5667317948946885,0.49407237984973246,0.5059276201502676,exp10_jointfirst_v5_60m__analysis_full.zip!RUN/J0__W_TDM_CVAML/analysis/checkpoint_curve.csv,MPTC,85.33,项目交接参考；当前归档未找到原始 S 阶段解析 CSV,UAGMC_SOURCE passenger-only + LQ,84.19,128.76,exp11 同包曲线；训练种子 1；评估种子 123-125,Joint 与 passenger-only 控制权不同；跨矩阵训练实现/guard 未必完全锁定
exp10,J0__W_TDM_CVAML,J0,W_TDM_CVAML,1,300000,131.9311111111111,103.62555555555555,6.91,20.484444444444446,1.0,True,3,3,0.501228123807805,0.4987718761921951,0.6339104442637339,0.36608955573626617,exp10_jointfirst_v5_60m__analysis_full.zip!RUN/J0__W_TDM_CVAML/analysis/checkpoint_curve.csv,MPTC,85.33,项目交接参考；当前归档未找到原始 S 阶段解析 CSV,UAGMC_SOURCE passenger-only + LQ,84.19,128.76,exp11 同包曲线；训练种子 1；评估种子 123-125,Joint 与 passenger-only 控制权不同；跨矩阵训练实现/guard 未必完全锁定
exp10,J0__W_TDM_CVAML,J0,W_TDM_CVAML,1,350000,127.96666666666665,98.49444444444445,7.345555555555555,21.2,1.0,True,3,3,0.35978579985075215,0.6402142001492478,0.4498832364531375,0.5501167635468626,exp10_jointfirst_v5_60m__analysis_full.zip!RUN/J0__W_TDM_CVAML/analysis/checkpoint_curve.csv,MPTC,85.33,项目交接参考；当前归档未找到原始 S 阶段解析 CSV,UAGMC_SOURCE passenger-only + LQ,84.19,128.76,exp11 同包曲线；训练种子 1；评估种子 123-125,Joint 与 passenger-only 控制权不同；跨矩阵训练实现/guard 未必完全锁定
exp10,J0__W_TDM_CVAML,J0,W_TDM_CVAML,1,400000,113.05333333333333,84.47222222222223,6.971111111111111,20.666666666666668,1.0,True,3,3,0.39334456515793564,0.6066554348420645,0.4517873026677515,0.5482126973322484,exp10_jointfirst_v5_60m__analysis_full.zip!RUN/J0__W_TDM_CVAML/analysis/checkpoint_curve.csv,MPTC,85.33,项目交接参考；当前归档未找到原始 S 阶段解析 CSV,UAGMC_SOURCE passenger-only + LQ,84.19,128.76,exp11 同包曲线；训练种子 1；评估种子 123-125,Joint 与 passenger-only 控制权不同；跨矩阵训练实现/guard 未必完全锁定
exp10,J0__W_TDM_CVAML,J0,W_TDM_CVAML,1,450000,97.76111111111112,69.22888888888889,7.03,20.59111111111111,1.0,True,3,3,0.35342546930568713,0.646574530694313,0.36674770540469276,0.6332522945953073,exp10_jointfirst_v5_60m__analysis_full.zip!RUN/J0__W_TDM_CVAML/analysis/checkpoint_curve.csv,MPTC,85.33,项目交接参考；当前归档未找到原始 S 阶段解析 CSV,UAGMC_SOURCE passenger-only + LQ,84.19,128.76,exp11 同包曲线；训练种子 1；评估种子 123-125,Joint 与 passenger-only 控制权不同；跨矩阵训练实现/guard 未必完全锁定
exp10,J0__W_TDM_CVAML,J0,W_TDM_CVAML,1,500000,120.5188888888889,91.96,7.023333333333333,20.551111111111112,1.0,True,3,3,0.4428247128255182,0.5571752871744818,0.5343630237433367,0.4656369762566633,exp10_jointfirst_v5_60m__analysis_full.zip!RUN/J0__W_TDM_CVAML/analysis/checkpoint_curve.csv,MPTC,85.33,项目交接参考；当前归档未找到原始 S 阶段解析 CSV,UAGMC_SOURCE passenger-only + LQ,84.19,128.76,exp11 同包曲线；训练种子 1；评估种子 123-125,Joint 与 passenger-only 控制权不同；跨矩阵训练实现/guard 未必完全锁定
exp10,J0__W_TDM_CVAML,J0,W_TDM_CVAML,1,550000,143.47555555555553,114.4888888888889,7.111111111111111,20.89333333333333,1.0,True,3,3,0.50994851994852,0.4900514800514801,0.38002574002574,0.6199742599742599,exp10_jointfirst_v5_60m__analysis_full.zip!RUN/J0__W_TDM_CVAML/analysis/checkpoint_curve.csv,MPTC,85.33,项目交接参考；当前归档未找到原始 S 阶段解析 CSV,UAGMC_SOURCE passenger-only + LQ,84.19,128.76,exp11 同包曲线；训练种子 1；评估种子 123-125,Joint 与 passenger-only 控制权不同；跨矩阵训练实现/guard 未必完全锁定
exp10,J0__W_TDM_CVAML,J0,W_TDM_CVAML,1,600000,164.2488888888889,134.10666666666665,7.543333333333333,21.622222222222224,1.0,True,3,3,0.6302204396272747,0.36977956037272536,0.2179289182829975,0.7820710817170023,exp10_jointfirst_v5_60m__analysis_full.zip!RUN/J0__W_TDM_CVAML/analysis/checkpoint_curve.csv,MPTC,85.33,项目交接参考；当前归档未找到原始 S 阶段解析 CSV,UAGMC_SOURCE passenger-only + LQ,84.19,128.76,exp11 同包曲线；训练种子 1；评估种子 123-125,Joint 与 passenger-only 控制权不同；跨矩阵训练实现/guard 未必完全锁定
exp10,J1__CURRENT,J1,CURRENT,1,50000,207.8088888888889,176.73444444444445,7.971111111111111,22.146666666666665,1.0,True,3,3,0.8457344484936686,0.15426555150633148,0.8429332418306402,0.1570667581693599,exp10_jointfirst_v5_60m__analysis_full.zip!RUN/J1__CURRENT/analysis/checkpoint_curve.csv,MPTC,85.33,项目交接参考；当前归档未找到原始 S 阶段解析 CSV,UAGMC_SOURCE passenger-only + LQ,84.19,128.76,exp11 同包曲线；训练种子 1；评估种子 123-125,Joint 与 passenger-only 控制权不同；跨矩阵训练实现/guard 未必完全锁定
exp10,J1__CURRENT,J1,CURRENT,1,100000,200.96444444444444,169.96333333333334,8.036666666666667,22.017777777777777,1.0,True,3,3,0.8383009911306162,0.16169900886938376,0.5557137424482607,0.4442862575517393,exp10_jointfirst_v5_60m__analysis_full.zip!RUN/J1__CURRENT/analysis/checkpoint_curve.csv,MPTC,85.33,项目交接参考；当前归档未找到原始 S 阶段解析 CSV,UAGMC_SOURCE passenger-only + LQ,84.19,128.76,exp11 同包曲线；训练种子 1；评估种子 123-125,Joint 与 passenger-only 控制权不同；跨矩阵训练实现/guard 未必完全锁定
exp10,J1__CURRENT,J1,CURRENT,1,150000,207.97333333333336,175.72555555555553,8.465555555555556,22.804444444444442,1.0,True,3,3,0.9699792960662527,0.030020703933747412,0.19037041424791692,0.8096295857520831,exp10_jointfirst_v5_60m__analysis_full.zip!RUN/J1__CURRENT/analysis/checkpoint_curve.csv,MPTC,85.33,项目交接参考；当前归档未找到原始 S 阶段解析 CSV,UAGMC_SOURCE passenger-only + LQ,84.19,128.76,exp11 同包曲线；训练种子 1；评估种子 123-125,Joint 与 passenger-only 控制权不同；跨矩阵训练实现/guard 未必完全锁定
exp10,J1__CURRENT,J1,CURRENT,1,200000,222.4677777777778,189.92444444444445,8.556666666666667,23.0,1.0,True,3,3,1.0,0.0,0.04758033852143519,0.9524196614785648,exp10_jointfirst_v5_60m__analysis_full.zip!RUN/J1__CURRENT/analysis/checkpoint_curve.csv,MPTC,85.33,项目交接参考；当前归档未找到原始 S 阶段解析 CSV,UAGMC_SOURCE passenger-only + LQ,84.19,128.76,exp11 同包曲线；训练种子 1；评估种子 123-125,Joint 与 passenger-only 控制权不同；跨矩阵训练实现/guard 未必完全锁定
exp10,J1__CURRENT,J1,CURRENT,1,250000,136.4811111111111,105.88444444444445,8.097777777777777,21.52888888888889,1.0,True,3,3,0.6878388624851622,0.31216113751483765,0.22507402840416488,0.7749259715958351,exp10_jointfirst_v5_60m__analysis_full.zip!RUN/J1__CURRENT/analysis/checkpoint_curve.csv,MPTC,85.33,项目交接参考；当前归档未找到原始 S 阶段解析 CSV,UAGMC_SOURCE passenger-only + LQ,84.19,128.76,exp11 同包曲线；训练种子 1；评估种子 123-125,Joint 与 passenger-only 控制权不同；跨矩阵训练实现/guard 未必完全锁定
exp10,J1__CURRENT,J1,CURRENT,1,300000,127.31111111111113,96.92444444444446,8.063333333333333,21.346666666666668,1.0,True,3,3,0.43040357721569583,0.5695964227843042,0.21653072704853846,0.7834692729514615,exp10_jointfirst_v5_60m__analysis_full.zip!RUN/J1__CURRENT/analysis/checkpoint_curve.csv,MPTC,85.33,项目交接参考；当前归档未找到原始 S 阶段解析 CSV,UAGMC_SOURCE passenger-only + LQ,84.19,128.76,exp11 同包曲线；训练种子 1；评估种子 123-125,Joint 与 passenger-only 控制权不同；跨矩阵训练实现/guard 未必完全锁定
exp10,J1__CURRENT,J1,CURRENT,1,350000,125.41111111111111,95.22000000000001,7.865555555555556,21.346666666666668,1.0,True,3,3,0.503191011707794,0.496808988292206,0.275094141261254,0.724905858738746,exp10_jointfirst_v5_60m__analysis_full.zip!RUN/J1__CURRENT/analysis/checkpoint_curve.csv,MPTC,85.33,项目交接参考；当前归档未找到原始 S 阶段解析 CSV,UAGMC_SOURCE passenger-only + LQ,84.19,128.76,exp11 同包曲线；训练种子 1；评估种子 123-125,Joint 与 passenger-only 控制权不同；跨矩阵训练实现/guard 未必完全锁定
exp10,J1__CURRENT,J1,CURRENT,1,400000,124.60666666666667,94.24666666666667,7.95,21.435555555555556,1.0,True,3,3,0.5350873167697304,0.46491268323026963,0.2976527920352829,0.7023472079647171,exp10_jointfirst_v5_60m__analysis_full.zip!RUN/J1__CURRENT/analysis/checkpoint_curve.csv,MPTC,85.33,项目交接参考；当前归档未找到原始 S 阶段解析 CSV,UAGMC_SOURCE passenger-only + LQ,84.19,128.76,exp11 同包曲线；训练种子 1；评估种子 123-125,Joint 与 passenger-only 控制权不同；跨矩阵训练实现/guard 未必完全锁定
exp10,J1__CURRENT,J1,CURRENT,1,450000,127.28888888888889,96.92555555555555,7.953333333333333,21.43111111111111,1.0,True,3,3,0.5489407328390379,0.45105926716096206,0.3268960794384523,0.6731039205615477,exp10_jointfirst_v5_60m__analysis_full.zip!RUN/J1__CURRENT/analysis/checkpoint_curve.csv,MPTC,85.33,项目交接参考；当前归档未找到原始 S 阶段解析 CSV,UAGMC_SOURCE passenger-only + LQ,84.19,128.76,exp11 同包曲线；训练种子 1；评估种子 123-125,Joint 与 passenger-only 控制权不同；跨矩阵训练实现/guard 未必完全锁定
exp10,J1__CURRENT,J1,CURRENT,1,500000,148.35000000000002,117.60444444444444,8.07888888888889,21.688888888888886,1.0,True,3,3,0.6030887203838352,0.39691127961616485,0.3536112030442597,0.6463887969557404,exp10_jointfirst_v5_60m__analysis_full.zip!RUN/J1__CURRENT/analysis/checkpoint_curve.csv,MPTC,85.33,项目交接参考；当前归档未找到原始 S 阶段解析 CSV,UAGMC_SOURCE passenger-only + LQ,84.19,128.76,exp11 同包曲线；训练种子 1；评估种子 123-125,Joint 与 passenger-only 控制权不同；跨矩阵训练实现/guard 未必完全锁定
exp10,J1__CURRENT,J1,CURRENT,1,550000,136.0822222222222,105.55666666666667,7.9688888888888885,21.57777777777778,1.0,True,3,3,0.6248893996704327,0.3751106003295674,0.3308412685338086,0.6691587314661914,exp10_jointfirst_v5_60m__analysis_full.zip!RUN/J1__CURRENT/analysis/checkpoint_curve.csv,MPTC,85.33,项目交接参考；当前归档未找到原始 S 阶段解析 CSV,UAGMC_SOURCE passenger-only + LQ,84.19,128.76,exp11 同包曲线；训练种子 1；评估种子 123-125,Joint 与 passenger-only 控制权不同；跨矩阵训练实现/guard 未必完全锁定
exp10,J1__CURRENT,J1,CURRENT,1,600000,156.9622222222222,126.81333333333332,7.726666666666667,21.462222222222223,1.0,True,3,3,0.6601704622672647,0.33982953773273533,0.4036111596482032,0.5963888403517968,exp10_jointfirst_v5_60m__analysis_full.zip!RUN/J1__CURRENT/analysis/checkpoint_curve.csv,MPTC,85.33,项目交接参考；当前归档未找到原始 S 阶段解析 CSV,UAGMC_SOURCE passenger-only + LQ,84.19,128.76,exp11 同包曲线；训练种子 1；评估种子 123-125,Joint 与 passenger-only 控制权不同；跨矩阵训练实现/guard 未必完全锁定
exp10,J1__R_EVENTQ,J1,R_EVENTQ,1,50000,150.41333333333333,123.41222222222223,6.525555555555556,19.555555555555557,1.0,True,3,3,0.1969978245226922,0.8030021754773079,0.9002226834581162,0.09977731654188388,exp10_jointfirst_v5_60m__analysis_full.zip!RUN/J1__R_EVENTQ/analysis/checkpoint_curve.csv,MPTC,85.33,项目交接参考；当前归档未找到原始 S 阶段解析 CSV,UAGMC_SOURCE passenger-only + LQ,84.19,128.76,exp11 同包曲线；训练种子 1；评估种子 123-125,Joint 与 passenger-only 控制权不同；跨矩阵训练实现/guard 未必完全锁定
exp10,J1__R_EVENTQ,J1,R_EVENTQ,1,100000,184.4188888888889,154.47777777777776,7.4444444444444455,21.573333333333334,1.0,True,3,3,0.7571538051130515,0.2428461948869484,0.8267263291579963,0.17327367084200376,exp10_jointfirst_v5_60m__analysis_full.zip!RUN/J1__R_EVENTQ/analysis/checkpoint_curve.csv,MPTC,85.33,项目交接参考；当前归档未找到原始 S 阶段解析 CSV,UAGMC_SOURCE passenger-only + LQ,84.19,128.76,exp11 同包曲线；训练种子 1；评估种子 123-125,Joint 与 passenger-only 控制权不同；跨矩阵训练实现/guard 未必完全锁定
exp10,J1__R_EVENTQ,J1,R_EVENTQ,1,150000,165.52666666666667,135.10555555555553,7.67111111111111,21.786666666666665,1.0,True,3,3,0.6679625915981079,0.3320374084018922,0.8224685282648873,0.17753147173511272,exp10_jointfirst_v5_60m__analysis_full.zip!RUN/J1__R_EVENTQ/analysis/checkpoint_curve.csv,MPTC,85.33,项目交接参考；当前归档未找到原始 S 阶段解析 CSV,UAGMC_SOURCE passenger-only + LQ,84.19,128.76,exp11 同包曲线；训练种子 1；评估种子 123-125,Joint 与 passenger-only 控制权不同；跨矩阵训练实现/guard 未必完全锁定
exp10,J1__R_EVENTQ,J1,R_EVENTQ,1,200000,166.40222222222224,135.70555555555555,7.791111111111111,21.92888888888889,1.0,True,3,3,0.59183930709739,0.4081606929026101,0.5444426437619858,0.4555573562380142,exp10_jointfirst_v5_60m__analysis_full.zip!RUN/J1__R_EVENTQ/analysis/checkpoint_curve.csv,MPTC,85.33,项目交接参考；当前归档未找到原始 S 阶段解析 CSV,UAGMC_SOURCE passenger-only + LQ,84.19,128.76,exp11 同包曲线；训练种子 1；评估种子 123-125,Joint 与 passenger-only 控制权不同；跨矩阵训练实现/guard 未必完全锁定
exp10,J1__R_EVENTQ,J1,R_EVENTQ,1,250000,134.18444444444444,104.2088888888889,7.593333333333334,21.413333333333338,1.0,True,3,3,0.47332924117173497,0.526670758828265,0.34561756795144816,0.6543824320485517,exp10_jointfirst_v5_60m__analysis_full.zip!RUN/J1__R_EVENTQ/analysis/checkpoint_curve.csv,MPTC,85.33,项目交接参考；当前归档未找到原始 S 阶段解析 CSV,UAGMC_SOURCE passenger-only + LQ,84.19,128.76,exp11 同包曲线；训练种子 1；评估种子 123-125,Joint 与 passenger-only 控制权不同；跨矩阵训练实现/guard 未必完全锁定
exp10,J1__R_EVENTQ,J1,R_EVENTQ,1,300000,130.7388888888889,100.81888888888888,7.554444444444445,21.395555555555557,1.0,True,3,3,0.5531767532417965,0.44682324675820356,0.42067421948287215,0.5793257805171278,exp10_jointfirst_v5_60m__analysis_full.zip!RUN/J1__R_EVENTQ/analysis/checkpoint_curve.csv,MPTC,85.33,项目交接参考；当前归档未找到原始 S 阶段解析 CSV,UAGMC_SOURCE passenger-only + LQ,84.19,128.76,exp11 同包曲线；训练种子 1；评估种子 123-125,Joint 与 passenger-only 控制权不同；跨矩阵训练实现/guard 未必完全锁定
exp10,J1__R_EVENTQ,J1,R_EVENTQ,1,350000,125.33888888888889,95.46777777777777,7.5811111111111105,21.328888888888887,1.0,True,3,3,0.6146905393744613,0.3853094606255387,0.4532157453876458,0.546784254612354,exp10_jointfirst_v5_60m__analysis_full.zip!RUN/J1__R_EVENTQ/analysis/checkpoint_curve.csv,MPTC,85.33,项目交接参考；当前归档未找到原始 S 阶段解析 CSV,UAGMC_SOURCE passenger-only + LQ,84.19,128.76,exp11 同包曲线；训练种子 1；评估种子 123-125,Joint 与 passenger-only 控制权不同；跨矩阵训练实现/guard 未必完全锁定
exp10,J1__R_EVENTQ,J1,R_EVENTQ,1,400000,126.76222222222223,97.68333333333334,7.146666666666667,20.986666666666668,1.0,True,3,3,0.6093514855067311,0.3906485144932688,0.4246119258912495,0.5753880741087505,exp10_jointfirst_v5_60m__analysis_full.zip!RUN/J1__R_EVENTQ/analysis/checkpoint_curve.csv,MPTC,85.33,项目交接参考；当前归档未找到原始 S 阶段解析 CSV,UAGMC_SOURCE passenger-only + LQ,84.19,128.76,exp11 同包曲线；训练种子 1；评估种子 123-125,Joint 与 passenger-only 控制权不同；跨矩阵训练实现/guard 未必完全锁定
exp10,J1__R_EVENTQ,J1,R_EVENTQ,1,450000,119.60555555555555,90.22555555555556,7.321111111111111,21.115555555555556,1.0,True,3,3,0.5956737680421891,0.4043262319578109,0.4551578617368091,0.5448421382631908,exp10_jointfirst_v5_60m__analysis_full.zip!RUN/J1__R_EVENTQ/analysis/checkpoint_curve.csv,MPTC,85.33,项目交接参考；当前归档未找到原始 S 阶段解析 CSV,UAGMC_SOURCE passenger-only + LQ,84.19,128.76,exp11 同包曲线；训练种子 1；评估种子 123-125,Joint 与 passenger-only 控制权不同；跨矩阵训练实现/guard 未必完全锁定
exp10,J1__R_EVENTQ,J1,R_EVENTQ,1,500000,117.82444444444445,88.94666666666667,7.128888888888889,20.826666666666668,1.0,True,3,3,0.6481458310548659,0.35185416894513405,0.4629819415434889,0.5370180584565111,exp10_jointfirst_v5_60m__analysis_full.zip!RUN/J1__R_EVENTQ/analysis/checkpoint_curve.csv,MPTC,85.33,项目交接参考；当前归档未找到原始 S 阶段解析 CSV,UAGMC_SOURCE passenger-only + LQ,84.19,128.76,exp11 同包曲线；训练种子 1；评估种子 123-125,Joint 与 passenger-only 控制权不同；跨矩阵训练实现/guard 未必完全锁定
exp10,J1__R_EVENTQ,J1,R_EVENTQ,1,550000,118.10888888888888,89.2688888888889,7.067777777777778,20.83555555555556,1.0,True,3,3,0.6087370428860108,0.3912629571139892,0.4927128213340588,0.5072871786659413,exp10_jointfirst_v5_60m__analysis_full.zip!RUN/J1__R_EVENTQ/analysis/checkpoint_curve.csv,MPTC,85.33,项目交接参考；当前归档未找到原始 S 阶段解析 CSV,UAGMC_SOURCE passenger-only + LQ,84.19,128.76,exp11 同包曲线；训练种子 1；评估种子 123-125,Joint 与 passenger-only 控制权不同；跨矩阵训练实现/guard 未必完全锁定
exp10,J1__R_EVENTQ,J1,R_EVENTQ,1,600000,124.13444444444445,94.6488888888889,7.394444444444445,21.133333333333333,1.0,True,3,3,0.44397069927107413,0.5560293007289259,0.4751762711648649,0.5248237288351351,exp10_jointfirst_v5_60m__analysis_full.zip!RUN/J1__R_EVENTQ/analysis/checkpoint_curve.csv,MPTC,85.33,项目交接参考；当前归档未找到原始 S 阶段解析 CSV,UAGMC_SOURCE passenger-only + LQ,84.19,128.76,exp11 同包曲线；训练种子 1；评估种子 123-125,Joint 与 passenger-only 控制权不同；跨矩阵训练实现/guard 未必完全锁定
exp10,J1__R_TDM,J1,R_TDM,1,50000,184.99666666666667,156.65666666666667,6.993333333333332,20.36,1.0,True,3,3,0.6271239770659919,0.3728760229340082,0.7581824880893399,0.24181751191066017,exp10_jointfirst_v5_60m__analysis_full.zip!RUN/J1__R_TDM/analysis/checkpoint_curve.csv,MPTC,85.33,项目交接参考；当前归档未找到原始 S 阶段解析 CSV,UAGMC_SOURCE passenger-only + LQ,84.19,128.76,exp11 同包曲线；训练种子 1；评估种子 123-125,Joint 与 passenger-only 控制权不同；跨矩阵训练实现/guard 未必完全锁定
exp10,J1__R_TDM,J1,R_TDM,1,100000,205.9077777777778,176.2255555555556,7.256666666666667,21.48,1.0,True,3,3,0.650610431937766,0.3493895680622339,0.59242182639258,0.40757817360742,exp10_jointfirst_v5_60m__analysis_full.zip!RUN/J1__R_TDM/analysis/checkpoint_curve.csv,MPTC,85.33,项目交接参考；当前归档未找到原始 S 阶段解析 CSV,UAGMC_SOURCE passenger-only + LQ,84.19,128.76,exp11 同包曲线；训练种子 1；评估种子 123-125,Joint 与 passenger-only 控制权不同；跨矩阵训练实现/guard 未必完全锁定
exp10,J1__R_TDM,J1,R_TDM,1,150000,139.39666666666668,110.42777777777779,7.188888888888889,20.822222222222223,1.0,True,3,3,0.5495944803246231,0.4504055196753769,0.3925150913820193,0.6074849086179807,exp10_jointfirst_v5_60m__analysis_full.zip!RUN/J1__R_TDM/analysis/checkpoint_curve.csv,MPTC,85.33,项目交接参考；当前归档未找到原始 S 阶段解析 CSV,UAGMC_SOURCE passenger-only + LQ,84.19,128.76,exp11 同包曲线；训练种子 1；评估种子 123-125,Joint 与 passenger-only 控制权不同；跨矩阵训练实现/guard 未必完全锁定
exp10,J1__R_TDM,J1,R_TDM,1,200000,162.11333333333334,133.04777777777778,7.098888888888889,21.04,1.0,True,3,3,0.5660791202917689,0.4339208797082312,0.43770043388039986,0.5622995661196001,exp10_jointfirst_v5_60m__analysis_full.zip!RUN/J1__R_TDM/analysis/checkpoint_curve.csv,MPTC,85.33,项目交接参考；当前归档未找到原始 S 阶段解析 CSV,UAGMC_SOURCE passenger-only + LQ,84.19,128.76,exp11 同包曲线；训练种子 1；评估种子 123-125,Joint 与 passenger-only 控制权不同；跨矩阵训练实现/guard 未必完全锁定
exp10,J1__R_TDM,J1,R_TDM,1,250000,142.22,113.10888888888888,7.005555555555556,21.173333333333332,1.0,True,3,3,0.5132942830071562,0.48670571699284376,0.33926483336180896,0.660735166638191,exp10_jointfirst_v5_60m__analysis_full.zip!RUN/J1__R_TDM/analysis/checkpoint_curve.csv,MPTC,85.33,项目交接参考；当前归档未找到原始 S 阶段解析 CSV,UAGMC_SOURCE passenger-only + LQ,84.19,128.76,exp11 同包曲线；训练种子 1；评估种子 123-125,Joint 与 passenger-only 控制权不同；跨矩阵训练实现/guard 未必完全锁定
exp10,J1__R_TDM,J1,R_TDM,1,300000,116.66777777777777,87.95333333333333,6.878888888888889,20.884444444444444,1.0,True,3,3,0.5238958289748472,0.4761041710251528,0.25254078381052275,0.7474592161894772,exp10_jointfirst_v5_60m__analysis_full.zip!RUN/J1__R_TDM/analysis/checkpoint_curve.csv,MPTC,85.33,项目交接参考；当前归档未找到原始 S 阶段解析 CSV,UAGMC_SOURCE passenger-only + LQ,84.19,128.76,exp11 同包曲线；训练种子 1；评估种子 123-125,Joint 与 passenger-only 控制权不同；跨矩阵训练实现/guard 未必完全锁定
exp10,J1__R_TDM,J1,R_TDM,1,350000,124.24444444444445,95.73,6.98888888888889,20.546666666666667,1.0,True,3,3,0.39970698997410775,0.6002930100258923,0.3099258837153802,0.6900741162846198,exp10_jointfirst_v5_60m__analysis_full.zip!RUN/J1__R_TDM/analysis/checkpoint_curve.csv,MPTC,85.33,项目交接参考；当前归档未找到原始 S 阶段解析 CSV,UAGMC_SOURCE passenger-only + LQ,84.19,128.76,exp11 同包曲线；训练种子 1；评估种子 123-125,Joint 与 passenger-only 控制权不同；跨矩阵训练实现/guard 未必完全锁定
exp10,J1__R_TDM,J1,R_TDM,1,400000,122.63666666666667,94.09333333333332,7.0555555555555545,20.51111111111111,1.0,True,3,3,0.4259171278480623,0.5740828721519378,0.3388904120803428,0.6611095879196572,exp10_jointfirst_v5_60m__analysis_full.zip!RUN/J1__R_TDM/analysis/checkpoint_curve.csv,MPTC,85.33,项目交接参考；当前归档未找到原始 S 阶段解析 CSV,UAGMC_SOURCE passenger-only + LQ,84.19,128.76,exp11 同包曲线；训练种子 1；评估种子 123-125,Joint 与 passenger-only 控制权不同；跨矩阵训练实现/guard 未必完全锁定
exp10,J1__R_TDM,J1,R_TDM,1,450000,131.38222222222223,103.25666666666666,6.938888888888889,20.204444444444444,1.0,True,3,3,0.5051796292782049,0.49482037072179513,0.5072811654531882,0.4927188345468118,exp10_jointfirst_v5_60m__analysis_full.zip!RUN/J1__R_TDM/analysis/checkpoint_curve.csv,MPTC,85.33,项目交接参考；当前归档未找到原始 S 阶段解析 CSV,UAGMC_SOURCE passenger-only + LQ,84.19,128.76,exp11 同包曲线；训练种子 1；评估种子 123-125,Joint 与 passenger-only 控制权不同；跨矩阵训练实现/guard 未必完全锁定
exp10,J1__R_TDM,J1,R_TDM,1,500000,130.70222222222222,103.47333333333331,6.555555555555556,19.72888888888889,1.0,True,3,3,0.3703261949941267,0.6296738050058733,0.49965723923978195,0.5003427607602181,exp10_jointfirst_v5_60m__analysis_full.zip!RUN/J1__R_TDM/analysis/checkpoint_curve.csv,MPTC,85.33,项目交接参考；当前归档未找到原始 S 阶段解析 CSV,UAGMC_SOURCE passenger-only + LQ,84.19,128.76,exp11 同包曲线；训练种子 1；评估种子 123-125,Joint 与 passenger-only 控制权不同；跨矩阵训练实现/guard 未必完全锁定
exp10,J1__R_TDM,J1,R_TDM,1,550000,123.44111111111111,96.27222222222223,6.5311111111111115,19.69333333333333,1.0,True,3,3,0.29056285532156984,0.7094371446784301,0.5432470133145769,0.45675298668542297,exp10_jointfirst_v5_60m__analysis_full.zip!RUN/J1__R_TDM/analysis/checkpoint_curve.csv,MPTC,85.33,项目交接参考；当前归档未找到原始 S 阶段解析 CSV,UAGMC_SOURCE passenger-only + LQ,84.19,128.76,exp11 同包曲线；训练种子 1；评估种子 123-125,Joint 与 passenger-only 控制权不同；跨矩阵训练实现/guard 未必完全锁定
exp10,J1__R_TDM,J1,R_TDM,1,600000,125.7911111111111,98.61888888888889,6.525555555555556,19.715555555555554,1.0,True,3,3,0.2431378730677889,0.756862126932211,0.5758158576471649,0.42418414235283514,exp10_jointfirst_v5_60m__analysis_full.zip!RUN/J1__R_TDM/analysis/checkpoint_curve.csv,MPTC,85.33,项目交接参考；当前归档未找到原始 S 阶段解析 CSV,UAGMC_SOURCE passenger-only + LQ,84.19,128.76,exp11 同包曲线；训练种子 1；评估种子 123-125,Joint 与 passenger-only 控制权不同；跨矩阵训练实现/guard 未必完全锁定
exp10,J2__CURRENT,J2,CURRENT,1,50000,295.8255555555556,264.83,7.941111111111112,22.075555555555557,1.0,True,3,3,0.8742311682165739,0.1257688317834262,0.8748459977103158,0.12515400228968424,exp10_jointfirst_v5_60m__analysis_full.zip!RUN/J2__CURRENT/analysis/checkpoint_curve.csv,MPTC,85.33,项目交接参考；当前归档未找到原始 S 阶段解析 CSV,UAGMC_SOURCE passenger-only + LQ,84.19,128.76,exp11 同包曲线；训练种子 1；评估种子 123-125,Joint 与 passenger-only 控制权不同；跨矩阵训练实现/guard 未必完全锁定
exp10,J2__CURRENT,J2,CURRENT,1,100000,213.81666666666663,182.34333333333336,8.138888888888888,22.400000000000002,1.0,True,3,3,0.6495184966464528,0.35048150335354716,0.9158646103872984,0.08413538961270167,exp10_jointfirst_v5_60m__analysis_full.zip!RUN/J2__CURRENT/analysis/checkpoint_curve.csv,MPTC,85.33,项目交接参考；当前归档未找到原始 S 阶段解析 CSV,UAGMC_SOURCE passenger-only + LQ,84.19,128.76,exp11 同包曲线；训练种子 1；评估种子 123-125,Joint 与 passenger-only 控制权不同；跨矩阵训练实现/guard 未必完全锁定
exp10,J2__CURRENT,J2,CURRENT,1,150000,170.59444444444443,141.1888888888889,7.465555555555556,21.035555555555558,1.0,True,3,3,0.7310559672319433,0.2689440327680567,0.5456163947254735,0.4543836052745265,exp10_jointfirst_v5_60m__analysis_full.zip!RUN/J2__CURRENT/analysis/checkpoint_curve.csv,MPTC,85.33,项目交接参考；当前归档未找到原始 S 阶段解析 CSV,UAGMC_SOURCE passenger-only + LQ,84.19,128.76,exp11 同包曲线；训练种子 1；评估种子 123-125,Joint 与 passenger-only 控制权不同；跨矩阵训练实现/guard 未必完全锁定
exp10,J2__CURRENT,J2,CURRENT,1,200000,154.29666666666668,123.95444444444445,7.726666666666667,21.688888888888886,1.0,True,3,3,0.7834355717938694,0.21656442820613073,0.5209338044426284,0.4790661955573716,exp10_jointfirst_v5_60m__analysis_full.zip!RUN/J2__CURRENT/analysis/checkpoint_curve.csv,MPTC,85.33,项目交接参考；当前归档未找到原始 S 阶段解析 CSV,UAGMC_SOURCE passenger-only + LQ,84.19,128.76,exp11 同包曲线；训练种子 1；评估种子 123-125,Joint 与 passenger-only 控制权不同；跨矩阵训练实现/guard 未必完全锁定
exp10,J2__CURRENT,J2,CURRENT,1,250000,198.9488888888889,168.23666666666665,7.857777777777777,21.92888888888889,1.0,True,3,3,0.8663512512009796,0.1336487487990205,0.7509176076697104,0.24908239233028961,exp10_jointfirst_v5_60m__analysis_full.zip!RUN/J2__CURRENT/analysis/checkpoint_curve.csv,MPTC,85.33,项目交接参考；当前归档未找到原始 S 阶段解析 CSV,UAGMC_SOURCE passenger-only + LQ,84.19,128.76,exp11 同包曲线；训练种子 1；评估种子 123-125,Joint 与 passenger-only 控制权不同；跨矩阵训练实现/guard 未必完全锁定
exp10,J2__CURRENT,J2,CURRENT,1,300000,177.78555555555556,147.61999999999998,7.565555555555555,21.657777777777778,1.0,True,3,3,0.7998864284842097,0.20011357151579037,0.7124963688442566,0.2875036311557435,exp10_jointfirst_v5_60m__analysis_full.zip!RUN/J2__CURRENT/analysis/checkpoint_curve.csv,MPTC,85.33,项目交接参考；当前归档未找到原始 S 阶段解析 CSV,UAGMC_SOURCE passenger-only + LQ,84.19,128.76,exp11 同包曲线；训练种子 1；评估种子 123-125,Joint 与 passenger-only 控制权不同；跨矩阵训练实现/guard 未必完全锁定
exp10,J2__CURRENT,J2,CURRENT,1,350000,173.09555555555553,142.87,7.654444444444444,21.644444444444446,1.0,True,3,3,0.7245528024138848,0.2754471975861153,0.624050087833668,0.37594991216633195,exp10_jointfirst_v5_60m__analysis_full.zip!RUN/J2__CURRENT/analysis/checkpoint_curve.csv,MPTC,85.33,项目交接参考；当前归档未找到原始 S 阶段解析 CSV,UAGMC_SOURCE passenger-only + LQ,84.19,128.76,exp11 同包曲线；训练种子 1；评估种子 123-125,Joint 与 passenger-only 控制权不同；跨矩阵训练实现/guard 未必完全锁定
exp10,J2__CURRENT,J2,CURRENT,1,400000,171.40555555555557,141.23777777777778,7.721111111111111,21.52888888888889,1.0,True,3,3,0.6282301104003855,0.3717698895996145,0.52293417274901,0.47706582725099,exp10_jointfirst_v5_60m__analysis_full.zip!RUN/J2__CURRENT/analysis/checkpoint_curve.csv,MPTC,85.33,项目交接参考；当前归档未找到原始 S 阶段解析 CSV,UAGMC_SOURCE passenger-only + LQ,84.19,128.76,exp11 同包曲线；训练种子 1；评估种子 123-125,Joint 与 passenger-only 控制权不同；跨矩阵训练实现/guard 未必完全锁定
exp10,J2__CURRENT,J2,CURRENT,1,450000,169.48444444444445,139.17999999999998,7.75111111111111,21.62222222222222,1.0,True,3,3,0.6168109928438271,0.38318900715617293,0.4053556036642813,0.5946443963357188,exp10_jointfirst_v5_60m__analysis_full.zip!RUN/J2__CURRENT/analysis/checkpoint_curve.csv,MPTC,85.33,项目交接参考；当前归档未找到原始 S 阶段解析 CSV,UAGMC_SOURCE passenger-only + LQ,84.19,128.76,exp11 同包曲线；训练种子 1；评估种子 123-125,Joint 与 passenger-only 控制权不同；跨矩阵训练实现/guard 未必完全锁定
exp10,J2__CURRENT,J2,CURRENT,1,500000,207.99,176.26444444444442,8.244444444444445,22.560000000000002,1.0,True,3,3,0.8568424922267339,0.14315750777326613,0.16774163321495092,0.832258366785049,exp10_jointfirst_v5_60m__analysis_full.zip!RUN/J2__CURRENT/analysis/checkpoint_curve.csv,MPTC,85.33,项目交接参考；当前归档未找到原始 S 阶段解析 CSV,UAGMC_SOURCE passenger-only + LQ,84.19,128.76,exp11 同包曲线；训练种子 1；评估种子 123-125,Joint 与 passenger-only 控制权不同；跨矩阵训练实现/guard 未必完全锁定
exp10,J2__CURRENT,J2,CURRENT,1,550000,178.5566666666667,148.57888888888888,7.644444444444445,21.404444444444447,1.0,True,3,3,0.4720753775643864,0.5279246224356136,0.3654770485098246,0.6345229514901755,exp10_jointfirst_v5_60m__analysis_full.zip!RUN/J2__CURRENT/analysis/checkpoint_curve.csv,MPTC,85.33,项目交接参考；当前归档未找到原始 S 阶段解析 CSV,UAGMC_SOURCE passenger-only + LQ,84.19,128.76,exp11 同包曲线；训练种子 1；评估种子 123-125,Joint 与 passenger-only 控制权不同；跨矩阵训练实现/guard 未必完全锁定
exp10,J2__CURRENT,J2,CURRENT,1,600000,186.09,156.0388888888889,7.6611111111111105,21.43111111111111,1.0,True,3,3,0.5216561639163029,0.4783438360836971,0.39043465884452583,0.609565341155474,exp10_jointfirst_v5_60m__analysis_full.zip!RUN/J2__CURRENT/analysis/checkpoint_curve.csv,MPTC,85.33,项目交接参考；当前归档未找到原始 S 阶段解析 CSV,UAGMC_SOURCE passenger-only + LQ,84.19,128.76,exp11 同包曲线；训练种子 1；评估种子 123-125,Joint 与 passenger-only 控制权不同；跨矩阵训练实现/guard 未必完全锁定
exp10,J2__R_EVENTQ,J2,R_EVENTQ,1,50000,236.27111111111108,205.92111111111112,7.587777777777778,21.822222222222223,1.0,True,3,3,0.827193030483267,0.1728069695167329,0.7716258526320011,0.22837414736799896,exp10_jointfirst_v5_60m__analysis_full.zip!RUN/J2__R_EVENTQ/analysis/checkpoint_curve.csv,MPTC,85.33,项目交接参考；当前归档未找到原始 S 阶段解析 CSV,UAGMC_SOURCE passenger-only + LQ,84.19,128.76,exp11 同包曲线；训练种子 1；评估种子 123-125,Joint 与 passenger-only 控制权不同；跨矩阵训练实现/guard 未必完全锁定
exp10,J2__R_EVENTQ,J2,R_EVENTQ,1,100000,275.86555555555555,245.0677777777778,7.795555555555556,22.031111111111112,1.0,True,3,3,0.9103698916747461,0.08963010832525387,0.8553798234629358,0.14462017653706413,exp10_jointfirst_v5_60m__analysis_full.zip!RUN/J2__R_EVENTQ/analysis/checkpoint_curve.csv,MPTC,85.33,项目交接参考；当前归档未找到原始 S 阶段解析 CSV,UAGMC_SOURCE passenger-only + LQ,84.19,128.76,exp11 同包曲线；训练种子 1；评估种子 123-125,Joint 与 passenger-only 控制权不同；跨矩阵训练实现/guard 未必完全锁定
exp10,J2__R_EVENTQ,J2,R_EVENTQ,1,150000,239.02444444444447,208.31333333333336,7.727777777777777,22.022222222222222,1.0,True,3,3,0.8858357080880825,0.11416429191191742,0.7645069077015926,0.23549309229840742,exp10_jointfirst_v5_60m__analysis_full.zip!RUN/J2__R_EVENTQ/analysis/checkpoint_curve.csv,MPTC,85.33,项目交接参考；当前归档未找到原始 S 阶段解析 CSV,UAGMC_SOURCE passenger-only + LQ,84.19,128.76,exp11 同包曲线；训练种子 1；评估种子 123-125,Joint 与 passenger-only 控制权不同；跨矩阵训练实现/guard 未必完全锁定
exp10,J2__R_EVENTQ,J2,R_EVENTQ,1,200000,214.3077777777778,183.92222222222222,7.5633333333333335,21.85777777777778,1.0,True,3,3,0.817815240091269,0.18218475990873084,0.7139027570343147,0.28609724296568523,exp10_jointfirst_v5_60m__analysis_full.zip!RUN/J2__R_EVENTQ/analysis/checkpoint_curve.csv,MPTC,85.33,项目交接参考；当前归档未找到原始 S 阶段解析 CSV,UAGMC_SOURCE passenger-only + LQ,84.19,128.76,exp11 同包曲线；训练种子 1；评估种子 123-125,Joint 与 passenger-only 控制权不同；跨矩阵训练实现/guard 未必完全锁定
exp10,J2__R_EVENTQ,J2,R_EVENTQ,1,250000,164.65777777777777,134.57666666666668,7.453333333333333,21.662222222222223,1.0,True,3,3,0.8103871351371925,0.18961286486280746,0.6643212350274262,0.3356787649725738,exp10_jointfirst_v5_60m__analysis_full.zip!RUN/J2__R_EVENTQ/analysis/checkpoint_curve.csv,MPTC,85.33,项目交接参考；当前归档未找到原始 S 阶段解析 CSV,UAGMC_SOURCE passenger-only + LQ,84.19,128.76,exp11 同包曲线；训练种子 1；评估种子 123-125,Joint 与 passenger-only 控制权不同；跨矩阵训练实现/guard 未必完全锁定
exp10,J2__R_EVENTQ,J2,R_EVENTQ,1,300000,171.58777777777777,141.19111111111113,7.662222222222222,21.76,1.0,True,3,3,0.8054119998103003,0.19458800018969966,0.6875059505022563,0.31249404949774373,exp10_jointfirst_v5_60m__analysis_full.zip!RUN/J2__R_EVENTQ/analysis/checkpoint_curve.csv,MPTC,85.33,项目交接参考；当前归档未找到原始 S 阶段解析 CSV,UAGMC_SOURCE passenger-only + LQ,84.19,128.76,exp11 同包曲线；训练种子 1；评估种子 123-125,Joint 与 passenger-only 控制权不同；跨矩阵训练实现/guard 未必完全锁定
exp10,J2__R_EVENTQ,J2,R_EVENTQ,1,350000,172.1977777777778,141.59444444444446,7.714444444444443,21.92,1.0,True,3,3,0.8416270059123074,0.15837299408769256,0.7168204037171216,0.2831795962828783,exp10_jointfirst_v5_60m__analysis_full.zip!RUN/J2__R_EVENTQ/analysis/checkpoint_curve.csv,MPTC,85.33,项目交接参考；当前归档未找到原始 S 阶段解析 CSV,UAGMC_SOURCE passenger-only + LQ,84.19,128.76,exp11 同包曲线；训练种子 1；评估种子 123-125,Joint 与 passenger-only 控制权不同；跨矩阵训练实现/guard 未必完全锁定
exp10,J2__R_EVENTQ,J2,R_EVENTQ,1,400000,155.90111111111108,125.75666666666666,7.533333333333334,21.653333333333336,1.0,True,3,3,0.685526344667764,0.314473655332236,0.5898361331609215,0.4101638668390784,exp10_jointfirst_v5_60m__analysis_full.zip!RUN/J2__R_EVENTQ/analysis/checkpoint_curve.csv,MPTC,85.33,项目交接参考；当前归档未找到原始 S 阶段解析 CSV,UAGMC_SOURCE passenger-only + LQ,84.19,128.76,exp11 同包曲线；训练种子 1；评估种子 123-125,Joint 与 passenger-only 控制权不同；跨矩阵训练实现/guard 未必完全锁定
exp10,J2__R_EVENTQ,J2,R_EVENTQ,1,450000,152.8488888888889,122.74666666666667,7.593333333333334,21.551111111111112,1.0,True,3,3,0.572461294130636,0.427538705869364,0.6532964746447892,0.3467035253552107,exp10_jointfirst_v5_60m__analysis_full.zip!RUN/J2__R_EVENTQ/analysis/checkpoint_curve.csv,MPTC,85.33,项目交接参考；当前归档未找到原始 S 阶段解析 CSV,UAGMC_SOURCE passenger-only + LQ,84.19,128.76,exp11 同包曲线；训练种子 1；评估种子 123-125,Joint 与 passenger-only 控制权不同；跨矩阵训练实现/guard 未必完全锁定
exp10,J2__R_EVENTQ,J2,R_EVENTQ,1,500000,156.54888888888888,126.3188888888889,7.588888888888889,21.675555555555558,1.0,True,3,3,0.6754448242581277,0.32455517574187237,0.6121848261832107,0.38781517381678926,exp10_jointfirst_v5_60m__analysis_full.zip!RUN/J2__R_EVENTQ/analysis/checkpoint_curve.csv,MPTC,85.33,项目交接参考；当前归档未找到原始 S 阶段解析 CSV,UAGMC_SOURCE passenger-only + LQ,84.19,128.76,exp11 同包曲线；训练种子 1；评估种子 123-125,Joint 与 passenger-only 控制权不同；跨矩阵训练实现/guard 未必完全锁定
exp10,J2__R_EVENTQ,J2,R_EVENTQ,1,550000,141.64444444444442,111.19777777777777,7.733333333333333,21.764444444444447,1.0,True,3,3,0.7572027957988515,0.24279720420114836,0.5820029442046146,0.4179970557953854,exp10_jointfirst_v5_60m__analysis_full.zip!RUN/J2__R_EVENTQ/analysis/checkpoint_curve.csv,MPTC,85.33,项目交接参考；当前归档未找到原始 S 阶段解析 CSV,UAGMC_SOURCE passenger-only + LQ,84.19,128.76,exp11 同包曲线；训练种子 1；评估种子 123-125,Joint 与 passenger-only 控制权不同；跨矩阵训练实现/guard 未必完全锁定
exp10,J2__R_EVENTQ,J2,R_EVENTQ,1,600000,183.8066666666667,152.47444444444446,8.042222222222222,22.337777777777774,1.0,True,3,3,0.9185212095234859,0.08147879047651406,0.28035517490419104,0.7196448250958088,exp10_jointfirst_v5_60m__analysis_full.zip!RUN/J2__R_EVENTQ/analysis/checkpoint_curve.csv,MPTC,85.33,项目交接参考；当前归档未找到原始 S 阶段解析 CSV,UAGMC_SOURCE passenger-only + LQ,84.19,128.76,exp11 同包曲线；训练种子 1；评估种子 123-125,Joint 与 passenger-only 控制权不同；跨矩阵训练实现/guard 未必完全锁定
exp10,J2__R_TDM,J2,R_TDM,1,50000,219.0533333333333,190.95444444444445,6.900000000000001,20.27111111111111,1.0,True,3,3,0.21465098039215688,0.7853490196078431,0.5921549019607842,0.4078450980392157,exp10_jointfirst_v5_60m__analysis_full.zip!RUN/J2__R_TDM/analysis/checkpoint_curve.csv,MPTC,85.33,项目交接参考；当前归档未找到原始 S 阶段解析 CSV,UAGMC_SOURCE passenger-only + LQ,84.19,128.76,exp11 同包曲线；训练种子 1；评估种子 123-125,Joint 与 passenger-only 控制权不同；跨矩阵训练实现/guard 未必完全锁定
exp10,J2__R_TDM,J2,R_TDM,1,100000,207.7877777777778,178.93555555555557,7.104444444444444,20.773333333333337,1.0,True,3,3,0.6963180905678942,0.30368190943210577,0.7407103239781953,0.25928967602180486,exp10_jointfirst_v5_60m__analysis_full.zip!RUN/J2__R_TDM/analysis/checkpoint_curve.csv,MPTC,85.33,项目交接参考；当前归档未找到原始 S 阶段解析 CSV,UAGMC_SOURCE passenger-only + LQ,84.19,128.76,exp11 同包曲线；训练种子 1；评估种子 123-125,Joint 与 passenger-only 控制权不同；跨矩阵训练实现/guard 未必完全锁定
exp10,J2__R_TDM,J2,R_TDM,1,150000,164.5277777777778,134.54555555555555,7.553333333333334,21.48,1.0,True,3,3,0.7452905391231383,0.2547094608768618,0.3683858474994097,0.6316141525005903,exp10_jointfirst_v5_60m__analysis_full.zip!RUN/J2__R_TDM/analysis/checkpoint_curve.csv,MPTC,85.33,项目交接参考；当前归档未找到原始 S 阶段解析 CSV,UAGMC_SOURCE passenger-only + LQ,84.19,128.76,exp11 同包曲线；训练种子 1；评估种子 123-125,Joint 与 passenger-only 控制权不同；跨矩阵训练实现/guard 未必完全锁定
exp10,J2__R_TDM,J2,R_TDM,1,200000,172.13222222222223,141.77,7.674444444444444,21.71111111111111,1.0,True,3,3,0.7275896169434374,0.2724103830565626,0.5533820731431548,0.44661792685684515,exp10_jointfirst_v5_60m__analysis_full.zip!RUN/J2__R_TDM/analysis/checkpoint_curve.csv,MPTC,85.33,项目交接参考；当前归档未找到原始 S 阶段解析 CSV,UAGMC_SOURCE passenger-only + LQ,84.19,128.76,exp11 同包曲线；训练种子 1；评估种子 123-125,Joint 与 passenger-only 控制权不同；跨矩阵训练实现/guard 未必完全锁定
exp10,J2__R_TDM,J2,R_TDM,1,250000,176.41444444444446,146.10333333333332,7.705555555555556,21.62222222222222,1.0,True,3,3,0.7072672199824738,0.2927327800175262,0.29535694554089925,0.7046430544591007,exp10_jointfirst_v5_60m__analysis_full.zip!RUN/J2__R_TDM/analysis/checkpoint_curve.csv,MPTC,85.33,项目交接参考；当前归档未找到原始 S 阶段解析 CSV,UAGMC_SOURCE passenger-only + LQ,84.19,128.76,exp11 同包曲线；训练种子 1；评估种子 123-125,Joint 与 passenger-only 控制权不同；跨矩阵训练实现/guard 未必完全锁定
exp10,J2__R_TDM,J2,R_TDM,1,300000,185.65111111111108,154.95888888888888,7.864444444444445,21.866666666666664,1.0,True,3,3,0.8236318020756722,0.1763681979243278,0.3907772432897447,0.6092227567102553,exp10_jointfirst_v5_60m__analysis_full.zip!RUN/J2__R_TDM/analysis/checkpoint_curve.csv,MPTC,85.33,项目交接参考；当前归档未找到原始 S 阶段解析 CSV,UAGMC_SOURCE passenger-only + LQ,84.19,128.76,exp11 同包曲线；训练种子 1；评估种子 123-125,Joint 与 passenger-only 控制权不同；跨矩阵训练实现/guard 未必完全锁定
exp10,J2__R_TDM,J2,R_TDM,1,350000,169.0922222222222,138.3011111111111,7.922222222222222,21.902222222222225,1.0,True,3,3,0.7493321437063661,0.250667856293634,0.5607372040897048,0.4392627959102952,exp10_jointfirst_v5_60m__analysis_full.zip!RUN/J2__R_TDM/analysis/checkpoint_curve.csv,MPTC,85.33,项目交接参考；当前归档未找到原始 S 阶段解析 CSV,UAGMC_SOURCE passenger-only + LQ,84.19,128.76,exp11 同包曲线；训练种子 1；评估种子 123-125,Joint 与 passenger-only 控制权不同；跨矩阵训练实现/guard 未必完全锁定
exp10,J2__R_TDM,J2,R_TDM,1,400000,160.24555555555557,129.73888888888888,7.711111111111111,21.831111111111113,1.0,True,3,3,0.6392852091771571,0.3607147908228428,0.5250820662808376,0.4749179337191623,exp10_jointfirst_v5_60m__analysis_full.zip!RUN/J2__R_TDM/analysis/checkpoint_curve.csv,MPTC,85.33,项目交接参考；当前归档未找到原始 S 阶段解析 CSV,UAGMC_SOURCE passenger-only + LQ,84.19,128.76,exp11 同包曲线；训练种子 1；评估种子 123-125,Joint 与 passenger-only 控制权不同；跨矩阵训练实现/guard 未必完全锁定
exp10,J2__R_TDM,J2,R_TDM,1,450000,172.1577777777778,141.63444444444443,7.748888888888889,21.813333333333333,1.0,True,3,3,0.6113890488274725,0.38861095117252753,0.6099602641474563,0.39003973585254376,exp10_jointfirst_v5_60m__analysis_full.zip!RUN/J2__R_TDM/analysis/checkpoint_curve.csv,MPTC,85.33,项目交接参考；当前归档未找到原始 S 阶段解析 CSV,UAGMC_SOURCE passenger-only + LQ,84.19,128.76,exp11 同包曲线；训练种子 1；评估种子 123-125,Joint 与 passenger-only 控制权不同；跨矩阵训练实现/guard 未必完全锁定
exp10,J2__R_TDM,J2,R_TDM,1,500000,153.5677777777778,123.11666666666666,7.666666666666667,21.822222222222223,1.0,True,3,3,0.7607289361834014,0.2392710638165985,0.5878392187844136,0.41216078121558636,exp10_jointfirst_v5_60m__analysis_full.zip!RUN/J2__R_TDM/analysis/checkpoint_curve.csv,MPTC,85.33,项目交接参考；当前归档未找到原始 S 阶段解析 CSV,UAGMC_SOURCE passenger-only + LQ,84.19,128.76,exp11 同包曲线；训练种子 1；评估种子 123-125,Joint 与 passenger-only 控制权不同；跨矩阵训练实现/guard 未必完全锁定
exp10,J2__R_TDM,J2,R_TDM,1,550000,143.6311111111111,113.53333333333335,7.55,21.573333333333334,1.0,True,3,3,0.7875892090213729,0.2124107909786271,0.554585215971595,0.445414784028405,exp10_jointfirst_v5_60m__analysis_full.zip!RUN/J2__R_TDM/analysis/checkpoint_curve.csv,MPTC,85.33,项目交接参考；当前归档未找到原始 S 阶段解析 CSV,UAGMC_SOURCE passenger-only + LQ,84.19,128.76,exp11 同包曲线；训练种子 1；评估种子 123-125,Joint 与 passenger-only 控制权不同；跨矩阵训练实现/guard 未必完全锁定
exp10,J2__R_TDM,J2,R_TDM,1,600000,155.83888888888887,125.59666666666668,7.607777777777778,21.666666666666668,1.0,True,3,3,0.8024181537354674,0.19758184626453257,0.5813204194882066,0.4186795805117935,exp10_jointfirst_v5_60m__analysis_full.zip!RUN/J2__R_TDM/analysis/checkpoint_curve.csv,MPTC,85.33,项目交接参考；当前归档未找到原始 S 阶段解析 CSV,UAGMC_SOURCE passenger-only + LQ,84.19,128.76,exp11 同包曲线；训练种子 1；评估种子 123-125,Joint 与 passenger-only 控制权不同；跨矩阵训练实现/guard 未必完全锁定
exp10,J3__A_COMA_AC,J3,A_COMA_AC,1,50000,94.10111111111111,67.1888888888889,6.422222222222222,19.506666666666664,1.0,True,3,3,0.4014329334388574,0.5985670665611426,0.4622607750796001,0.5377392249203998,exp10_jointfirst_v5_60m__analysis_full.zip!RUN/J3__A_COMA_AC/analysis/checkpoint_curve.csv,MPTC,85.33,项目交接参考；当前归档未找到原始 S 阶段解析 CSV,UAGMC_SOURCE passenger-only + LQ,84.19,128.76,exp11 同包曲线；训练种子 1；评估种子 123-125,Joint 与 passenger-only 控制权不同；跨矩阵训练实现/guard 未必完全锁定
exp10,J3__A_COMA_AC,J3,A_COMA_AC,1,100000,153.01222222222222,125.46111111111111,6.545555555555556,20.09777777777778,1.0,True,3,3,0.32228191772048875,0.6777180822795114,0.5028029303932954,0.49719706960670457,exp10_jointfirst_v5_60m__analysis_full.zip!RUN/J3__A_COMA_AC/analysis/checkpoint_curve.csv,MPTC,85.33,项目交接参考；当前归档未找到原始 S 阶段解析 CSV,UAGMC_SOURCE passenger-only + LQ,84.19,128.76,exp11 同包曲线；训练种子 1；评估种子 123-125,Joint 与 passenger-only 控制权不同；跨矩阵训练实现/guard 未必完全锁定
exp10,J3__A_COMA_AC,J3,A_COMA_AC,1,150000,156.32777777777778,125.86222222222223,7.603333333333334,21.90222222222222,1.0,True,3,3,0.8648458015883577,0.13515419841164236,0.41998919955638175,0.5800108004436183,exp10_jointfirst_v5_60m__analysis_full.zip!RUN/J3__A_COMA_AC/analysis/checkpoint_curve.csv,MPTC,85.33,项目交接参考；当前归档未找到原始 S 阶段解析 CSV,UAGMC_SOURCE passenger-only + LQ,84.19,128.76,exp11 同包曲线；训练种子 1；评估种子 123-125,Joint 与 passenger-only 控制权不同；跨矩阵训练实现/guard 未必完全锁定
exp10,J3__A_COMA_AC,J3,A_COMA_AC,1,200000,156.55555555555557,126.17,7.5744444444444445,21.844444444444445,1.0,True,3,3,0.8493424347462607,0.15065756525373936,0.5399614333542334,0.46003856664576653,exp10_jointfirst_v5_60m__analysis_full.zip!RUN/J3__A_COMA_AC/analysis/checkpoint_curve.csv,MPTC,85.33,项目交接参考；当前归档未找到原始 S 阶段解析 CSV,UAGMC_SOURCE passenger-only + LQ,84.19,128.76,exp11 同包曲线；训练种子 1；评估种子 123-125,Joint 与 passenger-only 控制权不同；跨矩阵训练实现/guard 未必完全锁定
exp10,J3__A_COMA_AC,J3,A_COMA_AC,1,250000,150.3488888888889,120.59444444444443,7.26111111111111,21.52444444444444,1.0,True,3,3,0.7840166541742223,0.2159833458257778,0.566105753643554,0.4338942463564459,exp10_jointfirst_v5_60m__analysis_full.zip!RUN/J3__A_COMA_AC/analysis/checkpoint_curve.csv,MPTC,85.33,项目交接参考；当前归档未找到原始 S 阶段解析 CSV,UAGMC_SOURCE passenger-only + LQ,84.19,128.76,exp11 同包曲线；训练种子 1；评估种子 123-125,Joint 与 passenger-only 控制权不同；跨矩阵训练实现/guard 未必完全锁定
exp10,J3__A_COMA_AC,J3,A_COMA_AC,1,300000,161.13333333333333,131.77111111111108,7.128888888888889,21.266666666666666,1.0,True,3,3,0.65539455094809,0.3446054490519101,0.6656483619278537,0.33435163807214624,exp10_jointfirst_v5_60m__analysis_full.zip!RUN/J3__A_COMA_AC/analysis/checkpoint_curve.csv,MPTC,85.33,项目交接参考；当前归档未找到原始 S 阶段解析 CSV,UAGMC_SOURCE passenger-only + LQ,84.19,128.76,exp11 同包曲线；训练种子 1；评估种子 123-125,Joint 与 passenger-only 控制权不同；跨矩阵训练实现/guard 未必完全锁定
exp10,J3__A_COMA_AC,J3,A_COMA_AC,1,350000,138.0188888888889,108.7911111111111,7.103333333333333,21.16,1.0,True,3,3,0.6057408984157168,0.3942591015842832,0.5114520993650227,0.48854790063497733,exp10_jointfirst_v5_60m__analysis_full.zip!RUN/J3__A_COMA_AC/analysis/checkpoint_curve.csv,MPTC,85.33,项目交接参考；当前归档未找到原始 S 阶段解析 CSV,UAGMC_SOURCE passenger-only + LQ,84.19,128.76,exp11 同包曲线；训练种子 1；评估种子 123-125,Joint 与 passenger-only 控制权不同；跨矩阵训练实现/guard 未必完全锁定
exp10,J3__A_COMA_AC,J3,A_COMA_AC,1,400000,113.29777777777777,84.46333333333332,6.832222222222222,21.031111111111112,1.0,True,3,3,0.5870442396936753,0.41295576030632475,0.4591188869170721,0.540881113082928,exp10_jointfirst_v5_60m__analysis_full.zip!RUN/J3__A_COMA_AC/analysis/checkpoint_curve.csv,MPTC,85.33,项目交接参考；当前归档未找到原始 S 阶段解析 CSV,UAGMC_SOURCE passenger-only + LQ,84.19,128.76,exp11 同包曲线；训练种子 1；评估种子 123-125,Joint 与 passenger-only 控制权不同；跨矩阵训练实现/guard 未必完全锁定
exp10,J3__A_COMA_AC,J3,A_COMA_AC,1,450000,118.85888888888888,89.7211111111111,6.919999999999999,21.24888888888889,1.0,True,3,3,0.6672239724949117,0.3327760275050883,0.48623176146658525,0.5137682385334147,exp10_jointfirst_v5_60m__analysis_full.zip!RUN/J3__A_COMA_AC/analysis/checkpoint_curve.csv,MPTC,85.33,项目交接参考；当前归档未找到原始 S 阶段解析 CSV,UAGMC_SOURCE passenger-only + LQ,84.19,128.76,exp11 同包曲线；训练种子 1；评估种子 123-125,Joint 与 passenger-only 控制权不同；跨矩阵训练实现/guard 未必完全锁定
exp10,J3__A_COMA_AC,J3,A_COMA_AC,1,500000,121.8611111111111,92.75,6.8933333333333335,21.27111111111111,1.0,True,3,3,0.683987178406789,0.3160128215932109,0.5253024528943778,0.47469754710562206,exp10_jointfirst_v5_60m__analysis_full.zip!RUN/J3__A_COMA_AC/analysis/checkpoint_curve.csv,MPTC,85.33,项目交接参考；当前归档未找到原始 S 阶段解析 CSV,UAGMC_SOURCE passenger-only + LQ,84.19,128.76,exp11 同包曲线；训练种子 1；评估种子 123-125,Joint 与 passenger-only 控制权不同；跨矩阵训练实现/guard 未必完全锁定
exp10,J3__A_COMA_AC,J3,A_COMA_AC,1,550000,139.02,109.5788888888889,7.127777777777777,21.360000000000003,1.0,True,3,3,0.67625505542917,0.3237449445708302,0.5297288574730076,0.47027114252699237,exp10_jointfirst_v5_60m__analysis_full.zip!RUN/J3__A_COMA_AC/analysis/checkpoint_curve.csv,MPTC,85.33,项目交接参考；当前归档未找到原始 S 阶段解析 CSV,UAGMC_SOURCE passenger-only + LQ,84.19,128.76,exp11 同包曲线；训练种子 1；评估种子 123-125,Joint 与 passenger-only 控制权不同；跨矩阵训练实现/guard 未必完全锁定
exp10,J3__A_COMA_AC,J3,A_COMA_AC,1,600000,146.54999999999998,117.0988888888889,7.12,21.377777777777776,1.0,True,3,3,0.6573613557875416,0.34263864421245843,0.5493712097670093,0.4506287902329907,exp10_jointfirst_v5_60m__analysis_full.zip!RUN/J3__A_COMA_AC/analysis/checkpoint_curve.csv,MPTC,85.33,项目交接参考；当前归档未找到原始 S 阶段解析 CSV,UAGMC_SOURCE passenger-only + LQ,84.19,128.76,exp11 同包曲线；训练种子 1；评估种子 123-125,Joint 与 passenger-only 控制权不同；跨矩阵训练实现/guard 未必完全锁定
exp10,J3__A_DEEPMDP_AC,J3,A_DEEPMDP_AC,1,50000,237.7588888888889,205.39666666666668,8.504444444444443,22.88,1.0,True,3,3,0.9801456565525403,0.01985434344745966,0.563400429603714,0.436599570396286,exp10_jointfirst_v5_60m__analysis_full.zip!RUN/J3__A_DEEPMDP_AC/analysis/checkpoint_curve.csv,MPTC,85.33,项目交接参考；当前归档未找到原始 S 阶段解析 CSV,UAGMC_SOURCE passenger-only + LQ,84.19,128.76,exp11 同包曲线；训练种子 1；评估种子 123-125,Joint 与 passenger-only 控制权不同；跨矩阵训练实现/guard 未必完全锁定
exp10,J3__A_DEEPMDP_AC,J3,A_DEEPMDP_AC,1,100000,274.9244444444444,242.96777777777777,8.318888888888887,22.702222222222222,1.0,True,3,3,0.9493677405418249,0.050632259458175045,0.3212370874945963,0.6787629125054037,exp10_jointfirst_v5_60m__analysis_full.zip!RUN/J3__A_DEEPMDP_AC/analysis/checkpoint_curve.csv,MPTC,85.33,项目交接参考；当前归档未找到原始 S 阶段解析 CSV,UAGMC_SOURCE passenger-only + LQ,84.19,128.76,exp11 同包曲线；训练种子 1；评估种子 123-125,Joint 与 passenger-only 控制权不同；跨矩阵训练实现/guard 未必完全锁定
exp10,J3__A_DEEPMDP_AC,J3,A_DEEPMDP_AC,1,150000,254.2033333333333,223.08,7.982222222222222,22.20888888888889,1.0,True,3,3,0.8393321478958047,0.16066785210419532,0.470317599308572,0.529682400691428,exp10_jointfirst_v5_60m__analysis_full.zip!RUN/J3__A_DEEPMDP_AC/analysis/checkpoint_curve.csv,MPTC,85.33,项目交接参考；当前归档未找到原始 S 阶段解析 CSV,UAGMC_SOURCE passenger-only + LQ,84.19,128.76,exp11 同包曲线；训练种子 1；评估种子 123-125,Joint 与 passenger-only 控制权不同；跨矩阵训练实现/guard 未必完全锁定
exp10,J3__A_DEEPMDP_AC,J3,A_DEEPMDP_AC,1,200000,274.88222222222225,243.91666666666666,7.791111111111111,22.24,1.0,True,3,3,0.8937078137054458,0.10629218629455407,0.5967383668801266,0.40326163311987334,exp10_jointfirst_v5_60m__analysis_full.zip!RUN/J3__A_DEEPMDP_AC/analysis/checkpoint_curve.csv,MPTC,85.33,项目交接参考；当前归档未找到原始 S 阶段解析 CSV,UAGMC_SOURCE passenger-only + LQ,84.19,128.76,exp11 同包曲线；训练种子 1；评估种子 123-125,Joint 与 passenger-only 控制权不同；跨矩阵训练实现/guard 未必完全锁定
exp10,J3__A_DEEPMDP_AC,J3,A_DEEPMDP_AC,1,250000,160.79111111111112,131.01333333333335,7.4444444444444455,21.41333333333333,1.0,True,3,3,0.5543393574206438,0.4456606425793563,0.5862935921881748,0.41370640781182527,exp10_jointfirst_v5_60m__analysis_full.zip!RUN/J3__A_DEEPMDP_AC/analysis/checkpoint_curve.csv,MPTC,85.33,项目交接参考；当前归档未找到原始 S 阶段解析 CSV,UAGMC_SOURCE passenger-only + LQ,84.19,128.76,exp11 同包曲线；训练种子 1；评估种子 123-125,Joint 与 passenger-only 控制权不同；跨矩阵训练实现/guard 未必完全锁定
exp10,J3__A_DEEPMDP_AC,J3,A_DEEPMDP_AC,1,300000,191.37444444444444,160.75666666666666,7.791111111111111,21.92888888888889,1.0,True,3,3,0.779356802989862,0.2206431970101381,0.519661634616675,0.4803383653833249,exp10_jointfirst_v5_60m__analysis_full.zip!RUN/J3__A_DEEPMDP_AC/analysis/checkpoint_curve.csv,MPTC,85.33,项目交接参考；当前归档未找到原始 S 阶段解析 CSV,UAGMC_SOURCE passenger-only + LQ,84.19,128.76,exp11 同包曲线；训练种子 1；评估种子 123-125,Joint 与 passenger-only 控制权不同；跨矩阵训练实现/guard 未必完全锁定
exp10,J3__A_DEEPMDP_AC,J3,A_DEEPMDP_AC,1,350000,157.0511111111111,127.44444444444444,7.423333333333333,21.266666666666666,1.0,True,3,3,0.5316928965989737,0.4683071034010264,0.7142187780763568,0.28578122192364325,exp10_jointfirst_v5_60m__analysis_full.zip!RUN/J3__A_DEEPMDP_AC/analysis/checkpoint_curve.csv,MPTC,85.33,项目交接参考；当前归档未找到原始 S 阶段解析 CSV,UAGMC_SOURCE passenger-only + LQ,84.19,128.76,exp11 同包曲线；训练种子 1；评估种子 123-125,Joint 与 passenger-only 控制权不同；跨矩阵训练实现/guard 未必完全锁定
exp10,J3__A_DEEPMDP_AC,J3,A_DEEPMDP_AC,1,400000,132.9722222222222,104.02222222222223,7.25111111111111,20.777777777777775,1.0,True,3,3,0.562743045934629,0.437256954065371,0.6519324434909659,0.3480675565090341,exp10_jointfirst_v5_60m__analysis_full.zip!RUN/J3__A_DEEPMDP_AC/analysis/checkpoint_curve.csv,MPTC,85.33,项目交接参考；当前归档未找到原始 S 阶段解析 CSV,UAGMC_SOURCE passenger-only + LQ,84.19,128.76,exp11 同包曲线；训练种子 1；评估种子 123-125,Joint 与 passenger-only 控制权不同；跨矩阵训练实现/guard 未必完全锁定
exp10,J3__A_DEEPMDP_AC,J3,A_DEEPMDP_AC,1,450000,124.84444444444443,95.91888888888889,7.265555555555555,20.73777777777778,1.0,True,3,3,0.5081314350121673,0.49186856498783277,0.5958700298580644,0.40412997014193563,exp10_jointfirst_v5_60m__analysis_full.zip!RUN/J3__A_DEEPMDP_AC/analysis/checkpoint_curve.csv,MPTC,85.33,项目交接参考；当前归档未找到原始 S 阶段解析 CSV,UAGMC_SOURCE passenger-only + LQ,84.19,128.76,exp11 同包曲线；训练种子 1；评估种子 123-125,Joint 与 passenger-only 控制权不同；跨矩阵训练实现/guard 未必完全锁定
exp10,J3__A_DEEPMDP_AC,J3,A_DEEPMDP_AC,1,500000,134.74555555555557,105.47777777777777,7.345555555555556,21.00444444444444,1.0,True,3,3,0.5847891075521562,0.41521089244784376,0.6277339406069461,0.3722660593930538,exp10_jointfirst_v5_60m__analysis_full.zip!RUN/J3__A_DEEPMDP_AC/analysis/checkpoint_curve.csv,MPTC,85.33,项目交接参考；当前归档未找到原始 S 阶段解析 CSV,UAGMC_SOURCE passenger-only + LQ,84.19,128.76,exp11 同包曲线；训练种子 1；评估种子 123-125,Joint 与 passenger-only 控制权不同；跨矩阵训练实现/guard 未必完全锁定
exp10,J3__A_DEEPMDP_AC,J3,A_DEEPMDP_AC,1,550000,130.3788888888889,101.78888888888889,7.133333333333333,20.533333333333335,1.0,True,3,3,0.509263599005818,0.4907364009941819,0.5833843303551073,0.41661566964489277,exp10_jointfirst_v5_60m__analysis_full.zip!RUN/J3__A_DEEPMDP_AC/analysis/checkpoint_curve.csv,MPTC,85.33,项目交接参考；当前归档未找到原始 S 阶段解析 CSV,UAGMC_SOURCE passenger-only + LQ,84.19,128.76,exp11 同包曲线；训练种子 1；评估种子 123-125,Joint 与 passenger-only 控制权不同；跨矩阵训练实现/guard 未必完全锁定
exp10,J3__A_DEEPMDP_AC,J3,A_DEEPMDP_AC,1,600000,179.64555555555557,150.00222222222223,7.465555555555556,21.244444444444444,1.0,True,3,3,0.6461535171907871,0.35384648280921294,0.7932610664152135,0.20673893358478646,exp10_jointfirst_v5_60m__analysis_full.zip!RUN/J3__A_DEEPMDP_AC/analysis/checkpoint_curve.csv,MPTC,85.33,项目交接参考；当前归档未找到原始 S 阶段解析 CSV,UAGMC_SOURCE passenger-only + LQ,84.19,128.76,exp11 同包曲线；训练种子 1；评估种子 123-125,Joint 与 passenger-only 控制权不同；跨矩阵训练实现/guard 未必完全锁定
exp10,J3__A_DIRECT_CQM,J3,A_DIRECT_CQM,1,50000,144.63,117.85777777777777,6.453333333333333,19.404444444444444,1.0,True,3,3,0.09045912271718722,0.9095408772828127,0.6909562211981566,0.30904377880184336,exp10_jointfirst_v5_60m__analysis_full.zip!RUN/J3__A_DIRECT_CQM/analysis/checkpoint_curve.csv,MPTC,85.33,项目交接参考；当前归档未找到原始 S 阶段解析 CSV,UAGMC_SOURCE passenger-only + LQ,84.19,128.76,exp11 同包曲线；训练种子 1；评估种子 123-125,Joint 与 passenger-only 控制权不同；跨矩阵训练实现/guard 未必完全锁定
exp10,J3__A_DIRECT_CQM,J3,A_DIRECT_CQM,1,100000,148.1288888888889,118.59555555555555,7.542222222222222,21.06222222222222,1.0,True,3,3,0.7476092755970553,0.2523907244029448,0.48219157952484376,0.5178084204751562,exp10_jointfirst_v5_60m__analysis_full.zip!RUN/J3__A_DIRECT_CQM/analysis/checkpoint_curve.csv,MPTC,85.33,项目交接参考；当前归档未找到原始 S 阶段解析 CSV,UAGMC_SOURCE passenger-only + LQ,84.19,128.76,exp11 同包曲线；训练种子 1；评估种子 123-125,Joint 与 passenger-only 控制权不同；跨矩阵训练实现/guard 未必完全锁定
exp10,J3__A_DIRECT_CQM,J3,A_DIRECT_CQM,1,150000,191.05777777777777,159.4888888888889,8.144444444444444,22.46666666666667,1.0,True,3,3,0.9430047497523762,0.056995250247623745,0.11706194276468364,0.8829380572353163,exp10_jointfirst_v5_60m__analysis_full.zip!RUN/J3__A_DIRECT_CQM/analysis/checkpoint_curve.csv,MPTC,85.33,项目交接参考；当前归档未找到原始 S 阶段解析 CSV,UAGMC_SOURCE passenger-only + LQ,84.19,128.76,exp11 同包曲线；训练种子 1；评估种子 123-125,Joint 与 passenger-only 控制权不同；跨矩阵训练实现/guard 未必完全锁定
exp10,J3__A_DIRECT_CQM,J3,A_DIRECT_CQM,1,200000,200.34555555555553,168.99777777777777,8.002222222222223,22.36888888888889,1.0,True,3,3,0.9141551808218474,0.08584481917815252,0.381603725929967,0.618396274070033,exp10_jointfirst_v5_60m__analysis_full.zip!RUN/J3__A_DIRECT_CQM/analysis/checkpoint_curve.csv,MPTC,85.33,项目交接参考；当前归档未找到原始 S 阶段解析 CSV,UAGMC_SOURCE passenger-only + LQ,84.19,128.76,exp11 同包曲线；训练种子 1；评估种子 123-125,Joint 与 passenger-only 控制权不同；跨矩阵训练实现/guard 未必完全锁定
exp10,J3__A_DIRECT_CQM,J3,A_DIRECT_CQM,1,250000,172.07444444444445,140.71444444444447,8.105555555555556,22.284444444444443,1.0,True,3,3,0.8764790188912995,0.1235209811087004,0.5992283272107833,0.4007716727892167,exp10_jointfirst_v5_60m__analysis_full.zip!RUN/J3__A_DIRECT_CQM/analysis/checkpoint_curve.csv,MPTC,85.33,项目交接参考；当前归档未找到原始 S 阶段解析 CSV,UAGMC_SOURCE passenger-only + LQ,84.19,128.76,exp11 同包曲线；训练种子 1；评估种子 123-125,Joint 与 passenger-only 控制权不同；跨矩阵训练实现/guard 未必完全锁定
exp10,J3__A_DIRECT_CQM,J3,A_DIRECT_CQM,1,300000,172.83777777777777,141.5277777777778,8.112222222222222,22.22666666666667,1.0,True,3,3,0.858511334546038,0.14148866545396202,0.6701629016911337,0.3298370983088662,exp10_jointfirst_v5_60m__analysis_full.zip!RUN/J3__A_DIRECT_CQM/analysis/checkpoint_curve.csv,MPTC,85.33,项目交接参考；当前归档未找到原始 S 阶段解析 CSV,UAGMC_SOURCE passenger-only + LQ,84.19,128.76,exp11 同包曲线；训练种子 1；评估种子 123-125,Joint 与 passenger-only 控制权不同；跨矩阵训练实现/guard 未必完全锁定
exp10,J3__A_DIRECT_CQM,J3,A_DIRECT_CQM,1,350000,134.16111111111113,104.3011111111111,7.4944444444444445,21.386666666666667,1.0,True,3,3,0.632792183714333,0.36720781628566695,0.3502062948868465,0.6497937051131535,exp10_jointfirst_v5_60m__analysis_full.zip!RUN/J3__A_DIRECT_CQM/analysis/checkpoint_curve.csv,MPTC,85.33,项目交接参考；当前归档未找到原始 S 阶段解析 CSV,UAGMC_SOURCE passenger-only + LQ,84.19,128.76,exp11 同包曲线；训练种子 1；评估种子 123-125,Joint 与 passenger-only 控制权不同；跨矩阵训练实现/guard 未必完全锁定
exp10,J3__A_DIRECT_CQM,J3,A_DIRECT_CQM,1,400000,175.27888888888887,144.14333333333335,7.948888888888889,22.20888888888889,1.0,True,3,3,0.7132109868610149,0.28678901313898514,0.8686077902572893,0.13139220974271063,exp10_jointfirst_v5_60m__analysis_full.zip!RUN/J3__A_DIRECT_CQM/analysis/checkpoint_curve.csv,MPTC,85.33,项目交接参考；当前归档未找到原始 S 阶段解析 CSV,UAGMC_SOURCE passenger-only + LQ,84.19,128.76,exp11 同包曲线；训练种子 1；评估种子 123-125,Joint 与 passenger-only 控制权不同；跨矩阵训练实现/guard 未必完全锁定
exp10,J3__A_DIRECT_CQM,J3,A_DIRECT_CQM,1,450000,158.51888888888888,129.37777777777777,7.278888888888889,20.915555555555553,1.0,True,3,3,0.5093795783190843,0.49062042168091574,0.5550727508620571,0.44492724913794285,exp10_jointfirst_v5_60m__analysis_full.zip!RUN/J3__A_DIRECT_CQM/analysis/checkpoint_curve.csv,MPTC,85.33,项目交接参考；当前归档未找到原始 S 阶段解析 CSV,UAGMC_SOURCE passenger-only + LQ,84.19,128.76,exp11 同包曲线；训练种子 1；评估种子 123-125,Joint 与 passenger-only 控制权不同；跨矩阵训练实现/guard 未必完全锁定
exp10,J3__A_DIRECT_CQM,J3,A_DIRECT_CQM,1,500000,156.17999999999998,126.1811111111111,7.532222222222221,21.48888888888889,1.0,True,3,3,0.6266348708732877,0.3733651291267123,0.5564694978461392,0.44353050215386075,exp10_jointfirst_v5_60m__analysis_full.zip!RUN/J3__A_DIRECT_CQM/analysis/checkpoint_curve.csv,MPTC,85.33,项目交接参考；当前归档未找到原始 S 阶段解析 CSV,UAGMC_SOURCE passenger-only + LQ,84.19,128.76,exp11 同包曲线；训练种子 1；评估种子 123-125,Joint 与 passenger-only 控制权不同；跨矩阵训练实现/guard 未必完全锁定
exp10,J3__A_DIRECT_CQM,J3,A_DIRECT_CQM,1,550000,176.08777777777777,145.70222222222222,7.666666666666667,21.746666666666666,1.0,True,3,3,0.653693668369539,0.34630633163046104,0.5508064377781602,0.44919356222183976,exp10_jointfirst_v5_60m__analysis_full.zip!RUN/J3__A_DIRECT_CQM/analysis/checkpoint_curve.csv,MPTC,85.33,项目交接参考；当前归档未找到原始 S 阶段解析 CSV,UAGMC_SOURCE passenger-only + LQ,84.19,128.76,exp11 同包曲线；训练种子 1；评估种子 123-125,Joint 与 passenger-only 控制权不同；跨矩阵训练实现/guard 未必完全锁定
exp10,J3__A_DIRECT_CQM,J3,A_DIRECT_CQM,1,600000,142.6511111111111,112.77444444444446,7.526666666666666,21.373333333333335,1.0,True,3,3,0.5243237517284088,0.4756762482715911,0.4548007647143719,0.5451992352856281,exp10_jointfirst_v5_60m__analysis_full.zip!RUN/J3__A_DIRECT_CQM/analysis/checkpoint_curve.csv,MPTC,85.33,项目交接参考；当前归档未找到原始 S 阶段解析 CSV,UAGMC_SOURCE passenger-only + LQ,84.19,128.76,exp11 同包曲线；训练种子 1；评估种子 123-125,Joint 与 passenger-only 控制权不同；跨矩阵训练实现/guard 未必完全锁定
exp10,J3__A_ICM_AC,J3,A_ICM_AC,1,50000,181.93888888888887,151.6511111111111,7.71,21.626666666666665,1.0,True,3,3,0.8601888303899403,0.1398111696100597,0.08186015457424888,0.9181398454257511,exp10_jointfirst_v5_60m__analysis_full.zip!RUN/J3__A_ICM_AC/analysis/checkpoint_curve.csv,MPTC,85.33,项目交接参考；当前归档未找到原始 S 阶段解析 CSV,UAGMC_SOURCE passenger-only + LQ,84.19,128.76,exp11 同包曲线；训练种子 1；评估种子 123-125,Joint 与 passenger-only 控制权不同；跨矩阵训练实现/guard 未必完全锁定
exp10,J3__A_ICM_AC,J3,A_ICM_AC,1,100000,286.17333333333335,254.3988888888889,8.284444444444444,22.524444444444445,1.0,True,3,3,0.9612350483207038,0.03876495167929605,0.03517230122885655,0.9648276987711434,exp10_jointfirst_v5_60m__analysis_full.zip!RUN/J3__A_ICM_AC/analysis/checkpoint_curve.csv,MPTC,85.33,项目交接参考；当前归档未找到原始 S 阶段解析 CSV,UAGMC_SOURCE passenger-only + LQ,84.19,128.76,exp11 同包曲线；训练种子 1；评估种子 123-125,Joint 与 passenger-only 控制权不同；跨矩阵训练实现/guard 未必完全锁定
exp10,J3__A_ICM_AC,J3,A_ICM_AC,1,150000,210.4422222222222,178.56222222222223,8.283333333333333,22.613333333333333,1.0,True,3,3,0.92780359746388,0.07219640253612004,0.0999782290109223,0.9000217709890777,exp10_jointfirst_v5_60m__analysis_full.zip!RUN/J3__A_ICM_AC/analysis/checkpoint_curve.csv,MPTC,85.33,项目交接参考；当前归档未找到原始 S 阶段解析 CSV,UAGMC_SOURCE passenger-only + LQ,84.19,128.76,exp11 同包曲线；训练种子 1；评估种子 123-125,Joint 与 passenger-only 控制权不同；跨矩阵训练实现/guard 未必完全锁定
exp10,J3__A_ICM_AC,J3,A_ICM_AC,1,200000,143.22,113.60777777777777,7.316666666666666,21.31555555555556,1.0,True,3,3,0.4803807409680343,0.5196192590319658,0.4779445402276877,0.5220554597723123,exp10_jointfirst_v5_60m__analysis_full.zip!RUN/J3__A_ICM_AC/analysis/checkpoint_curve.csv,MPTC,85.33,项目交接参考；当前归档未找到原始 S 阶段解析 CSV,UAGMC_SOURCE passenger-only + LQ,84.19,128.76,exp11 同包曲线；训练种子 1；评估种子 123-125,Joint 与 passenger-only 控制权不同；跨矩阵训练实现/guard 未必完全锁定
exp10,J3__A_ICM_AC,J3,A_ICM_AC,1,250000,131.88,102.35555555555555,7.30888888888889,21.24888888888889,1.0,True,3,3,0.4706378502251603,0.5293621497748396,0.5325648320338466,0.4674351679661533,exp10_jointfirst_v5_60m__analysis_full.zip!RUN/J3__A_ICM_AC/analysis/checkpoint_curve.csv,MPTC,85.33,项目交接参考；当前归档未找到原始 S 阶段解析 CSV,UAGMC_SOURCE passenger-only + LQ,84.19,128.76,exp11 同包曲线；训练种子 1；评估种子 123-125,Joint 与 passenger-only 控制权不同；跨矩阵训练实现/guard 未必完全锁定
exp10,J3__A_ICM_AC,J3,A_ICM_AC,1,300000,120.20777777777778,90.6988888888889,7.395555555555556,21.14222222222222,1.0,True,3,3,0.4773617415116358,0.5226382584883642,0.44269718198329344,0.5573028180167067,exp10_jointfirst_v5_60m__analysis_full.zip!RUN/J3__A_ICM_AC/analysis/checkpoint_curve.csv,MPTC,85.33,项目交接参考；当前归档未找到原始 S 阶段解析 CSV,UAGMC_SOURCE passenger-only + LQ,84.19,128.76,exp11 同包曲线；训练种子 1；评估种子 123-125,Joint 与 passenger-only 控制权不同；跨矩阵训练实现/guard 未必完全锁定
exp10,J3__A_ICM_AC,J3,A_ICM_AC,1,350000,128.20333333333335,98.65555555555557,7.351111111111112,21.22666666666667,1.0,True,3,3,0.4822176645296558,0.5177823354703442,0.5099876257229771,0.490012374277023,exp10_jointfirst_v5_60m__analysis_full.zip!RUN/J3__A_ICM_AC/analysis/checkpoint_curve.csv,MPTC,85.33,项目交接参考；当前归档未找到原始 S 阶段解析 CSV,UAGMC_SOURCE passenger-only + LQ,84.19,128.76,exp11 同包曲线；训练种子 1；评估种子 123-125,Joint 与 passenger-only 控制权不同；跨矩阵训练实现/guard 未必完全锁定
exp10,J3__A_ICM_AC,J3,A_ICM_AC,1,400000,124.00111111111111,94.60666666666667,7.348888888888889,21.075555555555557,1.0,True,3,3,0.5047361709891666,0.4952638290108335,0.43427666074020066,0.5657233392597995,exp10_jointfirst_v5_60m__analysis_full.zip!RUN/J3__A_ICM_AC/analysis/checkpoint_curve.csv,MPTC,85.33,项目交接参考；当前归档未找到原始 S 阶段解析 CSV,UAGMC_SOURCE passenger-only + LQ,84.19,128.76,exp11 同包曲线；训练种子 1；评估种子 123-125,Joint 与 passenger-only 控制权不同；跨矩阵训练实现/guard 未必完全锁定
exp10,J3__A_ICM_AC,J3,A_ICM_AC,1,450000,125.89444444444445,96.36888888888889,7.404444444444445,21.155555555555555,1.0,True,3,3,0.4637103866538466,0.5362896133461533,0.36729335129370533,0.6327066487062946,exp10_jointfirst_v5_60m__analysis_full.zip!RUN/J3__A_ICM_AC/analysis/checkpoint_curve.csv,MPTC,85.33,项目交接参考；当前归档未找到原始 S 阶段解析 CSV,UAGMC_SOURCE passenger-only + LQ,84.19,128.76,exp11 同包曲线；训练种子 1；评估种子 123-125,Joint 与 passenger-only 控制权不同；跨矩阵训练实现/guard 未必完全锁定
exp10,J3__A_ICM_AC,J3,A_ICM_AC,1,500000,149.83888888888887,119.82333333333332,7.544444444444444,21.524444444444445,1.0,True,3,3,0.5328922709175675,0.46710772908243237,0.24836111681595274,0.7516388831840471,exp10_jointfirst_v5_60m__analysis_full.zip!RUN/J3__A_ICM_AC/analysis/checkpoint_curve.csv,MPTC,85.33,项目交接参考；当前归档未找到原始 S 阶段解析 CSV,UAGMC_SOURCE passenger-only + LQ,84.19,128.76,exp11 同包曲线；训练种子 1；评估种子 123-125,Joint 与 passenger-only 控制权不同；跨矩阵训练实现/guard 未必完全锁定
exp10,J3__A_ICM_AC,J3,A_ICM_AC,1,550000,157.96444444444444,127.70222222222223,7.642222222222222,21.648888888888887,1.0,True,3,3,0.5362257754599269,0.4637742245400731,0.281596008542764,0.7184039914572361,exp10_jointfirst_v5_60m__analysis_full.zip!RUN/J3__A_ICM_AC/analysis/checkpoint_curve.csv,MPTC,85.33,项目交接参考；当前归档未找到原始 S 阶段解析 CSV,UAGMC_SOURCE passenger-only + LQ,84.19,128.76,exp11 同包曲线；训练种子 1；评估种子 123-125,Joint 与 passenger-only 控制权不同；跨矩阵训练实现/guard 未必完全锁定
exp10,J3__A_ICM_AC,J3,A_ICM_AC,1,600000,147.61111111111111,117.43555555555555,7.633333333333334,21.555555555555557,1.0,True,3,3,0.501294890356967,0.498705109643033,0.37003050195531256,0.6299694980446874,exp10_jointfirst_v5_60m__analysis_full.zip!RUN/J3__A_ICM_AC/analysis/checkpoint_curve.csv,MPTC,85.33,项目交接参考；当前归档未找到原始 S 阶段解析 CSV,UAGMC_SOURCE passenger-only + LQ,84.19,128.76,exp11 同包曲线；训练种子 1；评估种子 123-125,Joint 与 passenger-only 控制权不同；跨矩阵训练实现/guard 未必完全锁定
exp10,J3__CURRENT,J3,CURRENT,1,50000,215.63777777777776,183.62444444444444,8.332222222222223,22.71111111111111,1.0,True,3,3,0.9091495676861531,0.09085043231384694,0.7255350920856148,0.27446490791438527,exp10_jointfirst_v5_60m__analysis_full.zip!RUN/J3__CURRENT/analysis/checkpoint_curve.csv,MPTC,85.33,项目交接参考；当前归档未找到原始 S 阶段解析 CSV,UAGMC_SOURCE passenger-only + LQ,84.19,128.76,exp11 同包曲线；训练种子 1；评估种子 123-125,Joint 与 passenger-only 控制权不同；跨矩阵训练实现/guard 未必完全锁定
exp10,J3__CURRENT,J3,CURRENT,1,100000,286.7077777777778,254.47333333333336,8.421111111111111,22.831111111111113,1.0,True,3,3,0.9860236234584372,0.01397637654156289,0.7348906491126236,0.26510935088737636,exp10_jointfirst_v5_60m__analysis_full.zip!RUN/J3__CURRENT/analysis/checkpoint_curve.csv,MPTC,85.33,项目交接参考；当前归档未找到原始 S 阶段解析 CSV,UAGMC_SOURCE passenger-only + LQ,84.19,128.76,exp11 同包曲线；训练种子 1；评估种子 123-125,Joint 与 passenger-only 控制权不同；跨矩阵训练实现/guard 未必完全锁定
exp10,J3__CURRENT,J3,CURRENT,1,150000,214.03111111111107,182.3422222222222,8.19111111111111,22.564444444444444,1.0,True,3,3,0.9249369401883892,0.07506305981161077,0.6558373686073823,0.34416263139261766,exp10_jointfirst_v5_60m__analysis_full.zip!RUN/J3__CURRENT/analysis/checkpoint_curve.csv,MPTC,85.33,项目交接参考；当前归档未找到原始 S 阶段解析 CSV,UAGMC_SOURCE passenger-only + LQ,84.19,128.76,exp11 同包曲线；训练种子 1；评估种子 123-125,Joint 与 passenger-only 控制权不同；跨矩阵训练实现/guard 未必完全锁定
exp10,J3__CURRENT,J3,CURRENT,1,200000,256.70111111111106,224.9488888888889,8.27888888888889,22.546666666666667,1.0,True,3,3,0.9461913667996668,0.05380863320033333,0.21757688350441287,0.7824231164955872,exp10_jointfirst_v5_60m__analysis_full.zip!RUN/J3__CURRENT/analysis/checkpoint_curve.csv,MPTC,85.33,项目交接参考；当前归档未找到原始 S 阶段解析 CSV,UAGMC_SOURCE passenger-only + LQ,84.19,128.76,exp11 同包曲线；训练种子 1；评估种子 123-125,Joint 与 passenger-only 控制权不同；跨矩阵训练实现/guard 未必完全锁定
exp10,J3__CURRENT,J3,CURRENT,1,250000,238.88444444444443,207.96444444444447,7.9944444444444445,21.986666666666665,1.0,True,3,3,0.8707954678916567,0.12920453210834335,0.11916104917466079,0.8808389508253393,exp10_jointfirst_v5_60m__analysis_full.zip!RUN/J3__CURRENT/analysis/checkpoint_curve.csv,MPTC,85.33,项目交接参考；当前归档未找到原始 S 阶段解析 CSV,UAGMC_SOURCE passenger-only + LQ,84.19,128.76,exp11 同包曲线；训练种子 1；评估种子 123-125,Joint 与 passenger-only 控制权不同；跨矩阵训练实现/guard 未必完全锁定
exp10,J3__CURRENT,J3,CURRENT,1,300000,180.9188888888889,151.15666666666667,7.56,21.26666666666667,1.0,True,3,3,0.613056177283258,0.3869438227167421,0.08770876047777869,0.9122912395222214,exp10_jointfirst_v5_60m__analysis_full.zip!RUN/J3__CURRENT/analysis/checkpoint_curve.csv,MPTC,85.33,项目交接参考；当前归档未找到原始 S 阶段解析 CSV,UAGMC_SOURCE passenger-only + LQ,84.19,128.76,exp11 同包曲线；训练种子 1；评估种子 123-125,Joint 与 passenger-only 控制权不同；跨矩阵训练实现/guard 未必完全锁定
exp10,J3__CURRENT,J3,CURRENT,1,350000,157.56444444444443,127.97555555555554,7.401111111111111,21.235555555555553,1.0,True,3,3,0.5977894807622263,0.4022105192377737,0.1571467154769147,0.8428532845230853,exp10_jointfirst_v5_60m__analysis_full.zip!RUN/J3__CURRENT/analysis/checkpoint_curve.csv,MPTC,85.33,项目交接参考；当前归档未找到原始 S 阶段解析 CSV,UAGMC_SOURCE passenger-only + LQ,84.19,128.76,exp11 同包曲线；训练种子 1；评估种子 123-125,Joint 与 passenger-only 控制权不同；跨矩阵训练实现/guard 未必完全锁定
exp10,J3__CURRENT,J3,CURRENT,1,400000,146.57333333333335,117.38222222222221,7.314444444444444,20.933333333333334,1.0,True,3,3,0.4903160632357355,0.5096839367642645,0.18409035137194366,0.8159096486280563,exp10_jointfirst_v5_60m__analysis_full.zip!RUN/J3__CURRENT/analysis/checkpoint_curve.csv,MPTC,85.33,项目交接参考；当前归档未找到原始 S 阶段解析 CSV,UAGMC_SOURCE passenger-only + LQ,84.19,128.76,exp11 同包曲线；训练种子 1；评估种子 123-125,Joint 与 passenger-only 控制权不同；跨矩阵训练实现/guard 未必完全锁定
exp10,J3__CURRENT,J3,CURRENT,1,450000,132.42111111111112,103.68888888888888,7.052222222222222,20.746666666666666,1.0,True,3,3,0.5288241471793005,0.4711758528206995,0.2974820189036866,0.7025179810963134,exp10_jointfirst_v5_60m__analysis_full.zip!RUN/J3__CURRENT/analysis/checkpoint_curve.csv,MPTC,85.33,项目交接参考；当前归档未找到原始 S 阶段解析 CSV,UAGMC_SOURCE passenger-only + LQ,84.19,128.76,exp11 同包曲线；训练种子 1；评估种子 123-125,Joint 与 passenger-only 控制权不同；跨矩阵训练实现/guard 未必完全锁定
exp10,J3__CURRENT,J3,CURRENT,1,500000,140.73333333333332,112.02222222222223,7.082222222222222,20.644444444444446,1.0,True,3,3,0.5250422267425914,0.4749577732574086,0.28364967802427105,0.716350321975729,exp10_jointfirst_v5_60m__analysis_full.zip!RUN/J3__CURRENT/analysis/checkpoint_curve.csv,MPTC,85.33,项目交接参考；当前归档未找到原始 S 阶段解析 CSV,UAGMC_SOURCE passenger-only + LQ,84.19,128.76,exp11 同包曲线；训练种子 1；评估种子 123-125,Joint 与 passenger-only 控制权不同；跨矩阵训练实现/guard 未必完全锁定
exp10,J3__CURRENT,J3,CURRENT,1,550000,136.67888888888888,108.39111111111112,6.851111111111112,20.48888888888889,1.0,True,3,3,0.4819082485957349,0.5180917514042651,0.2561708091676213,0.7438291908323786,exp10_jointfirst_v5_60m__analysis_full.zip!RUN/J3__CURRENT/analysis/checkpoint_curve.csv,MPTC,85.33,项目交接参考；当前归档未找到原始 S 阶段解析 CSV,UAGMC_SOURCE passenger-only + LQ,84.19,128.76,exp11 同包曲线；训练种子 1；评估种子 123-125,Joint 与 passenger-only 控制权不同；跨矩阵训练实现/guard 未必完全锁定
exp10,J3__CURRENT,J3,CURRENT,1,600000,127.00444444444445,99.19555555555554,6.768888888888888,20.12888888888889,1.0,True,3,3,0.43223156887997694,0.5677684311200231,0.20925066820063642,0.7907493317993636,exp10_jointfirst_v5_60m__analysis_full.zip!RUN/J3__CURRENT/analysis/checkpoint_curve.csv,MPTC,85.33,项目交接参考；当前归档未找到原始 S 阶段解析 CSV,UAGMC_SOURCE passenger-only + LQ,84.19,128.76,exp11 同包曲线；训练种子 1；评估种子 123-125,Joint 与 passenger-only 控制权不同；跨矩阵训练实现/guard 未必完全锁定
exp10,J3__R_EVENTQ,J3,R_EVENTQ,1,50000,244.67111111111112,213.22888888888886,8.175555555555556,22.355555555555554,1.0,True,3,3,0.4298255939968758,0.5701744060031242,0.5024664230139689,0.4975335769860311,exp10_jointfirst_v5_60m__analysis_full.zip!RUN/J3__R_EVENTQ/analysis/checkpoint_curve.csv,MPTC,85.33,项目交接参考；当前归档未找到原始 S 阶段解析 CSV,UAGMC_SOURCE passenger-only + LQ,84.19,128.76,exp11 同包曲线；训练种子 1；评估种子 123-125,Joint 与 passenger-only 控制权不同；跨矩阵训练实现/guard 未必完全锁定
exp10,J3__R_EVENTQ,J3,R_EVENTQ,1,100000,220.26222222222222,188.05111111111114,8.394444444444444,22.848888888888883,1.0,True,3,3,0.9570049641478212,0.04299503585217871,0.3298584298584299,0.6701415701415702,exp10_jointfirst_v5_60m__analysis_full.zip!RUN/J3__R_EVENTQ/analysis/checkpoint_curve.csv,MPTC,85.33,项目交接参考；当前归档未找到原始 S 阶段解析 CSV,UAGMC_SOURCE passenger-only + LQ,84.19,128.76,exp11 同包曲线；训练种子 1；评估种子 123-125,Joint 与 passenger-only 控制权不同；跨矩阵训练实现/guard 未必完全锁定
exp10,J3__R_EVENTQ,J3,R_EVENTQ,1,150000,177.91222222222223,146.14444444444445,8.453333333333333,22.35111111111111,1.0,True,3,3,0.7817176923064788,0.2182823076935212,0.5731443751902913,0.4268556248097088,exp10_jointfirst_v5_60m__analysis_full.zip!RUN/J3__R_EVENTQ/analysis/checkpoint_curve.csv,MPTC,85.33,项目交接参考；当前归档未找到原始 S 阶段解析 CSV,UAGMC_SOURCE passenger-only + LQ,84.19,128.76,exp11 同包曲线；训练种子 1；评估种子 123-125,Joint 与 passenger-only 控制权不同；跨矩阵训练实现/guard 未必完全锁定
exp10,J3__R_EVENTQ,J3,R_EVENTQ,1,200000,155.86333333333334,125.3577777777778,7.967777777777779,21.560000000000002,1.0,True,3,3,0.584444309838663,0.41555569016133703,0.43445712031674383,0.5655428796832562,exp10_jointfirst_v5_60m__analysis_full.zip!RUN/J3__R_EVENTQ/analysis/checkpoint_curve.csv,MPTC,85.33,项目交接参考；当前归档未找到原始 S 阶段解析 CSV,UAGMC_SOURCE passenger-only + LQ,84.19,128.76,exp11 同包曲线；训练种子 1；评估种子 123-125,Joint 与 passenger-only 控制权不同；跨矩阵训练实现/guard 未必完全锁定
exp10,J3__R_EVENTQ,J3,R_EVENTQ,1,250000,163.47,133.28444444444446,7.784444444444444,21.42222222222222,1.0,True,3,3,0.4853981236203091,0.5146018763796909,0.21331059602649005,0.7866894039735098,exp10_jointfirst_v5_60m__analysis_full.zip!RUN/J3__R_EVENTQ/analysis/checkpoint_curve.csv,MPTC,85.33,项目交接参考；当前归档未找到原始 S 阶段解析 CSV,UAGMC_SOURCE passenger-only + LQ,84.19,128.76,exp11 同包曲线；训练种子 1；评估种子 123-125,Joint 与 passenger-only 控制权不同；跨矩阵训练实现/guard 未必完全锁定
exp10,J3__R_EVENTQ,J3,R_EVENTQ,1,300000,150.62222222222223,120.18777777777778,7.952222222222223,21.51111111111111,1.0,True,3,3,0.6493922851901206,0.3506077148098794,0.23548724500656207,0.7645127549934378,exp10_jointfirst_v5_60m__analysis_full.zip!RUN/J3__R_EVENTQ/analysis/checkpoint_curve.csv,MPTC,85.33,项目交接参考；当前归档未找到原始 S 阶段解析 CSV,UAGMC_SOURCE passenger-only + LQ,84.19,128.76,exp11 同包曲线；训练种子 1；评估种子 123-125,Joint 与 passenger-only 控制权不同；跨矩阵训练实现/guard 未必完全锁定
exp10,J3__R_EVENTQ,J3,R_EVENTQ,1,350000,139.53444444444446,109.68333333333334,7.722222222222222,21.15111111111111,1.0,True,3,3,0.4287393745376939,0.5712606254623062,0.29907836412802036,0.7009216358719796,exp10_jointfirst_v5_60m__analysis_full.zip!RUN/J3__R_EVENTQ/analysis/checkpoint_curve.csv,MPTC,85.33,项目交接参考；当前归档未找到原始 S 阶段解析 CSV,UAGMC_SOURCE passenger-only + LQ,84.19,128.76,exp11 同包曲线；训练种子 1；评估种子 123-125,Joint 与 passenger-only 控制权不同；跨矩阵训练实现/guard 未必完全锁定
exp10,J3__R_EVENTQ,J3,R_EVENTQ,1,400000,137.5277777777778,107.96666666666665,7.5555555555555545,21.017777777777777,1.0,True,3,3,0.357249220763131,0.6427507792368691,0.2957504866924204,0.7042495133075796,exp10_jointfirst_v5_60m__analysis_full.zip!RUN/J3__R_EVENTQ/analysis/checkpoint_curve.csv,MPTC,85.33,项目交接参考；当前归档未找到原始 S 阶段解析 CSV,UAGMC_SOURCE passenger-only + LQ,84.19,128.76,exp11 同包曲线；训练种子 1；评估种子 123-125,Joint 与 passenger-only 控制权不同；跨矩阵训练实现/guard 未必完全锁定
exp10,J3__R_EVENTQ,J3,R_EVENTQ,1,450000,130.02333333333334,101.02,7.4511111111111115,20.595555555555553,1.0,True,3,3,0.2921672750022226,0.7078327249977775,0.3602613010864483,0.6397386989135517,exp10_jointfirst_v5_60m__analysis_full.zip!RUN/J3__R_EVENTQ/analysis/checkpoint_curve.csv,MPTC,85.33,项目交接参考；当前归档未找到原始 S 阶段解析 CSV,UAGMC_SOURCE passenger-only + LQ,84.19,128.76,exp11 同包曲线；训练种子 1；评估种子 123-125,Joint 与 passenger-only 控制权不同；跨矩阵训练实现/guard 未必完全锁定
exp10,J3__R_EVENTQ,J3,R_EVENTQ,1,500000,130.79777777777778,102.87111111111112,6.923333333333333,20.075555555555557,1.0,True,3,3,0.2966991998296529,0.703300800170347,0.4374065220622416,0.5625934779377584,exp10_jointfirst_v5_60m__analysis_full.zip!RUN/J3__R_EVENTQ/analysis/checkpoint_curve.csv,MPTC,85.33,项目交接参考；当前归档未找到原始 S 阶段解析 CSV,UAGMC_SOURCE passenger-only + LQ,84.19,128.76,exp11 同包曲线；训练种子 1；评估种子 123-125,Joint 与 passenger-only 控制权不同；跨矩阵训练实现/guard 未必完全锁定
exp10,J3__R_EVENTQ,J3,R_EVENTQ,1,550000,129.64000000000001,101.78555555555556,6.963333333333334,19.955555555555556,1.0,True,3,3,0.2626810838253806,0.7373189161746194,0.4229704547544477,0.5770295452455523,exp10_jointfirst_v5_60m__analysis_full.zip!RUN/J3__R_EVENTQ/analysis/checkpoint_curve.csv,MPTC,85.33,项目交接参考；当前归档未找到原始 S 阶段解析 CSV,UAGMC_SOURCE passenger-only + LQ,84.19,128.76,exp11 同包曲线；训练种子 1；评估种子 123-125,Joint 与 passenger-only 控制权不同；跨矩阵训练实现/guard 未必完全锁定
exp10,J3__R_EVENTQ,J3,R_EVENTQ,1,600000,137.00777777777776,109.61888888888889,6.717777777777779,19.764444444444447,1.0,True,3,3,0.4050492102375191,0.594950789762481,0.38319706306328377,0.6168029369367162,exp10_jointfirst_v5_60m__analysis_full.zip!RUN/J3__R_EVENTQ/analysis/checkpoint_curve.csv,MPTC,85.33,项目交接参考；当前归档未找到原始 S 阶段解析 CSV,UAGMC_SOURCE passenger-only + LQ,84.19,128.76,exp11 同包曲线；训练种子 1；评估种子 123-125,Joint 与 passenger-only 控制权不同；跨矩阵训练实现/guard 未必完全锁定
exp10,J3__R_TDM,J3,R_TDM,1,50000,257.2333333333333,225.7166666666667,8.1,22.462222222222223,1.0,True,3,3,0.8939679762131257,0.10603202378687425,0.8751845515613351,0.12481544843866488,exp10_jointfirst_v5_60m__analysis_full.zip!RUN/J3__R_TDM/analysis/checkpoint_curve.csv,MPTC,85.33,项目交接参考；当前归档未找到原始 S 阶段解析 CSV,UAGMC_SOURCE passenger-only + LQ,84.19,128.76,exp11 同包曲线；训练种子 1；评估种子 123-125,Joint 与 passenger-only 控制权不同；跨矩阵训练实现/guard 未必完全锁定
exp10,J3__R_TDM,J3,R_TDM,1,100000,215.48444444444445,184.39000000000001,7.987777777777777,22.195555555555558,1.0,True,3,3,0.7530919875291588,0.24690801247084107,0.8374000737540687,0.16259992624593136,exp10_jointfirst_v5_60m__analysis_full.zip!RUN/J3__R_TDM/analysis/checkpoint_curve.csv,MPTC,85.33,项目交接参考；当前归档未找到原始 S 阶段解析 CSV,UAGMC_SOURCE passenger-only + LQ,84.19,128.76,exp11 同包曲线；训练种子 1；评估种子 123-125,Joint 与 passenger-only 控制权不同；跨矩阵训练实现/guard 未必完全锁定
exp10,J3__R_TDM,J3,R_TDM,1,150000,158.78111111111113,129.17444444444445,7.343333333333334,21.297777777777778,1.0,True,3,3,0.7104814171497668,0.2895185828502333,0.8162645711890527,0.18373542881094737,exp10_jointfirst_v5_60m__analysis_full.zip!RUN/J3__R_TDM/analysis/checkpoint_curve.csv,MPTC,85.33,项目交接参考；当前归档未找到原始 S 阶段解析 CSV,UAGMC_SOURCE passenger-only + LQ,84.19,128.76,exp11 同包曲线；训练种子 1；评估种子 123-125,Joint 与 passenger-only 控制权不同；跨矩阵训练实现/guard 未必完全锁定
exp10,J3__R_TDM,J3,R_TDM,1,200000,148.55888888888887,118.33777777777779,7.656666666666666,21.595555555555553,1.0,True,3,3,0.6635366964129271,0.33646330358707294,0.6199028578599606,0.3800971421400395,exp10_jointfirst_v5_60m__analysis_full.zip!RUN/J3__R_TDM/analysis/checkpoint_curve.csv,MPTC,85.33,项目交接参考；当前归档未找到原始 S 阶段解析 CSV,UAGMC_SOURCE passenger-only + LQ,84.19,128.76,exp11 同包曲线；训练种子 1；评估种子 123-125,Joint 与 passenger-only 控制权不同；跨矩阵训练实现/guard 未必完全锁定
exp10,J3__R_TDM,J3,R_TDM,1,250000,171.0111111111111,140.66333333333333,7.848888888888889,21.53333333333333,1.0,True,3,3,0.5753655234986707,0.4246344765013293,0.33158123283219915,0.6684187671678008,exp10_jointfirst_v5_60m__analysis_full.zip!RUN/J3__R_TDM/analysis/checkpoint_curve.csv,MPTC,85.33,项目交接参考；当前归档未找到原始 S 阶段解析 CSV,UAGMC_SOURCE passenger-only + LQ,84.19,128.76,exp11 同包曲线；训练种子 1；评估种子 123-125,Joint 与 passenger-only 控制权不同；跨矩阵训练实现/guard 未必完全锁定
exp10,J3__R_TDM,J3,R_TDM,1,300000,158.15222222222224,127.93555555555554,7.881111111111111,21.408888888888885,1.0,True,3,3,0.6175260437472864,0.3824739562527136,0.3151584680067214,0.6848415319932785,exp10_jointfirst_v5_60m__analysis_full.zip!RUN/J3__R_TDM/analysis/checkpoint_curve.csv,MPTC,85.33,项目交接参考；当前归档未找到原始 S 阶段解析 CSV,UAGMC_SOURCE passenger-only + LQ,84.19,128.76,exp11 同包曲线；训练种子 1；评估种子 123-125,Joint 与 passenger-only 控制权不同；跨矩阵训练实现/guard 未必完全锁定
exp10,J3__R_TDM,J3,R_TDM,1,350000,123.57666666666667,93.58111111111111,7.823333333333333,21.20888888888889,1.0,True,3,3,0.6256079417341701,0.37439205826582983,0.46018398450806447,0.5398160154919355,exp10_jointfirst_v5_60m__analysis_full.zip!RUN/J3__R_TDM/analysis/checkpoint_curve.csv,MPTC,85.33,项目交接参考；当前归档未找到原始 S 阶段解析 CSV,UAGMC_SOURCE passenger-only + LQ,84.19,128.76,exp11 同包曲线；训练种子 1；评估种子 123-125,Joint 与 passenger-only 控制权不同；跨矩阵训练实现/guard 未必完全锁定
exp10,J3__R_TDM,J3,R_TDM,1,400000,130.06777777777776,100.19333333333333,7.784444444444444,21.128888888888888,1.0,True,3,3,0.60931919737822,0.3906808026217799,0.45012627562002283,0.5498737243799772,exp10_jointfirst_v5_60m__analysis_full.zip!RUN/J3__R_TDM/analysis/checkpoint_curve.csv,MPTC,85.33,项目交接参考；当前归档未找到原始 S 阶段解析 CSV,UAGMC_SOURCE passenger-only + LQ,84.19,128.76,exp11 同包曲线；训练种子 1；评估种子 123-125,Joint 与 passenger-only 控制权不同；跨矩阵训练实现/guard 未必完全锁定
exp10,J3__R_TDM,J3,R_TDM,1,450000,129.32888888888888,100.09666666666668,7.347777777777778,20.942222222222224,1.0,True,3,3,0.5385843355636181,0.4614156644363819,0.46589028464448723,0.5341097153555128,exp10_jointfirst_v5_60m__analysis_full.zip!RUN/J3__R_TDM/analysis/checkpoint_curve.csv,MPTC,85.33,项目交接参考；当前归档未找到原始 S 阶段解析 CSV,UAGMC_SOURCE passenger-only + LQ,84.19,128.76,exp11 同包曲线；训练种子 1；评估种子 123-125,Joint 与 passenger-only 控制权不同；跨矩阵训练实现/guard 未必完全锁定
exp10,J3__R_TDM,J3,R_TDM,1,500000,130.16111111111113,101.07111111111112,7.236666666666667,20.915555555555553,1.0,True,3,3,0.47931437602581667,0.5206856239741834,0.465141770303785,0.5348582296962149,exp10_jointfirst_v5_60m__analysis_full.zip!RUN/J3__R_TDM/analysis/checkpoint_curve.csv,MPTC,85.33,项目交接参考；当前归档未找到原始 S 阶段解析 CSV,UAGMC_SOURCE passenger-only + LQ,84.19,128.76,exp11 同包曲线；训练种子 1；评估种子 123-125,Joint 与 passenger-only 控制权不同；跨矩阵训练实现/guard 未必完全锁定
exp10,J3__R_TDM,J3,R_TDM,1,550000,124.80666666666667,95.70111111111112,7.23,20.92,1.0,True,3,3,0.5006666988063083,0.4993333011936916,0.4255685862067653,0.5744314137932346,exp10_jointfirst_v5_60m__analysis_full.zip!RUN/J3__R_TDM/analysis/checkpoint_curve.csv,MPTC,85.33,项目交接参考；当前归档未找到原始 S 阶段解析 CSV,UAGMC_SOURCE passenger-only + LQ,84.19,128.76,exp11 同包曲线；训练种子 1；评估种子 123-125,Joint 与 passenger-only 控制权不同；跨矩阵训练实现/guard 未必完全锁定
exp10,J3__R_TDM,J3,R_TDM,1,600000,124.82555555555557,95.82333333333334,7.153333333333333,20.88888888888889,1.0,True,3,3,0.5132256626599405,0.4867743373400595,0.4783894694447597,0.5216105305552402,exp10_jointfirst_v5_60m__analysis_full.zip!RUN/J3__R_TDM/analysis/checkpoint_curve.csv,MPTC,85.33,项目交接参考；当前归档未找到原始 S 阶段解析 CSV,UAGMC_SOURCE passenger-only + LQ,84.19,128.76,exp11 同包曲线；训练种子 1；评估种子 123-125,Joint 与 passenger-only 控制权不同；跨矩阵训练实现/guard 未必完全锁定
exp10,J3__S_EVENTGRAPH_GAT,J3,S_EVENTGRAPH_GAT,1,50000,617.9966666666668,591.8333333333334,6.163333333333333,19.0,1.0,True,3,3,0.0,1.0,0.7985339329156457,0.2014660670843543,exp10_jointfirst_v5_60m__analysis_full.zip!RUN/J3__S_EVENTGRAPH_GAT/analysis/checkpoint_curve.csv,MPTC,85.33,项目交接参考；当前归档未找到原始 S 阶段解析 CSV,UAGMC_SOURCE passenger-only + LQ,84.19,128.76,exp11 同包曲线；训练种子 1；评估种子 123-125,Joint 与 passenger-only 控制权不同；跨矩阵训练实现/guard 未必完全锁定
exp10,J3__S_EVENTGRAPH_GAT,J3,S_EVENTGRAPH_GAT,1,100000,222.4677777777778,189.92444444444445,8.556666666666667,23.0,1.0,True,3,3,1.0,0.0,0.3434789968406518,0.6565210031593481,exp10_jointfirst_v5_60m__analysis_full.zip!RUN/J3__S_EVENTGRAPH_GAT/analysis/checkpoint_curve.csv,MPTC,85.33,项目交接参考；当前归档未找到原始 S 阶段解析 CSV,UAGMC_SOURCE passenger-only + LQ,84.19,128.76,exp11 同包曲线；训练种子 1；评估种子 123-125,Joint 与 passenger-only 控制权不同；跨矩阵训练实现/guard 未必完全锁定
exp10,J3__S_EVENTGRAPH_GAT,J3,S_EVENTGRAPH_GAT,1,150000,222.4677777777778,189.92444444444445,8.556666666666667,23.0,1.0,True,3,3,1.0,0.0,0.6729834680572346,0.32701653194276536,exp10_jointfirst_v5_60m__analysis_full.zip!RUN/J3__S_EVENTGRAPH_GAT/analysis/checkpoint_curve.csv,MPTC,85.33,项目交接参考；当前归档未找到原始 S 阶段解析 CSV,UAGMC_SOURCE passenger-only + LQ,84.19,128.76,exp11 同包曲线；训练种子 1；评估种子 123-125,Joint 与 passenger-only 控制权不同；跨矩阵训练实现/guard 未必完全锁定
exp10,J3__S_EVENTGRAPH_GAT,J3,S_EVENTGRAPH_GAT,1,200000,215.75333333333333,183.26222222222222,8.526666666666666,22.977777777777778,1.0,True,3,3,0.9962254965706036,0.003774503429396446,0.35296541927997677,0.6470345807200233,exp10_jointfirst_v5_60m__analysis_full.zip!RUN/J3__S_EVENTGRAPH_GAT/analysis/checkpoint_curve.csv,MPTC,85.33,项目交接参考；当前归档未找到原始 S 阶段解析 CSV,UAGMC_SOURCE passenger-only + LQ,84.19,128.76,exp11 同包曲线；训练种子 1；评估种子 123-125,Joint 与 passenger-only 控制权不同；跨矩阵训练实现/guard 未必完全锁定
exp10,J3__S_EVENTGRAPH_GAT,J3,S_EVENTGRAPH_GAT,1,250000,185.62,154.9611111111111,7.728888888888889,21.977777777777778,1.0,True,3,3,0.5639941383524514,0.43600586164754856,0.16199863494505565,0.8380013650549444,exp10_jointfirst_v5_60m__analysis_full.zip!RUN/J3__S_EVENTGRAPH_GAT/analysis/checkpoint_curve.csv,MPTC,85.33,项目交接参考；当前归档未找到原始 S 阶段解析 CSV,UAGMC_SOURCE passenger-only + LQ,84.19,128.76,exp11 同包曲线；训练种子 1；评估种子 123-125,Joint 与 passenger-only 控制权不同；跨矩阵训练实现/guard 未必完全锁定
exp10,J3__S_EVENTGRAPH_GAT,J3,S_EVENTGRAPH_GAT,1,300000,155.82333333333332,125.86333333333334,7.478888888888889,21.52,1.0,True,3,3,0.6218786295005807,0.37812137049941924,0.18408545042454585,0.8159145495754542,exp10_jointfirst_v5_60m__analysis_full.zip!RUN/J3__S_EVENTGRAPH_GAT/analysis/checkpoint_curve.csv,MPTC,85.33,项目交接参考；当前归档未找到原始 S 阶段解析 CSV,UAGMC_SOURCE passenger-only + LQ,84.19,128.76,exp11 同包曲线；训练种子 1；评估种子 123-125,Joint 与 passenger-only 控制权不同；跨矩阵训练实现/guard 未必完全锁定
exp10,J3__S_EVENTGRAPH_GAT,J3,S_EVENTGRAPH_GAT,1,350000,107.9588888888889,78.83555555555556,7.085555555555555,21.06222222222222,1.0,True,3,3,0.4310730958112397,0.5689269041887602,0.2434208358494572,0.7565791641505428,exp10_jointfirst_v5_60m__analysis_full.zip!RUN/J3__S_EVENTGRAPH_GAT/analysis/checkpoint_curve.csv,MPTC,85.33,项目交接参考；当前归档未找到原始 S 阶段解析 CSV,UAGMC_SOURCE passenger-only + LQ,84.19,128.76,exp11 同包曲线；训练种子 1；评估种子 123-125,Joint 与 passenger-only 控制权不同；跨矩阵训练实现/guard 未必完全锁定
exp10,J3__S_EVENTGRAPH_GAT,J3,S_EVENTGRAPH_GAT,1,400000,151.5,121.58333333333333,7.36888888888889,21.56888888888889,1.0,True,3,3,0.6579164189144548,0.3420835810855451,0.3324738383674581,0.667526161632542,exp10_jointfirst_v5_60m__analysis_full.zip!RUN/J3__S_EVENTGRAPH_GAT/analysis/checkpoint_curve.csv,MPTC,85.33,项目交接参考；当前归档未找到原始 S 阶段解析 CSV,UAGMC_SOURCE passenger-only + LQ,84.19,128.76,exp11 同包曲线；训练种子 1；评估种子 123-125,Joint 与 passenger-only 控制权不同；跨矩阵训练实现/guard 未必完全锁定
exp10,J3__S_EVENTGRAPH_GAT,J3,S_EVENTGRAPH_GAT,1,450000,168.97888888888892,138.00222222222223,7.86888888888889,22.128888888888884,1.0,True,3,3,0.7481061540514807,0.2518938459485193,0.32017782727886385,0.6798221727211362,exp10_jointfirst_v5_60m__analysis_full.zip!RUN/J3__S_EVENTGRAPH_GAT/analysis/checkpoint_curve.csv,MPTC,85.33,项目交接参考；当前归档未找到原始 S 阶段解析 CSV,UAGMC_SOURCE passenger-only + LQ,84.19,128.76,exp11 同包曲线；训练种子 1；评估种子 123-125,Joint 与 passenger-only 控制权不同；跨矩阵训练实现/guard 未必完全锁定
exp10,J3__S_EVENTGRAPH_GAT,J3,S_EVENTGRAPH_GAT,1,500000,164.94777777777776,134.24555555555557,7.763333333333333,21.959999999999997,1.0,True,3,3,0.6480554581306003,0.3519445418693998,0.3745359849788095,0.6254640150211905,exp10_jointfirst_v5_60m__analysis_full.zip!RUN/J3__S_EVENTGRAPH_GAT/analysis/checkpoint_curve.csv,MPTC,85.33,项目交接参考；当前归档未找到原始 S 阶段解析 CSV,UAGMC_SOURCE passenger-only + LQ,84.19,128.76,exp11 同包曲线；训练种子 1；评估种子 123-125,Joint 与 passenger-only 控制权不同；跨矩阵训练实现/guard 未必完全锁定
exp10,J3__S_EVENTGRAPH_GAT,J3,S_EVENTGRAPH_GAT,1,550000,157.57888888888888,127.1588888888889,7.7188888888888885,21.72,1.0,True,3,3,0.6991249534118714,0.3008750465881285,0.45436127900842455,0.5456387209915755,exp10_jointfirst_v5_60m__analysis_full.zip!RUN/J3__S_EVENTGRAPH_GAT/analysis/checkpoint_curve.csv,MPTC,85.33,项目交接参考；当前归档未找到原始 S 阶段解析 CSV,UAGMC_SOURCE passenger-only + LQ,84.19,128.76,exp11 同包曲线；训练种子 1；评估种子 123-125,Joint 与 passenger-only 控制权不同；跨矩阵训练实现/guard 未必完全锁定
exp10,J3__S_EVENTGRAPH_GAT,J3,S_EVENTGRAPH_GAT,1,600000,156.31222222222223,125.86777777777779,7.803333333333334,21.662222222222223,1.0,True,3,3,0.5974947325748241,0.4025052674251759,0.5072464301526086,0.4927535698473913,exp10_jointfirst_v5_60m__analysis_full.zip!RUN/J3__S_EVENTGRAPH_GAT/analysis/checkpoint_curve.csv,MPTC,85.33,项目交接参考；当前归档未找到原始 S 阶段解析 CSV,UAGMC_SOURCE passenger-only + LQ,84.19,128.76,exp11 同包曲线；训练种子 1；评估种子 123-125,Joint 与 passenger-only 控制权不同；跨矩阵训练实现/guard 未必完全锁定
exp10,J3__S_HKSL_MULTI,J3,S_HKSL_MULTI,1,50000,251.31222222222223,219.40555555555554,8.27111111111111,22.666666666666668,1.0,True,3,3,0.9498127545434875,0.05018724545651256,0.8229855581050075,0.1770144418949926,exp10_jointfirst_v5_60m__analysis_full.zip!RUN/J3__S_HKSL_MULTI/analysis/checkpoint_curve.csv,MPTC,85.33,项目交接参考；当前归档未找到原始 S 阶段解析 CSV,UAGMC_SOURCE passenger-only + LQ,84.19,128.76,exp11 同包曲线；训练种子 1；评估种子 123-125,Joint 与 passenger-only 控制权不同；跨矩阵训练实现/guard 未必完全锁定
exp10,J3__S_HKSL_MULTI,J3,S_HKSL_MULTI,1,100000,222.4677777777778,189.92444444444445,8.556666666666667,23.0,1.0,True,3,3,1.0,0.0,0.90077107800596,0.09922892199404006,exp10_jointfirst_v5_60m__analysis_full.zip!RUN/J3__S_HKSL_MULTI/analysis/checkpoint_curve.csv,MPTC,85.33,项目交接参考；当前归档未找到原始 S 阶段解析 CSV,UAGMC_SOURCE passenger-only + LQ,84.19,128.76,exp11 同包曲线；训练种子 1；评估种子 123-125,Joint 与 passenger-only 控制权不同；跨矩阵训练实现/guard 未必完全锁定
exp10,J3__S_HKSL_MULTI,J3,S_HKSL_MULTI,1,150000,222.4677777777778,189.92444444444445,8.556666666666667,23.0,1.0,True,3,3,0.9963290421275891,0.003670957872410844,0.4010407784552923,0.5989592215447077,exp10_jointfirst_v5_60m__analysis_full.zip!RUN/J3__S_HKSL_MULTI/analysis/checkpoint_curve.csv,MPTC,85.33,项目交接参考；当前归档未找到原始 S 阶段解析 CSV,UAGMC_SOURCE passenger-only + LQ,84.19,128.76,exp11 同包曲线；训练种子 1；评估种子 123-125,Joint 与 passenger-only 控制权不同；跨矩阵训练实现/guard 未必完全锁定
exp10,J3__S_HKSL_MULTI,J3,S_HKSL_MULTI,1,200000,213.86111111111111,181.4911111111111,8.45,22.93777777777778,1.0,True,3,3,0.9440698301045888,0.055930169895411254,0.32571508538777755,0.6742849146122225,exp10_jointfirst_v5_60m__analysis_full.zip!RUN/J3__S_HKSL_MULTI/analysis/checkpoint_curve.csv,MPTC,85.33,项目交接参考；当前归档未找到原始 S 阶段解析 CSV,UAGMC_SOURCE passenger-only + LQ,84.19,128.76,exp11 同包曲线；训练种子 1；评估种子 123-125,Joint 与 passenger-only 控制权不同；跨矩阵训练实现/guard 未必完全锁定
exp10,J3__S_HKSL_MULTI,J3,S_HKSL_MULTI,1,250000,182.36333333333332,151.11333333333332,7.983333333333333,22.293333333333337,1.0,True,3,3,0.7873501418015407,0.21264985819845936,0.4377565740607318,0.5622434259392682,exp10_jointfirst_v5_60m__analysis_full.zip!RUN/J3__S_HKSL_MULTI/analysis/checkpoint_curve.csv,MPTC,85.33,项目交接参考；当前归档未找到原始 S 阶段解析 CSV,UAGMC_SOURCE passenger-only + LQ,84.19,128.76,exp11 同包曲线；训练种子 1；评估种子 123-125,Joint 与 passenger-only 控制权不同；跨矩阵训练实现/guard 未必完全锁定
exp10,J3__S_HKSL_MULTI,J3,S_HKSL_MULTI,1,300000,214.54222222222222,182.69333333333336,8.258888888888889,22.63111111111111,1.0,True,3,3,0.793202446219898,0.20679755378010192,0.45962064850889456,0.5403793514911054,exp10_jointfirst_v5_60m__analysis_full.zip!RUN/J3__S_HKSL_MULTI/analysis/checkpoint_curve.csv,MPTC,85.33,项目交接参考；当前归档未找到原始 S 阶段解析 CSV,UAGMC_SOURCE passenger-only + LQ,84.19,128.76,exp11 同包曲线；训练种子 1；评估种子 123-125,Joint 与 passenger-only 控制权不同；跨矩阵训练实现/guard 未必完全锁定
exp10,J3__S_HKSL_MULTI,J3,S_HKSL_MULTI,1,350000,192.35999999999999,160.89444444444445,8.103333333333333,22.386666666666667,1.0,True,3,3,0.7245743973803589,0.27542560261964116,0.6281422071647607,0.37185779283523934,exp10_jointfirst_v5_60m__analysis_full.zip!RUN/J3__S_HKSL_MULTI/analysis/checkpoint_curve.csv,MPTC,85.33,项目交接参考；当前归档未找到原始 S 阶段解析 CSV,UAGMC_SOURCE passenger-only + LQ,84.19,128.76,exp11 同包曲线；训练种子 1；评估种子 123-125,Joint 与 passenger-only 控制权不同；跨矩阵训练实现/guard 未必完全锁定
exp10,J3__S_HKSL_MULTI,J3,S_HKSL_MULTI,1,400000,153.73222222222225,123.3488888888889,7.674444444444444,21.733333333333334,1.0,True,3,3,0.6365652929198494,0.36343470708015047,0.638093758096513,0.361906241903487,exp10_jointfirst_v5_60m__analysis_full.zip!RUN/J3__S_HKSL_MULTI/analysis/checkpoint_curve.csv,MPTC,85.33,项目交接参考；当前归档未找到原始 S 阶段解析 CSV,UAGMC_SOURCE passenger-only + LQ,84.19,128.76,exp11 同包曲线；训练种子 1；评估种子 123-125,Joint 与 passenger-only 控制权不同；跨矩阵训练实现/guard 未必完全锁定
exp10,J3__S_HKSL_MULTI,J3,S_HKSL_MULTI,1,450000,149.34888888888887,119.78333333333335,7.366666666666667,21.253333333333334,1.0,True,3,3,0.37800986593422875,0.6219901340657713,0.7545906975928668,0.24540930240713332,exp10_jointfirst_v5_60m__analysis_full.zip!RUN/J3__S_HKSL_MULTI/analysis/checkpoint_curve.csv,MPTC,85.33,项目交接参考；当前归档未找到原始 S 阶段解析 CSV,UAGMC_SOURCE passenger-only + LQ,84.19,128.76,exp11 同包曲线；训练种子 1；评估种子 123-125,Joint 与 passenger-only 控制权不同；跨矩阵训练实现/guard 未必完全锁定
exp10,J3__S_HKSL_MULTI,J3,S_HKSL_MULTI,1,500000,152.51222222222222,125.33222222222223,6.555555555555556,19.666666666666668,1.0,True,3,3,0.11036602408701111,0.8896339759129889,0.8299201522719319,0.17007984772806797,exp10_jointfirst_v5_60m__analysis_full.zip!RUN/J3__S_HKSL_MULTI/analysis/checkpoint_curve.csv,MPTC,85.33,项目交接参考；当前归档未找到原始 S 阶段解析 CSV,UAGMC_SOURCE passenger-only + LQ,84.19,128.76,exp11 同包曲线；训练种子 1；评估种子 123-125,Joint 与 passenger-only 控制权不同；跨矩阵训练实现/guard 未必完全锁定
exp10,J3__S_HKSL_MULTI,J3,S_HKSL_MULTI,1,550000,178.6488888888889,150.54111111111112,6.873333333333334,20.275555555555556,1.0,True,3,3,0.22756356148966642,0.7724364385103336,0.7953178369614834,0.2046821630385166,exp10_jointfirst_v5_60m__analysis_full.zip!RUN/J3__S_HKSL_MULTI/analysis/checkpoint_curve.csv,MPTC,85.33,项目交接参考；当前归档未找到原始 S 阶段解析 CSV,UAGMC_SOURCE passenger-only + LQ,84.19,128.76,exp11 同包曲线；训练种子 1；评估种子 123-125,Joint 与 passenger-only 控制权不同；跨矩阵训练实现/guard 未必完全锁定
exp10,J3__S_HKSL_MULTI,J3,S_HKSL_MULTI,1,600000,142.78555555555556,115.23333333333333,6.648888888888888,19.95111111111111,1.0,True,3,3,0.19051182572072214,0.8094881742792778,0.7653264148607418,0.23467358513925818,exp10_jointfirst_v5_60m__analysis_full.zip!RUN/J3__S_HKSL_MULTI/analysis/checkpoint_curve.csv,MPTC,85.33,项目交接参考；当前归档未找到原始 S 阶段解析 CSV,UAGMC_SOURCE passenger-only + LQ,84.19,128.76,exp11 同包曲线；训练种子 1；评估种子 123-125,Joint 与 passenger-only 控制权不同；跨矩阵训练实现/guard 未必完全锁定
exp10,J3__S_SETTRANS_EVENT,J3,S_SETTRANS_EVENT,1,50000,242.55999999999997,212.58666666666667,7.502222222222223,21.51111111111111,1.0,True,3,3,0.6685322674029335,0.3314677325970665,0.9652582042428225,0.03474179575717748,exp10_jointfirst_v5_60m__analysis_full.zip!RUN/J3__S_SETTRANS_EVENT/analysis/checkpoint_curve.csv,MPTC,85.33,项目交接参考；当前归档未找到原始 S 阶段解析 CSV,UAGMC_SOURCE passenger-only + LQ,84.19,128.76,exp11 同包曲线；训练种子 1；评估种子 123-125,Joint 与 passenger-only 控制权不同；跨矩阵训练实现/guard 未必完全锁定
exp10,J3__S_SETTRANS_EVENT,J3,S_SETTRANS_EVENT,1,100000,152.40333333333334,122.48555555555555,7.463333333333334,21.52888888888889,1.0,True,3,3,0.7898423539404874,0.21015764605951257,0.6366523143941657,0.36334768560583425,exp10_jointfirst_v5_60m__analysis_full.zip!RUN/J3__S_SETTRANS_EVENT/analysis/checkpoint_curve.csv,MPTC,85.33,项目交接参考；当前归档未找到原始 S 阶段解析 CSV,UAGMC_SOURCE passenger-only + LQ,84.19,128.76,exp11 同包曲线；训练种子 1；评估种子 123-125,Joint 与 passenger-only 控制权不同；跨矩阵训练实现/guard 未必完全锁定
exp10,J3__S_SETTRANS_EVENT,J3,S_SETTRANS_EVENT,1,150000,156.45888888888888,126.29333333333334,7.57,21.635555555555555,1.0,True,3,3,0.7989974354943022,0.20100256450569773,0.39648176655453793,0.6035182334454621,exp10_jointfirst_v5_60m__analysis_full.zip!RUN/J3__S_SETTRANS_EVENT/analysis/checkpoint_curve.csv,MPTC,85.33,项目交接参考；当前归档未找到原始 S 阶段解析 CSV,UAGMC_SOURCE passenger-only + LQ,84.19,128.76,exp11 同包曲线；训练种子 1；评估种子 123-125,Joint 与 passenger-only 控制权不同；跨矩阵训练实现/guard 未必完全锁定
exp10,J3__S_SETTRANS_EVENT,J3,S_SETTRANS_EVENT,1,200000,158.9488888888889,129.29666666666665,7.388888888888889,21.337777777777777,1.0,True,3,3,0.6742012139257904,0.3257987860742098,0.4568714184024503,0.5431285815975496,exp10_jointfirst_v5_60m__analysis_full.zip!RUN/J3__S_SETTRANS_EVENT/analysis/checkpoint_curve.csv,MPTC,85.33,项目交接参考；当前归档未找到原始 S 阶段解析 CSV,UAGMC_SOURCE passenger-only + LQ,84.19,128.76,exp11 同包曲线；训练种子 1；评估种子 123-125,Joint 与 passenger-only 控制权不同；跨矩阵训练实现/guard 未必完全锁定
exp10,J3__S_SETTRANS_EVENT,J3,S_SETTRANS_EVENT,1,250000,156.99,127.21666666666665,7.417777777777778,21.391111111111112,1.0,True,3,3,0.5314942865179222,0.468505713482078,0.4060876911788957,0.5939123088211044,exp10_jointfirst_v5_60m__analysis_full.zip!RUN/J3__S_SETTRANS_EVENT/analysis/checkpoint_curve.csv,MPTC,85.33,项目交接参考；当前归档未找到原始 S 阶段解析 CSV,UAGMC_SOURCE passenger-only + LQ,84.19,128.76,exp11 同包曲线；训练种子 1；评估种子 123-125,Joint 与 passenger-only 控制权不同；跨矩阵训练实现/guard 未必完全锁定
exp10,J3__S_SETTRANS_EVENT,J3,S_SETTRANS_EVENT,1,300000,145.67666666666668,116.95444444444445,7.0566666666666675,20.746666666666666,1.0,True,3,3,0.4126893726213053,0.5873106273786947,0.48919051727321206,0.510809482726788,exp10_jointfirst_v5_60m__analysis_full.zip!RUN/J3__S_SETTRANS_EVENT/analysis/checkpoint_curve.csv,MPTC,85.33,项目交接参考；当前归档未找到原始 S 阶段解析 CSV,UAGMC_SOURCE passenger-only + LQ,84.19,128.76,exp11 同包曲线；训练种子 1；评估种子 123-125,Joint 与 passenger-only 控制权不同；跨矩阵训练实现/guard 未必完全锁定
exp10,J3__S_SETTRANS_EVENT,J3,S_SETTRANS_EVENT,1,350000,144.27222222222224,114.74222222222222,7.246666666666667,21.337777777777777,1.0,True,3,3,0.5571858189279953,0.44281418107200454,0.4445839908483283,0.5554160091516717,exp10_jointfirst_v5_60m__analysis_full.zip!RUN/J3__S_SETTRANS_EVENT/analysis/checkpoint_curve.csv,MPTC,85.33,项目交接参考；当前归档未找到原始 S 阶段解析 CSV,UAGMC_SOURCE passenger-only + LQ,84.19,128.76,exp11 同包曲线；训练种子 1；评估种子 123-125,Joint 与 passenger-only 控制权不同；跨矩阵训练实现/guard 未必完全锁定
exp10,J3__S_SETTRANS_EVENT,J3,S_SETTRANS_EVENT,1,400000,141.97111111111113,112.42666666666668,7.335555555555555,21.26222222222222,1.0,True,3,3,0.4636866592422148,0.5363133407577853,0.43379148268037154,0.5662085173196284,exp10_jointfirst_v5_60m__analysis_full.zip!RUN/J3__S_SETTRANS_EVENT/analysis/checkpoint_curve.csv,MPTC,85.33,项目交接参考；当前归档未找到原始 S 阶段解析 CSV,UAGMC_SOURCE passenger-only + LQ,84.19,128.76,exp11 同包曲线；训练种子 1；评估种子 123-125,Joint 与 passenger-only 控制权不同；跨矩阵训练实现/guard 未必完全锁定
exp10,J3__S_SETTRANS_EVENT,J3,S_SETTRANS_EVENT,1,450000,141.88555555555556,111.98444444444443,7.408888888888889,21.53333333333333,1.0,True,3,3,0.6273345398788427,0.37266546012115725,0.3742442364253938,0.6257557635746062,exp10_jointfirst_v5_60m__analysis_full.zip!RUN/J3__S_SETTRANS_EVENT/analysis/checkpoint_curve.csv,MPTC,85.33,项目交接参考；当前归档未找到原始 S 阶段解析 CSV,UAGMC_SOURCE passenger-only + LQ,84.19,128.76,exp11 同包曲线；训练种子 1；评估种子 123-125,Joint 与 passenger-only 控制权不同；跨矩阵训练实现/guard 未必完全锁定
exp10,J3__S_SETTRANS_EVENT,J3,S_SETTRANS_EVENT,1,500000,147.62555555555556,117.78333333333335,7.392222222222222,21.49333333333333,1.0,True,3,3,0.5551801626269711,0.4448198373730288,0.4105447743745616,0.5894552256254384,exp10_jointfirst_v5_60m__analysis_full.zip!RUN/J3__S_SETTRANS_EVENT/analysis/checkpoint_curve.csv,MPTC,85.33,项目交接参考；当前归档未找到原始 S 阶段解析 CSV,UAGMC_SOURCE passenger-only + LQ,84.19,128.76,exp11 同包曲线；训练种子 1；评估种子 123-125,Joint 与 passenger-only 控制权不同；跨矩阵训练实现/guard 未必完全锁定
exp10,J3__S_SETTRANS_EVENT,J3,S_SETTRANS_EVENT,1,550000,132.2211111111111,102.86,7.205555555555556,21.195555555555554,1.0,True,3,3,0.36743287160584853,0.6325671283941515,0.544409936727744,0.45559006327225604,exp10_jointfirst_v5_60m__analysis_full.zip!RUN/J3__S_SETTRANS_EVENT/analysis/checkpoint_curve.csv,MPTC,85.33,项目交接参考；当前归档未找到原始 S 阶段解析 CSV,UAGMC_SOURCE passenger-only + LQ,84.19,128.76,exp11 同包曲线；训练种子 1；评估种子 123-125,Joint 与 passenger-only 控制权不同；跨矩阵训练实现/guard 未必完全锁定
exp10,J3__S_SETTRANS_EVENT,J3,S_SETTRANS_EVENT,1,600000,133.5533333333333,104.12666666666667,7.196666666666666,21.288888888888888,1.0,True,3,3,0.4162398730806691,0.583760126919331,0.5450984293024094,0.4549015706975906,exp10_jointfirst_v5_60m__analysis_full.zip!RUN/J3__S_SETTRANS_EVENT/analysis/checkpoint_curve.csv,MPTC,85.33,项目交接参考；当前归档未找到原始 S 阶段解析 CSV,UAGMC_SOURCE passenger-only + LQ,84.19,128.76,exp11 同包曲线；训练种子 1；评估种子 123-125,Joint 与 passenger-only 控制权不同；跨矩阵训练实现/guard 未必完全锁定
exp10,J3__S_TDM_EVENT_FUSION,J3,S_TDM_EVENT_FUSION,1,50000,184.89222222222224,156.86333333333334,6.669999999999999,20.475555555555555,1.0,True,3,3,0.7032607703934568,0.2967392296065432,0.969564566343219,0.030435433656780992,exp10_jointfirst_v5_60m__analysis_full.zip!RUN/J3__S_TDM_EVENT_FUSION/analysis/checkpoint_curve.csv,MPTC,85.33,项目交接参考；当前归档未找到原始 S 阶段解析 CSV,UAGMC_SOURCE passenger-only + LQ,84.19,128.76,exp11 同包曲线；训练种子 1；评估种子 123-125,Joint 与 passenger-only 控制权不同；跨矩阵训练实现/guard 未必完全锁定
exp10,J3__S_TDM_EVENT_FUSION,J3,S_TDM_EVENT_FUSION,1,100000,193.21333333333334,161.48555555555552,8.139999999999999,22.604444444444443,1.0,True,3,3,0.9599071285058546,0.04009287149414554,0.40447612335993827,0.5955238766400617,exp10_jointfirst_v5_60m__analysis_full.zip!RUN/J3__S_TDM_EVENT_FUSION/analysis/checkpoint_curve.csv,MPTC,85.33,项目交接参考；当前归档未找到原始 S 阶段解析 CSV,UAGMC_SOURCE passenger-only + LQ,84.19,128.76,exp11 同包曲线；训练种子 1；评估种子 123-125,Joint 与 passenger-only 控制权不同；跨矩阵训练实现/guard 未必完全锁定
exp10,J3__S_TDM_EVENT_FUSION,J3,S_TDM_EVENT_FUSION,1,150000,186.76333333333332,157.01999999999998,7.128888888888889,21.63111111111111,1.0,True,3,3,0.7562009885300193,0.24379901146998076,0.6247893971197801,0.37521060288021996,exp10_jointfirst_v5_60m__analysis_full.zip!RUN/J3__S_TDM_EVENT_FUSION/analysis/checkpoint_curve.csv,MPTC,85.33,项目交接参考；当前归档未找到原始 S 阶段解析 CSV,UAGMC_SOURCE passenger-only + LQ,84.19,128.76,exp11 同包曲线；训练种子 1；评估种子 123-125,Joint 与 passenger-only 控制权不同；跨矩阵训练实现/guard 未必完全锁定
exp10,J3__S_TDM_EVENT_FUSION,J3,S_TDM_EVENT_FUSION,1,200000,164.45888888888888,134.60555555555555,7.258888888888889,21.613333333333333,1.0,True,3,3,0.7827302377449058,0.2172697622550942,0.5976049895647527,0.4023950104352472,exp10_jointfirst_v5_60m__analysis_full.zip!RUN/J3__S_TDM_EVENT_FUSION/analysis/checkpoint_curve.csv,MPTC,85.33,项目交接参考；当前归档未找到原始 S 阶段解析 CSV,UAGMC_SOURCE passenger-only + LQ,84.19,128.76,exp11 同包曲线；训练种子 1；评估种子 123-125,Joint 与 passenger-only 控制权不同；跨矩阵训练实现/guard 未必完全锁定
exp10,J3__S_TDM_EVENT_FUSION,J3,S_TDM_EVENT_FUSION,1,250000,136.54555555555555,106.58222222222223,7.414444444444444,21.56888888888889,1.0,True,3,3,0.7196082840259548,0.2803917159740453,0.5103228498409221,0.4896771501590778,exp10_jointfirst_v5_60m__analysis_full.zip!RUN/J3__S_TDM_EVENT_FUSION/analysis/checkpoint_curve.csv,MPTC,85.33,项目交接参考；当前归档未找到原始 S 阶段解析 CSV,UAGMC_SOURCE passenger-only + LQ,84.19,128.76,exp11 同包曲线；训练种子 1；评估种子 123-125,Joint 与 passenger-only 控制权不同；跨矩阵训练实现/guard 未必完全锁定
exp10,J3__S_TDM_EVENT_FUSION,J3,S_TDM_EVENT_FUSION,1,300000,139.48333333333332,109.45222222222223,7.503333333333333,21.546666666666667,1.0,True,3,3,0.7276028370061361,0.27239716299386374,0.34551063069345905,0.6544893693065409,exp10_jointfirst_v5_60m__analysis_full.zip!RUN/J3__S_TDM_EVENT_FUSION/analysis/checkpoint_curve.csv,MPTC,85.33,项目交接参考；当前归档未找到原始 S 阶段解析 CSV,UAGMC_SOURCE passenger-only + LQ,84.19,128.76,exp11 同包曲线；训练种子 1；评估种子 123-125,Joint 与 passenger-only 控制权不同；跨矩阵训练实现/guard 未必完全锁定
exp10,J3__S_TDM_EVENT_FUSION,J3,S_TDM_EVENT_FUSION,1,350000,118.42,89.63777777777779,7.017777777777778,20.78222222222222,1.0,True,3,3,0.47829668120538776,0.5217033187946122,0.42335980896112435,0.5766401910388756,exp10_jointfirst_v5_60m__analysis_full.zip!RUN/J3__S_TDM_EVENT_FUSION/analysis/checkpoint_curve.csv,MPTC,85.33,项目交接参考；当前归档未找到原始 S 阶段解析 CSV,UAGMC_SOURCE passenger-only + LQ,84.19,128.76,exp11 同包曲线；训练种子 1；评估种子 123-125,Joint 与 passenger-only 控制权不同；跨矩阵训练实现/guard 未必完全锁定
exp10,J3__S_TDM_EVENT_FUSION,J3,S_TDM_EVENT_FUSION,1,400000,119.06111111111112,90.62,7.0,20.506666666666664,1.0,True,3,3,0.42434941520467834,0.5756505847953216,0.5462426900584796,0.45375730994152047,exp10_jointfirst_v5_60m__analysis_full.zip!RUN/J3__S_TDM_EVENT_FUSION/analysis/checkpoint_curve.csv,MPTC,85.33,项目交接参考；当前归档未找到原始 S 阶段解析 CSV,UAGMC_SOURCE passenger-only + LQ,84.19,128.76,exp11 同包曲线；训练种子 1；评估种子 123-125,Joint 与 passenger-only 控制权不同；跨矩阵训练实现/guard 未必完全锁定
exp10,J3__S_TDM_EVENT_FUSION,J3,S_TDM_EVENT_FUSION,1,450000,113.90555555555557,85.47444444444444,6.933333333333334,20.533333333333335,1.0,True,3,3,0.4207547271739971,0.5792452728260029,0.5536603072620409,0.4463396927379592,exp10_jointfirst_v5_60m__analysis_full.zip!RUN/J3__S_TDM_EVENT_FUSION/analysis/checkpoint_curve.csv,MPTC,85.33,项目交接参考；当前归档未找到原始 S 阶段解析 CSV,UAGMC_SOURCE passenger-only + LQ,84.19,128.76,exp11 同包曲线；训练种子 1；评估种子 123-125,Joint 与 passenger-only 控制权不同；跨矩阵训练实现/guard 未必完全锁定
exp10,J3__S_TDM_EVENT_FUSION,J3,S_TDM_EVENT_FUSION,1,500000,115.9011111111111,87.66777777777777,6.908888888888889,20.38222222222222,1.0,True,3,3,0.34984541926736323,0.6501545807326368,0.4579582778128433,0.5420417221871566,exp10_jointfirst_v5_60m__analysis_full.zip!RUN/J3__S_TDM_EVENT_FUSION/analysis/checkpoint_curve.csv,MPTC,85.33,项目交接参考；当前归档未找到原始 S 阶段解析 CSV,UAGMC_SOURCE passenger-only + LQ,84.19,128.76,exp11 同包曲线；训练种子 1；评估种子 123-125,Joint 与 passenger-only 控制权不同；跨矩阵训练实现/guard 未必完全锁定
exp10,J3__S_TDM_EVENT_FUSION,J3,S_TDM_EVENT_FUSION,1,550000,107.71555555555555,79.6088888888889,6.793333333333333,20.36,1.0,True,3,3,0.32714156887826357,0.6728584311217364,0.4405937873724988,0.5594062126275011,exp10_jointfirst_v5_60m__analysis_full.zip!RUN/J3__S_TDM_EVENT_FUSION/analysis/checkpoint_curve.csv,MPTC,85.33,项目交接参考；当前归档未找到原始 S 阶段解析 CSV,UAGMC_SOURCE passenger-only + LQ,84.19,128.76,exp11 同包曲线；训练种子 1；评估种子 123-125,Joint 与 passenger-only 控制权不同；跨矩阵训练实现/guard 未必完全锁定
exp10,J3__S_TDM_EVENT_FUSION,J3,S_TDM_EVENT_FUSION,1,600000,108.09999999999998,80.21111111111111,6.734444444444445,20.26222222222222,1.0,True,3,3,0.33675503107351173,0.6632449689264882,0.47503711385715014,0.5249628861428498,exp10_jointfirst_v5_60m__analysis_full.zip!RUN/J3__S_TDM_EVENT_FUSION/analysis/checkpoint_curve.csv,MPTC,85.33,项目交接参考；当前归档未找到原始 S 阶段解析 CSV,UAGMC_SOURCE passenger-only + LQ,84.19,128.76,exp11 同包曲线；训练种子 1；评估种子 123-125,Joint 与 passenger-only 控制权不同；跨矩阵训练实现/guard 未必完全锁定
exp10,J3__W_EVENTQ_COCO_CF,J3,W_EVENTQ_COCO_CF,1,50000,178.5277777777778,150.3688888888889,6.933333333333334,20.284444444444446,1.0,True,3,3,0.4205978278070332,0.5794021721929669,0.7601551221093393,0.23984487789066067,exp10_jointfirst_v5_60m__analysis_full.zip!RUN/J3__W_EVENTQ_COCO_CF/analysis/checkpoint_curve.csv,MPTC,85.33,项目交接参考；当前归档未找到原始 S 阶段解析 CSV,UAGMC_SOURCE passenger-only + LQ,84.19,128.76,exp11 同包曲线；训练种子 1；评估种子 123-125,Joint 与 passenger-only 控制权不同；跨矩阵训练实现/guard 未必完全锁定
exp10,J3__W_EVENTQ_COCO_CF,J3,W_EVENTQ_COCO_CF,1,100000,127.8011111111111,99.19222222222221,7.183333333333334,20.48888888888889,1.0,True,3,3,0.5651694259310559,0.43483057406894415,0.5237357742443599,0.47626422575564015,exp10_jointfirst_v5_60m__analysis_full.zip!RUN/J3__W_EVENTQ_COCO_CF/analysis/checkpoint_curve.csv,MPTC,85.33,项目交接参考；当前归档未找到原始 S 阶段解析 CSV,UAGMC_SOURCE passenger-only + LQ,84.19,128.76,exp11 同包曲线；训练种子 1；评估种子 123-125,Joint 与 passenger-only 控制权不同；跨矩阵训练实现/guard 未必完全锁定
exp10,J3__W_EVENTQ_COCO_CF,J3,W_EVENTQ_COCO_CF,1,150000,129.82111111111112,99.8411111111111,7.614444444444445,21.400000000000002,1.0,True,3,3,0.3824346446292848,0.6175653553707152,0.37905808390958046,0.6209419160904196,exp10_jointfirst_v5_60m__analysis_full.zip!RUN/J3__W_EVENTQ_COCO_CF/analysis/checkpoint_curve.csv,MPTC,85.33,项目交接参考；当前归档未找到原始 S 阶段解析 CSV,UAGMC_SOURCE passenger-only + LQ,84.19,128.76,exp11 同包曲线；训练种子 1；评估种子 123-125,Joint 与 passenger-only 控制权不同；跨矩阵训练实现/guard 未必完全锁定
exp10,J3__W_EVENTQ_COCO_CF,J3,W_EVENTQ_COCO_CF,1,200000,131.98555555555558,102.43555555555555,7.4944444444444445,21.093333333333334,1.0,True,3,3,0.4912285117303477,0.5087714882696522,0.562060873642881,0.437939126357119,exp10_jointfirst_v5_60m__analysis_full.zip!RUN/J3__W_EVENTQ_COCO_CF/analysis/checkpoint_curve.csv,MPTC,85.33,项目交接参考；当前归档未找到原始 S 阶段解析 CSV,UAGMC_SOURCE passenger-only + LQ,84.19,128.76,exp11 同包曲线；训练种子 1；评估种子 123-125,Joint 与 passenger-only 控制权不同；跨矩阵训练实现/guard 未必完全锁定
exp10,J3__W_EVENTQ_COCO_CF,J3,W_EVENTQ_COCO_CF,1,250000,131.83,101.86555555555556,7.580000000000001,21.417777777777776,1.0,True,3,3,0.5123594489675437,0.48764055103245624,0.47764104422638004,0.5223589557736199,exp10_jointfirst_v5_60m__analysis_full.zip!RUN/J3__W_EVENTQ_COCO_CF/analysis/checkpoint_curve.csv,MPTC,85.33,项目交接参考；当前归档未找到原始 S 阶段解析 CSV,UAGMC_SOURCE passenger-only + LQ,84.19,128.76,exp11 同包曲线；训练种子 1；评估种子 123-125,Joint 与 passenger-only 控制权不同；跨矩阵训练实现/guard 未必完全锁定
exp10,J3__W_EVENTQ_COCO_CF,J3,W_EVENTQ_COCO_CF,1,300000,134.83666666666667,105.67444444444443,7.233333333333334,20.96,1.0,True,3,3,0.45732014247140845,0.5426798575285915,0.5645263229096948,0.43547367709030516,exp10_jointfirst_v5_60m__analysis_full.zip!RUN/J3__W_EVENTQ_COCO_CF/analysis/checkpoint_curve.csv,MPTC,85.33,项目交接参考；当前归档未找到原始 S 阶段解析 CSV,UAGMC_SOURCE passenger-only + LQ,84.19,128.76,exp11 同包曲线；训练种子 1；评估种子 123-125,Joint 与 passenger-only 控制权不同；跨矩阵训练实现/guard 未必完全锁定
exp10,J3__W_EVENTQ_COCO_CF,J3,W_EVENTQ_COCO_CF,1,350000,137.36222222222224,108.33777777777777,7.288888888888889,20.78222222222222,1.0,True,3,3,0.41539000663598014,0.5846099933640199,0.5630004815886057,0.4369995184113942,exp10_jointfirst_v5_60m__analysis_full.zip!RUN/J3__W_EVENTQ_COCO_CF/analysis/checkpoint_curve.csv,MPTC,85.33,项目交接参考；当前归档未找到原始 S 阶段解析 CSV,UAGMC_SOURCE passenger-only + LQ,84.19,128.76,exp11 同包曲线；训练种子 1；评估种子 123-125,Joint 与 passenger-only 控制权不同；跨矩阵训练实现/guard 未必完全锁定
exp10,J3__W_EVENTQ_COCO_CF,J3,W_EVENTQ_COCO_CF,1,400000,122.80333333333333,93.71666666666665,7.192222222222223,20.942222222222224,1.0,True,3,3,0.44170688482447945,0.5582931151755205,0.4716291411549946,0.5283708588450055,exp10_jointfirst_v5_60m__analysis_full.zip!RUN/J3__W_EVENTQ_COCO_CF/analysis/checkpoint_curve.csv,MPTC,85.33,项目交接参考；当前归档未找到原始 S 阶段解析 CSV,UAGMC_SOURCE passenger-only + LQ,84.19,128.76,exp11 同包曲线；训练种子 1；评估种子 123-125,Joint 与 passenger-only 控制权不同；跨矩阵训练实现/guard 未必完全锁定
exp10,J3__W_EVENTQ_COCO_CF,J3,W_EVENTQ_COCO_CF,1,450000,124.38666666666666,95.22666666666667,7.2444444444444445,20.942222222222224,1.0,True,3,3,0.44478885227605286,0.5552111477239471,0.4783263637311685,0.5216736362688315,exp10_jointfirst_v5_60m__analysis_full.zip!RUN/J3__W_EVENTQ_COCO_CF/analysis/checkpoint_curve.csv,MPTC,85.33,项目交接参考；当前归档未找到原始 S 阶段解析 CSV,UAGMC_SOURCE passenger-only + LQ,84.19,128.76,exp11 同包曲线；训练种子 1；评估种子 123-125,Joint 与 passenger-only 控制权不同；跨矩阵训练实现/guard 未必完全锁定
exp10,J3__W_EVENTQ_COCO_CF,J3,W_EVENTQ_COCO_CF,1,500000,116.80777777777779,87.37666666666667,7.403333333333333,21.066666666666666,1.0,True,3,3,0.461473814280916,0.5385261857190841,0.4288454160095235,0.5711545839904765,exp10_jointfirst_v5_60m__analysis_full.zip!RUN/J3__W_EVENTQ_COCO_CF/analysis/checkpoint_curve.csv,MPTC,85.33,项目交接参考；当前归档未找到原始 S 阶段解析 CSV,UAGMC_SOURCE passenger-only + LQ,84.19,128.76,exp11 同包曲线；训练种子 1；评估种子 123-125,Joint 与 passenger-only 控制权不同；跨矩阵训练实现/guard 未必完全锁定
exp10,J3__W_EVENTQ_COCO_CF,J3,W_EVENTQ_COCO_CF,1,550000,121.44666666666667,92.19111111111111,7.2044444444444435,21.08888888888889,1.0,True,3,3,0.45692809842136645,0.5430719015786335,0.46251522515292404,0.5374847748470759,exp10_jointfirst_v5_60m__analysis_full.zip!RUN/J3__W_EVENTQ_COCO_CF/analysis/checkpoint_curve.csv,MPTC,85.33,项目交接参考；当前归档未找到原始 S 阶段解析 CSV,UAGMC_SOURCE passenger-only + LQ,84.19,128.76,exp11 同包曲线；训练种子 1；评估种子 123-125,Joint 与 passenger-only 控制权不同；跨矩阵训练实现/guard 未必完全锁定
exp10,J3__W_EVENTQ_COCO_CF,J3,W_EVENTQ_COCO_CF,1,600000,121.40666666666665,92.00777777777778,7.335555555555556,21.09777777777778,1.0,True,3,3,0.49672007491831893,0.5032799250816811,0.46032747815162883,0.5396725218483712,exp10_jointfirst_v5_60m__analysis_full.zip!RUN/J3__W_EVENTQ_COCO_CF/analysis/checkpoint_curve.csv,MPTC,85.33,项目交接参考；当前归档未找到原始 S 阶段解析 CSV,UAGMC_SOURCE passenger-only + LQ,84.19,128.76,exp11 同包曲线；训练种子 1；评估种子 123-125,Joint 与 passenger-only 控制权不同；跨矩阵训练实现/guard 未必完全锁定
exp10,J3__W_EVENTQ_VE_EMA,J3,W_EVENTQ_VE_EMA,1,50000,212.68444444444444,184.70111111111112,6.9366666666666665,20.133333333333336,1.0,True,3,3,0.6310989572779349,0.36890104272206514,0.7272488108585415,0.27275118914145846,exp10_jointfirst_v5_60m__analysis_full.zip!RUN/J3__W_EVENTQ_VE_EMA/analysis/checkpoint_curve.csv,MPTC,85.33,项目交接参考；当前归档未找到原始 S 阶段解析 CSV,UAGMC_SOURCE passenger-only + LQ,84.19,128.76,exp11 同包曲线；训练种子 1；评估种子 123-125,Joint 与 passenger-only 控制权不同；跨矩阵训练实现/guard 未必完全锁定
exp10,J3__W_EVENTQ_VE_EMA,J3,W_EVENTQ_VE_EMA,1,100000,225.61,194.16222222222223,8.156666666666666,22.30666666666667,1.0,True,3,3,0.7550612647864233,0.24493873521357667,0.6672583168603564,0.3327416831396436,exp10_jointfirst_v5_60m__analysis_full.zip!RUN/J3__W_EVENTQ_VE_EMA/analysis/checkpoint_curve.csv,MPTC,85.33,项目交接参考；当前归档未找到原始 S 阶段解析 CSV,UAGMC_SOURCE passenger-only + LQ,84.19,128.76,exp11 同包曲线；训练种子 1；评估种子 123-125,Joint 与 passenger-only 控制权不同；跨矩阵训练实现/guard 未必完全锁定
exp10,J3__W_EVENTQ_VE_EMA,J3,W_EVENTQ_VE_EMA,1,150000,137.16666666666666,107.46666666666665,7.436666666666667,21.293333333333333,1.0,True,3,3,0.29763424609853856,0.7023657539014615,0.5394148164065093,0.46058518359349065,exp10_jointfirst_v5_60m__analysis_full.zip!RUN/J3__W_EVENTQ_VE_EMA/analysis/checkpoint_curve.csv,MPTC,85.33,项目交接参考；当前归档未找到原始 S 阶段解析 CSV,UAGMC_SOURCE passenger-only + LQ,84.19,128.76,exp11 同包曲线；训练种子 1；评估种子 123-125,Joint 与 passenger-only 控制权不同；跨矩阵训练实现/guard 未必完全锁定
exp10,J3__W_EVENTQ_VE_EMA,J3,W_EVENTQ_VE_EMA,1,200000,153.6511111111111,124.24888888888889,7.252222222222223,21.204444444444444,1.0,True,3,3,0.3489669421487603,0.6510330578512397,0.4691755214482487,0.5308244785517513,exp10_jointfirst_v5_60m__analysis_full.zip!RUN/J3__W_EVENTQ_VE_EMA/analysis/checkpoint_curve.csv,MPTC,85.33,项目交接参考；当前归档未找到原始 S 阶段解析 CSV,UAGMC_SOURCE passenger-only + LQ,84.19,128.76,exp11 同包曲线；训练种子 1；评估种子 123-125,Joint 与 passenger-only 控制权不同；跨矩阵训练实现/guard 未必完全锁定
exp10,J3__W_EVENTQ_VE_EMA,J3,W_EVENTQ_VE_EMA,1,250000,115.00333333333333,86.35888888888888,6.976666666666667,20.68444444444445,1.0,True,3,3,0.46866247624830787,0.5313375237516921,0.5218215276281747,0.47817847237182537,exp10_jointfirst_v5_60m__analysis_full.zip!RUN/J3__W_EVENTQ_VE_EMA/analysis/checkpoint_curve.csv,MPTC,85.33,项目交接参考；当前归档未找到原始 S 阶段解析 CSV,UAGMC_SOURCE passenger-only + LQ,84.19,128.76,exp11 同包曲线；训练种子 1；评估种子 123-125,Joint 与 passenger-only 控制权不同；跨矩阵训练实现/guard 未必完全锁定
exp10,J3__W_EVENTQ_VE_EMA,J3,W_EVENTQ_VE_EMA,1,300000,114.27555555555556,85.38,7.076666666666667,20.848888888888887,1.0,True,3,3,0.36216931216931214,0.6378306878306877,0.41864796423619954,0.5813520357638005,exp10_jointfirst_v5_60m__analysis_full.zip!RUN/J3__W_EVENTQ_VE_EMA/analysis/checkpoint_curve.csv,MPTC,85.33,项目交接参考；当前归档未找到原始 S 阶段解析 CSV,UAGMC_SOURCE passenger-only + LQ,84.19,128.76,exp11 同包曲线；训练种子 1；评估种子 123-125,Joint 与 passenger-only 控制权不同；跨矩阵训练实现/guard 未必完全锁定
exp10,J3__W_EVENTQ_VE_EMA,J3,W_EVENTQ_VE_EMA,1,350000,119.18777777777778,90.38333333333333,7.096666666666667,20.73777777777778,1.0,True,3,3,0.3920529344115164,0.6079470655884837,0.39809409978981763,0.6019059002101824,exp10_jointfirst_v5_60m__analysis_full.zip!RUN/J3__W_EVENTQ_VE_EMA/analysis/checkpoint_curve.csv,MPTC,85.33,项目交接参考；当前归档未找到原始 S 阶段解析 CSV,UAGMC_SOURCE passenger-only + LQ,84.19,128.76,exp11 同包曲线；训练种子 1；评估种子 123-125,Joint 与 passenger-only 控制权不同；跨矩阵训练实现/guard 未必完全锁定
exp10,J3__W_EVENTQ_VE_EMA,J3,W_EVENTQ_VE_EMA,1,400000,128.21777777777777,99.21777777777777,7.171111111111112,20.853333333333335,1.0,True,3,3,0.3786943083407868,0.6213056916592131,0.38197725236914054,0.6180227476308594,exp10_jointfirst_v5_60m__analysis_full.zip!RUN/J3__W_EVENTQ_VE_EMA/analysis/checkpoint_curve.csv,MPTC,85.33,项目交接参考；当前归档未找到原始 S 阶段解析 CSV,UAGMC_SOURCE passenger-only + LQ,84.19,128.76,exp11 同包曲线；训练种子 1；评估种子 123-125,Joint 与 passenger-only 控制权不同；跨矩阵训练实现/guard 未必完全锁定
exp10,J3__W_EVENTQ_VE_EMA,J3,W_EVENTQ_VE_EMA,1,450000,124.42888888888889,95.43555555555555,7.170000000000001,20.84888888888889,1.0,True,3,3,0.4122835896382202,0.5877164103617798,0.37672192161137,0.6232780783886299,exp10_jointfirst_v5_60m__analysis_full.zip!RUN/J3__W_EVENTQ_VE_EMA/analysis/checkpoint_curve.csv,MPTC,85.33,项目交接参考；当前归档未找到原始 S 阶段解析 CSV,UAGMC_SOURCE passenger-only + LQ,84.19,128.76,exp11 同包曲线；训练种子 1；评估种子 123-125,Joint 与 passenger-only 控制权不同；跨矩阵训练实现/guard 未必完全锁定
exp10,J3__W_EVENTQ_VE_EMA,J3,W_EVENTQ_VE_EMA,1,500000,134.95222222222222,105.96,7.12,20.89777777777778,1.0,True,3,3,0.4163466073222171,0.583653392677783,0.3596029174077955,0.6403970825922046,exp10_jointfirst_v5_60m__analysis_full.zip!RUN/J3__W_EVENTQ_VE_EMA/analysis/checkpoint_curve.csv,MPTC,85.33,项目交接参考；当前归档未找到原始 S 阶段解析 CSV,UAGMC_SOURCE passenger-only + LQ,84.19,128.76,exp11 同包曲线；训练种子 1；评估种子 123-125,Joint 与 passenger-only 控制权不同；跨矩阵训练实现/guard 未必完全锁定
exp10,J3__W_EVENTQ_VE_EMA,J3,W_EVENTQ_VE_EMA,1,550000,123.65888888888888,94.63555555555554,7.161111111111111,20.884444444444444,1.0,True,3,3,0.40538217047535213,0.594617829524648,0.3052848351085155,0.6947151648914844,exp10_jointfirst_v5_60m__analysis_full.zip!RUN/J3__W_EVENTQ_VE_EMA/analysis/checkpoint_curve.csv,MPTC,85.33,项目交接参考；当前归档未找到原始 S 阶段解析 CSV,UAGMC_SOURCE passenger-only + LQ,84.19,128.76,exp11 同包曲线；训练种子 1；评估种子 123-125,Joint 与 passenger-only 控制权不同；跨矩阵训练实现/guard 未必完全锁定
exp10,J3__W_EVENTQ_VE_EMA,J3,W_EVENTQ_VE_EMA,1,600000,135.60666666666665,106.06444444444445,7.422222222222222,21.151111111111113,1.0,True,3,3,0.47913705131055123,0.5208629486894488,0.3724049144605563,0.6275950855394438,exp10_jointfirst_v5_60m__analysis_full.zip!RUN/J3__W_EVENTQ_VE_EMA/analysis/checkpoint_curve.csv,MPTC,85.33,项目交接参考；当前归档未找到原始 S 阶段解析 CSV,UAGMC_SOURCE passenger-only + LQ,84.19,128.76,exp11 同包曲线；训练种子 1；评估种子 123-125,Joint 与 passenger-only 控制权不同；跨矩阵训练实现/guard 未必完全锁定
exp10,J3__W_GAMMA_PETS_STEVE,J3,W_GAMMA_PETS_STEVE,1,50000,141.7711111111111,111.49111111111112,7.817777777777778,21.484444444444446,1.0,True,3,3,0.5041451676409882,0.4958548323590118,0.6938581995124244,0.30614180048757555,exp10_jointfirst_v5_60m__analysis_full.zip!RUN/J3__W_GAMMA_PETS_STEVE/analysis/checkpoint_curve.csv,MPTC,85.33,项目交接参考；当前归档未找到原始 S 阶段解析 CSV,UAGMC_SOURCE passenger-only + LQ,84.19,128.76,exp11 同包曲线；训练种子 1；评估种子 123-125,Joint 与 passenger-only 控制权不同；跨矩阵训练实现/guard 未必完全锁定
exp10,J3__W_GAMMA_PETS_STEVE,J3,W_GAMMA_PETS_STEVE,1,100000,148.11333333333334,117.65333333333335,7.915555555555556,21.560000000000002,1.0,True,3,3,0.5603769408246165,0.4396230591753834,0.7507601622520426,0.2492398377479574,exp10_jointfirst_v5_60m__analysis_full.zip!RUN/J3__W_GAMMA_PETS_STEVE/analysis/checkpoint_curve.csv,MPTC,85.33,项目交接参考；当前归档未找到原始 S 阶段解析 CSV,UAGMC_SOURCE passenger-only + LQ,84.19,128.76,exp11 同包曲线；训练种子 1；评估种子 123-125,Joint 与 passenger-only 控制权不同；跨矩阵训练实现/guard 未必完全锁定
exp10,J3__W_GAMMA_PETS_STEVE,J3,W_GAMMA_PETS_STEVE,1,150000,153.66333333333333,122.53666666666668,8.134444444444446,22.017777777777777,1.0,True,3,3,0.643219086531107,0.3567809134688929,0.6228064943196875,0.3771935056803126,exp10_jointfirst_v5_60m__analysis_full.zip!RUN/J3__W_GAMMA_PETS_STEVE/analysis/checkpoint_curve.csv,MPTC,85.33,项目交接参考；当前归档未找到原始 S 阶段解析 CSV,UAGMC_SOURCE passenger-only + LQ,84.19,128.76,exp11 同包曲线；训练种子 1；评估种子 123-125,Joint 与 passenger-only 控制权不同；跨矩阵训练实现/guard 未必完全锁定
exp10,J3__W_GAMMA_PETS_STEVE,J3,W_GAMMA_PETS_STEVE,1,200000,133.48666666666668,103.43222222222222,7.711111111111111,21.377777777777776,1.0,True,3,3,0.5253626830743205,0.47463731692567945,0.6579215682664544,0.3420784317335455,exp10_jointfirst_v5_60m__analysis_full.zip!RUN/J3__W_GAMMA_PETS_STEVE/analysis/checkpoint_curve.csv,MPTC,85.33,项目交接参考；当前归档未找到原始 S 阶段解析 CSV,UAGMC_SOURCE passenger-only + LQ,84.19,128.76,exp11 同包曲线；训练种子 1；评估种子 123-125,Joint 与 passenger-only 控制权不同；跨矩阵训练实现/guard 未必完全锁定
exp10,J3__W_GAMMA_PETS_STEVE,J3,W_GAMMA_PETS_STEVE,1,250000,126.31222222222222,96.84888888888888,7.492222222222222,21.0,1.0,True,3,3,0.4584067403418355,0.5415932596581644,0.6263727291779362,0.3736272708220638,exp10_jointfirst_v5_60m__analysis_full.zip!RUN/J3__W_GAMMA_PETS_STEVE/analysis/checkpoint_curve.csv,MPTC,85.33,项目交接参考；当前归档未找到原始 S 阶段解析 CSV,UAGMC_SOURCE passenger-only + LQ,84.19,128.76,exp11 同包曲线；训练种子 1；评估种子 123-125,Joint 与 passenger-only 控制权不同；跨矩阵训练实现/guard 未必完全锁定
exp10,J3__W_GAMMA_PETS_STEVE,J3,W_GAMMA_PETS_STEVE,1,300000,126.2211111111111,96.68444444444445,7.554444444444445,21.008888888888887,1.0,True,3,3,0.4543910108803726,0.5456089891196274,0.6081069049154156,0.3918930950845844,exp10_jointfirst_v5_60m__analysis_full.zip!RUN/J3__W_GAMMA_PETS_STEVE/analysis/checkpoint_curve.csv,MPTC,85.33,项目交接参考；当前归档未找到原始 S 阶段解析 CSV,UAGMC_SOURCE passenger-only + LQ,84.19,128.76,exp11 同包曲线；训练种子 1；评估种子 123-125,Joint 与 passenger-only 控制权不同；跨矩阵训练实现/guard 未必完全锁定
exp10,J3__W_GAMMA_PETS_STEVE,J3,W_GAMMA_PETS_STEVE,1,350000,121.61666666666666,92.10444444444444,7.41,21.128888888888888,1.0,True,3,3,0.427902871042787,0.572097128957213,0.5615961387610219,0.4384038612389782,exp10_jointfirst_v5_60m__analysis_full.zip!RUN/J3__W_GAMMA_PETS_STEVE/analysis/checkpoint_curve.csv,MPTC,85.33,项目交接参考；当前归档未找到原始 S 阶段解析 CSV,UAGMC_SOURCE passenger-only + LQ,84.19,128.76,exp11 同包曲线；训练种子 1；评估种子 123-125,Joint 与 passenger-only 控制权不同；跨矩阵训练实现/guard 未必完全锁定
exp10,J3__W_GAMMA_PETS_STEVE,J3,W_GAMMA_PETS_STEVE,1,400000,119.13888888888887,90.0788888888889,7.204444444444444,20.88,1.0,True,3,3,0.42934349185369597,0.5706565081463041,0.6222167618919202,0.37778323810807984,exp10_jointfirst_v5_60m__analysis_full.zip!RUN/J3__W_GAMMA_PETS_STEVE/analysis/checkpoint_curve.csv,MPTC,85.33,项目交接参考；当前归档未找到原始 S 阶段解析 CSV,UAGMC_SOURCE passenger-only + LQ,84.19,128.76,exp11 同包曲线；训练种子 1；评估种子 123-125,Joint 与 passenger-only 控制权不同；跨矩阵训练实现/guard 未必完全锁定
exp10,J3__W_GAMMA_PETS_STEVE,J3,W_GAMMA_PETS_STEVE,1,450000,126.08666666666666,97.01333333333332,7.221111111111111,20.875555555555554,1.0,True,3,3,0.4657943344268484,0.5342056655731516,0.7048168350275353,0.2951831649724647,exp10_jointfirst_v5_60m__analysis_full.zip!RUN/J3__W_GAMMA_PETS_STEVE/analysis/checkpoint_curve.csv,MPTC,85.33,项目交接参考；当前归档未找到原始 S 阶段解析 CSV,UAGMC_SOURCE passenger-only + LQ,84.19,128.76,exp11 同包曲线；训练种子 1；评估种子 123-125,Joint 与 passenger-only 控制权不同；跨矩阵训练实现/guard 未必完全锁定
exp10,J3__W_GAMMA_PETS_STEVE,J3,W_GAMMA_PETS_STEVE,1,500000,125.90333333333335,96.87666666666667,7.224444444444444,20.826666666666664,1.0,True,3,3,0.4747726896577276,0.5252273103422723,0.7348003315506301,0.2651996684493699,exp10_jointfirst_v5_60m__analysis_full.zip!RUN/J3__W_GAMMA_PETS_STEVE/analysis/checkpoint_curve.csv,MPTC,85.33,项目交接参考；当前归档未找到原始 S 阶段解析 CSV,UAGMC_SOURCE passenger-only + LQ,84.19,128.76,exp11 同包曲线；训练种子 1；评估种子 123-125,Joint 与 passenger-only 控制权不同；跨矩阵训练实现/guard 未必完全锁定
exp10,J3__W_GAMMA_PETS_STEVE,J3,W_GAMMA_PETS_STEVE,1,550000,125.74888888888889,96.80555555555556,7.154444444444444,20.80888888888889,1.0,True,3,3,0.446133871715267,0.5538661282847329,0.7007103297800971,0.29928967021990277,exp10_jointfirst_v5_60m__analysis_full.zip!RUN/J3__W_GAMMA_PETS_STEVE/analysis/checkpoint_curve.csv,MPTC,85.33,项目交接参考；当前归档未找到原始 S 阶段解析 CSV,UAGMC_SOURCE passenger-only + LQ,84.19,128.76,exp11 同包曲线；训练种子 1；评估种子 123-125,Joint 与 passenger-only 控制权不同；跨矩阵训练实现/guard 未必完全锁定
exp10,J3__W_GAMMA_PETS_STEVE,J3,W_GAMMA_PETS_STEVE,1,600000,132.50666666666666,103.62555555555555,7.111111111111111,20.79111111111111,1.0,True,3,3,0.45942284238309844,0.5405771576169016,0.7763866654057269,0.22361333459427327,exp10_jointfirst_v5_60m__analysis_full.zip!RUN/J3__W_GAMMA_PETS_STEVE/analysis/checkpoint_curve.csv,MPTC,85.33,项目交接参考；当前归档未找到原始 S 阶段解析 CSV,UAGMC_SOURCE passenger-only + LQ,84.19,128.76,exp11 同包曲线；训练种子 1；评估种子 123-125,Joint 与 passenger-only 控制权不同；跨矩阵训练实现/guard 未必完全锁定
exp10,J3__W_TDM_CVAML,J3,W_TDM_CVAML,1,50000,183.43555555555554,155.04666666666665,7.038888888888889,20.386666666666667,1.0,True,3,3,0.2057477111571473,0.7942522888428528,0.7563472991120116,0.2436527008879884,exp10_jointfirst_v5_60m__analysis_full.zip!RUN/J3__W_TDM_CVAML/analysis/checkpoint_curve.csv,MPTC,85.33,项目交接参考；当前归档未找到原始 S 阶段解析 CSV,UAGMC_SOURCE passenger-only + LQ,84.19,128.76,exp11 同包曲线；训练种子 1；评估种子 123-125,Joint 与 passenger-only 控制权不同；跨矩阵训练实现/guard 未必完全锁定
exp10,J3__W_TDM_CVAML,J3,W_TDM_CVAML,1,100000,125.81333333333333,97.14888888888889,7.028888888888889,20.648888888888887,1.0,True,3,3,0.3004306969549469,0.699569303045053,0.27325487401527476,0.7267451259847251,exp10_jointfirst_v5_60m__analysis_full.zip!RUN/J3__W_TDM_CVAML/analysis/checkpoint_curve.csv,MPTC,85.33,项目交接参考；当前归档未找到原始 S 阶段解析 CSV,UAGMC_SOURCE passenger-only + LQ,84.19,128.76,exp11 同包曲线；训练种子 1；评估种子 123-125,Joint 与 passenger-only 控制权不同；跨矩阵训练实现/guard 未必完全锁定
exp10,J3__W_TDM_CVAML,J3,W_TDM_CVAML,1,150000,136.3022222222222,107.2788888888889,7.266666666666667,20.79111111111111,1.0,True,3,3,0.26214573529151536,0.7378542647084846,0.273054838186978,0.7269451618130222,exp10_jointfirst_v5_60m__analysis_full.zip!RUN/J3__W_TDM_CVAML/analysis/checkpoint_curve.csv,MPTC,85.33,项目交接参考；当前归档未找到原始 S 阶段解析 CSV,UAGMC_SOURCE passenger-only + LQ,84.19,128.76,exp11 同包曲线；训练种子 1；评估种子 123-125,Joint 与 passenger-only 控制权不同；跨矩阵训练实现/guard 未必完全锁定
exp10,J3__W_TDM_CVAML,J3,W_TDM_CVAML,1,200000,149.0111111111111,119.05,7.554444444444445,21.43111111111111,1.0,True,3,3,0.3818004689142211,0.618199531085779,0.22737488883499068,0.7726251111650093,exp10_jointfirst_v5_60m__analysis_full.zip!RUN/J3__W_TDM_CVAML/analysis/checkpoint_curve.csv,MPTC,85.33,项目交接参考；当前归档未找到原始 S 阶段解析 CSV,UAGMC_SOURCE passenger-only + LQ,84.19,128.76,exp11 同包曲线；训练种子 1；评估种子 123-125,Joint 与 passenger-only 控制权不同；跨矩阵训练实现/guard 未必完全锁定
exp10,J3__W_TDM_CVAML,J3,W_TDM_CVAML,1,250000,159.8322222222222,129.79,7.646666666666666,21.426666666666666,1.0,True,3,3,0.4803638077019372,0.5196361922980628,0.2938576060878219,0.7061423939121781,exp10_jointfirst_v5_60m__analysis_full.zip!RUN/J3__W_TDM_CVAML/analysis/checkpoint_curve.csv,MPTC,85.33,项目交接参考；当前归档未找到原始 S 阶段解析 CSV,UAGMC_SOURCE passenger-only + LQ,84.19,128.76,exp11 同包曲线；训练种子 1；评估种子 123-125,Joint 与 passenger-only 控制权不同；跨矩阵训练实现/guard 未必完全锁定
exp10,J3__W_TDM_CVAML,J3,W_TDM_CVAML,1,300000,147.05666666666664,116.9511111111111,7.621111111111111,21.515555555555554,1.0,True,3,3,0.542518204742803,0.457481795257197,0.32816022398758776,0.6718397760124123,exp10_jointfirst_v5_60m__analysis_full.zip!RUN/J3__W_TDM_CVAML/analysis/checkpoint_curve.csv,MPTC,85.33,项目交接参考；当前归档未找到原始 S 阶段解析 CSV,UAGMC_SOURCE passenger-only + LQ,84.19,128.76,exp11 同包曲线；训练种子 1；评估种子 123-125,Joint 与 passenger-only 控制权不同；跨矩阵训练实现/guard 未必完全锁定
exp10,J3__W_TDM_CVAML,J3,W_TDM_CVAML,1,350000,139.43555555555554,109.43666666666665,7.640000000000001,21.37777777777778,1.0,True,3,3,0.45232861290377285,0.5476713870962272,0.3260085291570117,0.6739914708429883,exp10_jointfirst_v5_60m__analysis_full.zip!RUN/J3__W_TDM_CVAML/analysis/checkpoint_curve.csv,MPTC,85.33,项目交接参考；当前归档未找到原始 S 阶段解析 CSV,UAGMC_SOURCE passenger-only + LQ,84.19,128.76,exp11 同包曲线；训练种子 1；评估种子 123-125,Joint 与 passenger-only 控制权不同；跨矩阵训练实现/guard 未必完全锁定
exp10,J3__W_TDM_CVAML,J3,W_TDM_CVAML,1,400000,146.91444444444446,116.7,7.762222222222223,21.471111111111114,1.0,True,3,3,0.4404629423289183,0.5595370576710818,0.33443106727709804,0.665568932722902,exp10_jointfirst_v5_60m__analysis_full.zip!RUN/J3__W_TDM_CVAML/analysis/checkpoint_curve.csv,MPTC,85.33,项目交接参考；当前归档未找到原始 S 阶段解析 CSV,UAGMC_SOURCE passenger-only + LQ,84.19,128.76,exp11 同包曲线；训练种子 1；评估种子 123-125,Joint 与 passenger-only 控制权不同；跨矩阵训练实现/guard 未必完全锁定
exp10,J3__W_TDM_CVAML,J3,W_TDM_CVAML,1,450000,127.36666666666667,97.98222222222222,7.510000000000001,20.897777777777776,1.0,True,3,3,0.428922805258618,0.5710771947413821,0.28928744655607236,0.7107125534439276,exp10_jointfirst_v5_60m__analysis_full.zip!RUN/J3__W_TDM_CVAML/analysis/checkpoint_curve.csv,MPTC,85.33,项目交接参考；当前归档未找到原始 S 阶段解析 CSV,UAGMC_SOURCE passenger-only + LQ,84.19,128.76,exp11 同包曲线；训练种子 1；评估种子 123-125,Joint 与 passenger-only 控制权不同；跨矩阵训练实现/guard 未必完全锁定
exp10,J3__W_TDM_CVAML,J3,W_TDM_CVAML,1,500000,131.58888888888887,102.28666666666668,7.395555555555556,20.93777777777778,1.0,True,3,3,0.4081354125969103,0.5918645874030898,0.3395244526423698,0.6604755473576303,exp10_jointfirst_v5_60m__analysis_full.zip!RUN/J3__W_TDM_CVAML/analysis/checkpoint_curve.csv,MPTC,85.33,项目交接参考；当前归档未找到原始 S 阶段解析 CSV,UAGMC_SOURCE passenger-only + LQ,84.19,128.76,exp11 同包曲线；训练种子 1；评估种子 123-125,Joint 与 passenger-only 控制权不同；跨矩阵训练实现/guard 未必完全锁定
exp10,J3__W_TDM_CVAML,J3,W_TDM_CVAML,1,550000,130.09777777777776,101.06333333333333,7.272222222222222,20.804444444444446,1.0,True,3,3,0.4502283043400117,0.5497716956599883,0.335662352094013,0.6643376479059869,exp10_jointfirst_v5_60m__analysis_full.zip!RUN/J3__W_TDM_CVAML/analysis/checkpoint_curve.csv,MPTC,85.33,项目交接参考；当前归档未找到原始 S 阶段解析 CSV,UAGMC_SOURCE passenger-only + LQ,84.19,128.76,exp11 同包曲线；训练种子 1；评估种子 123-125,Joint 与 passenger-only 控制权不同；跨矩阵训练实现/guard 未必完全锁定
exp10,J3__W_TDM_CVAML,J3,W_TDM_CVAML,1,600000,137.64222222222222,108.01777777777778,7.495555555555555,21.164444444444445,1.0,True,3,3,0.46647335959972197,0.5335266404002781,0.37443249975495196,0.625567500245048,exp10_jointfirst_v5_60m__analysis_full.zip!RUN/J3__W_TDM_CVAML/analysis/checkpoint_curve.csv,MPTC,85.33,项目交接参考；当前归档未找到原始 S 阶段解析 CSV,UAGMC_SOURCE passenger-only + LQ,84.19,128.76,exp11 同包曲线；训练种子 1；评估种子 123-125,Joint 与 passenger-only 控制权不同；跨矩阵训练实现/guard 未必完全锁定
exp10,J4__A_COMA_AC,J4,A_COMA_AC,1,50000,147.3077777777778,119.38444444444444,6.863333333333333,20.133333333333333,1.0,True,3,3,0.36870991906782474,0.6312900809321753,0.8199587346959151,0.18004126530408496,exp10_jointfirst_v5_60m__analysis_full.zip!RUN/J4__A_COMA_AC/analysis/checkpoint_curve.csv,MPTC,85.33,项目交接参考；当前归档未找到原始 S 阶段解析 CSV,UAGMC_SOURCE passenger-only + LQ,84.19,128.76,exp11 同包曲线；训练种子 1；评估种子 123-125,Joint 与 passenger-only 控制权不同；跨矩阵训练实现/guard 未必完全锁定
exp10,J4__A_COMA_AC,J4,A_COMA_AC,1,100000,194.90333333333334,162.7288888888889,8.374444444444444,22.822222222222223,1.0,True,3,3,0.8098230502712472,0.1901769497287528,0.8408503745598356,0.1591496254401644,exp10_jointfirst_v5_60m__analysis_full.zip!RUN/J4__A_COMA_AC/analysis/checkpoint_curve.csv,MPTC,85.33,项目交接参考；当前归档未找到原始 S 阶段解析 CSV,UAGMC_SOURCE passenger-only + LQ,84.19,128.76,exp11 同包曲线；训练种子 1；评估种子 123-125,Joint 与 passenger-only 控制权不同；跨矩阵训练实现/guard 未必完全锁定
exp10,J4__A_COMA_AC,J4,A_COMA_AC,1,150000,205.73444444444445,173.3688888888889,8.466666666666667,22.924444444444447,1.0,True,3,3,0.8588210653079442,0.14117893469205578,0.28832022590056455,0.7116797740994354,exp10_jointfirst_v5_60m__analysis_full.zip!RUN/J4__A_COMA_AC/analysis/checkpoint_curve.csv,MPTC,85.33,项目交接参考；当前归档未找到原始 S 阶段解析 CSV,UAGMC_SOURCE passenger-only + LQ,84.19,128.76,exp11 同包曲线；训练种子 1；评估种子 123-125,Joint 与 passenger-only 控制权不同；跨矩阵训练实现/guard 未必完全锁定
exp10,J4__A_COMA_AC,J4,A_COMA_AC,1,200000,181.5011111111111,150.04222222222222,8.115555555555558,22.382222222222225,1.0,True,3,3,0.6978752416691156,0.30212475833088437,0.37061637709157474,0.6293836229084252,exp10_jointfirst_v5_60m__analysis_full.zip!RUN/J4__A_COMA_AC/analysis/checkpoint_curve.csv,MPTC,85.33,项目交接参考；当前归档未找到原始 S 阶段解析 CSV,UAGMC_SOURCE passenger-only + LQ,84.19,128.76,exp11 同包曲线；训练种子 1；评估种子 123-125,Joint 与 passenger-only 控制权不同；跨矩阵训练实现/guard 未必完全锁定
exp10,J4__A_COMA_AC,J4,A_COMA_AC,1,250000,192.38555555555556,162.01,7.745555555555555,21.657777777777778,1.0,True,3,3,0.5434430272274148,0.45655697277258517,0.3206886036037601,0.6793113963962399,exp10_jointfirst_v5_60m__analysis_full.zip!RUN/J4__A_COMA_AC/analysis/checkpoint_curve.csv,MPTC,85.33,项目交接参考；当前归档未找到原始 S 阶段解析 CSV,UAGMC_SOURCE passenger-only + LQ,84.19,128.76,exp11 同包曲线；训练种子 1；评估种子 123-125,Joint 与 passenger-only 控制权不同；跨矩阵训练实现/guard 未必完全锁定
exp10,J4__A_COMA_AC,J4,A_COMA_AC,1,300000,144.6211111111111,114.97000000000001,7.482222222222222,21.195555555555554,1.0,True,3,3,0.36467324705281534,0.6353267529471845,0.35749878856921313,0.642501211430787,exp10_jointfirst_v5_60m__analysis_full.zip!RUN/J4__A_COMA_AC/analysis/checkpoint_curve.csv,MPTC,85.33,项目交接参考；当前归档未找到原始 S 阶段解析 CSV,UAGMC_SOURCE passenger-only + LQ,84.19,128.76,exp11 同包曲线；训练种子 1；评估种子 123-125,Joint 与 passenger-only 控制权不同；跨矩阵训练实现/guard 未必完全锁定
exp10,J4__A_COMA_AC,J4,A_COMA_AC,1,350000,155.05444444444444,125.26666666666667,7.472222222222221,21.333333333333332,1.0,True,3,3,0.30631267690131825,0.6936873230986818,0.4242647015606356,0.5757352984393643,exp10_jointfirst_v5_60m__analysis_full.zip!RUN/J4__A_COMA_AC/analysis/checkpoint_curve.csv,MPTC,85.33,项目交接参考；当前归档未找到原始 S 阶段解析 CSV,UAGMC_SOURCE passenger-only + LQ,84.19,128.76,exp11 同包曲线；训练种子 1；评估种子 123-125,Joint 与 passenger-only 控制权不同；跨矩阵训练实现/guard 未必完全锁定
exp10,J4__A_COMA_AC,J4,A_COMA_AC,1,400000,167.39222222222222,136.79444444444445,7.812222222222222,21.844444444444445,1.0,True,3,3,0.5053199220622088,0.4946800779377912,0.2521902326348788,0.7478097673651213,exp10_jointfirst_v5_60m__analysis_full.zip!RUN/J4__A_COMA_AC/analysis/checkpoint_curve.csv,MPTC,85.33,项目交接参考；当前归档未找到原始 S 阶段解析 CSV,UAGMC_SOURCE passenger-only + LQ,84.19,128.76,exp11 同包曲线；训练种子 1；评估种子 123-125,Joint 与 passenger-only 控制权不同；跨矩阵训练实现/guard 未必完全锁定
exp10,J4__A_COMA_AC,J4,A_COMA_AC,1,450000,153.42666666666665,123.38777777777777,7.653333333333333,21.408888888888885,1.0,True,3,3,0.3601225072866126,0.6398774927133873,0.3288057285103619,0.6711942714896382,exp10_jointfirst_v5_60m__analysis_full.zip!RUN/J4__A_COMA_AC/analysis/checkpoint_curve.csv,MPTC,85.33,项目交接参考；当前归档未找到原始 S 阶段解析 CSV,UAGMC_SOURCE passenger-only + LQ,84.19,128.76,exp11 同包曲线；训练种子 1；评估种子 123-125,Joint 与 passenger-only 控制权不同；跨矩阵训练实现/guard 未必完全锁定
exp10,J4__A_COMA_AC,J4,A_COMA_AC,1,500000,127.63444444444444,98.55333333333333,7.226666666666667,20.866666666666664,1.0,True,3,3,0.3014328962721879,0.6985671037278122,0.3726825990623483,0.6273174009376518,exp10_jointfirst_v5_60m__analysis_full.zip!RUN/J4__A_COMA_AC/analysis/checkpoint_curve.csv,MPTC,85.33,项目交接参考；当前归档未找到原始 S 阶段解析 CSV,UAGMC_SOURCE passenger-only + LQ,84.19,128.76,exp11 同包曲线；训练种子 1；评估种子 123-125,Joint 与 passenger-only 控制权不同；跨矩阵训练实现/guard 未必完全锁定
exp10,J4__A_COMA_AC,J4,A_COMA_AC,1,550000,128.96555555555554,99.89555555555556,7.236666666666667,20.844444444444445,1.0,True,3,3,0.32086331241555066,0.6791366875844492,0.3839533758400992,0.6160466241599009,exp10_jointfirst_v5_60m__analysis_full.zip!RUN/J4__A_COMA_AC/analysis/checkpoint_curve.csv,MPTC,85.33,项目交接参考；当前归档未找到原始 S 阶段解析 CSV,UAGMC_SOURCE passenger-only + LQ,84.19,128.76,exp11 同包曲线；训练种子 1；评估种子 123-125,Joint 与 passenger-only 控制权不同；跨矩阵训练实现/guard 未必完全锁定
exp10,J4__A_COMA_AC,J4,A_COMA_AC,1,600000,131.4611111111111,102.93444444444445,7.042222222222222,20.51111111111111,1.0,True,3,3,0.39942136362166797,0.6005786363783319,0.48323316025155877,0.5167668397484412,exp10_jointfirst_v5_60m__analysis_full.zip!RUN/J4__A_COMA_AC/analysis/checkpoint_curve.csv,MPTC,85.33,项目交接参考；当前归档未找到原始 S 阶段解析 CSV,UAGMC_SOURCE passenger-only + LQ,84.19,128.76,exp11 同包曲线；训练种子 1；评估种子 123-125,Joint 与 passenger-only 控制权不同；跨矩阵训练实现/guard 未必完全锁定
exp10,J4__A_DEEPMDP_AC,J4,A_DEEPMDP_AC,1,50000,216.99222222222224,187.51999999999998,7.304444444444445,21.2,1.0,True,3,3,0.6820405303343211,0.3179594696656789,0.6788148684244502,0.3211851315755498,exp10_jointfirst_v5_60m__analysis_full.zip!RUN/J4__A_DEEPMDP_AC/analysis/checkpoint_curve.csv,MPTC,85.33,项目交接参考；当前归档未找到原始 S 阶段解析 CSV,UAGMC_SOURCE passenger-only + LQ,84.19,128.76,exp11 同包曲线；训练种子 1；评估种子 123-125,Joint 与 passenger-only 控制权不同；跨矩阵训练实现/guard 未必完全锁定
exp10,J4__A_DEEPMDP_AC,J4,A_DEEPMDP_AC,1,100000,296.10111111111115,264.4355555555556,8.247777777777777,22.44,1.0,True,3,3,0.6186753560812202,0.38132464391877985,0.043783604912666745,0.9562163950873334,exp10_jointfirst_v5_60m__analysis_full.zip!RUN/J4__A_DEEPMDP_AC/analysis/checkpoint_curve.csv,MPTC,85.33,项目交接参考；当前归档未找到原始 S 阶段解析 CSV,UAGMC_SOURCE passenger-only + LQ,84.19,128.76,exp11 同包曲线；训练种子 1；评估种子 123-125,Joint 与 passenger-only 控制权不同；跨矩阵训练实现/guard 未必完全锁定
exp10,J4__A_DEEPMDP_AC,J4,A_DEEPMDP_AC,1,150000,252.9988888888889,221.39000000000001,8.232222222222223,22.399999999999995,1.0,True,3,3,0.4453456121997608,0.5546543878002391,0.1065107656659023,0.8934892343340977,exp10_jointfirst_v5_60m__analysis_full.zip!RUN/J4__A_DEEPMDP_AC/analysis/checkpoint_curve.csv,MPTC,85.33,项目交接参考；当前归档未找到原始 S 阶段解析 CSV,UAGMC_SOURCE passenger-only + LQ,84.19,128.76,exp11 同包曲线；训练种子 1；评估种子 123-125,Joint 与 passenger-only 控制权不同；跨矩阵训练实现/guard 未必完全锁定
exp10,J4__A_DEEPMDP_AC,J4,A_DEEPMDP_AC,1,200000,142.89666666666668,113.21777777777777,7.4944444444444445,21.217777777777776,1.0,True,3,3,0.5298171034693332,0.47018289653066675,0.3480854482037256,0.6519145517962744,exp10_jointfirst_v5_60m__analysis_full.zip!RUN/J4__A_DEEPMDP_AC/analysis/checkpoint_curve.csv,MPTC,85.33,项目交接参考；当前归档未找到原始 S 阶段解析 CSV,UAGMC_SOURCE passenger-only + LQ,84.19,128.76,exp11 同包曲线；训练种子 1；评估种子 123-125,Joint 与 passenger-only 控制权不同；跨矩阵训练实现/guard 未必完全锁定
exp10,J4__A_DEEPMDP_AC,J4,A_DEEPMDP_AC,1,250000,131.10888888888888,101.83111111111111,7.366666666666667,20.92888888888889,1.0,True,3,3,0.46170733547264203,0.5382926645273579,0.3877500151956211,0.612249984804379,exp10_jointfirst_v5_60m__analysis_full.zip!RUN/J4__A_DEEPMDP_AC/analysis/checkpoint_curve.csv,MPTC,85.33,项目交接参考；当前归档未找到原始 S 阶段解析 CSV,UAGMC_SOURCE passenger-only + LQ,84.19,128.76,exp11 同包曲线；训练种子 1；评估种子 123-125,Joint 与 passenger-only 控制权不同；跨矩阵训练实现/guard 未必完全锁定
exp10,J4__A_DEEPMDP_AC,J4,A_DEEPMDP_AC,1,300000,174.12555555555556,144.36444444444444,7.543333333333333,21.235555555555553,1.0,True,3,3,0.5782043216862318,0.4217956783137682,0.48684595307980505,0.513154046920195,exp10_jointfirst_v5_60m__analysis_full.zip!RUN/J4__A_DEEPMDP_AC/analysis/checkpoint_curve.csv,MPTC,85.33,项目交接参考；当前归档未找到原始 S 阶段解析 CSV,UAGMC_SOURCE passenger-only + LQ,84.19,128.76,exp11 同包曲线；训练种子 1；评估种子 123-125,Joint 与 passenger-only 控制权不同；跨矩阵训练实现/guard 未必完全锁定
exp10,J4__A_DEEPMDP_AC,J4,A_DEEPMDP_AC,1,350000,170.48111111111112,141.30777777777777,7.246666666666667,20.942222222222224,1.0,True,3,3,0.5576252492806786,0.44237475071932136,0.471946819930799,0.528053180069201,exp10_jointfirst_v5_60m__analysis_full.zip!RUN/J4__A_DEEPMDP_AC/analysis/checkpoint_curve.csv,MPTC,85.33,项目交接参考；当前归档未找到原始 S 阶段解析 CSV,UAGMC_SOURCE passenger-only + LQ,84.19,128.76,exp11 同包曲线；训练种子 1；评估种子 123-125,Joint 与 passenger-only 控制权不同；跨矩阵训练实现/guard 未必完全锁定
exp10,J4__A_DEEPMDP_AC,J4,A_DEEPMDP_AC,1,400000,128.85555555555555,100.13999999999999,7.0811111111111105,20.64888888888889,1.0,True,3,3,0.4895988528143815,0.5104011471856186,0.42765549046942386,0.5723445095305761,exp10_jointfirst_v5_60m__analysis_full.zip!RUN/J4__A_DEEPMDP_AC/analysis/checkpoint_curve.csv,MPTC,85.33,项目交接参考；当前归档未找到原始 S 阶段解析 CSV,UAGMC_SOURCE passenger-only + LQ,84.19,128.76,exp11 同包曲线；训练种子 1；评估种子 123-125,Joint 与 passenger-only 控制权不同；跨矩阵训练实现/guard 未必完全锁定
exp10,J4__A_DEEPMDP_AC,J4,A_DEEPMDP_AC,1,450000,135.70333333333335,106.95444444444445,7.0377777777777775,20.76888888888889,1.0,True,3,3,0.4556057668851965,0.5443942331148034,0.4640090076579167,0.5359909923420833,exp10_jointfirst_v5_60m__analysis_full.zip!RUN/J4__A_DEEPMDP_AC/analysis/checkpoint_curve.csv,MPTC,85.33,项目交接参考；当前归档未找到原始 S 阶段解析 CSV,UAGMC_SOURCE passenger-only + LQ,84.19,128.76,exp11 同包曲线；训练种子 1；评估种子 123-125,Joint 与 passenger-only 控制权不同；跨矩阵训练实现/guard 未必完全锁定
exp10,J4__A_DEEPMDP_AC,J4,A_DEEPMDP_AC,1,500000,126.25777777777778,98.04555555555555,6.9622222222222225,20.342222222222222,1.0,True,3,3,0.38426968673123535,0.6157303132687646,0.4799753484885592,0.5200246515114407,exp10_jointfirst_v5_60m__analysis_full.zip!RUN/J4__A_DEEPMDP_AC/analysis/checkpoint_curve.csv,MPTC,85.33,项目交接参考；当前归档未找到原始 S 阶段解析 CSV,UAGMC_SOURCE passenger-only + LQ,84.19,128.76,exp11 同包曲线；训练种子 1；评估种子 123-125,Joint 与 passenger-only 控制权不同；跨矩阵训练实现/guard 未必完全锁定
exp10,J4__A_DEEPMDP_AC,J4,A_DEEPMDP_AC,1,550000,126.50111111111111,98.25777777777778,6.921111111111112,20.426666666666666,1.0,True,3,3,0.43838356996769057,0.5616164300323093,0.5523144535412846,0.44768554645871533,exp10_jointfirst_v5_60m__analysis_full.zip!RUN/J4__A_DEEPMDP_AC/analysis/checkpoint_curve.csv,MPTC,85.33,项目交接参考；当前归档未找到原始 S 阶段解析 CSV,UAGMC_SOURCE passenger-only + LQ,84.19,128.76,exp11 同包曲线；训练种子 1；评估种子 123-125,Joint 与 passenger-only 控制权不同；跨矩阵训练实现/guard 未必完全锁定
exp10,J4__A_DEEPMDP_AC,J4,A_DEEPMDP_AC,1,600000,142.37,114.27111111111113,6.843333333333334,20.34222222222222,1.0,True,3,3,0.41061330036953664,0.5893866996304634,0.5748974975717761,0.42510250242822395,exp10_jointfirst_v5_60m__analysis_full.zip!RUN/J4__A_DEEPMDP_AC/analysis/checkpoint_curve.csv,MPTC,85.33,项目交接参考；当前归档未找到原始 S 阶段解析 CSV,UAGMC_SOURCE passenger-only + LQ,84.19,128.76,exp11 同包曲线；训练种子 1；评估种子 123-125,Joint 与 passenger-only 控制权不同；跨矩阵训练实现/guard 未必完全锁定
exp10,J4__A_DIRECT_CQM,J4,A_DIRECT_CQM,1,50000,118.90666666666668,90.02,7.197777777777778,20.733333333333334,1.0,True,3,3,0.49081704070132465,0.5091829592986753,0.5997258828150871,0.4002741171849129,exp10_jointfirst_v5_60m__analysis_full.zip!RUN/J4__A_DIRECT_CQM/analysis/checkpoint_curve.csv,MPTC,85.33,项目交接参考；当前归档未找到原始 S 阶段解析 CSV,UAGMC_SOURCE passenger-only + LQ,84.19,128.76,exp11 同包曲线；训练种子 1；评估种子 123-125,Joint 与 passenger-only 控制权不同；跨矩阵训练实现/guard 未必完全锁定
exp10,J4__A_DIRECT_CQM,J4,A_DIRECT_CQM,1,100000,226.20666666666668,193.91222222222223,8.53,22.804444444444442,1.0,True,3,3,0.9752039952701445,0.024796004729855593,0.07008765768332792,0.9299123423166721,exp10_jointfirst_v5_60m__analysis_full.zip!RUN/J4__A_DIRECT_CQM/analysis/checkpoint_curve.csv,MPTC,85.33,项目交接参考；当前归档未找到原始 S 阶段解析 CSV,UAGMC_SOURCE passenger-only + LQ,84.19,128.76,exp11 同包曲线；训练种子 1；评估种子 123-125,Joint 与 passenger-only 控制权不同；跨矩阵训练实现/guard 未必完全锁定
exp10,J4__A_DIRECT_CQM,J4,A_DIRECT_CQM,1,150000,256.01,224.57333333333335,8.213333333333333,22.28,1.0,True,3,3,0.6049679677975388,0.3950320322024612,0.42909194097993736,0.5709080590200627,exp10_jointfirst_v5_60m__analysis_full.zip!RUN/J4__A_DIRECT_CQM/analysis/checkpoint_curve.csv,MPTC,85.33,项目交接参考；当前归档未找到原始 S 阶段解析 CSV,UAGMC_SOURCE passenger-only + LQ,84.19,128.76,exp11 同包曲线；训练种子 1；评估种子 123-125,Joint 与 passenger-only 控制权不同；跨矩阵训练实现/guard 未必完全锁定
exp10,J4__A_DIRECT_CQM,J4,A_DIRECT_CQM,1,200000,135.39888888888888,105.60222222222222,7.681111111111111,21.177777777777777,1.0,True,3,3,0.5543899643717,0.4456100356283,0.517314196572282,0.4826858034277181,exp10_jointfirst_v5_60m__analysis_full.zip!RUN/J4__A_DIRECT_CQM/analysis/checkpoint_curve.csv,MPTC,85.33,项目交接参考；当前归档未找到原始 S 阶段解析 CSV,UAGMC_SOURCE passenger-only + LQ,84.19,128.76,exp11 同包曲线；训练种子 1；评估种子 123-125,Joint 与 passenger-only 控制权不同；跨矩阵训练实现/guard 未必完全锁定
exp10,J4__A_DIRECT_CQM,J4,A_DIRECT_CQM,1,250000,165.86555555555555,134.84111111111113,8.08,22.0,1.0,True,3,3,0.6380060530538602,0.3619939469461399,0.5508993709709711,0.4491006290290289,exp10_jointfirst_v5_60m__analysis_full.zip!RUN/J4__A_DIRECT_CQM/analysis/checkpoint_curve.csv,MPTC,85.33,项目交接参考；当前归档未找到原始 S 阶段解析 CSV,UAGMC_SOURCE passenger-only + LQ,84.19,128.76,exp11 同包曲线；训练种子 1；评估种子 123-125,Joint 与 passenger-only 控制权不同；跨矩阵训练实现/guard 未必完全锁定
exp10,J4__A_DIRECT_CQM,J4,A_DIRECT_CQM,1,300000,138.47333333333333,108.67888888888889,7.611111111111111,21.21777777777778,1.0,True,3,3,0.6410332973944116,0.35896670260558833,0.5647489786998975,0.4352510213001024,exp10_jointfirst_v5_60m__analysis_full.zip!RUN/J4__A_DIRECT_CQM/analysis/checkpoint_curve.csv,MPTC,85.33,项目交接参考；当前归档未找到原始 S 阶段解析 CSV,UAGMC_SOURCE passenger-only + LQ,84.19,128.76,exp11 同包曲线；训练种子 1；评估种子 123-125,Joint 与 passenger-only 控制权不同；跨矩阵训练实现/guard 未必完全锁定
exp10,J4__A_DIRECT_CQM,J4,A_DIRECT_CQM,1,350000,147.23222222222225,116.92777777777776,7.734444444444445,21.622222222222224,1.0,True,3,3,0.5983907692967892,0.4016092307032107,0.5159559219254691,0.48404407807453076,exp10_jointfirst_v5_60m__analysis_full.zip!RUN/J4__A_DIRECT_CQM/analysis/checkpoint_curve.csv,MPTC,85.33,项目交接参考；当前归档未找到原始 S 阶段解析 CSV,UAGMC_SOURCE passenger-only + LQ,84.19,128.76,exp11 同包曲线；训练种子 1；评估种子 123-125,Joint 与 passenger-only 控制权不同；跨矩阵训练实现/guard 未必完全锁定
exp10,J4__A_DIRECT_CQM,J4,A_DIRECT_CQM,1,400000,133.29333333333332,103.43333333333334,7.598888888888889,21.302222222222223,1.0,True,3,3,0.5941147332053159,0.4058852667946841,0.5715273385489971,0.428472661451003,exp10_jointfirst_v5_60m__analysis_full.zip!RUN/J4__A_DIRECT_CQM/analysis/checkpoint_curve.csv,MPTC,85.33,项目交接参考；当前归档未找到原始 S 阶段解析 CSV,UAGMC_SOURCE passenger-only + LQ,84.19,128.76,exp11 同包曲线；训练种子 1；评估种子 123-125,Joint 与 passenger-only 控制权不同；跨矩阵训练实现/guard 未必完全锁定
exp10,J4__A_DIRECT_CQM,J4,A_DIRECT_CQM,1,450000,124.42333333333333,95.07222222222221,7.383333333333333,21.01777777777778,1.0,True,3,3,0.5897034753861866,0.41029652461381344,0.570321236578604,0.42967876342139605,exp10_jointfirst_v5_60m__analysis_full.zip!RUN/J4__A_DIRECT_CQM/analysis/checkpoint_curve.csv,MPTC,85.33,项目交接参考；当前归档未找到原始 S 阶段解析 CSV,UAGMC_SOURCE passenger-only + LQ,84.19,128.76,exp11 同包曲线；训练种子 1；评估种子 123-125,Joint 与 passenger-only 控制权不同；跨矩阵训练实现/guard 未必完全锁定
exp10,J4__A_DIRECT_CQM,J4,A_DIRECT_CQM,1,500000,121.4888888888889,92.03333333333335,7.56,20.951111111111114,1.0,True,3,3,0.5408385689476961,0.45916143105230395,0.4961977070436334,0.5038022929563666,exp10_jointfirst_v5_60m__analysis_full.zip!RUN/J4__A_DIRECT_CQM/analysis/checkpoint_curve.csv,MPTC,85.33,项目交接参考；当前归档未找到原始 S 阶段解析 CSV,UAGMC_SOURCE passenger-only + LQ,84.19,128.76,exp11 同包曲线；训练种子 1；评估种子 123-125,Joint 与 passenger-only 控制权不同；跨矩阵训练实现/guard 未必完全锁定
exp10,J4__A_DIRECT_CQM,J4,A_DIRECT_CQM,1,550000,123.19777777777779,93.76,7.430000000000001,21.057777777777776,1.0,True,3,3,0.480300373927087,0.5196996260729131,0.43983323755312115,0.5601667624468789,exp10_jointfirst_v5_60m__analysis_full.zip!RUN/J4__A_DIRECT_CQM/analysis/checkpoint_curve.csv,MPTC,85.33,项目交接参考；当前归档未找到原始 S 阶段解析 CSV,UAGMC_SOURCE passenger-only + LQ,84.19,128.76,exp11 同包曲线；训练种子 1；评估种子 123-125,Joint 与 passenger-only 控制权不同；跨矩阵训练实现/guard 未必完全锁定
exp10,J4__A_DIRECT_CQM,J4,A_DIRECT_CQM,1,600000,130.9177777777778,101.45777777777778,7.30888888888889,21.191111111111113,1.0,True,3,3,0.4613766777474817,0.5386233222525182,0.4447837375773786,0.5552162624226215,exp10_jointfirst_v5_60m__analysis_full.zip!RUN/J4__A_DIRECT_CQM/analysis/checkpoint_curve.csv,MPTC,85.33,项目交接参考；当前归档未找到原始 S 阶段解析 CSV,UAGMC_SOURCE passenger-only + LQ,84.19,128.76,exp11 同包曲线；训练种子 1；评估种子 123-125,Joint 与 passenger-only 控制权不同；跨矩阵训练实现/guard 未必完全锁定
exp10,J4__A_ICM_AC,J4,A_ICM_AC,1,50000,99.19888888888887,72.39,6.448888888888889,19.391111111111112,1.0,True,3,3,0.06283446352829669,0.9371655364717033,0.2638774014871136,0.7361225985128864,exp10_jointfirst_v5_60m__analysis_full.zip!RUN/J4__A_ICM_AC/analysis/checkpoint_curve.csv,MPTC,85.33,项目交接参考；当前归档未找到原始 S 阶段解析 CSV,UAGMC_SOURCE passenger-only + LQ,84.19,128.76,exp11 同包曲线；训练种子 1；评估种子 123-125,Joint 与 passenger-only 控制权不同；跨矩阵训练实现/guard 未必完全锁定
exp10,J4__A_ICM_AC,J4,A_ICM_AC,1,100000,192.05444444444444,160.50555555555556,8.421111111111111,22.173333333333336,1.0,True,3,3,0.46691037103352007,0.5330896289664799,0.7021563448716973,0.2978436551283028,exp10_jointfirst_v5_60m__analysis_full.zip!RUN/J4__A_ICM_AC/analysis/checkpoint_curve.csv,MPTC,85.33,项目交接参考；当前归档未找到原始 S 阶段解析 CSV,UAGMC_SOURCE passenger-only + LQ,84.19,128.76,exp11 同包曲线；训练种子 1；评估种子 123-125,Joint 与 passenger-only 控制权不同；跨矩阵训练实现/guard 未必完全锁定
exp10,J4__A_ICM_AC,J4,A_ICM_AC,1,150000,160.07555555555555,129.48000000000002,7.964444444444445,21.662222222222223,1.0,True,3,3,0.4539245085439574,0.5460754914560427,0.42876038474353484,0.5712396152564652,exp10_jointfirst_v5_60m__analysis_full.zip!RUN/J4__A_ICM_AC/analysis/checkpoint_curve.csv,MPTC,85.33,项目交接参考；当前归档未找到原始 S 阶段解析 CSV,UAGMC_SOURCE passenger-only + LQ,84.19,128.76,exp11 同包曲线；训练种子 1；评估种子 123-125,Joint 与 passenger-only 控制权不同；跨矩阵训练实现/guard 未必完全锁定
exp10,J4__A_ICM_AC,J4,A_ICM_AC,1,200000,190.41222222222223,159.00777777777776,8.28111111111111,22.155555555555555,1.0,True,3,3,0.5840124666780401,0.41598753332196,0.2401125287836293,0.7598874712163708,exp10_jointfirst_v5_60m__analysis_full.zip!RUN/J4__A_ICM_AC/analysis/checkpoint_curve.csv,MPTC,85.33,项目交接参考；当前归档未找到原始 S 阶段解析 CSV,UAGMC_SOURCE passenger-only + LQ,84.19,128.76,exp11 同包曲线；训练种子 1；评估种子 123-125,Joint 与 passenger-only 控制权不同；跨矩阵训练实现/guard 未必完全锁定
exp10,J4__A_ICM_AC,J4,A_ICM_AC,1,250000,163.22555555555556,132.75333333333333,7.833333333333333,21.675555555555558,1.0,True,3,3,0.6810468186941997,0.31895318130580036,0.6224723324253898,0.3775276675746102,exp10_jointfirst_v5_60m__analysis_full.zip!RUN/J4__A_ICM_AC/analysis/checkpoint_curve.csv,MPTC,85.33,项目交接参考；当前归档未找到原始 S 阶段解析 CSV,UAGMC_SOURCE passenger-only + LQ,84.19,128.76,exp11 同包曲线；训练种子 1；评估种子 123-125,Joint 与 passenger-only 控制权不同；跨矩阵训练实现/guard 未必完全锁定
exp10,J4__A_ICM_AC,J4,A_ICM_AC,1,300000,170.02,138.85666666666665,8.044444444444444,22.15111111111111,1.0,True,3,3,0.8216630557210037,0.1783369442789963,0.6538261504776389,0.346173849522361,exp10_jointfirst_v5_60m__analysis_full.zip!RUN/J4__A_ICM_AC/analysis/checkpoint_curve.csv,MPTC,85.33,项目交接参考；当前归档未找到原始 S 阶段解析 CSV,UAGMC_SOURCE passenger-only + LQ,84.19,128.76,exp11 同包曲线；训练种子 1；评估种子 123-125,Joint 与 passenger-only 控制权不同；跨矩阵训练实现/guard 未必完全锁定
exp10,J4__A_ICM_AC,J4,A_ICM_AC,1,350000,147.41222222222223,116.60888888888888,7.982222222222222,21.862222222222226,1.0,True,3,3,0.7639583484566184,0.23604165154338164,0.6582340035973254,0.34176599640267463,exp10_jointfirst_v5_60m__analysis_full.zip!RUN/J4__A_ICM_AC/analysis/checkpoint_curve.csv,MPTC,85.33,项目交接参考；当前归档未找到原始 S 阶段解析 CSV,UAGMC_SOURCE passenger-only + LQ,84.19,128.76,exp11 同包曲线；训练种子 1；评估种子 123-125,Joint 与 passenger-only 控制权不同；跨矩阵训练实现/guard 未必完全锁定
exp10,J4__A_ICM_AC,J4,A_ICM_AC,1,400000,162.53,131.63111111111112,8.017777777777779,21.92,1.0,True,3,3,0.7307219842269307,0.2692780157730692,0.4772299303367313,0.5227700696632687,exp10_jointfirst_v5_60m__analysis_full.zip!RUN/J4__A_ICM_AC/analysis/checkpoint_curve.csv,MPTC,85.33,项目交接参考；当前归档未找到原始 S 阶段解析 CSV,UAGMC_SOURCE passenger-only + LQ,84.19,128.76,exp11 同包曲线；训练种子 1；评估种子 123-125,Joint 与 passenger-only 控制权不同；跨矩阵训练实现/guard 未必完全锁定
exp10,J4__A_ICM_AC,J4,A_ICM_AC,1,450000,128.20555555555555,98.41555555555556,7.558888888888888,21.26666666666667,1.0,True,3,3,0.6976293003010561,0.302370699698944,0.4090215834490644,0.5909784165509356,exp10_jointfirst_v5_60m__analysis_full.zip!RUN/J4__A_ICM_AC/analysis/checkpoint_curve.csv,MPTC,85.33,项目交接参考；当前归档未找到原始 S 阶段解析 CSV,UAGMC_SOURCE passenger-only + LQ,84.19,128.76,exp11 同包曲线；训练种子 1；评估种子 123-125,Joint 与 passenger-only 控制权不同；跨矩阵训练实现/guard 未必完全锁定
exp10,J4__A_ICM_AC,J4,A_ICM_AC,1,500000,123.77999999999999,94.14333333333333,7.478888888888889,21.186666666666667,1.0,True,3,3,0.6747902608809864,0.32520973911901363,0.4216975617021177,0.5783024382978823,exp10_jointfirst_v5_60m__analysis_full.zip!RUN/J4__A_ICM_AC/analysis/checkpoint_curve.csv,MPTC,85.33,项目交接参考；当前归档未找到原始 S 阶段解析 CSV,UAGMC_SOURCE passenger-only + LQ,84.19,128.76,exp11 同包曲线；训练种子 1；评估种子 123-125,Joint 与 passenger-only 控制权不同；跨矩阵训练实现/guard 未必完全锁定
exp10,J4__A_ICM_AC,J4,A_ICM_AC,1,550000,118.68444444444445,89.37222222222222,7.432222222222222,20.915555555555557,1.0,True,3,3,0.5643788705967409,0.4356211294032592,0.2501060536393054,0.7498939463606947,exp10_jointfirst_v5_60m__analysis_full.zip!RUN/J4__A_ICM_AC/analysis/checkpoint_curve.csv,MPTC,85.33,项目交接参考；当前归档未找到原始 S 阶段解析 CSV,UAGMC_SOURCE passenger-only + LQ,84.19,128.76,exp11 同包曲线；训练种子 1；评估种子 123-125,Joint 与 passenger-only 控制权不同；跨矩阵训练实现/guard 未必完全锁定
exp10,J4__A_ICM_AC,J4,A_ICM_AC,1,600000,111.01333333333332,82.34222222222223,7.114444444444445,20.582222222222224,1.0,True,3,3,0.5789093339717737,0.4210906660282263,0.448334940457058,0.551665059542942,exp10_jointfirst_v5_60m__analysis_full.zip!RUN/J4__A_ICM_AC/analysis/checkpoint_curve.csv,MPTC,85.33,项目交接参考；当前归档未找到原始 S 阶段解析 CSV,UAGMC_SOURCE passenger-only + LQ,84.19,128.76,exp11 同包曲线；训练种子 1；评估种子 123-125,Joint 与 passenger-only 控制权不同；跨矩阵训练实现/guard 未必完全锁定
exp10,J4__CURRENT,J4,CURRENT,1,50000,139.2222222222222,112.45111111111112,6.446666666666666,19.373333333333335,1.0,True,3,3,0.2692536841138335,0.7307463158861666,0.9160797625355834,0.08392023746441653,exp10_jointfirst_v5_60m__analysis_full.zip!RUN/J4__CURRENT/analysis/checkpoint_curve.csv,MPTC,85.33,项目交接参考；当前归档未找到原始 S 阶段解析 CSV,UAGMC_SOURCE passenger-only + LQ,84.19,128.76,exp11 同包曲线；训练种子 1；评估种子 123-125,Joint 与 passenger-only 控制权不同；跨矩阵训练实现/guard 未必完全锁定
exp10,J4__CURRENT,J4,CURRENT,1,100000,232.80222222222224,203.14666666666668,7.524444444444445,21.173333333333332,1.0,True,3,3,0.6917248964803312,0.30827510351966875,0.9122913203860846,0.08770867961391537,exp10_jointfirst_v5_60m__analysis_full.zip!RUN/J4__CURRENT/analysis/checkpoint_curve.csv,MPTC,85.33,项目交接参考；当前归档未找到原始 S 阶段解析 CSV,UAGMC_SOURCE passenger-only + LQ,84.19,128.76,exp11 同包曲线；训练种子 1；评估种子 123-125,Joint 与 passenger-only 控制权不同；跨矩阵训练实现/guard 未必完全锁定
exp10,J4__CURRENT,J4,CURRENT,1,150000,197.87555555555556,169.33666666666667,6.9688888888888885,20.68,1.0,True,3,3,0.42248071262481496,0.577519287375185,0.5930632001133439,0.40693679988665615,exp10_jointfirst_v5_60m__analysis_full.zip!RUN/J4__CURRENT/analysis/checkpoint_curve.csv,MPTC,85.33,项目交接参考；当前归档未找到原始 S 阶段解析 CSV,UAGMC_SOURCE passenger-only + LQ,84.19,128.76,exp11 同包曲线；训练种子 1；评估种子 123-125,Joint 与 passenger-only 控制权不同；跨矩阵训练实现/guard 未必完全锁定
exp10,J4__CURRENT,J4,CURRENT,1,200000,178.6988888888889,149.34777777777776,7.345555555555555,21.08888888888889,1.0,True,3,3,0.41948015539268696,0.5805198446073131,0.43255234976219,0.5674476502378101,exp10_jointfirst_v5_60m__analysis_full.zip!RUN/J4__CURRENT/analysis/checkpoint_curve.csv,MPTC,85.33,项目交接参考；当前归档未找到原始 S 阶段解析 CSV,UAGMC_SOURCE passenger-only + LQ,84.19,128.76,exp11 同包曲线；训练种子 1；评估种子 123-125,Joint 与 passenger-only 控制权不同；跨矩阵训练实现/guard 未必完全锁定
exp10,J4__CURRENT,J4,CURRENT,1,250000,169.21555555555554,139.73000000000002,7.291111111111111,21.27111111111111,1.0,True,3,3,0.5232075039521688,0.4767924960478312,0.2930296022102519,0.7069703977897479,exp10_jointfirst_v5_60m__analysis_full.zip!RUN/J4__CURRENT/analysis/checkpoint_curve.csv,MPTC,85.33,项目交接参考；当前归档未找到原始 S 阶段解析 CSV,UAGMC_SOURCE passenger-only + LQ,84.19,128.76,exp11 同包曲线；训练种子 1；评估种子 123-125,Joint 与 passenger-only 控制权不同；跨矩阵训练实现/guard 未必完全锁定
exp10,J4__CURRENT,J4,CURRENT,1,300000,156.97333333333336,127.78333333333335,7.196666666666666,21.075555555555557,1.0,True,3,3,0.4956101569218016,0.5043898430781985,0.39643049122398694,0.6035695087760131,exp10_jointfirst_v5_60m__analysis_full.zip!RUN/J4__CURRENT/analysis/checkpoint_curve.csv,MPTC,85.33,项目交接参考；当前归档未找到原始 S 阶段解析 CSV,UAGMC_SOURCE passenger-only + LQ,84.19,128.76,exp11 同包曲线；训练种子 1；评估种子 123-125,Joint 与 passenger-only 控制权不同；跨矩阵训练实现/guard 未必完全锁定
exp10,J4__CURRENT,J4,CURRENT,1,350000,161.11333333333334,131.22555555555556,7.428888888888889,21.537777777777777,1.0,True,3,3,0.6093638869599983,0.39063611304000173,0.12019302934017913,0.8798069706598208,exp10_jointfirst_v5_60m__analysis_full.zip!RUN/J4__CURRENT/analysis/checkpoint_curve.csv,MPTC,85.33,项目交接参考；当前归档未找到原始 S 阶段解析 CSV,UAGMC_SOURCE passenger-only + LQ,84.19,128.76,exp11 同包曲线；训练种子 1；评估种子 123-125,Joint 与 passenger-only 控制权不同；跨矩阵训练实现/guard 未必完全锁定
exp10,J4__CURRENT,J4,CURRENT,1,400000,155.00333333333333,125.44,7.276666666666666,21.342222222222222,1.0,True,3,3,0.4917392679876675,0.5082607320123326,0.31106608867492347,0.6889339113250764,exp10_jointfirst_v5_60m__analysis_full.zip!RUN/J4__CURRENT/analysis/checkpoint_curve.csv,MPTC,85.33,项目交接参考；当前归档未找到原始 S 阶段解析 CSV,UAGMC_SOURCE passenger-only + LQ,84.19,128.76,exp11 同包曲线；训练种子 1；评估种子 123-125,Joint 与 passenger-only 控制权不同；跨矩阵训练实现/guard 未必完全锁定
exp10,J4__CURRENT,J4,CURRENT,1,450000,145.36111111111111,115.48,7.448888888888888,21.47111111111111,1.0,True,3,3,0.5835344226426494,0.4164655773573507,0.3094184076196562,0.6905815923803438,exp10_jointfirst_v5_60m__analysis_full.zip!RUN/J4__CURRENT/analysis/checkpoint_curve.csv,MPTC,85.33,项目交接参考；当前归档未找到原始 S 阶段解析 CSV,UAGMC_SOURCE passenger-only + LQ,84.19,128.76,exp11 同包曲线；训练种子 1；评估种子 123-125,Joint 与 passenger-only 控制权不同；跨矩阵训练实现/guard 未必完全锁定
exp10,J4__CURRENT,J4,CURRENT,1,500000,165.31444444444443,135.3422222222222,7.390000000000001,21.613333333333333,1.0,True,3,3,0.5344151026291073,0.46558489737089265,0.3900677860249367,0.6099322139750634,exp10_jointfirst_v5_60m__analysis_full.zip!RUN/J4__CURRENT/analysis/checkpoint_curve.csv,MPTC,85.33,项目交接参考；当前归档未找到原始 S 阶段解析 CSV,UAGMC_SOURCE passenger-only + LQ,84.19,128.76,exp11 同包曲线；训练种子 1；评估种子 123-125,Joint 与 passenger-only 控制权不同；跨矩阵训练实现/guard 未必完全锁定
exp10,J4__CURRENT,J4,CURRENT,1,550000,162.79,133.1211111111111,7.225555555555556,21.47111111111111,1.0,True,3,3,0.4819789757193827,0.5180210242806172,0.3472426863271096,0.6527573136728904,exp10_jointfirst_v5_60m__analysis_full.zip!RUN/J4__CURRENT/analysis/checkpoint_curve.csv,MPTC,85.33,项目交接参考；当前归档未找到原始 S 阶段解析 CSV,UAGMC_SOURCE passenger-only + LQ,84.19,128.76,exp11 同包曲线；训练种子 1；评估种子 123-125,Joint 与 passenger-only 控制权不同；跨矩阵训练实现/guard 未必完全锁定
exp10,J4__CURRENT,J4,CURRENT,1,600000,161.03555555555556,131.71555555555557,7.058888888888888,21.28888888888889,1.0,True,3,3,0.5715873742659457,0.4284126257340543,0.4283381301238444,0.5716618698761556,exp10_jointfirst_v5_60m__analysis_full.zip!RUN/J4__CURRENT/analysis/checkpoint_curve.csv,MPTC,85.33,项目交接参考；当前归档未找到原始 S 阶段解析 CSV,UAGMC_SOURCE passenger-only + LQ,84.19,128.76,exp11 同包曲线；训练种子 1；评估种子 123-125,Joint 与 passenger-only 控制权不同；跨矩阵训练实现/guard 未必完全锁定
exp10,J4__R_EVENTQ,J4,R_EVENTQ,1,50000,124.54222222222222,97.10555555555555,6.736666666666667,19.826666666666668,1.0,True,3,3,0.21074739070046813,0.7892526092995319,0.9618914612489725,0.03810853875102743,exp10_jointfirst_v5_60m__analysis_full.zip!RUN/J4__R_EVENTQ/analysis/checkpoint_curve.csv,MPTC,85.33,项目交接参考；当前归档未找到原始 S 阶段解析 CSV,UAGMC_SOURCE passenger-only + LQ,84.19,128.76,exp11 同包曲线；训练种子 1；评估种子 123-125,Joint 与 passenger-only 控制权不同；跨矩阵训练实现/guard 未必完全锁定
exp10,J4__R_EVENTQ,J4,R_EVENTQ,1,100000,161.67333333333332,134.06777777777776,6.378888888888889,20.337777777777777,1.0,True,3,3,0.2357633609181613,0.7642366390818386,0.956592857921494,0.043407142078506045,exp10_jointfirst_v5_60m__analysis_full.zip!RUN/J4__R_EVENTQ/analysis/checkpoint_curve.csv,MPTC,85.33,项目交接参考；当前归档未找到原始 S 阶段解析 CSV,UAGMC_SOURCE passenger-only + LQ,84.19,128.76,exp11 同包曲线；训练种子 1；评估种子 123-125,Joint 与 passenger-only 控制权不同；跨矩阵训练实现/guard 未必完全锁定
exp10,J4__R_EVENTQ,J4,R_EVENTQ,1,150000,172.90666666666664,142.02222222222224,7.6433333333333335,22.29777777777778,1.0,True,3,3,0.8380843750775697,0.1619156249224303,0.6699947675910688,0.33000523240893126,exp10_jointfirst_v5_60m__analysis_full.zip!RUN/J4__R_EVENTQ/analysis/checkpoint_curve.csv,MPTC,85.33,项目交接参考；当前归档未找到原始 S 阶段解析 CSV,UAGMC_SOURCE passenger-only + LQ,84.19,128.76,exp11 同包曲线；训练种子 1；评估种子 123-125,Joint 与 passenger-only 控制权不同；跨矩阵训练实现/guard 未必完全锁定
exp10,J4__R_EVENTQ,J4,R_EVENTQ,1,200000,209.14888888888888,178.10999999999999,7.75,22.328888888888887,1.0,True,3,3,0.708675567490436,0.29132443250956397,0.640934679509065,0.35906532049093504,exp10_jointfirst_v5_60m__analysis_full.zip!RUN/J4__R_EVENTQ/analysis/checkpoint_curve.csv,MPTC,85.33,项目交接参考；当前归档未找到原始 S 阶段解析 CSV,UAGMC_SOURCE passenger-only + LQ,84.19,128.76,exp11 同包曲线；训练种子 1；评估种子 123-125,Joint 与 passenger-only 控制权不同；跨矩阵训练实现/guard 未必完全锁定
exp10,J4__R_EVENTQ,J4,R_EVENTQ,1,250000,179.00777777777776,148.04333333333332,7.732222222222223,22.26222222222222,1.0,True,3,3,0.798613189395431,0.20138681060456887,0.4675799178633824,0.5324200821366176,exp10_jointfirst_v5_60m__analysis_full.zip!RUN/J4__R_EVENTQ/analysis/checkpoint_curve.csv,MPTC,85.33,项目交接参考；当前归档未找到原始 S 阶段解析 CSV,UAGMC_SOURCE passenger-only + LQ,84.19,128.76,exp11 同包曲线；训练种子 1；评估种子 123-125,Joint 与 passenger-only 控制权不同；跨矩阵训练实现/guard 未必完全锁定
exp10,J4__R_EVENTQ,J4,R_EVENTQ,1,300000,135.00222222222223,105.36666666666667,7.227777777777778,21.435555555555556,1.0,True,3,3,0.5313277052374471,0.46867229476255307,0.5223949832995896,0.47760501670041045,exp10_jointfirst_v5_60m__analysis_full.zip!RUN/J4__R_EVENTQ/analysis/checkpoint_curve.csv,MPTC,85.33,项目交接参考；当前归档未找到原始 S 阶段解析 CSV,UAGMC_SOURCE passenger-only + LQ,84.19,128.76,exp11 同包曲线；训练种子 1；评估种子 123-125,Joint 与 passenger-only 控制权不同；跨矩阵训练实现/guard 未必完全锁定
exp10,J4__R_EVENTQ,J4,R_EVENTQ,1,350000,118.99000000000001,89.98333333333333,7.018888888888888,21.004444444444445,1.0,True,3,3,0.49834990367035653,0.5016500963296435,0.4043950175840638,0.5956049824159363,exp10_jointfirst_v5_60m__analysis_full.zip!RUN/J4__R_EVENTQ/analysis/checkpoint_curve.csv,MPTC,85.33,项目交接参考；当前归档未找到原始 S 阶段解析 CSV,UAGMC_SOURCE passenger-only + LQ,84.19,128.76,exp11 同包曲线；训练种子 1；评估种子 123-125,Joint 与 passenger-only 控制权不同；跨矩阵训练实现/guard 未必完全锁定
exp10,J4__R_EVENTQ,J4,R_EVENTQ,1,400000,120.77333333333335,92.93111111111112,6.747777777777777,20.115555555555556,1.0,True,3,3,0.16985499701980333,0.8301450029801968,0.6553781021126106,0.3446218978873894,exp10_jointfirst_v5_60m__analysis_full.zip!RUN/J4__R_EVENTQ/analysis/checkpoint_curve.csv,MPTC,85.33,项目交接参考；当前归档未找到原始 S 阶段解析 CSV,UAGMC_SOURCE passenger-only + LQ,84.19,128.76,exp11 同包曲线；训练种子 1；评估种子 123-125,Joint 与 passenger-only 控制权不同；跨矩阵训练实现/guard 未必完全锁定
exp10,J4__R_EVENTQ,J4,R_EVENTQ,1,450000,112.74222222222222,85.27222222222223,6.588888888888889,19.924444444444443,1.0,True,3,3,0.1567142490917406,0.8432857509082594,0.7356841853975937,0.26431581460240633,exp10_jointfirst_v5_60m__analysis_full.zip!RUN/J4__R_EVENTQ/analysis/checkpoint_curve.csv,MPTC,85.33,项目交接参考；当前归档未找到原始 S 阶段解析 CSV,UAGMC_SOURCE passenger-only + LQ,84.19,128.76,exp11 同包曲线；训练种子 1；评估种子 123-125,Joint 与 passenger-only 控制权不同；跨矩阵训练实现/guard 未必完全锁定
exp10,J4__R_EVENTQ,J4,R_EVENTQ,1,500000,124.22000000000001,97.30222222222221,6.467777777777777,19.497777777777777,1.0,True,3,3,0.07413748705480189,0.9258625129451982,0.7557420907307231,0.244257909269277,exp10_jointfirst_v5_60m__analysis_full.zip!RUN/J4__R_EVENTQ/analysis/checkpoint_curve.csv,MPTC,85.33,项目交接参考；当前归档未找到原始 S 阶段解析 CSV,UAGMC_SOURCE passenger-only + LQ,84.19,128.76,exp11 同包曲线；训练种子 1；评估种子 123-125,Joint 与 passenger-only 控制权不同；跨矩阵训练实现/guard 未必完全锁定
exp10,J4__R_EVENTQ,J4,R_EVENTQ,1,550000,118.41666666666667,91.53222222222222,6.47,19.47111111111111,1.0,True,3,3,0.07263688831626018,0.9273631116837399,0.7576765779284282,0.2423234220715718,exp10_jointfirst_v5_60m__analysis_full.zip!RUN/J4__R_EVENTQ/analysis/checkpoint_curve.csv,MPTC,85.33,项目交接参考；当前归档未找到原始 S 阶段解析 CSV,UAGMC_SOURCE passenger-only + LQ,84.19,128.76,exp11 同包曲线；训练种子 1；评估种子 123-125,Joint 与 passenger-only 控制权不同；跨矩阵训练实现/guard 未必完全锁定
exp10,J4__R_EVENTQ,J4,R_EVENTQ,1,600000,159.48666666666668,132.45222222222222,6.489999999999999,19.586666666666666,1.0,True,3,3,0.07505595871035549,0.9249440412896446,0.5635906434151847,0.4364093565848153,exp10_jointfirst_v5_60m__analysis_full.zip!RUN/J4__R_EVENTQ/analysis/checkpoint_curve.csv,MPTC,85.33,项目交接参考；当前归档未找到原始 S 阶段解析 CSV,UAGMC_SOURCE passenger-only + LQ,84.19,128.76,exp11 同包曲线；训练种子 1；评估种子 123-125,Joint 与 passenger-only 控制权不同；跨矩阵训练实现/guard 未必完全锁定
exp10,J4__R_TDM,J4,R_TDM,1,50000,153.1811111111111,124.07222222222221,7.1944444444444455,20.94666666666667,1.0,True,3,3,0.6206182022358493,0.3793817977641507,0.6749933757286698,0.32500662427133015,exp10_jointfirst_v5_60m__analysis_full.zip!RUN/J4__R_TDM/analysis/checkpoint_curve.csv,MPTC,85.33,项目交接参考；当前归档未找到原始 S 阶段解析 CSV,UAGMC_SOURCE passenger-only + LQ,84.19,128.76,exp11 同包曲线；训练种子 1；评估种子 123-125,Joint 与 passenger-only 控制权不同；跨矩阵训练实现/guard 未必完全锁定
exp10,J4__R_TDM,J4,R_TDM,1,100000,123.7911111111111,94.95,6.78,21.115555555555556,1.0,True,3,3,0.7249006468308409,0.27509935316915907,0.43464896013750404,0.565351039862496,exp10_jointfirst_v5_60m__analysis_full.zip!RUN/J4__R_TDM/analysis/checkpoint_curve.csv,MPTC,85.33,项目交接参考；当前归档未找到原始 S 阶段解析 CSV,UAGMC_SOURCE passenger-only + LQ,84.19,128.76,exp11 同包曲线；训练种子 1；评估种子 123-125,Joint 与 passenger-only 控制权不同；跨矩阵训练实现/guard 未必完全锁定
exp10,J4__R_TDM,J4,R_TDM,1,150000,152.82111111111112,124.06333333333335,6.873333333333332,20.906666666666666,1.0,True,3,3,0.5850454152249135,0.41495458477508657,0.720444059976932,0.27955594002306805,exp10_jointfirst_v5_60m__analysis_full.zip!RUN/J4__R_TDM/analysis/checkpoint_curve.csv,MPTC,85.33,项目交接参考；当前归档未找到原始 S 阶段解析 CSV,UAGMC_SOURCE passenger-only + LQ,84.19,128.76,exp11 同包曲线；训练种子 1；评估种子 123-125,Joint 与 passenger-only 控制权不同；跨矩阵训练实现/guard 未必完全锁定
exp10,J4__R_TDM,J4,R_TDM,1,200000,142.30666666666667,113.54555555555555,6.941111111111112,20.866666666666664,1.0,True,3,3,0.586928215808663,0.413071784191337,0.6262302511899036,0.37376974881009634,exp10_jointfirst_v5_60m__analysis_full.zip!RUN/J4__R_TDM/analysis/checkpoint_curve.csv,MPTC,85.33,项目交接参考；当前归档未找到原始 S 阶段解析 CSV,UAGMC_SOURCE passenger-only + LQ,84.19,128.76,exp11 同包曲线；训练种子 1；评估种子 123-125,Joint 与 passenger-only 控制权不同；跨矩阵训练实现/guard 未必完全锁定
exp10,J4__R_TDM,J4,R_TDM,1,250000,138.10777777777778,108.40777777777778,7.219999999999999,21.50222222222222,1.0,True,3,3,0.710186359492803,0.289813640507197,0.4870955985154956,0.5129044014845044,exp10_jointfirst_v5_60m__analysis_full.zip!RUN/J4__R_TDM/analysis/checkpoint_curve.csv,MPTC,85.33,项目交接参考；当前归档未找到原始 S 阶段解析 CSV,UAGMC_SOURCE passenger-only + LQ,84.19,128.76,exp11 同包曲线；训练种子 1；评估种子 123-125,Joint 与 passenger-only 控制权不同；跨矩阵训练实现/guard 未必完全锁定
exp10,J4__R_TDM,J4,R_TDM,1,300000,141.61222222222224,112.24444444444445,6.947777777777778,21.46666666666667,1.0,True,3,3,0.6735147238132054,0.3264852761867945,0.4181858124661031,0.5818141875338969,exp10_jointfirst_v5_60m__analysis_full.zip!RUN/J4__R_TDM/analysis/checkpoint_curve.csv,MPTC,85.33,项目交接参考；当前归档未找到原始 S 阶段解析 CSV,UAGMC_SOURCE passenger-only + LQ,84.19,128.76,exp11 同包曲线；训练种子 1；评估种子 123-125,Joint 与 passenger-only 控制权不同；跨矩阵训练实现/guard 未必完全锁定
exp10,J4__R_TDM,J4,R_TDM,1,350000,126.45777777777778,97.1811111111111,7.187777777777778,21.128888888888888,1.0,True,3,3,0.6976932801361689,0.3023067198638312,0.5262778857104575,0.4737221142895425,exp10_jointfirst_v5_60m__analysis_full.zip!RUN/J4__R_TDM/analysis/checkpoint_curve.csv,MPTC,85.33,项目交接参考；当前归档未找到原始 S 阶段解析 CSV,UAGMC_SOURCE passenger-only + LQ,84.19,128.76,exp11 同包曲线；训练种子 1；评估种子 123-125,Joint 与 passenger-only 控制权不同；跨矩阵训练实现/guard 未必完全锁定
exp10,J4__R_TDM,J4,R_TDM,1,400000,124.61333333333334,95.52222222222223,6.922222222222222,21.213333333333335,1.0,True,3,3,0.7172164398627708,0.2827835601372291,0.4334786177052116,0.5665213822947884,exp10_jointfirst_v5_60m__analysis_full.zip!RUN/J4__R_TDM/analysis/checkpoint_curve.csv,MPTC,85.33,项目交接参考；当前归档未找到原始 S 阶段解析 CSV,UAGMC_SOURCE passenger-only + LQ,84.19,128.76,exp11 同包曲线；训练种子 1；评估种子 123-125,Joint 与 passenger-only 控制权不同；跨矩阵训练实现/guard 未必完全锁定
exp10,J4__R_TDM,J4,R_TDM,1,450000,122.90666666666668,94.01333333333334,6.797777777777777,21.115555555555556,1.0,True,3,3,0.7146348083662096,0.2853651916337904,0.4551600036515519,0.5448399963484482,exp10_jointfirst_v5_60m__analysis_full.zip!RUN/J4__R_TDM/analysis/checkpoint_curve.csv,MPTC,85.33,项目交接参考；当前归档未找到原始 S 阶段解析 CSV,UAGMC_SOURCE passenger-only + LQ,84.19,128.76,exp11 同包曲线；训练种子 1；评估种子 123-125,Joint 与 passenger-only 控制权不同；跨矩阵训练实现/guard 未必完全锁定
exp10,J4__R_TDM,J4,R_TDM,1,500000,128.8811111111111,100.19888888888887,6.645555555555556,21.06222222222222,1.0,True,3,3,0.7160254787748322,0.2839745212251677,0.4586985630543294,0.5413014369456707,exp10_jointfirst_v5_60m__analysis_full.zip!RUN/J4__R_TDM/analysis/checkpoint_curve.csv,MPTC,85.33,项目交接参考；当前归档未找到原始 S 阶段解析 CSV,UAGMC_SOURCE passenger-only + LQ,84.19,128.76,exp11 同包曲线；训练种子 1；评估种子 123-125,Joint 与 passenger-only 控制权不同；跨矩阵训练实现/guard 未必完全锁定
exp10,J4__R_TDM,J4,R_TDM,1,550000,116.93222222222222,88.51555555555554,6.5811111111111105,20.89777777777778,1.0,True,3,3,0.6706146330379458,0.32938536696205406,0.43236115168630507,0.567638848313695,exp10_jointfirst_v5_60m__analysis_full.zip!RUN/J4__R_TDM/analysis/checkpoint_curve.csv,MPTC,85.33,项目交接参考；当前归档未找到原始 S 阶段解析 CSV,UAGMC_SOURCE passenger-only + LQ,84.19,128.76,exp11 同包曲线；训练种子 1；评估种子 123-125,Joint 与 passenger-only 控制权不同；跨矩阵训练实现/guard 未必完全锁定
exp10,J4__R_TDM,J4,R_TDM,1,600000,113.53333333333332,85.45555555555556,6.43,20.724444444444444,1.0,True,3,3,0.6388211008563399,0.36117889914366,0.42029416543476233,0.5797058345652376,exp10_jointfirst_v5_60m__analysis_full.zip!RUN/J4__R_TDM/analysis/checkpoint_curve.csv,MPTC,85.33,项目交接参考；当前归档未找到原始 S 阶段解析 CSV,UAGMC_SOURCE passenger-only + LQ,84.19,128.76,exp11 同包曲线；训练种子 1；评估种子 123-125,Joint 与 passenger-only 控制权不同；跨矩阵训练实现/guard 未必完全锁定
exp10,J4__S_EVENTGRAPH_GAT,J4,S_EVENTGRAPH_GAT,1,50000,189.63555555555556,163.16888888888892,6.321111111111112,19.173333333333332,1.0,True,3,3,0.04583777879393915,0.9541622212060608,0.9762237551212268,0.02377624487877319,exp10_jointfirst_v5_60m__analysis_full.zip!RUN/J4__S_EVENTGRAPH_GAT/analysis/checkpoint_curve.csv,MPTC,85.33,项目交接参考；当前归档未找到原始 S 阶段解析 CSV,UAGMC_SOURCE passenger-only + LQ,84.19,128.76,exp11 同包曲线；训练种子 1；评估种子 123-125,Joint 与 passenger-only 控制权不同；跨矩阵训练实现/guard 未必完全锁定
exp10,J4__S_EVENTGRAPH_GAT,J4,S_EVENTGRAPH_GAT,1,100000,222.4677777777778,189.92444444444445,8.556666666666667,23.0,1.0,True,3,3,1.0,0.0,0.9844363260608954,0.015563673939104544,exp10_jointfirst_v5_60m__analysis_full.zip!RUN/J4__S_EVENTGRAPH_GAT/analysis/checkpoint_curve.csv,MPTC,85.33,项目交接参考；当前归档未找到原始 S 阶段解析 CSV,UAGMC_SOURCE passenger-only + LQ,84.19,128.76,exp11 同包曲线；训练种子 1；评估种子 123-125,Joint 与 passenger-only 控制权不同；跨矩阵训练实现/guard 未必完全锁定
exp10,J4__S_EVENTGRAPH_GAT,J4,S_EVENTGRAPH_GAT,1,150000,222.4677777777778,189.92444444444445,8.556666666666667,23.0,1.0,True,3,3,1.0,0.0,0.945125117007045,0.05487488299295495,exp10_jointfirst_v5_60m__analysis_full.zip!RUN/J4__S_EVENTGRAPH_GAT/analysis/checkpoint_curve.csv,MPTC,85.33,项目交接参考；当前归档未找到原始 S 阶段解析 CSV,UAGMC_SOURCE passenger-only + LQ,84.19,128.76,exp11 同包曲线；训练种子 1；评估种子 123-125,Joint 与 passenger-only 控制权不同；跨矩阵训练实现/guard 未必完全锁定
exp10,J4__S_EVENTGRAPH_GAT,J4,S_EVENTGRAPH_GAT,1,200000,238.9655555555556,207.58444444444444,8.035555555555556,22.377777777777776,1.0,True,3,3,0.8526488596496512,0.1473511403503488,0.6542703409461601,0.3457296590538399,exp10_jointfirst_v5_60m__analysis_full.zip!RUN/J4__S_EVENTGRAPH_GAT/analysis/checkpoint_curve.csv,MPTC,85.33,项目交接参考；当前归档未找到原始 S 阶段解析 CSV,UAGMC_SOURCE passenger-only + LQ,84.19,128.76,exp11 同包曲线；训练种子 1；评估种子 123-125,Joint 与 passenger-only 控制权不同；跨矩阵训练实现/guard 未必完全锁定
exp10,J4__S_EVENTGRAPH_GAT,J4,S_EVENTGRAPH_GAT,1,250000,199.88222222222223,167.8788888888889,8.267777777777779,22.75111111111111,1.0,True,3,3,0.9675447785606904,0.03245522143930957,0.48484945865606827,0.5151505413439318,exp10_jointfirst_v5_60m__analysis_full.zip!RUN/J4__S_EVENTGRAPH_GAT/analysis/checkpoint_curve.csv,MPTC,85.33,项目交接参考；当前归档未找到原始 S 阶段解析 CSV,UAGMC_SOURCE passenger-only + LQ,84.19,128.76,exp11 同包曲线；训练种子 1；评估种子 123-125,Joint 与 passenger-only 控制权不同；跨矩阵训练实现/guard 未必完全锁定
exp10,J4__S_EVENTGRAPH_GAT,J4,S_EVENTGRAPH_GAT,1,300000,187.04111111111115,155.1988888888889,8.193333333333333,22.671111111111113,1.0,True,3,3,0.9609031953675958,0.039096804632404177,0.48246910867386344,0.5175308913261366,exp10_jointfirst_v5_60m__analysis_full.zip!RUN/J4__S_EVENTGRAPH_GAT/analysis/checkpoint_curve.csv,MPTC,85.33,项目交接参考；当前归档未找到原始 S 阶段解析 CSV,UAGMC_SOURCE passenger-only + LQ,84.19,128.76,exp11 同包曲线；训练种子 1；评估种子 123-125,Joint 与 passenger-only 控制权不同；跨矩阵训练实现/guard 未必完全锁定
exp10,J4__S_EVENTGRAPH_GAT,J4,S_EVENTGRAPH_GAT,1,350000,212.0011111111111,179.66,8.454444444444446,22.90222222222222,1.0,True,3,3,0.9883753412757379,0.011624658724262006,0.3326451553060556,0.6673548446939445,exp10_jointfirst_v5_60m__analysis_full.zip!RUN/J4__S_EVENTGRAPH_GAT/analysis/checkpoint_curve.csv,MPTC,85.33,项目交接参考；当前归档未找到原始 S 阶段解析 CSV,UAGMC_SOURCE passenger-only + LQ,84.19,128.76,exp11 同包曲线；训练种子 1；评估种子 123-125,Joint 与 passenger-only 控制权不同；跨矩阵训练实现/guard 未必完全锁定
exp10,J4__S_EVENTGRAPH_GAT,J4,S_EVENTGRAPH_GAT,1,400000,220.99222222222224,188.51222222222222,8.523333333333333,22.973333333333333,1.0,True,3,3,0.9922834541177168,0.00771654588228324,0.3487322265634128,0.6512677734365871,exp10_jointfirst_v5_60m__analysis_full.zip!RUN/J4__S_EVENTGRAPH_GAT/analysis/checkpoint_curve.csv,MPTC,85.33,项目交接参考；当前归档未找到原始 S 阶段解析 CSV,UAGMC_SOURCE passenger-only + LQ,84.19,128.76,exp11 同包曲线；训练种子 1；评估种子 123-125,Joint 与 passenger-only 控制权不同；跨矩阵训练实现/guard 未必完全锁定
exp10,J4__S_EVENTGRAPH_GAT,J4,S_EVENTGRAPH_GAT,1,450000,210.37333333333333,177.93777777777777,8.502222222222223,22.951111111111107,1.0,True,3,3,0.9897890778862877,0.010210922113712243,0.30584584328773856,0.6941541567122614,exp10_jointfirst_v5_60m__analysis_full.zip!RUN/J4__S_EVENTGRAPH_GAT/analysis/checkpoint_curve.csv,MPTC,85.33,项目交接参考；当前归档未找到原始 S 阶段解析 CSV,UAGMC_SOURCE passenger-only + LQ,84.19,128.76,exp11 同包曲线；训练种子 1；评估种子 123-125,Joint 与 passenger-only 控制权不同；跨矩阵训练实现/guard 未必完全锁定
exp10,J4__S_EVENTGRAPH_GAT,J4,S_EVENTGRAPH_GAT,1,500000,193.52666666666664,161.5811111111111,8.328888888888889,22.653333333333336,1.0,True,3,3,0.9582960993169616,0.041703900683038427,0.45898326243595644,0.5410167375640437,exp10_jointfirst_v5_60m__analysis_full.zip!RUN/J4__S_EVENTGRAPH_GAT/analysis/checkpoint_curve.csv,MPTC,85.33,项目交接参考；当前归档未找到原始 S 阶段解析 CSV,UAGMC_SOURCE passenger-only + LQ,84.19,128.76,exp11 同包曲线；训练种子 1；评估种子 123-125,Joint 与 passenger-only 控制权不同；跨矩阵训练实现/guard 未必完全锁定
exp10,J4__S_EVENTGRAPH_GAT,J4,S_EVENTGRAPH_GAT,1,550000,183.89222222222222,152.18,8.278888888888888,22.46666666666667,1.0,True,3,3,0.931531571044729,0.06846842895527105,0.468415046625573,0.531584953374427,exp10_jointfirst_v5_60m__analysis_full.zip!RUN/J4__S_EVENTGRAPH_GAT/analysis/checkpoint_curve.csv,MPTC,85.33,项目交接参考；当前归档未找到原始 S 阶段解析 CSV,UAGMC_SOURCE passenger-only + LQ,84.19,128.76,exp11 同包曲线；训练种子 1；评估种子 123-125,Joint 与 passenger-only 控制权不同；跨矩阵训练实现/guard 未必完全锁定
exp10,J4__S_EVENTGRAPH_GAT,J4,S_EVENTGRAPH_GAT,1,600000,142.96666666666667,112.63222222222221,7.69,21.671111111111113,1.0,True,3,3,0.8033953743756198,0.19660462562438027,0.5094604038217957,0.49053959617820436,exp10_jointfirst_v5_60m__analysis_full.zip!RUN/J4__S_EVENTGRAPH_GAT/analysis/checkpoint_curve.csv,MPTC,85.33,项目交接参考；当前归档未找到原始 S 阶段解析 CSV,UAGMC_SOURCE passenger-only + LQ,84.19,128.76,exp11 同包曲线；训练种子 1；评估种子 123-125,Joint 与 passenger-only 控制权不同；跨矩阵训练实现/guard 未必完全锁定
exp10,J4__S_HKSL_MULTI,J4,S_HKSL_MULTI,1,50000,256.3966666666667,227.28444444444446,7.19,20.995555555555555,1.0,True,3,3,0.17382398303450933,0.8261760169654906,0.9727172498554078,0.02728275014459225,exp10_jointfirst_v5_60m__analysis_full.zip!RUN/J4__S_HKSL_MULTI/analysis/checkpoint_curve.csv,MPTC,85.33,项目交接参考；当前归档未找到原始 S 阶段解析 CSV,UAGMC_SOURCE passenger-only + LQ,84.19,128.76,exp11 同包曲线；训练种子 1；评估种子 123-125,Joint 与 passenger-only 控制权不同；跨矩阵训练实现/guard 未必完全锁定
exp10,J4__S_HKSL_MULTI,J4,S_HKSL_MULTI,1,100000,222.4677777777778,189.92444444444445,8.556666666666667,23.0,1.0,True,3,3,0.832196422774087,0.167803577225913,0.9977198627117337,0.0022801372882661985,exp10_jointfirst_v5_60m__analysis_full.zip!RUN/J4__S_HKSL_MULTI/analysis/checkpoint_curve.csv,MPTC,85.33,项目交接参考；当前归档未找到原始 S 阶段解析 CSV,UAGMC_SOURCE passenger-only + LQ,84.19,128.76,exp11 同包曲线；训练种子 1；评估种子 123-125,Joint 与 passenger-only 控制权不同；跨矩阵训练实现/guard 未必完全锁定
exp10,J4__S_HKSL_MULTI,J4,S_HKSL_MULTI,1,150000,205.28111111111113,172.92,8.477777777777778,22.915555555555557,1.0,True,3,3,0.8910447271524028,0.10895527284759714,0.28597499574980056,0.7140250042501993,exp10_jointfirst_v5_60m__analysis_full.zip!RUN/J4__S_HKSL_MULTI/analysis/checkpoint_curve.csv,MPTC,85.33,项目交接参考；当前归档未找到原始 S 阶段解析 CSV,UAGMC_SOURCE passenger-only + LQ,84.19,128.76,exp11 同包曲线；训练种子 1；评估种子 123-125,Joint 与 passenger-only 控制权不同；跨矩阵训练实现/guard 未必完全锁定
exp10,J4__S_HKSL_MULTI,J4,S_HKSL_MULTI,1,200000,205.84666666666666,173.64444444444447,8.491111111111111,22.74666666666667,1.0,True,3,3,0.7398884296419547,0.2601115703580453,0.403657962303593,0.5963420376964069,exp10_jointfirst_v5_60m__analysis_full.zip!RUN/J4__S_HKSL_MULTI/analysis/checkpoint_curve.csv,MPTC,85.33,项目交接参考；当前归档未找到原始 S 阶段解析 CSV,UAGMC_SOURCE passenger-only + LQ,84.19,128.76,exp11 同包曲线；训练种子 1；评估种子 123-125,Joint 与 passenger-only 控制权不同；跨矩阵训练实现/guard 未必完全锁定
exp10,J4__S_HKSL_MULTI,J4,S_HKSL_MULTI,1,250000,204.3177777777778,171.92444444444445,8.528888888888888,22.88888888888889,1.0,True,3,3,0.7004311872928909,0.29956881270710917,0.41073273608933086,0.5892672639106692,exp10_jointfirst_v5_60m__analysis_full.zip!RUN/J4__S_HKSL_MULTI/analysis/checkpoint_curve.csv,MPTC,85.33,项目交接参考；当前归档未找到原始 S 阶段解析 CSV,UAGMC_SOURCE passenger-only + LQ,84.19,128.76,exp11 同包曲线；训练种子 1；评估种子 123-125,Joint 与 passenger-only 控制权不同；跨矩阵训练实现/guard 未必完全锁定
exp10,J4__S_HKSL_MULTI,J4,S_HKSL_MULTI,1,300000,190.3322222222222,158.2888888888889,8.437777777777777,22.64,1.0,True,3,3,0.6833507494076686,0.31664925059233134,0.3801621847914789,0.619837815208521,exp10_jointfirst_v5_60m__analysis_full.zip!RUN/J4__S_HKSL_MULTI/analysis/checkpoint_curve.csv,MPTC,85.33,项目交接参考；当前归档未找到原始 S 阶段解析 CSV,UAGMC_SOURCE passenger-only + LQ,84.19,128.76,exp11 同包曲线；训练种子 1；评估种子 123-125,Joint 与 passenger-only 控制权不同；跨矩阵训练实现/guard 未必完全锁定
exp10,J4__S_HKSL_MULTI,J4,S_HKSL_MULTI,1,350000,170.1088888888889,139.4488888888889,7.887777777777778,21.804444444444442,1.0,True,3,3,0.4529022427716661,0.5470977572283339,0.5761532549040361,0.42384674509596393,exp10_jointfirst_v5_60m__analysis_full.zip!RUN/J4__S_HKSL_MULTI/analysis/checkpoint_curve.csv,MPTC,85.33,项目交接参考；当前归档未找到原始 S 阶段解析 CSV,UAGMC_SOURCE passenger-only + LQ,84.19,128.76,exp11 同包曲线；训练种子 1；评估种子 123-125,Joint 与 passenger-only 控制权不同；跨矩阵训练实现/guard 未必完全锁定
exp10,J4__S_HKSL_MULTI,J4,S_HKSL_MULTI,1,400000,194.0233333333333,162.66111111111113,8.094444444444443,22.311111111111114,1.0,True,3,3,0.6598339516080536,0.3401660483919464,0.5877743395527234,0.41222566044727654,exp10_jointfirst_v5_60m__analysis_full.zip!RUN/J4__S_HKSL_MULTI/analysis/checkpoint_curve.csv,MPTC,85.33,项目交接参考；当前归档未找到原始 S 阶段解析 CSV,UAGMC_SOURCE passenger-only + LQ,84.19,128.76,exp11 同包曲线；训练种子 1；评估种子 123-125,Joint 与 passenger-only 控制权不同；跨矩阵训练实现/guard 未必完全锁定
exp10,J4__S_HKSL_MULTI,J4,S_HKSL_MULTI,1,450000,207.48111111111112,175.8511111111111,8.227777777777778,22.462222222222223,1.0,True,3,3,0.6846368397600386,0.3153631602399614,0.3791728049662722,0.6208271950337277,exp10_jointfirst_v5_60m__analysis_full.zip!RUN/J4__S_HKSL_MULTI/analysis/checkpoint_curve.csv,MPTC,85.33,项目交接参考；当前归档未找到原始 S 阶段解析 CSV,UAGMC_SOURCE passenger-only + LQ,84.19,128.76,exp11 同包曲线；训练种子 1；评估种子 123-125,Joint 与 passenger-only 控制权不同；跨矩阵训练实现/guard 未必完全锁定
exp10,J4__S_HKSL_MULTI,J4,S_HKSL_MULTI,1,500000,165.20555555555555,134.4411111111111,7.934444444444444,21.89333333333333,1.0,True,3,3,0.605338948007328,0.3946610519926721,0.3086684432103746,0.6913315567896254,exp10_jointfirst_v5_60m__analysis_full.zip!RUN/J4__S_HKSL_MULTI/analysis/checkpoint_curve.csv,MPTC,85.33,项目交接参考；当前归档未找到原始 S 阶段解析 CSV,UAGMC_SOURCE passenger-only + LQ,84.19,128.76,exp11 同包曲线；训练种子 1；评估种子 123-125,Joint 与 passenger-only 控制权不同；跨矩阵训练实现/guard 未必完全锁定
exp10,J4__S_HKSL_MULTI,J4,S_HKSL_MULTI,1,550000,181.5233333333333,151.02,7.766666666666666,21.79111111111111,1.0,True,3,3,0.519100348871704,0.48089965112829597,0.3787918458934502,0.6212081541065498,exp10_jointfirst_v5_60m__analysis_full.zip!RUN/J4__S_HKSL_MULTI/analysis/checkpoint_curve.csv,MPTC,85.33,项目交接参考；当前归档未找到原始 S 阶段解析 CSV,UAGMC_SOURCE passenger-only + LQ,84.19,128.76,exp11 同包曲线；训练种子 1；评估种子 123-125,Joint 与 passenger-only 控制权不同；跨矩阵训练实现/guard 未必完全锁定
exp10,J4__S_HKSL_MULTI,J4,S_HKSL_MULTI,1,600000,117.16777777777777,88.51222222222223,7.112222222222222,20.582222222222224,1.0,True,3,3,0.26562437058863736,0.7343756294113626,0.44447889034251303,0.5555211096574869,exp10_jointfirst_v5_60m__analysis_full.zip!RUN/J4__S_HKSL_MULTI/analysis/checkpoint_curve.csv,MPTC,85.33,项目交接参考；当前归档未找到原始 S 阶段解析 CSV,UAGMC_SOURCE passenger-only + LQ,84.19,128.76,exp11 同包曲线；训练种子 1；评估种子 123-125,Joint 与 passenger-only 控制权不同；跨矩阵训练实现/guard 未必完全锁定
exp10,J4__S_SETTRANS_EVENT,J4,S_SETTRANS_EVENT,1,50000,127.06777777777778,96.65444444444444,7.677777777777777,21.804444444444442,1.0,True,3,3,0.5911495118812192,0.40885048811878083,0.6661271463100732,0.33387285368992686,exp10_jointfirst_v5_60m__analysis_full.zip!RUN/J4__S_SETTRANS_EVENT/analysis/checkpoint_curve.csv,MPTC,85.33,项目交接参考；当前归档未找到原始 S 阶段解析 CSV,UAGMC_SOURCE passenger-only + LQ,84.19,128.76,exp11 同包曲线；训练种子 1；评估种子 123-125,Joint 与 passenger-only 控制权不同；跨矩阵训练实现/guard 未必完全锁定
exp10,J4__S_SETTRANS_EVENT,J4,S_SETTRANS_EVENT,1,100000,201.94444444444446,169.76666666666668,8.403333333333334,22.817777777777778,1.0,True,3,3,0.6824986636742123,0.31750133632578764,0.36095728708258806,0.639042712917412,exp10_jointfirst_v5_60m__analysis_full.zip!RUN/J4__S_SETTRANS_EVENT/analysis/checkpoint_curve.csv,MPTC,85.33,项目交接参考；当前归档未找到原始 S 阶段解析 CSV,UAGMC_SOURCE passenger-only + LQ,84.19,128.76,exp11 同包曲线；训练种子 1；评估种子 123-125,Joint 与 passenger-only 控制权不同；跨矩阵训练实现/guard 未必完全锁定
exp10,J4__S_SETTRANS_EVENT,J4,S_SETTRANS_EVENT,1,150000,142.13666666666666,112.41222222222223,7.419999999999999,21.342222222222222,1.0,True,3,3,0.5101741378925394,0.48982586210746054,0.5116124488801068,0.4883875511198931,exp10_jointfirst_v5_60m__analysis_full.zip!RUN/J4__S_SETTRANS_EVENT/analysis/checkpoint_curve.csv,MPTC,85.33,项目交接参考；当前归档未找到原始 S 阶段解析 CSV,UAGMC_SOURCE passenger-only + LQ,84.19,128.76,exp11 同包曲线；训练种子 1；评估种子 123-125,Joint 与 passenger-only 控制权不同；跨矩阵训练实现/guard 未必完全锁定
exp10,J4__S_SETTRANS_EVENT,J4,S_SETTRANS_EVENT,1,200000,149.3066666666667,120.08555555555556,7.277777777777778,20.973333333333333,1.0,True,3,3,0.40393451469775465,0.5960654853022452,0.5117576207010601,0.4882423792989399,exp10_jointfirst_v5_60m__analysis_full.zip!RUN/J4__S_SETTRANS_EVENT/analysis/checkpoint_curve.csv,MPTC,85.33,项目交接参考；当前归档未找到原始 S 阶段解析 CSV,UAGMC_SOURCE passenger-only + LQ,84.19,128.76,exp11 同包曲线；训练种子 1；评估种子 123-125,Joint 与 passenger-only 控制权不同；跨矩阵训练实现/guard 未必完全锁定
exp10,J4__S_SETTRANS_EVENT,J4,S_SETTRANS_EVENT,1,250000,167.46111111111114,138.1588888888889,7.231111111111111,21.115555555555556,1.0,True,3,3,0.4576849774962983,0.5423150225037018,0.4865952705575347,0.5134047294424653,exp10_jointfirst_v5_60m__analysis_full.zip!RUN/J4__S_SETTRANS_EVENT/analysis/checkpoint_curve.csv,MPTC,85.33,项目交接参考；当前归档未找到原始 S 阶段解析 CSV,UAGMC_SOURCE passenger-only + LQ,84.19,128.76,exp11 同包曲线；训练种子 1；评估种子 123-125,Joint 与 passenger-only 控制权不同；跨矩阵训练实现/guard 未必完全锁定
exp10,J4__S_SETTRANS_EVENT,J4,S_SETTRANS_EVENT,1,300000,155.96333333333334,126.80333333333333,7.09,21.09777777777778,1.0,True,3,3,0.4581276761733737,0.5418723238266263,0.536953036629115,0.46304696337088497,exp10_jointfirst_v5_60m__analysis_full.zip!RUN/J4__S_SETTRANS_EVENT/analysis/checkpoint_curve.csv,MPTC,85.33,项目交接参考；当前归档未找到原始 S 阶段解析 CSV,UAGMC_SOURCE passenger-only + LQ,84.19,128.76,exp11 同包曲线；训练种子 1；评估种子 123-125,Joint 与 passenger-only 控制权不同；跨矩阵训练实现/guard 未必完全锁定
exp10,J4__S_SETTRANS_EVENT,J4,S_SETTRANS_EVENT,1,350000,142.81666666666666,114.03333333333335,7.06,20.755555555555556,1.0,True,3,3,0.3358712864878483,0.6641287135121517,0.5409351824760975,0.45906481752390244,exp10_jointfirst_v5_60m__analysis_full.zip!RUN/J4__S_SETTRANS_EVENT/analysis/checkpoint_curve.csv,MPTC,85.33,项目交接参考；当前归档未找到原始 S 阶段解析 CSV,UAGMC_SOURCE passenger-only + LQ,84.19,128.76,exp11 同包曲线；训练种子 1；评估种子 123-125,Joint 与 passenger-only 控制权不同；跨矩阵训练实现/guard 未必完全锁定
exp10,J4__S_SETTRANS_EVENT,J4,S_SETTRANS_EVENT,1,400000,122.83999999999999,94.57222222222224,6.835555555555556,20.46666666666667,1.0,True,3,3,0.23064406511653124,0.7693559348834688,0.6249326557265142,0.37506734427348576,exp10_jointfirst_v5_60m__analysis_full.zip!RUN/J4__S_SETTRANS_EVENT/analysis/checkpoint_curve.csv,MPTC,85.33,项目交接参考；当前归档未找到原始 S 阶段解析 CSV,UAGMC_SOURCE passenger-only + LQ,84.19,128.76,exp11 同包曲线；训练种子 1；评估种子 123-125,Joint 与 passenger-only 控制权不同；跨矩阵训练实现/guard 未必完全锁定
exp10,J4__S_SETTRANS_EVENT,J4,S_SETTRANS_EVENT,1,450000,125.44333333333333,96.98555555555555,6.975555555555556,20.546666666666667,1.0,True,3,3,0.27462857996324086,0.7253714200367591,0.6334735674058133,0.36652643259418677,exp10_jointfirst_v5_60m__analysis_full.zip!RUN/J4__S_SETTRANS_EVENT/analysis/checkpoint_curve.csv,MPTC,85.33,项目交接参考；当前归档未找到原始 S 阶段解析 CSV,UAGMC_SOURCE passenger-only + LQ,84.19,128.76,exp11 同包曲线；训练种子 1；评估种子 123-125,Joint 与 passenger-only 控制权不同；跨矩阵训练实现/guard 未必完全锁定
exp10,J4__S_SETTRANS_EVENT,J4,S_SETTRANS_EVENT,1,500000,118.02777777777777,89.83555555555556,6.862222222222222,20.37333333333333,1.0,True,3,3,0.22822981443230103,0.771770185567699,0.6125175520924276,0.3874824479075723,exp10_jointfirst_v5_60m__analysis_full.zip!RUN/J4__S_SETTRANS_EVENT/analysis/checkpoint_curve.csv,MPTC,85.33,项目交接参考；当前归档未找到原始 S 阶段解析 CSV,UAGMC_SOURCE passenger-only + LQ,84.19,128.76,exp11 同包曲线；训练种子 1；评估种子 123-125,Joint 与 passenger-only 控制权不同；跨矩阵训练实现/guard 未必完全锁定
exp10,J4__S_SETTRANS_EVENT,J4,S_SETTRANS_EVENT,1,550000,115.09444444444445,86.89111111111112,6.861111111111111,20.395555555555557,1.0,True,3,3,0.2503698009403287,0.7496301990596713,0.6057290493706678,0.3942709506293321,exp10_jointfirst_v5_60m__analysis_full.zip!RUN/J4__S_SETTRANS_EVENT/analysis/checkpoint_curve.csv,MPTC,85.33,项目交接参考；当前归档未找到原始 S 阶段解析 CSV,UAGMC_SOURCE passenger-only + LQ,84.19,128.76,exp11 同包曲线；训练种子 1；评估种子 123-125,Joint 与 passenger-only 控制权不同；跨矩阵训练实现/guard 未必完全锁定
exp10,J4__S_SETTRANS_EVENT,J4,S_SETTRANS_EVENT,1,600000,112.69777777777777,84.50222222222222,6.904444444444445,20.355555555555558,1.0,True,3,3,0.25254383807402797,0.747456161925972,0.5881450130142082,0.41185498698579187,exp10_jointfirst_v5_60m__analysis_full.zip!RUN/J4__S_SETTRANS_EVENT/analysis/checkpoint_curve.csv,MPTC,85.33,项目交接参考；当前归档未找到原始 S 阶段解析 CSV,UAGMC_SOURCE passenger-only + LQ,84.19,128.76,exp11 同包曲线；训练种子 1；评估种子 123-125,Joint 与 passenger-only 控制权不同；跨矩阵训练实现/guard 未必完全锁定
exp10,J4__S_TDM_EVENT_FUSION,J4,S_TDM_EVENT_FUSION,1,50000,123.87444444444445,96.78666666666668,6.593333333333334,19.58666666666667,1.0,True,3,3,0.09106392635619746,0.9089360736438025,1.0,0.0,exp10_jointfirst_v5_60m__analysis_full.zip!RUN/J4__S_TDM_EVENT_FUSION/analysis/checkpoint_curve.csv,MPTC,85.33,项目交接参考；当前归档未找到原始 S 阶段解析 CSV,UAGMC_SOURCE passenger-only + LQ,84.19,128.76,exp11 同包曲线；训练种子 1；评估种子 123-125,Joint 与 passenger-only 控制权不同；跨矩阵训练实现/guard 未必完全锁定
exp10,J4__S_TDM_EVENT_FUSION,J4,S_TDM_EVENT_FUSION,1,100000,206.08444444444444,173.60444444444443,8.651111111111112,22.853333333333335,1.0,True,3,3,0.6298109019014192,0.37018909809858086,0.8667444132602178,0.13325558673978213,exp10_jointfirst_v5_60m__analysis_full.zip!RUN/J4__S_TDM_EVENT_FUSION/analysis/checkpoint_curve.csv,MPTC,85.33,项目交接参考；当前归档未找到原始 S 阶段解析 CSV,UAGMC_SOURCE passenger-only + LQ,84.19,128.76,exp11 同包曲线；训练种子 1；评估种子 123-125,Joint 与 passenger-only 控制权不同；跨矩阵训练实现/guard 未必完全锁定
exp10,J4__S_TDM_EVENT_FUSION,J4,S_TDM_EVENT_FUSION,1,150000,182.2788888888889,153.29222222222225,7.3133333333333335,20.688888888888886,1.0,True,3,3,0.3800793320459281,0.619920667954072,0.42585372966740703,0.5741462703325929,exp10_jointfirst_v5_60m__analysis_full.zip!RUN/J4__S_TDM_EVENT_FUSION/analysis/checkpoint_curve.csv,MPTC,85.33,项目交接参考；当前归档未找到原始 S 阶段解析 CSV,UAGMC_SOURCE passenger-only + LQ,84.19,128.76,exp11 同包曲线；训练种子 1；评估种子 123-125,Joint 与 passenger-only 控制权不同；跨矩阵训练实现/guard 未必完全锁定
exp10,J4__S_TDM_EVENT_FUSION,J4,S_TDM_EVENT_FUSION,1,200000,165.30555555555557,134.94666666666666,7.788888888888889,21.58666666666667,1.0,True,3,3,0.6670346354841067,0.33296536451589337,0.7308210654926725,0.2691789345073275,exp10_jointfirst_v5_60m__analysis_full.zip!RUN/J4__S_TDM_EVENT_FUSION/analysis/checkpoint_curve.csv,MPTC,85.33,项目交接参考；当前归档未找到原始 S 阶段解析 CSV,UAGMC_SOURCE passenger-only + LQ,84.19,128.76,exp11 同包曲线；训练种子 1；评估种子 123-125,Joint 与 passenger-only 控制权不同；跨矩阵训练实现/guard 未必完全锁定
exp10,J4__S_TDM_EVENT_FUSION,J4,S_TDM_EVENT_FUSION,1,250000,172.23777777777778,141.76333333333335,7.821111111111111,21.679999999999996,1.0,True,3,3,0.3138007452028227,0.6861992547971772,0.28911302185179344,0.7108869781482067,exp10_jointfirst_v5_60m__analysis_full.zip!RUN/J4__S_TDM_EVENT_FUSION/analysis/checkpoint_curve.csv,MPTC,85.33,项目交接参考；当前归档未找到原始 S 阶段解析 CSV,UAGMC_SOURCE passenger-only + LQ,84.19,128.76,exp11 同包曲线；训练种子 1；评估种子 123-125,Joint 与 passenger-only 控制权不同；跨矩阵训练实现/guard 未必完全锁定
exp10,J4__S_TDM_EVENT_FUSION,J4,S_TDM_EVENT_FUSION,1,300000,133.20222222222222,103.80666666666667,7.482222222222222,20.951111111111114,1.0,True,3,3,0.2535902863428358,0.7464097136571642,0.28952756755702386,0.7104724324429762,exp10_jointfirst_v5_60m__analysis_full.zip!RUN/J4__S_TDM_EVENT_FUSION/analysis/checkpoint_curve.csv,MPTC,85.33,项目交接参考；当前归档未找到原始 S 阶段解析 CSV,UAGMC_SOURCE passenger-only + LQ,84.19,128.76,exp11 同包曲线；训练种子 1；评估种子 123-125,Joint 与 passenger-only 控制权不同；跨矩阵训练实现/guard 未必完全锁定
exp10,J4__S_TDM_EVENT_FUSION,J4,S_TDM_EVENT_FUSION,1,350000,129.2211111111111,100.26444444444444,7.267777777777778,20.720000000000002,1.0,True,3,3,0.23098410723459298,0.769015892765407,0.2671406316347094,0.7328593683652905,exp10_jointfirst_v5_60m__analysis_full.zip!RUN/J4__S_TDM_EVENT_FUSION/analysis/checkpoint_curve.csv,MPTC,85.33,项目交接参考；当前归档未找到原始 S 阶段解析 CSV,UAGMC_SOURCE passenger-only + LQ,84.19,128.76,exp11 同包曲线；训练种子 1；评估种子 123-125,Joint 与 passenger-only 控制权不同；跨矩阵训练实现/guard 未必完全锁定
exp10,J4__S_TDM_EVENT_FUSION,J4,S_TDM_EVENT_FUSION,1,400000,127.71999999999998,98.88666666666666,7.173333333333333,20.688888888888886,1.0,True,3,3,0.4402604713987917,0.5597395286012082,0.393749691837418,0.606250308162582,exp10_jointfirst_v5_60m__analysis_full.zip!RUN/J4__S_TDM_EVENT_FUSION/analysis/checkpoint_curve.csv,MPTC,85.33,项目交接参考；当前归档未找到原始 S 阶段解析 CSV,UAGMC_SOURCE passenger-only + LQ,84.19,128.76,exp11 同包曲线；训练种子 1；评估种子 123-125,Joint 与 passenger-only 控制权不同；跨矩阵训练实现/guard 未必完全锁定
exp10,J4__S_TDM_EVENT_FUSION,J4,S_TDM_EVENT_FUSION,1,450000,122.36555555555555,93.49888888888889,7.197777777777778,20.697777777777777,1.0,True,3,3,0.4304961919972187,0.5695038080027813,0.3734510065947438,0.6265489934052563,exp10_jointfirst_v5_60m__analysis_full.zip!RUN/J4__S_TDM_EVENT_FUSION/analysis/checkpoint_curve.csv,MPTC,85.33,项目交接参考；当前归档未找到原始 S 阶段解析 CSV,UAGMC_SOURCE passenger-only + LQ,84.19,128.76,exp11 同包曲线；训练种子 1；评估种子 123-125,Joint 与 passenger-only 控制权不同；跨矩阵训练实现/guard 未必完全锁定
exp10,J4__S_TDM_EVENT_FUSION,J4,S_TDM_EVENT_FUSION,1,500000,124.27555555555556,95.57444444444444,7.098888888888889,20.62666666666667,1.0,True,3,3,0.4363276287515491,0.5636723712484509,0.36351919170208663,0.6364808082979133,exp10_jointfirst_v5_60m__analysis_full.zip!RUN/J4__S_TDM_EVENT_FUSION/analysis/checkpoint_curve.csv,MPTC,85.33,项目交接参考；当前归档未找到原始 S 阶段解析 CSV,UAGMC_SOURCE passenger-only + LQ,84.19,128.76,exp11 同包曲线；训练种子 1；评估种子 123-125,Joint 与 passenger-only 控制权不同；跨矩阵训练实现/guard 未必完全锁定
exp10,J4__S_TDM_EVENT_FUSION,J4,S_TDM_EVENT_FUSION,1,550000,122.69777777777779,93.98222222222222,7.182222222222222,20.551111111111112,1.0,True,3,3,0.4263974186621951,0.5736025813378048,0.34940679715835693,0.6505932028416431,exp10_jointfirst_v5_60m__analysis_full.zip!RUN/J4__S_TDM_EVENT_FUSION/analysis/checkpoint_curve.csv,MPTC,85.33,项目交接参考；当前归档未找到原始 S 阶段解析 CSV,UAGMC_SOURCE passenger-only + LQ,84.19,128.76,exp11 同包曲线；训练种子 1；评估种子 123-125,Joint 与 passenger-only 控制权不同；跨矩阵训练实现/guard 未必完全锁定
exp10,J4__S_TDM_EVENT_FUSION,J4,S_TDM_EVENT_FUSION,1,600000,115.92222222222222,87.42777777777779,7.0200000000000005,20.515555555555554,1.0,True,3,3,0.41012352565389193,0.5898764743461081,0.39126620777901205,0.608733792220988,exp10_jointfirst_v5_60m__analysis_full.zip!RUN/J4__S_TDM_EVENT_FUSION/analysis/checkpoint_curve.csv,MPTC,85.33,项目交接参考；当前归档未找到原始 S 阶段解析 CSV,UAGMC_SOURCE passenger-only + LQ,84.19,128.76,exp11 同包曲线；训练种子 1；评估种子 123-125,Joint 与 passenger-only 控制权不同；跨矩阵训练实现/guard 未必完全锁定
exp10,J4__W_EVENTQ_COCO_CF,J4,W_EVENTQ_COCO_CF,1,50000,122.16666666666667,94.67999999999999,6.757777777777778,19.822222222222223,1.0,True,3,3,0.12267803359395037,0.8773219664060496,0.8318070000021051,0.16819299999789483,exp10_jointfirst_v5_60m__analysis_full.zip!RUN/J4__W_EVENTQ_COCO_CF/analysis/checkpoint_curve.csv,MPTC,85.33,项目交接参考；当前归档未找到原始 S 阶段解析 CSV,UAGMC_SOURCE passenger-only + LQ,84.19,128.76,exp11 同包曲线；训练种子 1；评估种子 123-125,Joint 与 passenger-only 控制权不同；跨矩阵训练实现/guard 未必完全锁定
exp10,J4__W_EVENTQ_COCO_CF,J4,W_EVENTQ_COCO_CF,1,100000,168.66111111111113,138.78222222222223,7.566666666666667,21.328888888888887,1.0,True,3,3,0.5712120373489283,0.4287879626510718,0.8394725383744791,0.16052746162552076,exp10_jointfirst_v5_60m__analysis_full.zip!RUN/J4__W_EVENTQ_COCO_CF/analysis/checkpoint_curve.csv,MPTC,85.33,项目交接参考；当前归档未找到原始 S 阶段解析 CSV,UAGMC_SOURCE passenger-only + LQ,84.19,128.76,exp11 同包曲线；训练种子 1；评估种子 123-125,Joint 与 passenger-only 控制权不同；跨矩阵训练实现/guard 未必完全锁定
exp10,J4__W_EVENTQ_COCO_CF,J4,W_EVENTQ_COCO_CF,1,150000,141.59333333333333,111.28444444444443,7.666666666666667,21.662222222222223,1.0,True,3,3,0.6013002616653517,0.3986997383346483,0.7043275017354386,0.29567249826456143,exp10_jointfirst_v5_60m__analysis_full.zip!RUN/J4__W_EVENTQ_COCO_CF/analysis/checkpoint_curve.csv,MPTC,85.33,项目交接参考；当前归档未找到原始 S 阶段解析 CSV,UAGMC_SOURCE passenger-only + LQ,84.19,128.76,exp11 同包曲线；训练种子 1；评估种子 123-125,Joint 与 passenger-only 控制权不同；跨矩阵训练实现/guard 未必完全锁定
exp10,J4__W_EVENTQ_COCO_CF,J4,W_EVENTQ_COCO_CF,1,200000,158.39666666666668,127.61666666666667,7.908888888888889,21.88888888888889,1.0,True,3,3,0.6534816339757152,0.3465183660242847,0.7328707097278034,0.26712929027219645,exp10_jointfirst_v5_60m__analysis_full.zip!RUN/J4__W_EVENTQ_COCO_CF/analysis/checkpoint_curve.csv,MPTC,85.33,项目交接参考；当前归档未找到原始 S 阶段解析 CSV,UAGMC_SOURCE passenger-only + LQ,84.19,128.76,exp11 同包曲线；训练种子 1；评估种子 123-125,Joint 与 passenger-only 控制权不同；跨矩阵训练实现/guard 未必完全锁定
exp10,J4__W_EVENTQ_COCO_CF,J4,W_EVENTQ_COCO_CF,1,250000,167.5711111111111,138.0088888888889,7.4688888888888885,21.11111111111111,1.0,True,3,3,0.6751061848213228,0.32489381517867716,0.7100361921574083,0.2899638078425917,exp10_jointfirst_v5_60m__analysis_full.zip!RUN/J4__W_EVENTQ_COCO_CF/analysis/checkpoint_curve.csv,MPTC,85.33,项目交接参考；当前归档未找到原始 S 阶段解析 CSV,UAGMC_SOURCE passenger-only + LQ,84.19,128.76,exp11 同包曲线；训练种子 1；评估种子 123-125,Joint 与 passenger-only 控制权不同；跨矩阵训练实现/guard 未必完全锁定
exp10,J4__W_EVENTQ_COCO_CF,J4,W_EVENTQ_COCO_CF,1,300000,159.95000000000002,130.57222222222222,7.358888888888888,21.035555555555558,1.0,True,3,3,0.6817086683875919,0.31829133161240797,0.7132469687040972,0.28675303129590274,exp10_jointfirst_v5_60m__analysis_full.zip!RUN/J4__W_EVENTQ_COCO_CF/analysis/checkpoint_curve.csv,MPTC,85.33,项目交接参考；当前归档未找到原始 S 阶段解析 CSV,UAGMC_SOURCE passenger-only + LQ,84.19,128.76,exp11 同包曲线；训练种子 1；评估种子 123-125,Joint 与 passenger-only 控制权不同；跨矩阵训练实现/guard 未必完全锁定
exp10,J4__W_EVENTQ_COCO_CF,J4,W_EVENTQ_COCO_CF,1,350000,166.69333333333336,137.51,7.262222222222223,20.95555555555556,1.0,True,3,3,0.6356344348225593,0.3643655651774407,0.6009564344782817,0.3990435655217183,exp10_jointfirst_v5_60m__analysis_full.zip!RUN/J4__W_EVENTQ_COCO_CF/analysis/checkpoint_curve.csv,MPTC,85.33,项目交接参考；当前归档未找到原始 S 阶段解析 CSV,UAGMC_SOURCE passenger-only + LQ,84.19,128.76,exp11 同包曲线；训练种子 1；评估种子 123-125,Joint 与 passenger-only 控制权不同；跨矩阵训练实现/guard 未必完全锁定
exp10,J4__W_EVENTQ_COCO_CF,J4,W_EVENTQ_COCO_CF,1,400000,124.6411111111111,94.45,7.7011111111111115,21.51111111111111,1.0,True,3,3,0.530581991032051,0.46941800896794894,0.5993315316345651,0.4006684683654349,exp10_jointfirst_v5_60m__analysis_full.zip!RUN/J4__W_EVENTQ_COCO_CF/analysis/checkpoint_curve.csv,MPTC,85.33,项目交接参考；当前归档未找到原始 S 阶段解析 CSV,UAGMC_SOURCE passenger-only + LQ,84.19,128.76,exp11 同包曲线；训练种子 1；评估种子 123-125,Joint 与 passenger-only 控制权不同；跨矩阵训练实现/guard 未必完全锁定
exp10,J4__W_EVENTQ_COCO_CF,J4,W_EVENTQ_COCO_CF,1,450000,129.69555555555556,99.93666666666667,7.486666666666667,21.288888888888888,1.0,True,3,3,0.5445230998509687,0.4554769001490313,0.6390081778407813,0.3609918221592186,exp10_jointfirst_v5_60m__analysis_full.zip!RUN/J4__W_EVENTQ_COCO_CF/analysis/checkpoint_curve.csv,MPTC,85.33,项目交接参考；当前归档未找到原始 S 阶段解析 CSV,UAGMC_SOURCE passenger-only + LQ,84.19,128.76,exp11 同包曲线；训练种子 1；评估种子 123-125,Joint 与 passenger-only 控制权不同；跨矩阵训练实现/guard 未必完全锁定
exp10,J4__W_EVENTQ_COCO_CF,J4,W_EVENTQ_COCO_CF,1,500000,143.79777777777778,114.22666666666667,7.334444444444444,21.311111111111114,1.0,True,3,3,0.5445070523351402,0.45549294766485976,0.5856580119574745,0.4143419880425254,exp10_jointfirst_v5_60m__analysis_full.zip!RUN/J4__W_EVENTQ_COCO_CF/analysis/checkpoint_curve.csv,MPTC,85.33,项目交接参考；当前归档未找到原始 S 阶段解析 CSV,UAGMC_SOURCE passenger-only + LQ,84.19,128.76,exp11 同包曲线；训练种子 1；评估种子 123-125,Joint 与 passenger-only 控制权不同；跨矩阵训练实现/guard 未必完全锁定
exp10,J4__W_EVENTQ_COCO_CF,J4,W_EVENTQ_COCO_CF,1,550000,164.7511111111111,134.88333333333333,7.543333333333333,21.386666666666667,1.0,True,3,3,0.5942912524646593,0.4057087475353407,0.68010166635863,0.3198983336413701,exp10_jointfirst_v5_60m__analysis_full.zip!RUN/J4__W_EVENTQ_COCO_CF/analysis/checkpoint_curve.csv,MPTC,85.33,项目交接参考；当前归档未找到原始 S 阶段解析 CSV,UAGMC_SOURCE passenger-only + LQ,84.19,128.76,exp11 同包曲线；训练种子 1；评估种子 123-125,Joint 与 passenger-only 控制权不同；跨矩阵训练实现/guard 未必完全锁定
exp10,J4__W_EVENTQ_COCO_CF,J4,W_EVENTQ_COCO_CF,1,600000,152.32000000000002,122.71222222222222,7.338888888888889,21.319999999999997,1.0,True,3,3,0.5728013697411108,0.4271986302588891,0.6231349890498626,0.3768650109501373,exp10_jointfirst_v5_60m__analysis_full.zip!RUN/J4__W_EVENTQ_COCO_CF/analysis/checkpoint_curve.csv,MPTC,85.33,项目交接参考；当前归档未找到原始 S 阶段解析 CSV,UAGMC_SOURCE passenger-only + LQ,84.19,128.76,exp11 同包曲线；训练种子 1；评估种子 123-125,Joint 与 passenger-only 控制权不同；跨矩阵训练实现/guard 未必完全锁定
exp10,J4__W_EVENTQ_VE_EMA,J4,W_EVENTQ_VE_EMA,1,50000,217.46444444444444,185.26999999999998,8.472222222222221,22.742222222222225,1.0,True,3,3,0.8070743838448311,0.1929256161551689,0.8163832959474543,0.1836167040525457,exp10_jointfirst_v5_60m__analysis_full.zip!RUN/J4__W_EVENTQ_VE_EMA/analysis/checkpoint_curve.csv,MPTC,85.33,项目交接参考；当前归档未找到原始 S 阶段解析 CSV,UAGMC_SOURCE passenger-only + LQ,84.19,128.76,exp11 同包曲线；训练种子 1；评估种子 123-125,Joint 与 passenger-only 控制权不同；跨矩阵训练实现/guard 未必完全锁定
exp10,J4__W_EVENTQ_VE_EMA,J4,W_EVENTQ_VE_EMA,1,100000,218.13444444444443,185.62444444444444,8.536666666666667,22.986666666666668,1.0,True,3,3,0.7257976281187113,0.2742023718812887,0.13020729539104783,0.8697927046089523,exp10_jointfirst_v5_60m__analysis_full.zip!RUN/J4__W_EVENTQ_VE_EMA/analysis/checkpoint_curve.csv,MPTC,85.33,项目交接参考；当前归档未找到原始 S 阶段解析 CSV,UAGMC_SOURCE passenger-only + LQ,84.19,128.76,exp11 同包曲线；训练种子 1；评估种子 123-125,Joint 与 passenger-only 控制权不同；跨矩阵训练实现/guard 未必完全锁定
exp10,J4__W_EVENTQ_VE_EMA,J4,W_EVENTQ_VE_EMA,1,150000,227.66333333333333,195.86777777777775,8.295555555555557,22.551111111111112,1.0,True,3,3,0.6971319862697939,0.30286801373020616,0.1601191343506163,0.8398808656493837,exp10_jointfirst_v5_60m__analysis_full.zip!RUN/J4__W_EVENTQ_VE_EMA/analysis/checkpoint_curve.csv,MPTC,85.33,项目交接参考；当前归档未找到原始 S 阶段解析 CSV,UAGMC_SOURCE passenger-only + LQ,84.19,128.76,exp11 同包曲线；训练种子 1；评估种子 123-125,Joint 与 passenger-only 控制权不同；跨矩阵训练实现/guard 未必完全锁定
exp10,J4__W_EVENTQ_VE_EMA,J4,W_EVENTQ_VE_EMA,1,200000,215.78444444444446,183.9477777777778,8.297777777777778,22.600000000000005,1.0,True,3,3,0.8641017177643091,0.1358982822356908,0.17548929609165195,0.824510703908348,exp10_jointfirst_v5_60m__analysis_full.zip!RUN/J4__W_EVENTQ_VE_EMA/analysis/checkpoint_curve.csv,MPTC,85.33,项目交接参考；当前归档未找到原始 S 阶段解析 CSV,UAGMC_SOURCE passenger-only + LQ,84.19,128.76,exp11 同包曲线；训练种子 1；评估种子 123-125,Joint 与 passenger-only 控制权不同；跨矩阵训练实现/guard 未必完全锁定
exp10,J4__W_EVENTQ_VE_EMA,J4,W_EVENTQ_VE_EMA,1,250000,177.02,145.52555555555554,8.138888888888888,22.391111111111112,1.0,True,3,3,0.8042381677126804,0.19576183228731955,0.49117534036012295,0.508824659639877,exp10_jointfirst_v5_60m__analysis_full.zip!RUN/J4__W_EVENTQ_VE_EMA/analysis/checkpoint_curve.csv,MPTC,85.33,项目交接参考；当前归档未找到原始 S 阶段解析 CSV,UAGMC_SOURCE passenger-only + LQ,84.19,128.76,exp11 同包曲线；训练种子 1；评估种子 123-125,Joint 与 passenger-only 控制权不同；跨矩阵训练实现/guard 未必完全锁定
exp10,J4__W_EVENTQ_VE_EMA,J4,W_EVENTQ_VE_EMA,1,300000,139.32777777777778,109.21333333333332,7.617777777777778,21.524444444444445,1.0,True,3,3,0.6300789421427507,0.3699210578572493,0.49076494938907694,0.509235050610923,exp10_jointfirst_v5_60m__analysis_full.zip!RUN/J4__W_EVENTQ_VE_EMA/analysis/checkpoint_curve.csv,MPTC,85.33,项目交接参考；当前归档未找到原始 S 阶段解析 CSV,UAGMC_SOURCE passenger-only + LQ,84.19,128.76,exp11 同包曲线；训练种子 1；评估种子 123-125,Joint 与 passenger-only 控制权不同；跨矩阵训练实现/guard 未必完全锁定
exp10,J4__W_EVENTQ_VE_EMA,J4,W_EVENTQ_VE_EMA,1,350000,142.9077777777778,112.64666666666666,7.774444444444445,21.51111111111111,1.0,True,3,3,0.6001532753845428,0.3998467246154573,0.3865492689729508,0.6134507310270493,exp10_jointfirst_v5_60m__analysis_full.zip!RUN/J4__W_EVENTQ_VE_EMA/analysis/checkpoint_curve.csv,MPTC,85.33,项目交接参考；当前归档未找到原始 S 阶段解析 CSV,UAGMC_SOURCE passenger-only + LQ,84.19,128.76,exp11 同包曲线；训练种子 1；评估种子 123-125,Joint 与 passenger-only 控制权不同；跨矩阵训练实现/guard 未必完全锁定
exp10,J4__W_EVENTQ_VE_EMA,J4,W_EVENTQ_VE_EMA,1,400000,144.1677777777778,114.02666666666669,7.625555555555555,21.551111111111112,1.0,True,3,3,0.5901074060284038,0.4098925939715961,0.422240645525019,0.577759354474981,exp10_jointfirst_v5_60m__analysis_full.zip!RUN/J4__W_EVENTQ_VE_EMA/analysis/checkpoint_curve.csv,MPTC,85.33,项目交接参考；当前归档未找到原始 S 阶段解析 CSV,UAGMC_SOURCE passenger-only + LQ,84.19,128.76,exp11 同包曲线；训练种子 1；评估种子 123-125,Joint 与 passenger-only 控制权不同；跨矩阵训练实现/guard 未必完全锁定
exp10,J4__W_EVENTQ_VE_EMA,J4,W_EVENTQ_VE_EMA,1,450000,111.90222222222222,83.19333333333333,6.9622222222222225,20.786666666666665,1.0,True,3,3,0.4614601032827168,0.5385398967172832,0.44719970692883476,0.5528002930711652,exp10_jointfirst_v5_60m__analysis_full.zip!RUN/J4__W_EVENTQ_VE_EMA/analysis/checkpoint_curve.csv,MPTC,85.33,项目交接参考；当前归档未找到原始 S 阶段解析 CSV,UAGMC_SOURCE passenger-only + LQ,84.19,128.76,exp11 同包曲线；训练种子 1；评估种子 123-125,Joint 与 passenger-only 控制权不同；跨矩阵训练实现/guard 未必完全锁定
exp10,J4__W_EVENTQ_VE_EMA,J4,W_EVENTQ_VE_EMA,1,500000,111.81555555555558,83.47888888888889,6.853333333333333,20.53333333333333,1.0,True,3,3,0.42650726155710467,0.5734927384428953,0.4068127192011086,0.5931872807988914,exp10_jointfirst_v5_60m__analysis_full.zip!RUN/J4__W_EVENTQ_VE_EMA/analysis/checkpoint_curve.csv,MPTC,85.33,项目交接参考；当前归档未找到原始 S 阶段解析 CSV,UAGMC_SOURCE passenger-only + LQ,84.19,128.76,exp11 同包曲线；训练种子 1；评估种子 123-125,Joint 与 passenger-only 控制权不同；跨矩阵训练实现/guard 未必完全锁定
exp10,J4__W_EVENTQ_VE_EMA,J4,W_EVENTQ_VE_EMA,1,550000,116.78333333333335,88.70777777777778,6.82888888888889,20.311111111111114,1.0,True,3,3,0.35792918582055266,0.6420708141794473,0.4378101748922225,0.5621898251077776,exp10_jointfirst_v5_60m__analysis_full.zip!RUN/J4__W_EVENTQ_VE_EMA/analysis/checkpoint_curve.csv,MPTC,85.33,项目交接参考；当前归档未找到原始 S 阶段解析 CSV,UAGMC_SOURCE passenger-only + LQ,84.19,128.76,exp11 同包曲线；训练种子 1；评估种子 123-125,Joint 与 passenger-only 控制权不同；跨矩阵训练实现/guard 未必完全锁定
exp10,J4__W_EVENTQ_VE_EMA,J4,W_EVENTQ_VE_EMA,1,600000,121.76777777777778,94.30444444444443,6.497777777777777,20.066666666666666,1.0,True,3,3,0.3737264093214944,0.6262735906785056,0.4970391021096485,0.5029608978903515,exp10_jointfirst_v5_60m__analysis_full.zip!RUN/J4__W_EVENTQ_VE_EMA/analysis/checkpoint_curve.csv,MPTC,85.33,项目交接参考；当前归档未找到原始 S 阶段解析 CSV,UAGMC_SOURCE passenger-only + LQ,84.19,128.76,exp11 同包曲线；训练种子 1；评估种子 123-125,Joint 与 passenger-only 控制权不同；跨矩阵训练实现/guard 未必完全锁定
exp10,J4__W_GAMMA_PETS_STEVE,J4,W_GAMMA_PETS_STEVE,1,50000,226.23111111111112,198.30444444444444,6.861111111111112,20.173333333333336,1.0,True,3,3,0.38690947915480595,0.613090520845194,0.978706028636798,0.02129397136320214,exp10_jointfirst_v5_60m__analysis_full.zip!RUN/J4__W_GAMMA_PETS_STEVE/analysis/checkpoint_curve.csv,MPTC,85.33,项目交接参考；当前归档未找到原始 S 阶段解析 CSV,UAGMC_SOURCE passenger-only + LQ,84.19,128.76,exp11 同包曲线；训练种子 1；评估种子 123-125,Joint 与 passenger-only 控制权不同；跨矩阵训练实现/guard 未必完全锁定
exp10,J4__W_GAMMA_PETS_STEVE,J4,W_GAMMA_PETS_STEVE,1,100000,106.23333333333333,77.28444444444445,7.334444444444444,20.711111111111112,1.0,True,3,3,0.3650785391711426,0.6349214608288575,0.43840232595211653,0.5615976740478835,exp10_jointfirst_v5_60m__analysis_full.zip!RUN/J4__W_GAMMA_PETS_STEVE/analysis/checkpoint_curve.csv,MPTC,85.33,项目交接参考；当前归档未找到原始 S 阶段解析 CSV,UAGMC_SOURCE passenger-only + LQ,84.19,128.76,exp11 同包曲线；训练种子 1；评估种子 123-125,Joint 与 passenger-only 控制权不同；跨矩阵训练实现/guard 未必完全锁定
exp10,J4__W_GAMMA_PETS_STEVE,J4,W_GAMMA_PETS_STEVE,1,150000,161.13666666666668,130.00777777777776,8.089999999999998,22.093333333333334,1.0,True,3,3,0.7162608918411631,0.28373910815883696,0.37904403085066757,0.6209559691493324,exp10_jointfirst_v5_60m__analysis_full.zip!RUN/J4__W_GAMMA_PETS_STEVE/analysis/checkpoint_curve.csv,MPTC,85.33,项目交接参考；当前归档未找到原始 S 阶段解析 CSV,UAGMC_SOURCE passenger-only + LQ,84.19,128.76,exp11 同包曲线；训练种子 1；评估种子 123-125,Joint 与 passenger-only 控制权不同；跨矩阵训练实现/guard 未必完全锁定
exp10,J4__W_GAMMA_PETS_STEVE,J4,W_GAMMA_PETS_STEVE,1,200000,148.11111111111111,117.46777777777777,7.846666666666667,21.88888888888889,1.0,True,3,3,0.5613952797243856,0.4386047202756143,0.46064029396939987,0.5393597060306002,exp10_jointfirst_v5_60m__analysis_full.zip!RUN/J4__W_GAMMA_PETS_STEVE/analysis/checkpoint_curve.csv,MPTC,85.33,项目交接参考；当前归档未找到原始 S 阶段解析 CSV,UAGMC_SOURCE passenger-only + LQ,84.19,128.76,exp11 同包曲线；训练种子 1；评估种子 123-125,Joint 与 passenger-only 控制权不同；跨矩阵训练实现/guard 未必完全锁定
exp10,J4__W_GAMMA_PETS_STEVE,J4,W_GAMMA_PETS_STEVE,1,250000,114.14999999999999,84.88333333333333,7.322222222222222,21.004444444444445,1.0,True,3,3,0.4428678895125881,0.557132110487412,0.4970528139503525,0.5029471860496475,exp10_jointfirst_v5_60m__analysis_full.zip!RUN/J4__W_GAMMA_PETS_STEVE/analysis/checkpoint_curve.csv,MPTC,85.33,项目交接参考；当前归档未找到原始 S 阶段解析 CSV,UAGMC_SOURCE passenger-only + LQ,84.19,128.76,exp11 同包曲线；训练种子 1；评估种子 123-125,Joint 与 passenger-only 控制权不同；跨矩阵训练实现/guard 未必完全锁定
exp10,J4__W_GAMMA_PETS_STEVE,J4,W_GAMMA_PETS_STEVE,1,300000,118.71333333333332,89.63,7.223333333333334,20.90222222222222,1.0,True,3,3,0.49113507451808647,0.5088649254819135,0.5472436120794458,0.4527563879205542,exp10_jointfirst_v5_60m__analysis_full.zip!RUN/J4__W_GAMMA_PETS_STEVE/analysis/checkpoint_curve.csv,MPTC,85.33,项目交接参考；当前归档未找到原始 S 阶段解析 CSV,UAGMC_SOURCE passenger-only + LQ,84.19,128.76,exp11 同包曲线；训练种子 1；评估种子 123-125,Joint 与 passenger-only 控制权不同；跨矩阵训练实现/guard 未必完全锁定
exp10,J4__W_GAMMA_PETS_STEVE,J4,W_GAMMA_PETS_STEVE,1,350000,113.79,84.66222222222223,7.226666666666667,20.92888888888889,1.0,True,3,3,0.44858513221766444,0.5514148677823355,0.5116026309252456,0.48839736907475445,exp10_jointfirst_v5_60m__analysis_full.zip!RUN/J4__W_GAMMA_PETS_STEVE/analysis/checkpoint_curve.csv,MPTC,85.33,项目交接参考；当前归档未找到原始 S 阶段解析 CSV,UAGMC_SOURCE passenger-only + LQ,84.19,128.76,exp11 同包曲线；训练种子 1；评估种子 123-125,Joint 与 passenger-only 控制权不同；跨矩阵训练实现/guard 未必完全锁定
exp10,J4__W_GAMMA_PETS_STEVE,J4,W_GAMMA_PETS_STEVE,1,400000,121.49777777777778,93.22444444444444,6.917777777777778,20.48,1.0,True,3,3,0.4175511968758962,0.5824488031241039,0.5976611270320799,0.4023388729679201,exp10_jointfirst_v5_60m__analysis_full.zip!RUN/J4__W_GAMMA_PETS_STEVE/analysis/checkpoint_curve.csv,MPTC,85.33,项目交接参考；当前归档未找到原始 S 阶段解析 CSV,UAGMC_SOURCE passenger-only + LQ,84.19,128.76,exp11 同包曲线；训练种子 1；评估种子 123-125,Joint 与 passenger-only 控制权不同；跨矩阵训练实现/guard 未必完全锁定
exp10,J4__W_GAMMA_PETS_STEVE,J4,W_GAMMA_PETS_STEVE,1,450000,127.09444444444443,98.75666666666666,6.988888888888888,20.45777777777778,1.0,True,3,3,0.5388755388755389,0.46112446112446115,0.5565734940734942,0.44342650592650595,exp10_jointfirst_v5_60m__analysis_full.zip!RUN/J4__W_GAMMA_PETS_STEVE/analysis/checkpoint_curve.csv,MPTC,85.33,项目交接参考；当前归档未找到原始 S 阶段解析 CSV,UAGMC_SOURCE passenger-only + LQ,84.19,128.76,exp11 同包曲线；训练种子 1；评估种子 123-125,Joint 与 passenger-only 控制权不同；跨矩阵训练实现/guard 未必完全锁定
exp10,J4__W_GAMMA_PETS_STEVE,J4,W_GAMMA_PETS_STEVE,1,500000,123.2911111111111,95.36222222222221,6.764444444444444,20.253333333333334,1.0,True,3,3,0.4122755155753721,0.587724484424628,0.49167424490236544,0.5083257550976347,exp10_jointfirst_v5_60m__analysis_full.zip!RUN/J4__W_GAMMA_PETS_STEVE/analysis/checkpoint_curve.csv,MPTC,85.33,项目交接参考；当前归档未找到原始 S 阶段解析 CSV,UAGMC_SOURCE passenger-only + LQ,84.19,128.76,exp11 同包曲线；训练种子 1；评估种子 123-125,Joint 与 passenger-only 控制权不同；跨矩阵训练实现/guard 未必完全锁定
exp10,J4__W_GAMMA_PETS_STEVE,J4,W_GAMMA_PETS_STEVE,1,550000,140.17444444444445,112.20666666666666,6.814444444444444,20.293333333333333,1.0,True,3,3,0.4137241638639923,0.5862758361360076,0.5507397360559833,0.44926026394401686,exp10_jointfirst_v5_60m__analysis_full.zip!RUN/J4__W_GAMMA_PETS_STEVE/analysis/checkpoint_curve.csv,MPTC,85.33,项目交接参考；当前归档未找到原始 S 阶段解析 CSV,UAGMC_SOURCE passenger-only + LQ,84.19,128.76,exp11 同包曲线；训练种子 1；评估种子 123-125,Joint 与 passenger-only 控制权不同；跨矩阵训练实现/guard 未必完全锁定
exp10,J4__W_GAMMA_PETS_STEVE,J4,W_GAMMA_PETS_STEVE,1,600000,136.1811111111111,108.15444444444444,6.924444444444444,20.191111111111113,1.0,True,3,3,0.40109150736494587,0.5989084926350542,0.5285049584378263,0.47149504156217364,exp10_jointfirst_v5_60m__analysis_full.zip!RUN/J4__W_GAMMA_PETS_STEVE/analysis/checkpoint_curve.csv,MPTC,85.33,项目交接参考；当前归档未找到原始 S 阶段解析 CSV,UAGMC_SOURCE passenger-only + LQ,84.19,128.76,exp11 同包曲线；训练种子 1；评估种子 123-125,Joint 与 passenger-only 控制权不同；跨矩阵训练实现/guard 未必完全锁定
exp10,J4__W_TDM_CVAML,J4,W_TDM_CVAML,1,50000,203.66111111111113,172.8711111111111,7.932222222222222,21.88,1.0,True,3,3,0.46230421497470325,0.5376957850252967,0.9035699694901798,0.09643003050982013,exp10_jointfirst_v5_60m__analysis_full.zip!RUN/J4__W_TDM_CVAML/analysis/checkpoint_curve.csv,MPTC,85.33,项目交接参考；当前归档未找到原始 S 阶段解析 CSV,UAGMC_SOURCE passenger-only + LQ,84.19,128.76,exp11 同包曲线；训练种子 1；评估种子 123-125,Joint 与 passenger-only 控制权不同；跨矩阵训练实现/guard 未必完全锁定
exp10,J4__W_TDM_CVAML,J4,W_TDM_CVAML,1,100000,201.25666666666666,169.23222222222225,8.34222222222222,22.697777777777777,1.0,True,3,3,0.6888595991737363,0.31114040082626376,0.8007595647304088,0.19924043526959126,exp10_jointfirst_v5_60m__analysis_full.zip!RUN/J4__W_TDM_CVAML/analysis/checkpoint_curve.csv,MPTC,85.33,项目交接参考；当前归档未找到原始 S 阶段解析 CSV,UAGMC_SOURCE passenger-only + LQ,84.19,128.76,exp11 同包曲线；训练种子 1；评估种子 123-125,Joint 与 passenger-only 控制权不同；跨矩阵训练实现/guard 未必完全锁定
exp10,J4__W_TDM_CVAML,J4,W_TDM_CVAML,1,150000,189.36666666666665,158.10111111111112,8.063333333333333,22.23555555555556,1.0,True,3,3,0.4722878939230302,0.5277121060769697,0.6507661216286907,0.3492338783713092,exp10_jointfirst_v5_60m__analysis_full.zip!RUN/J4__W_TDM_CVAML/analysis/checkpoint_curve.csv,MPTC,85.33,项目交接参考；当前归档未找到原始 S 阶段解析 CSV,UAGMC_SOURCE passenger-only + LQ,84.19,128.76,exp11 同包曲线；训练种子 1；评估种子 123-125,Joint 与 passenger-only 控制权不同；跨矩阵训练实现/guard 未必完全锁定
exp10,J4__W_TDM_CVAML,J4,W_TDM_CVAML,1,200000,170.9177777777778,139.97333333333333,7.989999999999999,21.973333333333333,1.0,True,3,3,0.4902063813090029,0.5097936186909972,0.7335476990191299,0.2664523009808702,exp10_jointfirst_v5_60m__analysis_full.zip!RUN/J4__W_TDM_CVAML/analysis/checkpoint_curve.csv,MPTC,85.33,项目交接参考；当前归档未找到原始 S 阶段解析 CSV,UAGMC_SOURCE passenger-only + LQ,84.19,128.76,exp11 同包曲线；训练种子 1；评估种子 123-125,Joint 与 passenger-only 控制权不同；跨矩阵训练实现/guard 未必完全锁定
exp10,J4__W_TDM_CVAML,J4,W_TDM_CVAML,1,250000,128.54333333333332,99.06555555555555,7.431111111111111,21.066666666666666,1.0,True,3,3,0.4273633098410878,0.5726366901589123,0.5424608504494716,0.4575391495505285,exp10_jointfirst_v5_60m__analysis_full.zip!RUN/J4__W_TDM_CVAML/analysis/checkpoint_curve.csv,MPTC,85.33,项目交接参考；当前归档未找到原始 S 阶段解析 CSV,UAGMC_SOURCE passenger-only + LQ,84.19,128.76,exp11 同包曲线；训练种子 1；评估种子 123-125,Joint 与 passenger-only 控制权不同；跨矩阵训练实现/guard 未必完全锁定
exp10,J4__W_TDM_CVAML,J4,W_TDM_CVAML,1,300000,138.63888888888889,109.02666666666669,7.516666666666666,21.115555555555556,1.0,True,3,3,0.45435887444598727,0.5456411255540127,0.5696053263899669,0.4303946736100331,exp10_jointfirst_v5_60m__analysis_full.zip!RUN/J4__W_TDM_CVAML/analysis/checkpoint_curve.csv,MPTC,85.33,项目交接参考；当前归档未找到原始 S 阶段解析 CSV,UAGMC_SOURCE passenger-only + LQ,84.19,128.76,exp11 同包曲线；训练种子 1；评估种子 123-125,Joint 与 passenger-only 控制权不同；跨矩阵训练实现/guard 未必完全锁定
exp10,J4__W_TDM_CVAML,J4,W_TDM_CVAML,1,350000,137.6511111111111,107.42444444444446,7.7700000000000005,21.493333333333336,1.0,True,3,3,0.4521379123317522,0.5478620876682477,0.2877810161509951,0.712218983849005,exp10_jointfirst_v5_60m__analysis_full.zip!RUN/J4__W_TDM_CVAML/analysis/checkpoint_curve.csv,MPTC,85.33,项目交接参考；当前归档未找到原始 S 阶段解析 CSV,UAGMC_SOURCE passenger-only + LQ,84.19,128.76,exp11 同包曲线；训练种子 1；评估种子 123-125,Joint 与 passenger-only 控制权不同；跨矩阵训练实现/guard 未必完全锁定
exp10,J4__W_TDM_CVAML,J4,W_TDM_CVAML,1,400000,121.0911111111111,91.50111111111111,7.498888888888889,21.155555555555555,1.0,True,3,3,0.46764879731668724,0.5323512026833128,0.3540815141886637,0.6459184858113364,exp10_jointfirst_v5_60m__analysis_full.zip!RUN/J4__W_TDM_CVAML/analysis/checkpoint_curve.csv,MPTC,85.33,项目交接参考；当前归档未找到原始 S 阶段解析 CSV,UAGMC_SOURCE passenger-only + LQ,84.19,128.76,exp11 同包曲线；训练种子 1；评估种子 123-125,Joint 与 passenger-only 控制权不同；跨矩阵训练实现/guard 未必完全锁定
exp10,J4__W_TDM_CVAML,J4,W_TDM_CVAML,1,450000,119.70777777777778,90.44666666666666,7.252222222222223,21.044444444444444,1.0,True,3,3,0.5091743040316682,0.49082569596833175,0.573470762875952,0.42652923712404794,exp10_jointfirst_v5_60m__analysis_full.zip!RUN/J4__W_TDM_CVAML/analysis/checkpoint_curve.csv,MPTC,85.33,项目交接参考；当前归档未找到原始 S 阶段解析 CSV,UAGMC_SOURCE passenger-only + LQ,84.19,128.76,exp11 同包曲线；训练种子 1；评估种子 123-125,Joint 与 passenger-only 控制权不同；跨矩阵训练实现/guard 未必完全锁定
exp10,J4__W_TDM_CVAML,J4,W_TDM_CVAML,1,500000,136.20333333333335,107.08444444444444,7.228888888888889,20.942222222222224,1.0,True,3,3,0.4500720118561285,0.5499279881438716,0.5518698908532684,0.4481301091467316,exp10_jointfirst_v5_60m__analysis_full.zip!RUN/J4__W_TDM_CVAML/analysis/checkpoint_curve.csv,MPTC,85.33,项目交接参考；当前归档未找到原始 S 阶段解析 CSV,UAGMC_SOURCE passenger-only + LQ,84.19,128.76,exp11 同包曲线；训练种子 1；评估种子 123-125,Joint 与 passenger-only 控制权不同；跨矩阵训练实现/guard 未必完全锁定
exp10,J4__W_TDM_CVAML,J4,W_TDM_CVAML,1,550000,143.39,113.92555555555555,7.359999999999999,21.146666666666665,1.0,True,3,3,0.46978427817965285,0.5302157218203472,0.585944347642431,0.41405565235756897,exp10_jointfirst_v5_60m__analysis_full.zip!RUN/J4__W_TDM_CVAML/analysis/checkpoint_curve.csv,MPTC,85.33,项目交接参考；当前归档未找到原始 S 阶段解析 CSV,UAGMC_SOURCE passenger-only + LQ,84.19,128.76,exp11 同包曲线；训练种子 1；评估种子 123-125,Joint 与 passenger-only 控制权不同；跨矩阵训练实现/guard 未必完全锁定
exp10,J4__W_TDM_CVAML,J4,W_TDM_CVAML,1,600000,143.27666666666667,113.74666666666667,7.395555555555556,21.15111111111111,1.0,True,3,3,0.4981119926384369,0.5018880073615631,0.6256362289790308,0.37436377102096924,exp10_jointfirst_v5_60m__analysis_full.zip!RUN/J4__W_TDM_CVAML/analysis/checkpoint_curve.csv,MPTC,85.33,项目交接参考；当前归档未找到原始 S 阶段解析 CSV,UAGMC_SOURCE passenger-only + LQ,84.19,128.76,exp11 同包曲线；训练种子 1；评估种子 123-125,Joint 与 passenger-only 控制权不同；跨矩阵训练实现/guard 未必完全锁定
exp10,J5__CURRENT,J5,CURRENT,1,50000,207.9322222222222,176.89666666666668,7.926666666666667,22.16,1.0,True,3,3,0.8332076988081912,0.16679230119180868,0.7484801897757425,0.2515198102242577,exp10_jointfirst_v5_60m__analysis_full.zip!RUN/J5__CURRENT/analysis/checkpoint_curve.csv,MPTC,85.33,项目交接参考；当前归档未找到原始 S 阶段解析 CSV,UAGMC_SOURCE passenger-only + LQ,84.19,128.76,exp11 同包曲线；训练种子 1；评估种子 123-125,Joint 与 passenger-only 控制权不同；跨矩阵训练实现/guard 未必完全锁定
exp10,J5__CURRENT,J5,CURRENT,1,100000,240.72111111111113,209.08333333333334,8.158888888888889,22.515555555555554,1.0,True,3,3,0.7798431990809487,0.2201568009190514,0.7491832012400675,0.2508167987599325,exp10_jointfirst_v5_60m__analysis_full.zip!RUN/J5__CURRENT/analysis/checkpoint_curve.csv,MPTC,85.33,项目交接参考；当前归档未找到原始 S 阶段解析 CSV,UAGMC_SOURCE passenger-only + LQ,84.19,128.76,exp11 同包曲线；训练种子 1；评估种子 123-125,Joint 与 passenger-only 控制权不同；跨矩阵训练实现/guard 未必完全锁定
exp10,J5__CURRENT,J5,CURRENT,1,150000,202.24666666666667,170.76666666666665,8.195555555555556,22.30666666666667,1.0,True,3,3,0.828985578181516,0.17101442181848403,0.5485886942360374,0.4514113057639626,exp10_jointfirst_v5_60m__analysis_full.zip!RUN/J5__CURRENT/analysis/checkpoint_curve.csv,MPTC,85.33,项目交接参考；当前归档未找到原始 S 阶段解析 CSV,UAGMC_SOURCE passenger-only + LQ,84.19,128.76,exp11 同包曲线；训练种子 1；评估种子 123-125,Joint 与 passenger-only 控制权不同；跨矩阵训练实现/guard 未必完全锁定
exp10,J5__CURRENT,J5,CURRENT,1,200000,189.9911111111111,159.42888888888888,7.857777777777778,21.77333333333333,1.0,True,3,3,0.7714547820380894,0.22854521796191074,0.27151497695852533,0.7284850230414747,exp10_jointfirst_v5_60m__analysis_full.zip!RUN/J5__CURRENT/analysis/checkpoint_curve.csv,MPTC,85.33,项目交接参考；当前归档未找到原始 S 阶段解析 CSV,UAGMC_SOURCE passenger-only + LQ,84.19,128.76,exp11 同包曲线；训练种子 1；评估种子 123-125,Joint 与 passenger-only 控制权不同；跨矩阵训练实现/guard 未必完全锁定
exp10,J5__CURRENT,J5,CURRENT,1,250000,191.62666666666667,160.75666666666666,7.826666666666667,22.106666666666666,1.0,True,3,3,0.9090053570868507,0.09099464291314933,0.250386400723557,0.7496135992764429,exp10_jointfirst_v5_60m__analysis_full.zip!RUN/J5__CURRENT/analysis/checkpoint_curve.csv,MPTC,85.33,项目交接参考；当前归档未找到原始 S 阶段解析 CSV,UAGMC_SOURCE passenger-only + LQ,84.19,128.76,exp11 同包曲线；训练种子 1；评估种子 123-125,Joint 与 passenger-only 控制权不同；跨矩阵训练实现/guard 未必完全锁定
exp10,J5__CURRENT,J5,CURRENT,1,300000,229.74666666666667,198.18999999999997,8.156666666666666,22.45777777777778,1.0,True,3,3,0.9489094634808571,0.05109053651914295,0.16125623283464707,0.8387437671653529,exp10_jointfirst_v5_60m__analysis_full.zip!RUN/J5__CURRENT/analysis/checkpoint_curve.csv,MPTC,85.33,项目交接参考；当前归档未找到原始 S 阶段解析 CSV,UAGMC_SOURCE passenger-only + LQ,84.19,128.76,exp11 同包曲线；训练种子 1；评估种子 123-125,Joint 与 passenger-only 控制权不同；跨矩阵训练实现/guard 未必完全锁定
exp10,J5__CURRENT,J5,CURRENT,1,350000,177.00777777777776,146.37444444444444,7.862222222222222,21.817777777777778,1.0,True,3,3,0.8720922010691178,0.12790779893088225,0.21984512374428014,0.7801548762557199,exp10_jointfirst_v5_60m__analysis_full.zip!RUN/J5__CURRENT/analysis/checkpoint_curve.csv,MPTC,85.33,项目交接参考；当前归档未找到原始 S 阶段解析 CSV,UAGMC_SOURCE passenger-only + LQ,84.19,128.76,exp11 同包曲线；训练种子 1；评估种子 123-125,Joint 与 passenger-only 控制权不同；跨矩阵训练实现/guard 未必完全锁定
exp10,J5__CURRENT,J5,CURRENT,1,400000,155.38,125.20333333333333,7.7122222222222225,21.515555555555554,1.0,True,3,3,0.8140258560181844,0.18597414398181555,0.24551359684472743,0.7544864031552724,exp10_jointfirst_v5_60m__analysis_full.zip!RUN/J5__CURRENT/analysis/checkpoint_curve.csv,MPTC,85.33,项目交接参考；当前归档未找到原始 S 阶段解析 CSV,UAGMC_SOURCE passenger-only + LQ,84.19,128.76,exp11 同包曲线；训练种子 1；评估种子 123-125,Joint 与 passenger-only 控制权不同；跨矩阵训练实现/guard 未必完全锁定
exp10,J5__CURRENT,J5,CURRENT,1,450000,158.78,128.73333333333332,7.663333333333333,21.439999999999998,1.0,True,3,3,0.802333373652952,0.1976666263470481,0.25780052062017095,0.7421994793798291,exp10_jointfirst_v5_60m__analysis_full.zip!RUN/J5__CURRENT/analysis/checkpoint_curve.csv,MPTC,85.33,项目交接参考；当前归档未找到原始 S 阶段解析 CSV,UAGMC_SOURCE passenger-only + LQ,84.19,128.76,exp11 同包曲线；训练种子 1；评估种子 123-125,Joint 与 passenger-only 控制权不同；跨矩阵训练实现/guard 未必完全锁定
exp10,J5__CURRENT,J5,CURRENT,1,500000,132.88222222222223,102.93222222222222,7.705555555555556,21.311111111111114,1.0,True,3,3,0.7380083838302332,0.2619916161697669,0.2941277875129777,0.7058722124870224,exp10_jointfirst_v5_60m__analysis_full.zip!RUN/J5__CURRENT/analysis/checkpoint_curve.csv,MPTC,85.33,项目交接参考；当前归档未找到原始 S 阶段解析 CSV,UAGMC_SOURCE passenger-only + LQ,84.19,128.76,exp11 同包曲线；训练种子 1；评估种子 123-125,Joint 与 passenger-only 控制权不同；跨矩阵训练实现/guard 未必完全锁定
exp10,J5__CURRENT,J5,CURRENT,1,550000,131.07111111111112,101.42333333333333,7.472222222222221,21.235555555555553,1.0,True,3,3,0.6825840040346979,0.3174159959653022,0.2932647289730123,0.7067352710269876,exp10_jointfirst_v5_60m__analysis_full.zip!RUN/J5__CURRENT/analysis/checkpoint_curve.csv,MPTC,85.33,项目交接参考；当前归档未找到原始 S 阶段解析 CSV,UAGMC_SOURCE passenger-only + LQ,84.19,128.76,exp11 同包曲线；训练种子 1；评估种子 123-125,Joint 与 passenger-only 控制权不同；跨矩阵训练实现/guard 未必完全锁定
exp10,J5__CURRENT,J5,CURRENT,1,600000,138.02888888888887,108.20666666666666,7.53,21.351111111111113,1.0,True,3,3,0.7248366420079223,0.27516335799207764,0.2729503363011934,0.7270496636988065,exp10_jointfirst_v5_60m__analysis_full.zip!RUN/J5__CURRENT/analysis/checkpoint_curve.csv,MPTC,85.33,项目交接参考；当前归档未找到原始 S 阶段解析 CSV,UAGMC_SOURCE passenger-only + LQ,84.19,128.76,exp11 同包曲线；训练种子 1；评估种子 123-125,Joint 与 passenger-only 控制权不同；跨矩阵训练实现/guard 未必完全锁定
exp10,J5__R_EVENTQ,J5,R_EVENTQ,1,50000,232.5233333333333,201.2277777777778,8.037777777777777,22.288888888888888,1.0,True,3,3,0.8427873041247439,0.1572126958752561,0.7671375911450315,0.23286240885496845,exp10_jointfirst_v5_60m__analysis_full.zip!RUN/J5__R_EVENTQ/analysis/checkpoint_curve.csv,MPTC,85.33,项目交接参考；当前归档未找到原始 S 阶段解析 CSV,UAGMC_SOURCE passenger-only + LQ,84.19,128.76,exp11 同包曲线；训练种子 1；评估种子 123-125,Joint 与 passenger-only 控制权不同；跨矩阵训练实现/guard 未必完全锁定
exp10,J5__R_EVENTQ,J5,R_EVENTQ,1,100000,308.86555555555555,276.6711111111111,8.409999999999998,22.84,1.0,True,3,3,0.8743996422357814,0.12560035776421866,0.5015713445563478,0.49842865544365217,exp10_jointfirst_v5_60m__analysis_full.zip!RUN/J5__R_EVENTQ/analysis/checkpoint_curve.csv,MPTC,85.33,项目交接参考；当前归档未找到原始 S 阶段解析 CSV,UAGMC_SOURCE passenger-only + LQ,84.19,128.76,exp11 同包曲线；训练种子 1；评估种子 123-125,Joint 与 passenger-only 控制权不同；跨矩阵训练实现/guard 未必完全锁定
exp10,J5__R_EVENTQ,J5,R_EVENTQ,1,150000,218.92444444444445,187.19555555555553,8.263333333333334,22.493333333333336,1.0,True,3,3,0.9479829527509885,0.05201704724901146,0.543615067731488,0.4563849322685119,exp10_jointfirst_v5_60m__analysis_full.zip!RUN/J5__R_EVENTQ/analysis/checkpoint_curve.csv,MPTC,85.33,项目交接参考；当前归档未找到原始 S 阶段解析 CSV,UAGMC_SOURCE passenger-only + LQ,84.19,128.76,exp11 同包曲线；训练种子 1；评估种子 123-125,Joint 与 passenger-only 控制权不同；跨矩阵训练实现/guard 未必完全锁定
exp10,J5__R_EVENTQ,J5,R_EVENTQ,1,200000,165.49555555555557,134.39000000000001,8.045555555555557,22.08,1.0,True,3,3,0.8543421732698854,0.1456578267301146,0.47804995633499087,0.5219500436650092,exp10_jointfirst_v5_60m__analysis_full.zip!RUN/J5__R_EVENTQ/analysis/checkpoint_curve.csv,MPTC,85.33,项目交接参考；当前归档未找到原始 S 阶段解析 CSV,UAGMC_SOURCE passenger-only + LQ,84.19,128.76,exp11 同包曲线；训练种子 1；评估种子 123-125,Joint 与 passenger-only 控制权不同；跨矩阵训练实现/guard 未必完全锁定
exp10,J5__R_EVENTQ,J5,R_EVENTQ,1,250000,176.07444444444445,144.44000000000003,8.222222222222221,22.44,1.0,True,3,3,0.8969676755062473,0.10303232449375273,0.37845139360506974,0.6215486063949303,exp10_jointfirst_v5_60m__analysis_full.zip!RUN/J5__R_EVENTQ/analysis/checkpoint_curve.csv,MPTC,85.33,项目交接参考；当前归档未找到原始 S 阶段解析 CSV,UAGMC_SOURCE passenger-only + LQ,84.19,128.76,exp11 同包曲线；训练种子 1；评估种子 123-125,Joint 与 passenger-only 控制权不同；跨矩阵训练实现/guard 未必完全锁定
exp10,J5__R_EVENTQ,J5,R_EVENTQ,1,300000,166.14111111111112,134.73444444444445,8.171111111111111,22.25777777777778,1.0,True,3,3,0.8763889479649735,0.12361105203502654,0.38049972882188077,0.6195002711781192,exp10_jointfirst_v5_60m__analysis_full.zip!RUN/J5__R_EVENTQ/analysis/checkpoint_curve.csv,MPTC,85.33,项目交接参考；当前归档未找到原始 S 阶段解析 CSV,UAGMC_SOURCE passenger-only + LQ,84.19,128.76,exp11 同包曲线；训练种子 1；评估种子 123-125,Joint 与 passenger-only 控制权不同；跨矩阵训练实现/guard 未必完全锁定
exp10,J5__R_EVENTQ,J5,R_EVENTQ,1,350000,152.58444444444444,121.13555555555554,8.305555555555555,22.164444444444445,1.0,True,3,3,0.764838332253707,0.23516166774629288,0.5160131162029296,0.48398688379707044,exp10_jointfirst_v5_60m__analysis_full.zip!RUN/J5__R_EVENTQ/analysis/checkpoint_curve.csv,MPTC,85.33,项目交接参考；当前归档未找到原始 S 阶段解析 CSV,UAGMC_SOURCE passenger-only + LQ,84.19,128.76,exp11 同包曲线；训练种子 1；评估种子 123-125,Joint 与 passenger-only 控制权不同；跨矩阵训练实现/guard 未必完全锁定
exp10,J5__R_EVENTQ,J5,R_EVENTQ,1,400000,155.59444444444443,124.20222222222223,8.256666666666666,22.164444444444445,1.0,True,3,3,0.7956302940502485,0.20436970594975154,0.5953604943022203,0.4046395056977797,exp10_jointfirst_v5_60m__analysis_full.zip!RUN/J5__R_EVENTQ/analysis/checkpoint_curve.csv,MPTC,85.33,项目交接参考；当前归档未找到原始 S 阶段解析 CSV,UAGMC_SOURCE passenger-only + LQ,84.19,128.76,exp11 同包曲线；训练种子 1；评估种子 123-125,Joint 与 passenger-only 控制权不同；跨矩阵训练实现/guard 未必完全锁定
exp10,J5__R_EVENTQ,J5,R_EVENTQ,1,450000,136.6888888888889,105.67111111111113,8.117777777777778,21.92888888888889,1.0,True,3,3,0.780180407989835,0.21981959201016496,0.6031439377332162,0.39685606226678377,exp10_jointfirst_v5_60m__analysis_full.zip!RUN/J5__R_EVENTQ/analysis/checkpoint_curve.csv,MPTC,85.33,项目交接参考；当前归档未找到原始 S 阶段解析 CSV,UAGMC_SOURCE passenger-only + LQ,84.19,128.76,exp11 同包曲线；训练种子 1；评估种子 123-125,Joint 与 passenger-only 控制权不同；跨矩阵训练实现/guard 未必完全锁定
exp10,J5__R_EVENTQ,J5,R_EVENTQ,1,500000,136.90666666666667,106.83111111111111,7.788888888888889,21.31111111111111,1.0,True,3,3,0.72333974465122,0.27666025534877997,0.7105725118839873,0.28942748811601265,exp10_jointfirst_v5_60m__analysis_full.zip!RUN/J5__R_EVENTQ/analysis/checkpoint_curve.csv,MPTC,85.33,项目交接参考；当前归档未找到原始 S 阶段解析 CSV,UAGMC_SOURCE passenger-only + LQ,84.19,128.76,exp11 同包曲线；训练种子 1；评估种子 123-125,Joint 与 passenger-only 控制权不同；跨矩阵训练实现/guard 未必完全锁定
exp10,J5__R_EVENTQ,J5,R_EVENTQ,1,550000,150.8066666666667,120.67777777777776,7.727777777777778,21.42222222222222,1.0,True,3,3,0.6991650810912837,0.30083491890871633,0.7016418120351605,0.2983581879648394,exp10_jointfirst_v5_60m__analysis_full.zip!RUN/J5__R_EVENTQ/analysis/checkpoint_curve.csv,MPTC,85.33,项目交接参考；当前归档未找到原始 S 阶段解析 CSV,UAGMC_SOURCE passenger-only + LQ,84.19,128.76,exp11 同包曲线；训练种子 1；评估种子 123-125,Joint 与 passenger-only 控制权不同；跨矩阵训练实现/guard 未必完全锁定
exp10,J5__R_EVENTQ,J5,R_EVENTQ,1,600000,151.09,121.17777777777776,7.698888888888889,21.226666666666667,1.0,True,3,3,0.6572058305389037,0.3427941694610963,0.7352103157365425,0.2647896842634576,exp10_jointfirst_v5_60m__analysis_full.zip!RUN/J5__R_EVENTQ/analysis/checkpoint_curve.csv,MPTC,85.33,项目交接参考；当前归档未找到原始 S 阶段解析 CSV,UAGMC_SOURCE passenger-only + LQ,84.19,128.76,exp11 同包曲线；训练种子 1；评估种子 123-125,Joint 与 passenger-only 控制权不同；跨矩阵训练实现/guard 未必完全锁定
exp10,J5__R_TDM,J5,R_TDM,1,50000,313.9011111111111,282.1144444444445,8.22888888888889,22.57777777777778,1.0,True,3,3,0.967843468102685,0.03215653189731512,0.7200371359394141,0.27996286406058585,exp10_jointfirst_v5_60m__analysis_full.zip!RUN/J5__R_TDM/analysis/checkpoint_curve.csv,MPTC,85.33,项目交接参考；当前归档未找到原始 S 阶段解析 CSV,UAGMC_SOURCE passenger-only + LQ,84.19,128.76,exp11 同包曲线；训练种子 1；评估种子 123-125,Joint 与 passenger-only 控制权不同；跨矩阵训练实现/guard 未必完全锁定
exp10,J5__R_TDM,J5,R_TDM,1,100000,273.0911111111111,243.75666666666666,7.277777777777778,21.08,1.0,True,3,3,0.7494751612119962,0.2505248387880038,0.9433030857154318,0.056696914284568266,exp10_jointfirst_v5_60m__analysis_full.zip!RUN/J5__R_TDM/analysis/checkpoint_curve.csv,MPTC,85.33,项目交接参考；当前归档未找到原始 S 阶段解析 CSV,UAGMC_SOURCE passenger-only + LQ,84.19,128.76,exp11 同包曲线；训练种子 1；评估种子 123-125,Joint 与 passenger-only 控制权不同；跨矩阵训练实现/guard 未必完全锁定
exp10,J5__R_TDM,J5,R_TDM,1,150000,245.20333333333335,216.54111111111106,6.903333333333333,20.831111111111113,1.0,True,3,3,0.7835683533523295,0.21643164664767045,0.9303821362626232,0.06961786373737677,exp10_jointfirst_v5_60m__analysis_full.zip!RUN/J5__R_TDM/analysis/checkpoint_curve.csv,MPTC,85.33,项目交接参考；当前归档未找到原始 S 阶段解析 CSV,UAGMC_SOURCE passenger-only + LQ,84.19,128.76,exp11 同包曲线；训练种子 1；评估种子 123-125,Joint 与 passenger-only 控制权不同；跨矩阵训练实现/guard 未必完全锁定
exp10,J5__R_TDM,J5,R_TDM,1,200000,217.01333333333332,188.06222222222223,7.127777777777777,20.88888888888889,1.0,True,3,3,0.6947851300089396,0.30521486999106046,0.9038125177707408,0.09618748222925917,exp10_jointfirst_v5_60m__analysis_full.zip!RUN/J5__R_TDM/analysis/checkpoint_curve.csv,MPTC,85.33,项目交接参考；当前归档未找到原始 S 阶段解析 CSV,UAGMC_SOURCE passenger-only + LQ,84.19,128.76,exp11 同包曲线；训练种子 1；评估种子 123-125,Joint 与 passenger-only 控制权不同；跨矩阵训练实现/guard 未必完全锁定
exp10,J5__R_TDM,J5,R_TDM,1,250000,171.60444444444443,143.00222222222223,6.947777777777778,20.711111111111112,1.0,True,3,3,0.6632740468860533,0.33672595311394665,0.5426727505192454,0.4573272494807547,exp10_jointfirst_v5_60m__analysis_full.zip!RUN/J5__R_TDM/analysis/checkpoint_curve.csv,MPTC,85.33,项目交接参考；当前归档未找到原始 S 阶段解析 CSV,UAGMC_SOURCE passenger-only + LQ,84.19,128.76,exp11 同包曲线；训练种子 1；评估种子 123-125,Joint 与 passenger-only 控制权不同；跨矩阵训练实现/guard 未必完全锁定
exp10,J5__R_TDM,J5,R_TDM,1,300000,164.41333333333333,135.17999999999998,7.243333333333333,21.05333333333333,1.0,True,3,3,0.7493034840151945,0.25069651598480547,0.41611399937850696,0.5838860006214931,exp10_jointfirst_v5_60m__analysis_full.zip!RUN/J5__R_TDM/analysis/checkpoint_curve.csv,MPTC,85.33,项目交接参考；当前归档未找到原始 S 阶段解析 CSV,UAGMC_SOURCE passenger-only + LQ,84.19,128.76,exp11 同包曲线；训练种子 1；评估种子 123-125,Joint 与 passenger-only 控制权不同；跨矩阵训练实现/guard 未必完全锁定
exp10,J5__R_TDM,J5,R_TDM,1,350000,150.9622222222222,122.14333333333333,7.061111111111111,20.813333333333333,1.0,True,3,3,0.6827967922981681,0.3172032077018318,0.4106954735442807,0.5893045264557193,exp10_jointfirst_v5_60m__analysis_full.zip!RUN/J5__R_TDM/analysis/checkpoint_curve.csv,MPTC,85.33,项目交接参考；当前归档未找到原始 S 阶段解析 CSV,UAGMC_SOURCE passenger-only + LQ,84.19,128.76,exp11 同包曲线；训练种子 1；评估种子 123-125,Joint 与 passenger-only 控制权不同；跨矩阵训练实现/guard 未必完全锁定
exp10,J5__R_TDM,J5,R_TDM,1,400000,154.27,125.02888888888889,7.264444444444444,21.022222222222222,1.0,True,3,3,0.6806182055915987,0.31938179440840136,0.43148029320386616,0.5685197067961338,exp10_jointfirst_v5_60m__analysis_full.zip!RUN/J5__R_TDM/analysis/checkpoint_curve.csv,MPTC,85.33,项目交接参考；当前归档未找到原始 S 阶段解析 CSV,UAGMC_SOURCE passenger-only + LQ,84.19,128.76,exp11 同包曲线；训练种子 1；评估种子 123-125,Joint 与 passenger-only 控制权不同；跨矩阵训练实现/guard 未必完全锁定
exp10,J5__R_TDM,J5,R_TDM,1,450000,152.73777777777778,123.46666666666668,7.268888888888888,21.07111111111111,1.0,True,3,3,0.6632511567526009,0.3367488432473991,0.48362808782715466,0.5163719121728453,exp10_jointfirst_v5_60m__analysis_full.zip!RUN/J5__R_TDM/analysis/checkpoint_curve.csv,MPTC,85.33,项目交接参考；当前归档未找到原始 S 阶段解析 CSV,UAGMC_SOURCE passenger-only + LQ,84.19,128.76,exp11 同包曲线；训练种子 1；评估种子 123-125,Joint 与 passenger-only 控制权不同；跨矩阵训练实现/guard 未必完全锁定
exp10,J5__R_TDM,J5,R_TDM,1,500000,177.95111111111112,148.09444444444443,7.441111111111112,21.48888888888889,1.0,True,3,3,0.6735854469187803,0.32641455308121975,0.5508973042306375,0.44910269576936246,exp10_jointfirst_v5_60m__analysis_full.zip!RUN/J5__R_TDM/analysis/checkpoint_curve.csv,MPTC,85.33,项目交接参考；当前归档未找到原始 S 阶段解析 CSV,UAGMC_SOURCE passenger-only + LQ,84.19,128.76,exp11 同包曲线；训练种子 1；评估种子 123-125,Joint 与 passenger-only 控制权不同；跨矩阵训练实现/guard 未必完全锁定
exp10,J5__R_TDM,J5,R_TDM,1,550000,148.75666666666666,119.29888888888888,7.307777777777777,21.231111111111108,1.0,True,3,3,0.6484979988539626,0.35150200114603725,0.5264861289719104,0.47351387102808973,exp10_jointfirst_v5_60m__analysis_full.zip!RUN/J5__R_TDM/analysis/checkpoint_curve.csv,MPTC,85.33,项目交接参考；当前归档未找到原始 S 阶段解析 CSV,UAGMC_SOURCE passenger-only + LQ,84.19,128.76,exp11 同包曲线；训练种子 1；评估种子 123-125,Joint 与 passenger-only 控制权不同；跨矩阵训练实现/guard 未必完全锁定
exp10,J5__R_TDM,J5,R_TDM,1,600000,175.09666666666666,145.49333333333334,7.338888888888889,21.337777777777777,1.0,True,3,3,0.6541729148617906,0.3458270851382094,0.5668893926418067,0.43311060735819334,exp10_jointfirst_v5_60m__analysis_full.zip!RUN/J5__R_TDM/analysis/checkpoint_curve.csv,MPTC,85.33,项目交接参考；当前归档未找到原始 S 阶段解析 CSV,UAGMC_SOURCE passenger-only + LQ,84.19,128.76,exp11 同包曲线；训练种子 1；评估种子 123-125,Joint 与 passenger-only 控制权不同；跨矩阵训练实现/guard 未必完全锁定
exp10,J6__CURRENT,J6,CURRENT,1,50000,189.91555555555556,159.37777777777777,8.026666666666666,21.564444444444444,1.0,True,3,3,0.8269168359149291,0.17308316408507074,0.6948279388129862,0.3051720611870138,exp10_jointfirst_v5_60m__analysis_full.zip!RUN/J6__CURRENT/analysis/checkpoint_curve.csv,MPTC,85.33,项目交接参考；当前归档未找到原始 S 阶段解析 CSV,UAGMC_SOURCE passenger-only + LQ,84.19,128.76,exp11 同包曲线；训练种子 1；评估种子 123-125,Joint 与 passenger-only 控制权不同；跨矩阵训练实现/guard 未必完全锁定
exp10,J6__CURRENT,J6,CURRENT,1,100000,156.4611111111111,125.68555555555558,7.974444444444444,21.84,1.0,True,3,3,0.7366996092000706,0.26330039079992923,0.5637741045395398,0.43622589546046026,exp10_jointfirst_v5_60m__analysis_full.zip!RUN/J6__CURRENT/analysis/checkpoint_curve.csv,MPTC,85.33,项目交接参考；当前归档未找到原始 S 阶段解析 CSV,UAGMC_SOURCE passenger-only + LQ,84.19,128.76,exp11 同包曲线；训练种子 1；评估种子 123-125,Joint 与 passenger-only 控制权不同；跨矩阵训练实现/guard 未必完全锁定
exp10,J6__CURRENT,J6,CURRENT,1,150000,153.6988888888889,122.42777777777776,8.032222222222222,22.28,1.0,True,3,3,0.763511516847356,0.23648848315264404,0.6684249414312685,0.33157505856873143,exp10_jointfirst_v5_60m__analysis_full.zip!RUN/J6__CURRENT/analysis/checkpoint_curve.csv,MPTC,85.33,项目交接参考；当前归档未找到原始 S 阶段解析 CSV,UAGMC_SOURCE passenger-only + LQ,84.19,128.76,exp11 同包曲线；训练种子 1；评估种子 123-125,Joint 与 passenger-only 控制权不同；跨矩阵训练实现/guard 未必完全锁定
exp10,J6__CURRENT,J6,CURRENT,1,200000,165.01333333333335,133.86333333333334,8.04888888888889,22.142222222222227,1.0,True,3,3,0.548001937846816,0.45199806215318405,0.6749285980102452,0.32507140198975476,exp10_jointfirst_v5_60m__analysis_full.zip!RUN/J6__CURRENT/analysis/checkpoint_curve.csv,MPTC,85.33,项目交接参考；当前归档未找到原始 S 阶段解析 CSV,UAGMC_SOURCE passenger-only + LQ,84.19,128.76,exp11 同包曲线；训练种子 1；评估种子 123-125,Joint 与 passenger-only 控制权不同；跨矩阵训练实现/guard 未必完全锁定
exp10,J6__CURRENT,J6,CURRENT,1,250000,137.32000000000002,107.15777777777778,7.674444444444444,21.54222222222222,1.0,True,3,3,0.5948308091422582,0.4051691908577418,0.6077960119815472,0.39220398801845285,exp10_jointfirst_v5_60m__analysis_full.zip!RUN/J6__CURRENT/analysis/checkpoint_curve.csv,MPTC,85.33,项目交接参考；当前归档未找到原始 S 阶段解析 CSV,UAGMC_SOURCE passenger-only + LQ,84.19,128.76,exp11 同包曲线；训练种子 1；评估种子 123-125,Joint 与 passenger-only 控制权不同；跨矩阵训练实现/guard 未必完全锁定
exp10,J6__CURRENT,J6,CURRENT,1,300000,125.81333333333333,96.09777777777778,7.5377777777777775,21.235555555555553,1.0,True,3,3,0.5675026308252263,0.4324973691747737,0.5147368495389665,0.4852631504610336,exp10_jointfirst_v5_60m__analysis_full.zip!RUN/J6__CURRENT/analysis/checkpoint_curve.csv,MPTC,85.33,项目交接参考；当前归档未找到原始 S 阶段解析 CSV,UAGMC_SOURCE passenger-only + LQ,84.19,128.76,exp11 同包曲线；训练种子 1；评估种子 123-125,Joint 与 passenger-only 控制权不同；跨矩阵训练实现/guard 未必完全锁定
exp10,J6__CURRENT,J6,CURRENT,1,350000,166.34777777777776,136.28222222222223,7.670000000000001,21.448888888888888,1.0,True,3,3,0.48855263419786593,0.511447365802134,0.6240422149822676,0.3759577850177324,exp10_jointfirst_v5_60m__analysis_full.zip!RUN/J6__CURRENT/analysis/checkpoint_curve.csv,MPTC,85.33,项目交接参考；当前归档未找到原始 S 阶段解析 CSV,UAGMC_SOURCE passenger-only + LQ,84.19,128.76,exp11 同包曲线；训练种子 1；评估种子 123-125,Joint 与 passenger-only 控制权不同；跨矩阵训练实现/guard 未必完全锁定
exp10,J6__CURRENT,J6,CURRENT,1,400000,135.65444444444444,106.71333333333332,7.254444444444445,20.76,1.0,True,3,3,0.5082249165049909,0.49177508349500904,0.5256409021678822,0.47435909783211777,exp10_jointfirst_v5_60m__analysis_full.zip!RUN/J6__CURRENT/analysis/checkpoint_curve.csv,MPTC,85.33,项目交接参考；当前归档未找到原始 S 阶段解析 CSV,UAGMC_SOURCE passenger-only + LQ,84.19,128.76,exp11 同包曲线；训练种子 1；评估种子 123-125,Joint 与 passenger-only 控制权不同；跨矩阵训练实现/guard 未必完全锁定
exp10,J6__CURRENT,J6,CURRENT,1,450000,120.85111111111111,92.63777777777779,7.0811111111111105,20.275555555555556,1.0,True,3,3,0.48221779757049466,0.5177822024295053,0.510654661388782,0.48934533861121793,exp10_jointfirst_v5_60m__analysis_full.zip!RUN/J6__CURRENT/analysis/checkpoint_curve.csv,MPTC,85.33,项目交接参考；当前归档未找到原始 S 阶段解析 CSV,UAGMC_SOURCE passenger-only + LQ,84.19,128.76,exp11 同包曲线；训练种子 1；评估种子 123-125,Joint 与 passenger-only 控制权不同；跨矩阵训练实现/guard 未必完全锁定
exp10,J6__CURRENT,J6,CURRENT,1,500000,115.7311111111111,88.46555555555555,6.683333333333334,19.71111111111111,1.0,True,3,3,0.2263014852248609,0.7736985147751391,0.6156109986369472,0.3843890013630527,exp10_jointfirst_v5_60m__analysis_full.zip!RUN/J6__CURRENT/analysis/checkpoint_curve.csv,MPTC,85.33,项目交接参考；当前归档未找到原始 S 阶段解析 CSV,UAGMC_SOURCE passenger-only + LQ,84.19,128.76,exp11 同包曲线；训练种子 1；评估种子 123-125,Joint 与 passenger-only 控制权不同；跨矩阵训练实现/guard 未必完全锁定
exp10,J6__CURRENT,J6,CURRENT,1,550000,117.86555555555556,90.62,6.68,19.697777777777777,1.0,True,3,3,0.26358255581250384,0.7364174441874961,0.6366625411670438,0.36333745883295626,exp10_jointfirst_v5_60m__analysis_full.zip!RUN/J6__CURRENT/analysis/checkpoint_curve.csv,MPTC,85.33,项目交接参考；当前归档未找到原始 S 阶段解析 CSV,UAGMC_SOURCE passenger-only + LQ,84.19,128.76,exp11 同包曲线；训练种子 1；评估种子 123-125,Joint 与 passenger-only 控制权不同；跨矩阵训练实现/guard 未必完全锁定
exp10,J6__CURRENT,J6,CURRENT,1,600000,153.55999999999997,126.08999999999999,6.827777777777778,19.77333333333333,1.0,True,3,3,0.2214530376060374,0.7785469623939626,0.7574259463351284,0.24257405366487161,exp10_jointfirst_v5_60m__analysis_full.zip!RUN/J6__CURRENT/analysis/checkpoint_curve.csv,MPTC,85.33,项目交接参考；当前归档未找到原始 S 阶段解析 CSV,UAGMC_SOURCE passenger-only + LQ,84.19,128.76,exp11 同包曲线；训练种子 1；评估种子 123-125,Joint 与 passenger-only 控制权不同；跨矩阵训练实现/guard 未必完全锁定
exp10,J6__R_EVENTQ,J6,R_EVENTQ,1,50000,102.77444444444444,74.12,7.492222222222222,20.226666666666667,1.0,True,3,3,0.5253739296699166,0.47462607033008347,0.46870872891253096,0.531291271087469,exp10_jointfirst_v5_60m__analysis_full.zip!RUN/J6__R_EVENTQ/analysis/checkpoint_curve.csv,MPTC,85.33,项目交接参考；当前归档未找到原始 S 阶段解析 CSV,UAGMC_SOURCE passenger-only + LQ,84.19,128.76,exp11 同包曲线；训练种子 1；评估种子 123-125,Joint 与 passenger-only 控制权不同；跨矩阵训练实现/guard 未必完全锁定
exp10,J6__R_EVENTQ,J6,R_EVENTQ,1,100000,357.44666666666666,325.7144444444445,8.261111111111111,22.51111111111111,1.0,True,3,3,0.9650152334072729,0.03498476659272708,0.9080519521093612,0.09194804789063883,exp10_jointfirst_v5_60m__analysis_full.zip!RUN/J6__R_EVENTQ/analysis/checkpoint_curve.csv,MPTC,85.33,项目交接参考；当前归档未找到原始 S 阶段解析 CSV,UAGMC_SOURCE passenger-only + LQ,84.19,128.76,exp11 同包曲线；训练种子 1；评估种子 123-125,Joint 与 passenger-only 控制权不同；跨矩阵训练实现/guard 未必完全锁定
exp10,J6__R_EVENTQ,J6,R_EVENTQ,1,150000,160.6911111111111,130.90555555555557,7.54,21.284444444444443,1.0,True,3,3,0.5924666693308197,0.40753333066918024,0.4908813379365624,0.5091186620634375,exp10_jointfirst_v5_60m__analysis_full.zip!RUN/J6__R_EVENTQ/analysis/checkpoint_curve.csv,MPTC,85.33,项目交接参考；当前归档未找到原始 S 阶段解析 CSV,UAGMC_SOURCE passenger-only + LQ,84.19,128.76,exp11 同包曲线；训练种子 1；评估种子 123-125,Joint 与 passenger-only 控制权不同；跨矩阵训练实现/guard 未必完全锁定
exp10,J6__R_EVENTQ,J6,R_EVENTQ,1,200000,200.0666666666667,168.84,8.008888888888889,22.293333333333333,1.0,True,3,3,0.8977734548870835,0.10222654511291655,0.6743613188395416,0.32563868116045835,exp10_jointfirst_v5_60m__analysis_full.zip!RUN/J6__R_EVENTQ/analysis/checkpoint_curve.csv,MPTC,85.33,项目交接参考；当前归档未找到原始 S 阶段解析 CSV,UAGMC_SOURCE passenger-only + LQ,84.19,128.76,exp11 同包曲线；训练种子 1；评估种子 123-125,Joint 与 passenger-only 控制权不同；跨矩阵训练实现/guard 未必完全锁定
exp10,J6__R_EVENTQ,J6,R_EVENTQ,1,250000,359.8988888888889,328.0344444444445,8.283333333333333,22.626666666666665,1.0,True,3,3,0.9733546124043603,0.026645387595639766,0.8925435248824168,0.10745647511758326,exp10_jointfirst_v5_60m__analysis_full.zip!RUN/J6__R_EVENTQ/analysis/checkpoint_curve.csv,MPTC,85.33,项目交接参考；当前归档未找到原始 S 阶段解析 CSV,UAGMC_SOURCE passenger-only + LQ,84.19,128.76,exp11 同包曲线；训练种子 1；评估种子 123-125,Joint 与 passenger-only 控制权不同；跨矩阵训练实现/guard 未必完全锁定
exp10,J6__R_EVENTQ,J6,R_EVENTQ,1,300000,203.6011111111111,173.14555555555557,7.804444444444445,21.71111111111111,1.0,True,3,3,0.7003885622675589,0.2996114377324412,0.5117674768437188,0.4882325231562812,exp10_jointfirst_v5_60m__analysis_full.zip!RUN/J6__R_EVENTQ/analysis/checkpoint_curve.csv,MPTC,85.33,项目交接参考；当前归档未找到原始 S 阶段解析 CSV,UAGMC_SOURCE passenger-only + LQ,84.19,128.76,exp11 同包曲线；训练种子 1；评估种子 123-125,Joint 与 passenger-only 控制权不同；跨矩阵训练实现/guard 未必完全锁定
exp10,J6__R_EVENTQ,J6,R_EVENTQ,1,350000,205.04333333333338,174.36666666666665,7.891111111111111,21.853333333333335,1.0,True,3,3,0.6555965859093954,0.34440341409060454,0.5123179816920431,0.4876820183079569,exp10_jointfirst_v5_60m__analysis_full.zip!RUN/J6__R_EVENTQ/analysis/checkpoint_curve.csv,MPTC,85.33,项目交接参考；当前归档未找到原始 S 阶段解析 CSV,UAGMC_SOURCE passenger-only + LQ,84.19,128.76,exp11 同包曲线；训练种子 1；评估种子 123-125,Joint 与 passenger-only 控制权不同；跨矩阵训练实现/guard 未必完全锁定
exp10,J6__R_EVENTQ,J6,R_EVENTQ,1,400000,172.70111111111112,142.46,7.7122222222222225,21.586666666666662,1.0,True,3,3,0.6540371713859675,0.34596282861403244,0.71105830465262,0.28894169534738007,exp10_jointfirst_v5_60m__analysis_full.zip!RUN/J6__R_EVENTQ/analysis/checkpoint_curve.csv,MPTC,85.33,项目交接参考；当前归档未找到原始 S 阶段解析 CSV,UAGMC_SOURCE passenger-only + LQ,84.19,128.76,exp11 同包曲线；训练种子 1；评估种子 123-125,Joint 与 passenger-only 控制权不同；跨矩阵训练实现/guard 未必完全锁定
exp10,J6__R_EVENTQ,J6,R_EVENTQ,1,450000,120.68222222222221,91.05666666666666,7.7555555555555555,20.951111111111114,1.0,True,3,3,0.5382493776649158,0.46175062233508424,0.5013079579009728,0.49869204209902707,exp10_jointfirst_v5_60m__analysis_full.zip!RUN/J6__R_EVENTQ/analysis/checkpoint_curve.csv,MPTC,85.33,项目交接参考；当前归档未找到原始 S 阶段解析 CSV,UAGMC_SOURCE passenger-only + LQ,84.19,128.76,exp11 同包曲线；训练种子 1；评估种子 123-125,Joint 与 passenger-only 控制权不同；跨矩阵训练实现/guard 未必完全锁定
exp10,J6__R_EVENTQ,J6,R_EVENTQ,1,500000,171.2888888888889,141.02,7.884444444444444,21.453333333333333,1.0,True,3,3,0.6137549891766146,0.3862450108233853,0.47788245934987694,0.5221175406501231,exp10_jointfirst_v5_60m__analysis_full.zip!RUN/J6__R_EVENTQ/analysis/checkpoint_curve.csv,MPTC,85.33,项目交接参考；当前归档未找到原始 S 阶段解析 CSV,UAGMC_SOURCE passenger-only + LQ,84.19,128.76,exp11 同包曲线；训练种子 1；评估种子 123-125,Joint 与 passenger-only 控制权不同；跨矩阵训练实现/guard 未必完全锁定
exp10,J6__R_EVENTQ,J6,R_EVENTQ,1,550000,166.52333333333334,136.0511111111111,7.984444444444445,21.555555555555554,1.0,True,3,3,0.6202395575662633,0.3797604424337367,0.5038594192362895,0.4961405807637105,exp10_jointfirst_v5_60m__analysis_full.zip!RUN/J6__R_EVENTQ/analysis/checkpoint_curve.csv,MPTC,85.33,项目交接参考；当前归档未找到原始 S 阶段解析 CSV,UAGMC_SOURCE passenger-only + LQ,84.19,128.76,exp11 同包曲线；训练种子 1；评估种子 123-125,Joint 与 passenger-only 控制权不同；跨矩阵训练实现/guard 未必完全锁定
exp10,J6__R_EVENTQ,J6,R_EVENTQ,1,600000,140.2388888888889,110.3411111111111,7.78,21.182222222222222,1.0,True,3,3,0.5330798901301951,0.46692010986980503,0.5557282191047435,0.44427178089525654,exp10_jointfirst_v5_60m__analysis_full.zip!RUN/J6__R_EVENTQ/analysis/checkpoint_curve.csv,MPTC,85.33,项目交接参考；当前归档未找到原始 S 阶段解析 CSV,UAGMC_SOURCE passenger-only + LQ,84.19,128.76,exp11 同包曲线；训练种子 1；评估种子 123-125,Joint 与 passenger-only 控制权不同；跨矩阵训练实现/guard 未必完全锁定
exp10,J6__R_TDM,J6,R_TDM,1,50000,164.51444444444442,133.4011111111111,8.29888888888889,21.866666666666664,1.0,True,3,3,0.8518829817816823,0.14811701821831771,0.8492713160164301,0.1507286839835699,exp10_jointfirst_v5_60m__analysis_full.zip!RUN/J6__R_TDM/analysis/checkpoint_curve.csv,MPTC,85.33,项目交接参考；当前归档未找到原始 S 阶段解析 CSV,UAGMC_SOURCE passenger-only + LQ,84.19,128.76,exp11 同包曲线；训练种子 1；评估种子 123-125,Joint 与 passenger-only 控制权不同；跨矩阵训练实现/guard 未必完全锁定
exp10,J6__R_TDM,J6,R_TDM,1,100000,181.28666666666666,149.79999999999998,8.276666666666667,22.253333333333334,1.0,True,3,3,0.9197312808564616,0.0802687191435385,0.1681929602733874,0.8318070397266126,exp10_jointfirst_v5_60m__analysis_full.zip!RUN/J6__R_TDM/analysis/checkpoint_curve.csv,MPTC,85.33,项目交接参考；当前归档未找到原始 S 阶段解析 CSV,UAGMC_SOURCE passenger-only + LQ,84.19,128.76,exp11 同包曲线；训练种子 1；评估种子 123-125,Joint 与 passenger-only 控制权不同；跨矩阵训练实现/guard 未必完全锁定
exp10,J6__R_TDM,J6,R_TDM,1,150000,185.57777777777778,153.1966666666667,8.586666666666668,22.831111111111113,1.0,True,3,3,0.8857466199742823,0.11425338002571774,0.608934171820524,0.39106582817947594,exp10_jointfirst_v5_60m__analysis_full.zip!RUN/J6__R_TDM/analysis/checkpoint_curve.csv,MPTC,85.33,项目交接参考；当前归档未找到原始 S 阶段解析 CSV,UAGMC_SOURCE passenger-only + LQ,84.19,128.76,exp11 同包曲线；训练种子 1；评估种子 123-125,Joint 与 passenger-only 控制权不同；跨矩阵训练实现/guard 未必完全锁定
exp10,J6__R_TDM,J6,R_TDM,1,200000,228.9333333333333,196.76666666666665,8.44888888888889,22.74666666666667,1.0,True,3,3,0.8192215100384193,0.18077848996158077,0.4094663130364385,0.5905336869635615,exp10_jointfirst_v5_60m__analysis_full.zip!RUN/J6__R_TDM/analysis/checkpoint_curve.csv,MPTC,85.33,项目交接参考；当前归档未找到原始 S 阶段解析 CSV,UAGMC_SOURCE passenger-only + LQ,84.19,128.76,exp11 同包曲线；训练种子 1；评估种子 123-125,Joint 与 passenger-only 控制权不同；跨矩阵训练实现/guard 未必完全锁定
exp10,J6__R_TDM,J6,R_TDM,1,250000,173.4377777777778,143.35111111111112,7.536666666666666,21.57777777777778,1.0,True,3,3,0.6647056172238726,0.33529438277612744,0.2592628335607393,0.7407371664392607,exp10_jointfirst_v5_60m__analysis_full.zip!RUN/J6__R_TDM/analysis/checkpoint_curve.csv,MPTC,85.33,项目交接参考；当前归档未找到原始 S 阶段解析 CSV,UAGMC_SOURCE passenger-only + LQ,84.19,128.76,exp11 同包曲线；训练种子 1；评估种子 123-125,Joint 与 passenger-only 控制权不同；跨矩阵训练实现/guard 未必完全锁定
exp10,J6__R_TDM,J6,R_TDM,1,300000,160.66333333333333,130.69,7.504444444444445,21.50222222222222,1.0,True,3,3,0.5839072842225193,0.4160927157774807,0.576998520490652,0.42300147950934797,exp10_jointfirst_v5_60m__analysis_full.zip!RUN/J6__R_TDM/analysis/checkpoint_curve.csv,MPTC,85.33,项目交接参考；当前归档未找到原始 S 阶段解析 CSV,UAGMC_SOURCE passenger-only + LQ,84.19,128.76,exp11 同包曲线；训练种子 1；评估种子 123-125,Joint 与 passenger-only 控制权不同；跨矩阵训练实现/guard 未必完全锁定
exp10,J6__R_TDM,J6,R_TDM,1,350000,155.26555555555555,125.09888888888888,7.865555555555556,21.333333333333332,1.0,True,3,3,0.5354394129228566,0.46456058707714337,0.5775162579798342,0.42248374202016586,exp10_jointfirst_v5_60m__analysis_full.zip!RUN/J6__R_TDM/analysis/checkpoint_curve.csv,MPTC,85.33,项目交接参考；当前归档未找到原始 S 阶段解析 CSV,UAGMC_SOURCE passenger-only + LQ,84.19,128.76,exp11 同包曲线；训练种子 1；评估种子 123-125,Joint 与 passenger-only 控制权不同；跨矩阵训练实现/guard 未必完全锁定
exp10,J6__R_TDM,J6,R_TDM,1,400000,159.17,129.3422222222222,7.669999999999999,21.195555555555554,1.0,True,3,3,0.3974428385021746,0.6025571614978255,0.6338546110448137,0.3661453889551864,exp10_jointfirst_v5_60m__analysis_full.zip!RUN/J6__R_TDM/analysis/checkpoint_curve.csv,MPTC,85.33,项目交接参考；当前归档未找到原始 S 阶段解析 CSV,UAGMC_SOURCE passenger-only + LQ,84.19,128.76,exp11 同包曲线；训练种子 1；评估种子 123-125,Joint 与 passenger-only 控制权不同；跨矩阵训练实现/guard 未必完全锁定
exp10,J6__R_TDM,J6,R_TDM,1,450000,140.73777777777778,111.73111111111113,7.392222222222222,20.64,1.0,True,3,3,0.3601431728360427,0.6398568271639573,0.4364544420984246,0.5635455579015755,exp10_jointfirst_v5_60m__analysis_full.zip!RUN/J6__R_TDM/analysis/checkpoint_curve.csv,MPTC,85.33,项目交接参考；当前归档未找到原始 S 阶段解析 CSV,UAGMC_SOURCE passenger-only + LQ,84.19,128.76,exp11 同包曲线；训练种子 1；评估种子 123-125,Joint 与 passenger-only 控制权不同；跨矩阵训练实现/guard 未必完全锁定
exp10,J6__R_TDM,J6,R_TDM,1,500000,157.65,130.07555555555555,6.836666666666666,19.822222222222223,1.0,True,3,3,0.21473968897903992,0.7852603110209602,0.5870858688302908,0.41291413116970926,exp10_jointfirst_v5_60m__analysis_full.zip!RUN/J6__R_TDM/analysis/checkpoint_curve.csv,MPTC,85.33,项目交接参考；当前归档未找到原始 S 阶段解析 CSV,UAGMC_SOURCE passenger-only + LQ,84.19,128.76,exp11 同包曲线；训练种子 1；评估种子 123-125,Joint 与 passenger-only 控制权不同；跨矩阵训练实现/guard 未必完全锁定
exp10,J6__R_TDM,J6,R_TDM,1,550000,138.95444444444445,112.33555555555556,6.327777777777778,19.36,1.0,True,3,3,0.15899432564408655,0.8410056743559134,0.6797715076949972,0.32022849230500294,exp10_jointfirst_v5_60m__analysis_full.zip!RUN/J6__R_TDM/analysis/checkpoint_curve.csv,MPTC,85.33,项目交接参考；当前归档未找到原始 S 阶段解析 CSV,UAGMC_SOURCE passenger-only + LQ,84.19,128.76,exp11 同包曲线；训练种子 1；评估种子 123-125,Joint 与 passenger-only 控制权不同；跨矩阵训练实现/guard 未必完全锁定
exp10,J6__R_TDM,J6,R_TDM,1,600000,178.87333333333333,151.2411111111111,6.753333333333333,20.0,1.0,True,3,3,0.4682925147790508,0.5317074852209491,0.46573645678786035,0.5342635432121395,exp10_jointfirst_v5_60m__analysis_full.zip!RUN/J6__R_TDM/analysis/checkpoint_curve.csv,MPTC,85.33,项目交接参考；当前归档未找到原始 S 阶段解析 CSV,UAGMC_SOURCE passenger-only + LQ,84.19,128.76,exp11 同包曲线；训练种子 1；评估种子 123-125,Joint 与 passenger-only 控制权不同；跨矩阵训练实现/guard 未必完全锁定
exp10,J7__CURRENT,J7,CURRENT,1,50000,101.87111111111112,73.81333333333333,6.836666666666666,20.24,1.0,True,3,3,0.4125579580792966,0.5874420419207033,0.5808804385270077,0.4191195614729924,exp10_jointfirst_v5_60m__analysis_full.zip!RUN/J7__CURRENT/analysis/checkpoint_curve.csv,MPTC,85.33,项目交接参考；当前归档未找到原始 S 阶段解析 CSV,UAGMC_SOURCE passenger-only + LQ,84.19,128.76,exp11 同包曲线；训练种子 1；评估种子 123-125,Joint 与 passenger-only 控制权不同；跨矩阵训练实现/guard 未必完全锁定
exp10,J7__CURRENT,J7,CURRENT,1,100000,179.51999999999998,148.4677777777778,7.862222222222222,22.24888888888889,1.0,True,3,3,0.8900250003670082,0.10997499963299188,0.12546527923629672,0.8745347207637032,exp10_jointfirst_v5_60m__analysis_full.zip!RUN/J7__CURRENT/analysis/checkpoint_curve.csv,MPTC,85.33,项目交接参考；当前归档未找到原始 S 阶段解析 CSV,UAGMC_SOURCE passenger-only + LQ,84.19,128.76,exp11 同包曲线；训练种子 1；评估种子 123-125,Joint 与 passenger-only 控制权不同；跨矩阵训练实现/guard 未必完全锁定
exp10,J7__CURRENT,J7,CURRENT,1,150000,162.38555555555556,132.5111111111111,7.455555555555556,21.439999999999998,1.0,True,3,3,0.5359922528431804,0.4640077471568196,0.5514799092792925,0.4485200907207075,exp10_jointfirst_v5_60m__analysis_full.zip!RUN/J7__CURRENT/analysis/checkpoint_curve.csv,MPTC,85.33,项目交接参考；当前归档未找到原始 S 阶段解析 CSV,UAGMC_SOURCE passenger-only + LQ,84.19,128.76,exp11 同包曲线；训练种子 1；评估种子 123-125,Joint 与 passenger-only 控制权不同；跨矩阵训练实现/guard 未必完全锁定
exp10,J7__CURRENT,J7,CURRENT,1,200000,199.0377777777778,169.78444444444443,7.1688888888888895,21.124444444444446,1.0,True,3,3,0.3767256972307152,0.6232743027692846,0.7768925103474856,0.22310748965251434,exp10_jointfirst_v5_60m__analysis_full.zip!RUN/J7__CURRENT/analysis/checkpoint_curve.csv,MPTC,85.33,项目交接参考；当前归档未找到原始 S 阶段解析 CSV,UAGMC_SOURCE passenger-only + LQ,84.19,128.76,exp11 同包曲线；训练种子 1；评估种子 123-125,Joint 与 passenger-only 控制权不同；跨矩阵训练实现/guard 未必完全锁定
exp10,J7__CURRENT,J7,CURRENT,1,250000,175.82777777777778,146.7277777777778,7.033333333333334,21.08888888888889,1.0,True,3,3,0.5867240475306787,0.41327595246932125,0.559268726300647,0.4407312736993531,exp10_jointfirst_v5_60m__analysis_full.zip!RUN/J7__CURRENT/analysis/checkpoint_curve.csv,MPTC,85.33,项目交接参考；当前归档未找到原始 S 阶段解析 CSV,UAGMC_SOURCE passenger-only + LQ,84.19,128.76,exp11 同包曲线；训练种子 1；评估种子 123-125,Joint 与 passenger-only 控制权不同；跨矩阵训练实现/guard 未必完全锁定
exp10,J7__CURRENT,J7,CURRENT,1,300000,137.2222222222222,107.57333333333332,7.46,21.21777777777778,1.0,True,3,3,0.5802477497565798,0.41975225024342017,0.4496900573059513,0.5503099426940486,exp10_jointfirst_v5_60m__analysis_full.zip!RUN/J7__CURRENT/analysis/checkpoint_curve.csv,MPTC,85.33,项目交接参考；当前归档未找到原始 S 阶段解析 CSV,UAGMC_SOURCE passenger-only + LQ,84.19,128.76,exp11 同包曲线；训练种子 1；评估种子 123-125,Joint 与 passenger-only 控制权不同；跨矩阵训练实现/guard 未必完全锁定
exp10,J7__CURRENT,J7,CURRENT,1,350000,154.23444444444445,124.34555555555555,7.466666666666666,21.444444444444446,1.0,True,3,3,0.5298537517797217,0.47014624822027823,0.5195912330739128,0.48040876692608725,exp10_jointfirst_v5_60m__analysis_full.zip!RUN/J7__CURRENT/analysis/checkpoint_curve.csv,MPTC,85.33,项目交接参考；当前归档未找到原始 S 阶段解析 CSV,UAGMC_SOURCE passenger-only + LQ,84.19,128.76,exp11 同包曲线；训练种子 1；评估种子 123-125,Joint 与 passenger-only 控制权不同；跨矩阵训练实现/guard 未必完全锁定
exp10,J7__CURRENT,J7,CURRENT,1,400000,140.36666666666665,110.54555555555555,7.434444444444445,21.42222222222222,1.0,True,3,3,0.5393953848247485,0.4606046151752515,0.5111277430222909,0.4888722569777089,exp10_jointfirst_v5_60m__analysis_full.zip!RUN/J7__CURRENT/analysis/checkpoint_curve.csv,MPTC,85.33,项目交接参考；当前归档未找到原始 S 阶段解析 CSV,UAGMC_SOURCE passenger-only + LQ,84.19,128.76,exp11 同包曲线；训练种子 1；评估种子 123-125,Joint 与 passenger-only 控制权不同；跨矩阵训练实现/guard 未必完全锁定
exp10,J7__CURRENT,J7,CURRENT,1,450000,124.51444444444444,95.53222222222223,7.176666666666667,20.835555555555555,1.0,True,3,3,0.5914253493459269,0.4085746506540731,0.4570182676525713,0.5429817323474287,exp10_jointfirst_v5_60m__analysis_full.zip!RUN/J7__CURRENT/analysis/checkpoint_curve.csv,MPTC,85.33,项目交接参考；当前归档未找到原始 S 阶段解析 CSV,UAGMC_SOURCE passenger-only + LQ,84.19,128.76,exp11 同包曲线；训练种子 1；评估种子 123-125,Joint 与 passenger-only 控制权不同；跨矩阵训练实现/guard 未必完全锁定
exp10,J7__CURRENT,J7,CURRENT,1,500000,101.69333333333333,73.49333333333334,6.84,20.391111111111112,1.0,True,3,3,0.5017978117921662,0.4982021882078338,0.39951102063405325,0.6004889793659468,exp10_jointfirst_v5_60m__analysis_full.zip!RUN/J7__CURRENT/analysis/checkpoint_curve.csv,MPTC,85.33,项目交接参考；当前归档未找到原始 S 阶段解析 CSV,UAGMC_SOURCE passenger-only + LQ,84.19,128.76,exp11 同包曲线；训练种子 1；评估种子 123-125,Joint 与 passenger-only 控制权不同；跨矩阵训练实现/guard 未必完全锁定
exp10,J7__CURRENT,J7,CURRENT,1,550000,110.58333333333333,82.22333333333334,6.884444444444444,20.524444444444445,1.0,True,3,3,0.5682555372163707,0.4317444627836293,0.39829849413295576,0.6017015058670443,exp10_jointfirst_v5_60m__analysis_full.zip!RUN/J7__CURRENT/analysis/checkpoint_curve.csv,MPTC,85.33,项目交接参考；当前归档未找到原始 S 阶段解析 CSV,UAGMC_SOURCE passenger-only + LQ,84.19,128.76,exp11 同包曲线；训练种子 1；评估种子 123-125,Joint 与 passenger-only 控制权不同；跨矩阵训练实现/guard 未必完全锁定
exp10,J7__CURRENT,J7,CURRENT,1,600000,128.14777777777778,99.50222222222222,6.922222222222222,20.768888888888892,1.0,True,3,3,0.5497732890626835,0.45022671093731653,0.47420132528163333,0.5257986747183666,exp10_jointfirst_v5_60m__analysis_full.zip!RUN/J7__CURRENT/analysis/checkpoint_curve.csv,MPTC,85.33,项目交接参考；当前归档未找到原始 S 阶段解析 CSV,UAGMC_SOURCE passenger-only + LQ,84.19,128.76,exp11 同包曲线；训练种子 1；评估种子 123-125,Joint 与 passenger-only 控制权不同；跨矩阵训练实现/guard 未必完全锁定
exp10,J7__R_EVENTQ,J7,R_EVENTQ,1,50000,119.08,89.98666666666666,7.21,20.92,1.0,True,3,3,0.7094143247015241,0.2905856752984759,0.4055800548679788,0.594419945132021,exp10_jointfirst_v5_60m__analysis_full.zip!RUN/J7__R_EVENTQ/analysis/checkpoint_curve.csv,MPTC,85.33,项目交接参考；当前归档未找到原始 S 阶段解析 CSV,UAGMC_SOURCE passenger-only + LQ,84.19,128.76,exp11 同包曲线；训练种子 1；评估种子 123-125,Joint 与 passenger-only 控制权不同；跨矩阵训练实现/guard 未必完全锁定
exp10,J7__R_EVENTQ,J7,R_EVENTQ,1,100000,238.70888888888888,206.79222222222222,8.267777777777779,22.671111111111113,1.0,True,3,3,0.9059897205739263,0.09401027942607354,0.10986797193926423,0.8901320280607358,exp10_jointfirst_v5_60m__analysis_full.zip!RUN/J7__R_EVENTQ/analysis/checkpoint_curve.csv,MPTC,85.33,项目交接参考；当前归档未找到原始 S 阶段解析 CSV,UAGMC_SOURCE passenger-only + LQ,84.19,128.76,exp11 同包曲线；训练种子 1；评估种子 123-125,Joint 与 passenger-only 控制权不同；跨矩阵训练实现/guard 未必完全锁定
exp10,J7__R_EVENTQ,J7,R_EVENTQ,1,150000,186.4311111111111,154.60888888888888,8.192222222222222,22.662222222222223,1.0,True,3,3,0.8807483086973701,0.11925169130262991,0.5904504996921983,0.40954950030780185,exp10_jointfirst_v5_60m__analysis_full.zip!RUN/J7__R_EVENTQ/analysis/checkpoint_curve.csv,MPTC,85.33,项目交接参考；当前归档未找到原始 S 阶段解析 CSV,UAGMC_SOURCE passenger-only + LQ,84.19,128.76,exp11 同包曲线；训练种子 1；评估种子 123-125,Joint 与 passenger-only 控制权不同；跨矩阵训练实现/guard 未必完全锁定
exp10,J7__R_EVENTQ,J7,R_EVENTQ,1,200000,211.8688888888889,180.35666666666665,8.07,22.47555555555556,1.0,True,3,3,0.8540724085926579,0.14592759140734202,0.5421770396527624,0.4578229603472375,exp10_jointfirst_v5_60m__analysis_full.zip!RUN/J7__R_EVENTQ/analysis/checkpoint_curve.csv,MPTC,85.33,项目交接参考；当前归档未找到原始 S 阶段解析 CSV,UAGMC_SOURCE passenger-only + LQ,84.19,128.76,exp11 同包曲线；训练种子 1；评估种子 123-125,Joint 与 passenger-only 控制权不同；跨矩阵训练实现/guard 未必完全锁定
exp10,J7__R_EVENTQ,J7,R_EVENTQ,1,250000,131.47,102.10000000000001,7.225555555555555,21.173333333333332,1.0,True,3,3,0.5683952208674136,0.4316047791325864,0.30080107926052696,0.6991989207394731,exp10_jointfirst_v5_60m__analysis_full.zip!RUN/J7__R_EVENTQ/analysis/checkpoint_curve.csv,MPTC,85.33,项目交接参考；当前归档未找到原始 S 阶段解析 CSV,UAGMC_SOURCE passenger-only + LQ,84.19,128.76,exp11 同包曲线；训练种子 1；评估种子 123-125,Joint 与 passenger-only 控制权不同；跨矩阵训练实现/guard 未必完全锁定
exp10,J7__R_EVENTQ,J7,R_EVENTQ,1,300000,141.86111111111111,112.28000000000002,7.256666666666667,21.373333333333335,1.0,True,3,3,0.6604625197559207,0.3395374802440794,0.3698535079884977,0.6301464920115023,exp10_jointfirst_v5_60m__analysis_full.zip!RUN/J7__R_EVENTQ/analysis/checkpoint_curve.csv,MPTC,85.33,项目交接参考；当前归档未找到原始 S 阶段解析 CSV,UAGMC_SOURCE passenger-only + LQ,84.19,128.76,exp11 同包曲线；训练种子 1；评估种子 123-125,Joint 与 passenger-only 控制权不同；跨矩阵训练实现/guard 未必完全锁定
exp10,J7__R_EVENTQ,J7,R_EVENTQ,1,350000,127.28555555555556,98.27666666666666,7.092222222222222,20.942222222222224,1.0,True,3,3,0.595974022919514,0.4040259770804861,0.395071366678127,0.604928633321873,exp10_jointfirst_v5_60m__analysis_full.zip!RUN/J7__R_EVENTQ/analysis/checkpoint_curve.csv,MPTC,85.33,项目交接参考；当前归档未找到原始 S 阶段解析 CSV,UAGMC_SOURCE passenger-only + LQ,84.19,128.76,exp11 同包曲线；训练种子 1；评估种子 123-125,Joint 与 passenger-only 控制权不同；跨矩阵训练实现/guard 未必完全锁定
exp10,J7__R_EVENTQ,J7,R_EVENTQ,1,400000,122.41333333333334,93.48777777777777,7.102222222222223,20.853333333333335,1.0,True,3,3,0.586297085143931,0.4137029148560692,0.3580007818925974,0.6419992181074027,exp10_jointfirst_v5_60m__analysis_full.zip!RUN/J7__R_EVENTQ/analysis/checkpoint_curve.csv,MPTC,85.33,项目交接参考；当前归档未找到原始 S 阶段解析 CSV,UAGMC_SOURCE passenger-only + LQ,84.19,128.76,exp11 同包曲线；训练种子 1；评估种子 123-125,Joint 与 passenger-only 控制权不同；跨矩阵训练实现/guard 未必完全锁定
exp10,J7__R_EVENTQ,J7,R_EVENTQ,1,450000,122.21,92.99444444444445,7.223333333333334,21.026666666666667,1.0,True,3,3,0.5618575163872269,0.43814248361277314,0.44384851628085364,0.5561514837191464,exp10_jointfirst_v5_60m__analysis_full.zip!RUN/J7__R_EVENTQ/analysis/checkpoint_curve.csv,MPTC,85.33,项目交接参考；当前归档未找到原始 S 阶段解析 CSV,UAGMC_SOURCE passenger-only + LQ,84.19,128.76,exp11 同包曲线；训练种子 1；评估种子 123-125,Joint 与 passenger-only 控制权不同；跨矩阵训练实现/guard 未必完全锁定
exp10,J7__R_EVENTQ,J7,R_EVENTQ,1,500000,144.20222222222222,115.52333333333335,7.082222222222222,20.662222222222223,1.0,True,3,3,0.6650492364430455,0.3349507635569544,0.5489639230121238,0.4510360769878761,exp10_jointfirst_v5_60m__analysis_full.zip!RUN/J7__R_EVENTQ/analysis/checkpoint_curve.csv,MPTC,85.33,项目交接参考；当前归档未找到原始 S 阶段解析 CSV,UAGMC_SOURCE passenger-only + LQ,84.19,128.76,exp11 同包曲线；训练种子 1；评估种子 123-125,Joint 与 passenger-only 控制权不同；跨矩阵训练实现/guard 未必完全锁定
exp10,J7__R_EVENTQ,J7,R_EVENTQ,1,550000,136.70666666666668,107.66666666666667,7.154444444444445,20.92888888888889,1.0,True,3,3,0.5848612419533886,0.4151387580466113,0.5267905268640763,0.4732094731359236,exp10_jointfirst_v5_60m__analysis_full.zip!RUN/J7__R_EVENTQ/analysis/checkpoint_curve.csv,MPTC,85.33,项目交接参考；当前归档未找到原始 S 阶段解析 CSV,UAGMC_SOURCE passenger-only + LQ,84.19,128.76,exp11 同包曲线；训练种子 1；评估种子 123-125,Joint 与 passenger-only 控制权不同；跨矩阵训练实现/guard 未必完全锁定
exp10,J7__R_EVENTQ,J7,R_EVENTQ,1,600000,149.00444444444443,120.68888888888888,6.865555555555556,20.515555555555554,1.0,True,3,3,0.5302501893290147,0.46974981067098537,0.6115200756723779,0.3884799243276222,exp10_jointfirst_v5_60m__analysis_full.zip!RUN/J7__R_EVENTQ/analysis/checkpoint_curve.csv,MPTC,85.33,项目交接参考；当前归档未找到原始 S 阶段解析 CSV,UAGMC_SOURCE passenger-only + LQ,84.19,128.76,exp11 同包曲线；训练种子 1；评估种子 123-125,Joint 与 passenger-only 控制权不同；跨矩阵训练实现/guard 未必完全锁定
exp10,J7__R_TDM,J7,R_TDM,1,50000,152.03,121.80888888888887,7.507777777777778,21.786666666666665,1.0,True,3,3,0.37881733440279874,0.6211826655972013,0.6532741804163966,0.3467258195836034,exp10_jointfirst_v5_60m__analysis_full.zip!RUN/J7__R_TDM/analysis/checkpoint_curve.csv,MPTC,85.33,项目交接参考；当前归档未找到原始 S 阶段解析 CSV,UAGMC_SOURCE passenger-only + LQ,84.19,128.76,exp11 同包曲线；训练种子 1；评估种子 123-125,Joint 与 passenger-only 控制权不同；跨矩阵训练实现/guard 未必完全锁定
exp10,J7__R_TDM,J7,R_TDM,1,100000,188.0088888888889,157.42555555555555,7.648888888888888,22.013333333333335,1.0,True,3,3,0.7994004250151793,0.20059957498482092,0.22250169648916032,0.7774983035108397,exp10_jointfirst_v5_60m__analysis_full.zip!RUN/J7__R_TDM/analysis/checkpoint_curve.csv,MPTC,85.33,项目交接参考；当前归档未找到原始 S 阶段解析 CSV,UAGMC_SOURCE passenger-only + LQ,84.19,128.76,exp11 同包曲线；训练种子 1；评估种子 123-125,Joint 与 passenger-only 控制权不同；跨矩阵训练实现/guard 未必完全锁定
exp10,J7__R_TDM,J7,R_TDM,1,150000,157.50444444444443,126.8888888888889,7.696666666666668,21.95555555555556,1.0,True,3,3,0.8256420980527747,0.17435790194722536,0.5453978242668517,0.45460217573314826,exp10_jointfirst_v5_60m__analysis_full.zip!RUN/J7__R_TDM/analysis/checkpoint_curve.csv,MPTC,85.33,项目交接参考；当前归档未找到原始 S 阶段解析 CSV,UAGMC_SOURCE passenger-only + LQ,84.19,128.76,exp11 同包曲线；训练种子 1；评估种子 123-125,Joint 与 passenger-only 控制权不同；跨矩阵训练实现/guard 未必完全锁定
exp10,J7__R_TDM,J7,R_TDM,1,200000,164.21666666666667,133.7322222222222,7.641111111111111,21.875555555555554,1.0,True,3,3,0.8091013189915426,0.1908986810084573,0.7253392780008355,0.2746607219991644,exp10_jointfirst_v5_60m__analysis_full.zip!RUN/J7__R_TDM/analysis/checkpoint_curve.csv,MPTC,85.33,项目交接参考；当前归档未找到原始 S 阶段解析 CSV,UAGMC_SOURCE passenger-only + LQ,84.19,128.76,exp11 同包曲线；训练种子 1；评估种子 123-125,Joint 与 passenger-only 控制权不同；跨矩阵训练实现/guard 未必完全锁定
exp10,J7__R_TDM,J7,R_TDM,1,250000,183.26555555555558,152.30666666666664,7.8244444444444445,22.168888888888887,1.0,True,3,3,0.8777252170581448,0.12227478294185519,0.7066964565420735,0.29330354345792653,exp10_jointfirst_v5_60m__analysis_full.zip!RUN/J7__R_TDM/analysis/checkpoint_curve.csv,MPTC,85.33,项目交接参考；当前归档未找到原始 S 阶段解析 CSV,UAGMC_SOURCE passenger-only + LQ,84.19,128.76,exp11 同包曲线；训练种子 1；评估种子 123-125,Joint 与 passenger-only 控制权不同；跨矩阵训练实现/guard 未必完全锁定
exp10,J7__R_TDM,J7,R_TDM,1,300000,214.92,183.57222222222222,8.035555555555556,22.333333333333332,1.0,True,3,3,0.6879926632239398,0.31200733677606013,0.562871142211501,0.437128857788499,exp10_jointfirst_v5_60m__analysis_full.zip!RUN/J7__R_TDM/analysis/checkpoint_curve.csv,MPTC,85.33,项目交接参考；当前归档未找到原始 S 阶段解析 CSV,UAGMC_SOURCE passenger-only + LQ,84.19,128.76,exp11 同包曲线；训练种子 1；评估种子 123-125,Joint 与 passenger-only 控制权不同；跨矩阵训练实现/guard 未必完全锁定
exp10,J7__R_TDM,J7,R_TDM,1,350000,157.80444444444444,127.89555555555557,7.5122222222222215,21.417777777777776,1.0,True,3,3,0.42962055384791126,0.5703794461520887,0.3961829743230518,0.6038170256769483,exp10_jointfirst_v5_60m__analysis_full.zip!RUN/J7__R_TDM/analysis/checkpoint_curve.csv,MPTC,85.33,项目交接参考；当前归档未找到原始 S 阶段解析 CSV,UAGMC_SOURCE passenger-only + LQ,84.19,128.76,exp11 同包曲线；训练种子 1；评估种子 123-125,Joint 与 passenger-only 控制权不同；跨矩阵训练实现/guard 未必完全锁定
exp10,J7__R_TDM,J7,R_TDM,1,400000,153.3411111111111,123.25333333333333,7.652222222222222,21.46666666666667,1.0,True,3,3,0.4665491328409869,0.5334508671590131,0.464569963695401,0.5354300363045991,exp10_jointfirst_v5_60m__analysis_full.zip!RUN/J7__R_TDM/analysis/checkpoint_curve.csv,MPTC,85.33,项目交接参考；当前归档未找到原始 S 阶段解析 CSV,UAGMC_SOURCE passenger-only + LQ,84.19,128.76,exp11 同包曲线；训练种子 1；评估种子 123-125,Joint 与 passenger-only 控制权不同；跨矩阵训练实现/guard 未必完全锁定
exp10,J7__R_TDM,J7,R_TDM,1,450000,134.5611111111111,104.97444444444443,7.449999999999999,21.15111111111111,1.0,True,3,3,0.5173370111585415,0.4826629888414584,0.5002680136178167,0.49973198638218336,exp10_jointfirst_v5_60m__analysis_full.zip!RUN/J7__R_TDM/analysis/checkpoint_curve.csv,MPTC,85.33,项目交接参考；当前归档未找到原始 S 阶段解析 CSV,UAGMC_SOURCE passenger-only + LQ,84.19,128.76,exp11 同包曲线；训练种子 1；评估种子 123-125,Joint 与 passenger-only 控制权不同；跨矩阵训练实现/guard 未必完全锁定
exp10,J7__R_TDM,J7,R_TDM,1,500000,130.80555555555557,101.54888888888888,7.247777777777777,21.031111111111112,1.0,True,3,3,0.6865936561568073,0.3134063438431927,0.5686286073077578,0.4313713926922423,exp10_jointfirst_v5_60m__analysis_full.zip!RUN/J7__R_TDM/analysis/checkpoint_curve.csv,MPTC,85.33,项目交接参考；当前归档未找到原始 S 阶段解析 CSV,UAGMC_SOURCE passenger-only + LQ,84.19,128.76,exp11 同包曲线；训练种子 1；评估种子 123-125,Joint 与 passenger-only 控制权不同；跨矩阵训练实现/guard 未必完全锁定
exp10,J7__R_TDM,J7,R_TDM,1,550000,150.35444444444445,120.75999999999999,7.423333333333333,21.19111111111111,1.0,True,3,3,0.6613503935486369,0.3386496064513631,0.6009194706217093,0.3990805293782907,exp10_jointfirst_v5_60m__analysis_full.zip!RUN/J7__R_TDM/analysis/checkpoint_curve.csv,MPTC,85.33,项目交接参考；当前归档未找到原始 S 阶段解析 CSV,UAGMC_SOURCE passenger-only + LQ,84.19,128.76,exp11 同包曲线；训练种子 1；评估种子 123-125,Joint 与 passenger-only 控制权不同；跨矩阵训练实现/guard 未必完全锁定
exp10,J7__R_TDM,J7,R_TDM,1,600000,150.81444444444443,121.43555555555555,7.375555555555555,21.022222222222222,1.0,True,3,3,0.6270813163307837,0.37291868366921627,0.575453334050971,0.42454666594902896,exp10_jointfirst_v5_60m__analysis_full.zip!RUN/J7__R_TDM/analysis/checkpoint_curve.csv,MPTC,85.33,项目交接参考；当前归档未找到原始 S 阶段解析 CSV,UAGMC_SOURCE passenger-only + LQ,84.19,128.76,exp11 同包曲线；训练种子 1；评估种子 123-125,Joint 与 passenger-only 控制权不同；跨矩阵训练实现/guard 未必完全锁定
exp10,S1__A_DIRECT_CQM,S1,A_DIRECT_CQM,1,50000,86.79333333333334,55.73,7.94,22.16,1.0,True,3,3,0.0,0.0,0.0,0.0,exp10_jointfirst_v5_60m__analysis_full.zip!RUN/S1__A_DIRECT_CQM/analysis/checkpoint_curve.csv,QTTI2,58.24,项目交接参考；当前归档未找到原始 S 阶段解析 CSV,UAGMC_SOURCE passenger-only + LQ,63.61,65.21,exp11 同包曲线；训练种子 1；评估种子 123-125,需核对同物理/guard/轨迹；解析值为交接参考，非本次独立复算
exp10,S1__A_DIRECT_CQM,S1,A_DIRECT_CQM,1,100000,63.48,35.38666666666666,7.09,20.16,1.0,True,3,3,0.0,0.0,0.0,0.0,exp10_jointfirst_v5_60m__analysis_full.zip!RUN/S1__A_DIRECT_CQM/analysis/checkpoint_curve.csv,QTTI2,58.24,项目交接参考；当前归档未找到原始 S 阶段解析 CSV,UAGMC_SOURCE passenger-only + LQ,63.61,65.21,exp11 同包曲线；训练种子 1；评估种子 123-125,需核对同物理/guard/轨迹；解析值为交接参考，非本次独立复算
exp10,S1__A_DIRECT_CQM,S1,A_DIRECT_CQM,1,150000,71.10666666666667,44.50333333333333,6.224444444444444,19.48,1.0,True,3,3,0.0,0.0,0.0,0.0,exp10_jointfirst_v5_60m__analysis_full.zip!RUN/S1__A_DIRECT_CQM/analysis/checkpoint_curve.csv,QTTI2,58.24,项目交接参考；当前归档未找到原始 S 阶段解析 CSV,UAGMC_SOURCE passenger-only + LQ,63.61,65.21,exp11 同包曲线；训练种子 1；评估种子 123-125,需核对同物理/guard/轨迹；解析值为交接参考，非本次独立复算
exp10,S1__A_DIRECT_CQM,S1,A_DIRECT_CQM,1,200000,59.153333333333336,32.056666666666665,6.48,19.706666666666667,1.0,True,3,3,0.0,0.0,0.0,0.0,exp10_jointfirst_v5_60m__analysis_full.zip!RUN/S1__A_DIRECT_CQM/analysis/checkpoint_curve.csv,QTTI2,58.24,项目交接参考；当前归档未找到原始 S 阶段解析 CSV,UAGMC_SOURCE passenger-only + LQ,63.61,65.21,exp11 同包曲线；训练种子 1；评估种子 123-125,需核对同物理/guard/轨迹；解析值为交接参考，非本次独立复算
exp10,S1__A_DIRECT_CQM,S1,A_DIRECT_CQM,1,250000,68.50666666666667,40.02444444444444,7.01111111111111,20.560000000000002,1.0,True,3,3,0.0,0.0,0.0,0.0,exp10_jointfirst_v5_60m__analysis_full.zip!RUN/S1__A_DIRECT_CQM/analysis/checkpoint_curve.csv,QTTI2,58.24,项目交接参考；当前归档未找到原始 S 阶段解析 CSV,UAGMC_SOURCE passenger-only + LQ,63.61,65.21,exp11 同包曲线；训练种子 1；评估种子 123-125,需核对同物理/guard/轨迹；解析值为交接参考，非本次独立复算
exp10,S1__A_DIRECT_CQM,S1,A_DIRECT_CQM,1,300000,73.86555555555556,44.09444444444444,7.695555555555555,21.177777777777777,1.0,True,3,3,0.0,0.0,0.0,0.0,exp10_jointfirst_v5_60m__analysis_full.zip!RUN/S1__A_DIRECT_CQM/analysis/checkpoint_curve.csv,QTTI2,58.24,项目交接参考；当前归档未找到原始 S 阶段解析 CSV,UAGMC_SOURCE passenger-only + LQ,63.61,65.21,exp11 同包曲线；训练种子 1；评估种子 123-125,需核对同物理/guard/轨迹；解析值为交接参考，非本次独立复算
exp10,S1__A_DIRECT_CQM,S1,A_DIRECT_CQM,1,350000,91.28333333333335,59.71,8.333333333333334,22.36,1.0,True,3,3,0.0,0.0,0.0,0.0,exp10_jointfirst_v5_60m__analysis_full.zip!RUN/S1__A_DIRECT_CQM/analysis/checkpoint_curve.csv,QTTI2,58.24,项目交接参考；当前归档未找到原始 S 阶段解析 CSV,UAGMC_SOURCE passenger-only + LQ,63.61,65.21,exp11 同包曲线；训练种子 1；评估种子 123-125,需核对同物理/guard/轨迹；解析值为交接参考，非本次独立复算
exp10,S1__A_DIRECT_CQM,S1,A_DIRECT_CQM,1,400000,80.36999999999999,50.37111111111111,7.723333333333333,21.400000000000002,1.0,True,3,3,0.0,0.0,0.0,0.0,exp10_jointfirst_v5_60m__analysis_full.zip!RUN/S1__A_DIRECT_CQM/analysis/checkpoint_curve.csv,QTTI2,58.24,项目交接参考；当前归档未找到原始 S 阶段解析 CSV,UAGMC_SOURCE passenger-only + LQ,63.61,65.21,exp11 同包曲线；训练种子 1；评估种子 123-125,需核对同物理/guard/轨迹；解析值为交接参考，非本次独立复算
exp10,S1__A_DIRECT_CQM,S1,A_DIRECT_CQM,1,450000,79.85333333333334,49.85999999999999,7.7,21.36,1.0,True,3,3,0.0,0.0,0.0,0.0,exp10_jointfirst_v5_60m__analysis_full.zip!RUN/S1__A_DIRECT_CQM/analysis/checkpoint_curve.csv,QTTI2,58.24,项目交接参考；当前归档未找到原始 S 阶段解析 CSV,UAGMC_SOURCE passenger-only + LQ,63.61,65.21,exp11 同包曲线；训练种子 1；评估种子 123-125,需核对同物理/guard/轨迹；解析值为交接参考，非本次独立复算
exp10,S1__A_DIRECT_CQM,S1,A_DIRECT_CQM,1,500000,71.2911111111111,41.62444444444444,7.567777777777778,21.204444444444444,1.0,True,3,3,0.0,0.0,0.0,0.0,exp10_jointfirst_v5_60m__analysis_full.zip!RUN/S1__A_DIRECT_CQM/analysis/checkpoint_curve.csv,QTTI2,58.24,项目交接参考；当前归档未找到原始 S 阶段解析 CSV,UAGMC_SOURCE passenger-only + LQ,63.61,65.21,exp11 同包曲线；训练种子 1；评估种子 123-125,需核对同物理/guard/轨迹；解析值为交接参考，非本次独立复算
exp10,S1__A_DIRECT_CQM,S1,A_DIRECT_CQM,1,550000,77.74888888888889,47.6,7.797777777777778,21.435555555555556,1.0,True,3,3,0.0,0.0,0.0,0.0,exp10_jointfirst_v5_60m__analysis_full.zip!RUN/S1__A_DIRECT_CQM/analysis/checkpoint_curve.csv,QTTI2,58.24,项目交接参考；当前归档未找到原始 S 阶段解析 CSV,UAGMC_SOURCE passenger-only + LQ,63.61,65.21,exp11 同包曲线；训练种子 1；评估种子 123-125,需核对同物理/guard/轨迹；解析值为交接参考，非本次独立复算
exp10,S1__A_DIRECT_CQM,S1,A_DIRECT_CQM,1,600000,83.47777777777777,53.27444444444444,7.6866666666666665,21.573333333333334,1.0,True,3,3,0.0,0.0,0.0,0.0,exp10_jointfirst_v5_60m__analysis_full.zip!RUN/S1__A_DIRECT_CQM/analysis/checkpoint_curve.csv,QTTI2,58.24,项目交接参考；当前归档未找到原始 S 阶段解析 CSV,UAGMC_SOURCE passenger-only + LQ,63.61,65.21,exp11 同包曲线；训练种子 1；评估种子 123-125,需核对同物理/guard/轨迹；解析值为交接参考，非本次独立复算
exp10,S1__A_ICM_AC,S1,A_ICM_AC,1,50000,141.33,108.78666666666668,8.556666666666667,23.0,1.0,True,3,3,0.0,0.0,0.0,0.0,exp10_jointfirst_v5_60m__analysis_full.zip!RUN/S1__A_ICM_AC/analysis/checkpoint_curve.csv,QTTI2,58.24,项目交接参考；当前归档未找到原始 S 阶段解析 CSV,UAGMC_SOURCE passenger-only + LQ,63.61,65.21,exp11 同包曲线；训练种子 1；评估种子 123-125,需核对同物理/guard/轨迹；解析值为交接参考，非本次独立复算
exp10,S1__A_ICM_AC,S1,A_ICM_AC,1,100000,85.33999999999999,55.553333333333335,7.326666666666667,21.546666666666667,1.0,True,3,3,0.0,0.0,0.0,0.0,exp10_jointfirst_v5_60m__analysis_full.zip!RUN/S1__A_ICM_AC/analysis/checkpoint_curve.csv,QTTI2,58.24,项目交接参考；当前归档未找到原始 S 阶段解析 CSV,UAGMC_SOURCE passenger-only + LQ,63.61,65.21,exp11 同包曲线；训练种子 1；评估种子 123-125,需核对同物理/guard/轨迹；解析值为交接参考，非本次独立复算
exp10,S1__A_ICM_AC,S1,A_ICM_AC,1,150000,72.97777777777777,45.57,6.571111111111112,19.924444444444447,1.0,True,3,3,0.0,0.0,0.0,0.0,exp10_jointfirst_v5_60m__analysis_full.zip!RUN/S1__A_ICM_AC/analysis/checkpoint_curve.csv,QTTI2,58.24,项目交接参考；当前归档未找到原始 S 阶段解析 CSV,UAGMC_SOURCE passenger-only + LQ,63.61,65.21,exp11 同包曲线；训练种子 1；评估种子 123-125,需核对同物理/guard/轨迹；解析值为交接参考，非本次独立复算
exp10,S1__A_ICM_AC,S1,A_ICM_AC,1,200000,70.35000000000001,42.50333333333334,6.772222222222222,20.155555555555555,1.0,True,3,3,0.0,0.0,0.0,0.0,exp10_jointfirst_v5_60m__analysis_full.zip!RUN/S1__A_ICM_AC/analysis/checkpoint_curve.csv,QTTI2,58.24,项目交接参考；当前归档未找到原始 S 阶段解析 CSV,UAGMC_SOURCE passenger-only + LQ,63.61,65.21,exp11 同包曲线；训练种子 1；评估种子 123-125,需核对同物理/guard/轨迹；解析值为交接参考，非本次独立复算
exp10,S1__A_ICM_AC,S1,A_ICM_AC,1,250000,83.13888888888889,53.81444444444444,7.272222222222222,21.173333333333336,1.0,True,3,3,0.0,0.0,0.0,0.0,exp10_jointfirst_v5_60m__analysis_full.zip!RUN/S1__A_ICM_AC/analysis/checkpoint_curve.csv,QTTI2,58.24,项目交接参考；当前归档未找到原始 S 阶段解析 CSV,UAGMC_SOURCE passenger-only + LQ,63.61,65.21,exp11 同包曲线；训练种子 1；评估种子 123-125,需核对同物理/guard/轨迹；解析值为交接参考，非本次独立复算
exp10,S1__A_ICM_AC,S1,A_ICM_AC,1,300000,70.13666666666667,41.0,7.263333333333333,20.982222222222223,1.0,True,3,3,0.0,0.0,0.0,0.0,exp10_jointfirst_v5_60m__analysis_full.zip!RUN/S1__A_ICM_AC/analysis/checkpoint_curve.csv,QTTI2,58.24,项目交接参考；当前归档未找到原始 S 阶段解析 CSV,UAGMC_SOURCE passenger-only + LQ,63.61,65.21,exp11 同包曲线；训练种子 1；评估种子 123-125,需核对同物理/guard/轨迹；解析值为交接参考，非本次独立复算
exp10,S1__A_ICM_AC,S1,A_ICM_AC,1,350000,77.22666666666667,47.193333333333335,7.53,21.546666666666667,1.0,True,3,3,0.0,0.0,0.0,0.0,exp10_jointfirst_v5_60m__analysis_full.zip!RUN/S1__A_ICM_AC/analysis/checkpoint_curve.csv,QTTI2,58.24,项目交接参考；当前归档未找到原始 S 阶段解析 CSV,UAGMC_SOURCE passenger-only + LQ,63.61,65.21,exp11 同包曲线；训练种子 1；评估种子 123-125,需核对同物理/guard/轨迹；解析值为交接参考，非本次独立复算
exp10,S1__A_ICM_AC,S1,A_ICM_AC,1,400000,80.11555555555556,50.39333333333334,7.285555555555557,21.484444444444446,1.0,True,3,3,0.0,0.0,0.0,0.0,exp10_jointfirst_v5_60m__analysis_full.zip!RUN/S1__A_ICM_AC/analysis/checkpoint_curve.csv,QTTI2,58.24,项目交接参考；当前归档未找到原始 S 阶段解析 CSV,UAGMC_SOURCE passenger-only + LQ,63.61,65.21,exp11 同包曲线；训练种子 1；评估种子 123-125,需核对同物理/guard/轨迹；解析值为交接参考，非本次独立复算
exp10,S1__A_ICM_AC,S1,A_ICM_AC,1,450000,85.81333333333333,56.0,7.283333333333334,21.573333333333334,1.0,True,3,3,0.0,0.0,0.0,0.0,exp10_jointfirst_v5_60m__analysis_full.zip!RUN/S1__A_ICM_AC/analysis/checkpoint_curve.csv,QTTI2,58.24,项目交接参考；当前归档未找到原始 S 阶段解析 CSV,UAGMC_SOURCE passenger-only + LQ,63.61,65.21,exp11 同包曲线；训练种子 1；评估种子 123-125,需核对同物理/guard/轨迹；解析值为交接参考，非本次独立复算
exp10,S1__A_ICM_AC,S1,A_ICM_AC,1,500000,83.5,53.61666666666667,7.286666666666666,21.653333333333332,1.0,True,3,3,0.0,0.0,0.0,0.0,exp10_jointfirst_v5_60m__analysis_full.zip!RUN/S1__A_ICM_AC/analysis/checkpoint_curve.csv,QTTI2,58.24,项目交接参考；当前归档未找到原始 S 阶段解析 CSV,UAGMC_SOURCE passenger-only + LQ,63.61,65.21,exp11 同包曲线；训练种子 1；评估种子 123-125,需核对同物理/guard/轨迹；解析值为交接参考，非本次独立复算
exp10,S1__A_ICM_AC,S1,A_ICM_AC,1,550000,83.24333333333334,53.546666666666674,7.227777777777778,21.51555555555555,1.0,True,3,3,0.0,0.0,0.0,0.0,exp10_jointfirst_v5_60m__analysis_full.zip!RUN/S1__A_ICM_AC/analysis/checkpoint_curve.csv,QTTI2,58.24,项目交接参考；当前归档未找到原始 S 阶段解析 CSV,UAGMC_SOURCE passenger-only + LQ,63.61,65.21,exp11 同包曲线；训练种子 1；评估种子 123-125,需核对同物理/guard/轨迹；解析值为交接参考，非本次独立复算
exp10,S1__A_ICM_AC,S1,A_ICM_AC,1,600000,108.2,78.12666666666667,7.473333333333334,21.679999999999996,1.0,True,3,3,0.0,0.0,0.0,0.0,exp10_jointfirst_v5_60m__analysis_full.zip!RUN/S1__A_ICM_AC/analysis/checkpoint_curve.csv,QTTI2,58.24,项目交接参考；当前归档未找到原始 S 阶段解析 CSV,UAGMC_SOURCE passenger-only + LQ,63.61,65.21,exp11 同包曲线；训练种子 1；评估种子 123-125,需核对同物理/guard/轨迹；解析值为交接参考，非本次独立复算
exp10,S1__CURRENT,S1,CURRENT,1,50000,141.33,108.78666666666668,8.556666666666667,23.0,1.0,True,3,3,0.0,0.0,0.0,0.0,exp10_jointfirst_v5_60m__analysis_full.zip!RUN/S1__CURRENT/analysis/checkpoint_curve.csv,QTTI2,58.24,项目交接参考；当前归档未找到原始 S 阶段解析 CSV,UAGMC_SOURCE passenger-only + LQ,63.61,65.21,exp11 同包曲线；训练种子 1；评估种子 123-125,需核对同物理/guard/轨迹；解析值为交接参考，非本次独立复算
exp10,S1__CURRENT,S1,CURRENT,1,100000,82.89222222222223,54.21,6.984444444444445,20.78222222222222,1.0,True,3,3,0.0,0.0,0.0,0.0,exp10_jointfirst_v5_60m__analysis_full.zip!RUN/S1__CURRENT/analysis/checkpoint_curve.csv,QTTI2,58.24,项目交接参考；当前归档未找到原始 S 阶段解析 CSV,UAGMC_SOURCE passenger-only + LQ,63.61,65.21,exp11 同包曲线；训练种子 1；评估种子 123-125,需核对同物理/guard/轨迹；解析值为交接参考，非本次独立复算
exp10,S1__CURRENT,S1,CURRENT,1,150000,117.78000000000002,91.06444444444445,6.28,19.52888888888889,1.0,True,3,3,0.0,0.0,0.0,0.0,exp10_jointfirst_v5_60m__analysis_full.zip!RUN/S1__CURRENT/analysis/checkpoint_curve.csv,QTTI2,58.24,项目交接参考；当前归档未找到原始 S 阶段解析 CSV,UAGMC_SOURCE passenger-only + LQ,63.61,65.21,exp11 同包曲线；训练种子 1；评估种子 123-125,需核对同物理/guard/轨迹；解析值为交接参考，非本次独立复算
exp10,S1__CURRENT,S1,CURRENT,1,200000,76.0788888888889,48.04333333333333,6.741111111111111,20.36888888888889,1.0,True,3,3,0.0,0.0,0.0,0.0,exp10_jointfirst_v5_60m__analysis_full.zip!RUN/S1__CURRENT/analysis/checkpoint_curve.csv,QTTI2,58.24,项目交接参考；当前归档未找到原始 S 阶段解析 CSV,UAGMC_SOURCE passenger-only + LQ,63.61,65.21,exp11 同包曲线；训练种子 1；评估种子 123-125,需核对同物理/guard/轨迹；解析值为交接参考，非本次独立复算
exp10,S1__CURRENT,S1,CURRENT,1,250000,69.39555555555556,41.47555555555556,6.667777777777778,20.355555555555558,1.0,True,3,3,0.0,0.0,0.0,0.0,exp10_jointfirst_v5_60m__analysis_full.zip!RUN/S1__CURRENT/analysis/checkpoint_curve.csv,QTTI2,58.24,项目交接参考；当前归档未找到原始 S 阶段解析 CSV,UAGMC_SOURCE passenger-only + LQ,63.61,65.21,exp11 同包曲线；训练种子 1；评估种子 123-125,需核对同物理/guard/轨迹；解析值为交接参考，非本次独立复算
exp10,S1__CURRENT,S1,CURRENT,1,300000,66.4,38.70333333333333,6.650000000000001,20.106666666666666,1.0,True,3,3,0.0,0.0,0.0,0.0,exp10_jointfirst_v5_60m__analysis_full.zip!RUN/S1__CURRENT/analysis/checkpoint_curve.csv,QTTI2,58.24,项目交接参考；当前归档未找到原始 S 阶段解析 CSV,UAGMC_SOURCE passenger-only + LQ,63.61,65.21,exp11 同包曲线；训练种子 1；评估种子 123-125,需核对同物理/guard/轨迹；解析值为交接参考，非本次独立复算
exp10,S1__CURRENT,S1,CURRENT,1,350000,79.58,49.71666666666667,7.493333333333333,21.44,1.0,True,3,3,0.0,0.0,0.0,0.0,exp10_jointfirst_v5_60m__analysis_full.zip!RUN/S1__CURRENT/analysis/checkpoint_curve.csv,QTTI2,58.24,项目交接参考；当前归档未找到原始 S 阶段解析 CSV,UAGMC_SOURCE passenger-only + LQ,63.61,65.21,exp11 同包曲线；训练种子 1；评估种子 123-125,需核对同物理/guard/轨迹；解析值为交接参考，非本次独立复算
exp10,S1__CURRENT,S1,CURRENT,1,400000,75.57000000000001,46.093333333333334,7.301111111111111,21.275555555555556,1.0,True,3,3,0.0,0.0,0.0,0.0,exp10_jointfirst_v5_60m__analysis_full.zip!RUN/S1__CURRENT/analysis/checkpoint_curve.csv,QTTI2,58.24,项目交接参考；当前归档未找到原始 S 阶段解析 CSV,UAGMC_SOURCE passenger-only + LQ,63.61,65.21,exp11 同包曲线；训练种子 1；评估种子 123-125,需核对同物理/guard/轨迹；解析值为交接参考，非本次独立复算
exp10,S1__CURRENT,S1,CURRENT,1,450000,96.28777777777778,65.68111111111112,7.743333333333333,21.906666666666666,1.0,True,3,3,0.0,0.0,0.0,0.0,exp10_jointfirst_v5_60m__analysis_full.zip!RUN/S1__CURRENT/analysis/checkpoint_curve.csv,QTTI2,58.24,项目交接参考；当前归档未找到原始 S 阶段解析 CSV,UAGMC_SOURCE passenger-only + LQ,63.61,65.21,exp11 同包曲线；训练种子 1；评估种子 123-125,需核对同物理/guard/轨迹；解析值为交接参考，非本次独立复算
exp10,S1__CURRENT,S1,CURRENT,1,500000,107.78333333333335,77.26333333333334,7.673333333333333,21.893333333333334,1.0,True,3,3,0.0,0.0,0.0,0.0,exp10_jointfirst_v5_60m__analysis_full.zip!RUN/S1__CURRENT/analysis/checkpoint_curve.csv,QTTI2,58.24,项目交接参考；当前归档未找到原始 S 阶段解析 CSV,UAGMC_SOURCE passenger-only + LQ,63.61,65.21,exp11 同包曲线；训练种子 1；评估种子 123-125,需核对同物理/guard/轨迹；解析值为交接参考，非本次独立复算
exp10,S1__CURRENT,S1,CURRENT,1,550000,108.21,77.44666666666667,7.77,22.026666666666667,1.0,True,3,3,0.0,0.0,0.0,0.0,exp10_jointfirst_v5_60m__analysis_full.zip!RUN/S1__CURRENT/analysis/checkpoint_curve.csv,QTTI2,58.24,项目交接参考；当前归档未找到原始 S 阶段解析 CSV,UAGMC_SOURCE passenger-only + LQ,63.61,65.21,exp11 同包曲线；训练种子 1；评估种子 123-125,需核对同物理/guard/轨迹；解析值为交接参考，非本次独立复算
exp10,S1__CURRENT,S1,CURRENT,1,600000,101.05,71.37,7.403333333333333,21.36,1.0,True,3,3,0.0,0.0,0.0,0.0,exp10_jointfirst_v5_60m__analysis_full.zip!RUN/S1__CURRENT/analysis/checkpoint_curve.csv,QTTI2,58.24,项目交接参考；当前归档未找到原始 S 阶段解析 CSV,UAGMC_SOURCE passenger-only + LQ,63.61,65.21,exp11 同包曲线；训练种子 1；评估种子 123-125,需核对同物理/guard/轨迹；解析值为交接参考，非本次独立复算
exp10,S1__C_SA,S1,C_SA,1,50000,76.01666666666667,45.88222222222222,7.8055555555555545,21.38222222222222,1.0,True,3,3,0.0,0.0,0.0,0.0,exp10_jointfirst_v5_60m__analysis_full.zip!RUN/S1__C_SA/analysis/checkpoint_curve.csv,QTTI2,58.24,项目交接参考；当前归档未找到原始 S 阶段解析 CSV,UAGMC_SOURCE passenger-only + LQ,63.61,65.21,exp11 同包曲线；训练种子 1；评估种子 123-125,需核对同物理/guard/轨迹；解析值为交接参考，非本次独立复算
exp10,S1__C_SA,S1,C_SA,1,100000,83.06333333333335,55.00333333333333,7.002222222222223,20.133333333333336,1.0,True,3,3,0.0,0.0,0.0,0.0,exp10_jointfirst_v5_60m__analysis_full.zip!RUN/S1__C_SA/analysis/checkpoint_curve.csv,QTTI2,58.24,项目交接参考；当前归档未找到原始 S 阶段解析 CSV,UAGMC_SOURCE passenger-only + LQ,63.61,65.21,exp11 同包曲线；训练种子 1；评估种子 123-125,需核对同物理/guard/轨迹；解析值为交接参考，非本次独立复算
exp10,S1__C_SA,S1,C_SA,1,150000,72.09555555555555,43.595555555555556,7.284444444444444,20.311111111111106,1.0,True,3,3,0.0,0.0,0.0,0.0,exp10_jointfirst_v5_60m__analysis_full.zip!RUN/S1__C_SA/analysis/checkpoint_curve.csv,QTTI2,58.24,项目交接参考；当前归档未找到原始 S 阶段解析 CSV,UAGMC_SOURCE passenger-only + LQ,63.61,65.21,exp11 同包曲线；训练种子 1；评估种子 123-125,需核对同物理/guard/轨迹；解析值为交接参考，非本次独立复算
exp10,S1__C_SA,S1,C_SA,1,200000,66.29,37.800000000000004,7.202222222222222,20.404444444444447,1.0,True,3,3,0.0,0.0,0.0,0.0,exp10_jointfirst_v5_60m__analysis_full.zip!RUN/S1__C_SA/analysis/checkpoint_curve.csv,QTTI2,58.24,项目交接参考；当前归档未找到原始 S 阶段解析 CSV,UAGMC_SOURCE passenger-only + LQ,63.61,65.21,exp11 同包曲线；训练种子 1；评估种子 123-125,需核对同物理/guard/轨迹；解析值为交接参考，非本次独立复算
exp10,S1__C_SA,S1,C_SA,1,250000,72.33555555555556,43.30555555555555,7.234444444444445,20.933333333333334,1.0,True,3,3,0.0,0.0,0.0,0.0,exp10_jointfirst_v5_60m__analysis_full.zip!RUN/S1__C_SA/analysis/checkpoint_curve.csv,QTTI2,58.24,项目交接参考；当前归档未找到原始 S 阶段解析 CSV,UAGMC_SOURCE passenger-only + LQ,63.61,65.21,exp11 同包曲线；训练种子 1；评估种子 123-125,需核对同物理/guard/轨迹；解析值为交接参考，非本次独立复算
exp10,S1__C_SA,S1,C_SA,1,300000,65.05777777777779,37.672222222222224,6.596666666666667,19.88,1.0,True,3,3,0.0,0.0,0.0,0.0,exp10_jointfirst_v5_60m__analysis_full.zip!RUN/S1__C_SA/analysis/checkpoint_curve.csv,QTTI2,58.24,项目交接参考；当前归档未找到原始 S 阶段解析 CSV,UAGMC_SOURCE passenger-only + LQ,63.61,65.21,exp11 同包曲线；训练种子 1；评估种子 123-125,需核对同物理/guard/轨迹；解析值为交接参考，非本次独立复算
exp10,S1__C_SA,S1,C_SA,1,350000,82.07777777777778,54.94888888888889,6.547777777777778,19.662222222222223,1.0,True,3,3,0.0,0.0,0.0,0.0,exp10_jointfirst_v5_60m__analysis_full.zip!RUN/S1__C_SA/analysis/checkpoint_curve.csv,QTTI2,58.24,项目交接参考；当前归档未找到原始 S 阶段解析 CSV,UAGMC_SOURCE passenger-only + LQ,63.61,65.21,exp11 同包曲线；训练种子 1；评估种子 123-125,需核对同物理/guard/轨迹；解析值为交接参考，非本次独立复算
exp10,S1__C_SA,S1,C_SA,1,400000,71.43555555555555,42.44777777777777,7.138888888888888,20.968888888888888,1.0,True,3,3,0.0,0.0,0.0,0.0,exp10_jointfirst_v5_60m__analysis_full.zip!RUN/S1__C_SA/analysis/checkpoint_curve.csv,QTTI2,58.24,项目交接参考；当前归档未找到原始 S 阶段解析 CSV,UAGMC_SOURCE passenger-only + LQ,63.61,65.21,exp11 同包曲线；训练种子 1；评估种子 123-125,需核对同物理/guard/轨迹；解析值为交接参考，非本次独立复算
exp10,S1__C_SA,S1,C_SA,1,450000,74.29222222222222,45.49444444444445,7.115555555555556,20.786666666666665,1.0,True,3,3,0.0,0.0,0.0,0.0,exp10_jointfirst_v5_60m__analysis_full.zip!RUN/S1__C_SA/analysis/checkpoint_curve.csv,QTTI2,58.24,项目交接参考；当前归档未找到原始 S 阶段解析 CSV,UAGMC_SOURCE passenger-only + LQ,63.61,65.21,exp11 同包曲线；训练种子 1；评估种子 123-125,需核对同物理/guard/轨迹；解析值为交接参考，非本次独立复算
exp10,S1__C_SA,S1,C_SA,1,500000,71.86,42.33,7.231111111111112,21.36888888888889,1.0,True,3,3,0.0,0.0,0.0,0.0,exp10_jointfirst_v5_60m__analysis_full.zip!RUN/S1__C_SA/analysis/checkpoint_curve.csv,QTTI2,58.24,项目交接参考；当前归档未找到原始 S 阶段解析 CSV,UAGMC_SOURCE passenger-only + LQ,63.61,65.21,exp11 同包曲线；训练种子 1；评估种子 123-125,需核对同物理/guard/轨迹；解析值为交接参考，非本次独立复算
exp10,S1__C_SA,S1,C_SA,1,550000,81.74666666666667,51.71666666666667,7.483333333333333,21.600000000000005,1.0,True,3,3,0.0,0.0,0.0,0.0,exp10_jointfirst_v5_60m__analysis_full.zip!RUN/S1__C_SA/analysis/checkpoint_curve.csv,QTTI2,58.24,项目交接参考；当前归档未找到原始 S 阶段解析 CSV,UAGMC_SOURCE passenger-only + LQ,63.61,65.21,exp11 同包曲线；训练种子 1；评估种子 123-125,需核对同物理/guard/轨迹；解析值为交接参考，非本次独立复算
exp10,S1__C_SA,S1,C_SA,1,600000,96.71222222222222,66.43333333333334,7.557777777777777,21.768888888888892,1.0,True,3,3,0.0,0.0,0.0,0.0,exp10_jointfirst_v5_60m__analysis_full.zip!RUN/S1__C_SA/analysis/checkpoint_curve.csv,QTTI2,58.24,项目交接参考；当前归档未找到原始 S 阶段解析 CSV,UAGMC_SOURCE passenger-only + LQ,63.61,65.21,exp11 同包曲线；训练种子 1；评估种子 123-125,需核对同物理/guard/轨迹；解析值为交接参考，非本次独立复算
exp10,S1__C_SAW,S1,C_SAW,1,50000,612.5966666666667,586.4333333333333,6.163333333333333,19.0,1.0,True,3,3,0.0,0.0,0.0,0.0,exp10_jointfirst_v5_60m__analysis_full.zip!RUN/S1__C_SAW/analysis/checkpoint_curve.csv,QTTI2,58.24,项目交接参考；当前归档未找到原始 S 阶段解析 CSV,UAGMC_SOURCE passenger-only + LQ,63.61,65.21,exp11 同包曲线；训练种子 1；评估种子 123-125,需核对同物理/guard/轨迹；解析值为交接参考，非本次独立复算
exp10,S1__C_SAW,S1,C_SAW,1,100000,146.16555555555556,119.56333333333335,6.426666666666667,19.22222222222222,1.0,True,3,3,0.0,0.0,0.0,0.0,exp10_jointfirst_v5_60m__analysis_full.zip!RUN/S1__C_SAW/analysis/checkpoint_curve.csv,QTTI2,58.24,项目交接参考；当前归档未找到原始 S 阶段解析 CSV,UAGMC_SOURCE passenger-only + LQ,63.61,65.21,exp11 同包曲线；训练种子 1；评估种子 123-125,需核对同物理/guard/轨迹；解析值为交接参考，非本次独立复算
exp10,S1__C_SAW,S1,C_SAW,1,150000,126.34333333333332,99.67444444444446,6.408888888888889,19.337777777777777,1.0,True,3,3,0.0,0.0,0.0,0.0,exp10_jointfirst_v5_60m__analysis_full.zip!RUN/S1__C_SAW/analysis/checkpoint_curve.csv,QTTI2,58.24,项目交接参考；当前归档未找到原始 S 阶段解析 CSV,UAGMC_SOURCE passenger-only + LQ,63.61,65.21,exp11 同包曲线；训练种子 1；评估种子 123-125,需核对同物理/guard/轨迹；解析值为交接参考，非本次独立复算
exp10,S1__C_SAW,S1,C_SAW,1,200000,104.31777777777779,77.66888888888889,6.385555555555555,19.34222222222222,1.0,True,3,3,0.0,0.0,0.0,0.0,exp10_jointfirst_v5_60m__analysis_full.zip!RUN/S1__C_SAW/analysis/checkpoint_curve.csv,QTTI2,58.24,项目交接参考；当前归档未找到原始 S 阶段解析 CSV,UAGMC_SOURCE passenger-only + LQ,63.61,65.21,exp11 同包曲线；训练种子 1；评估种子 123-125,需核对同物理/guard/轨迹；解析值为交接参考，非本次独立复算
exp10,S1__C_SAW,S1,C_SAW,1,250000,67.92555555555555,41.08111111111111,6.44,19.49777777777778,1.0,True,3,3,0.0,0.0,0.0,0.0,exp10_jointfirst_v5_60m__analysis_full.zip!RUN/S1__C_SAW/analysis/checkpoint_curve.csv,QTTI2,58.24,项目交接参考；当前归档未找到原始 S 阶段解析 CSV,UAGMC_SOURCE passenger-only + LQ,63.61,65.21,exp11 同包曲线；训练种子 1；评估种子 123-125,需核对同物理/guard/轨迹；解析值为交接参考，非本次独立复算
exp10,S1__C_SAW,S1,C_SAW,1,300000,64.78333333333333,36.20333333333333,6.803333333333334,20.84,1.0,True,3,3,0.0,0.0,0.0,0.0,exp10_jointfirst_v5_60m__analysis_full.zip!RUN/S1__C_SAW/analysis/checkpoint_curve.csv,QTTI2,58.24,项目交接参考；当前归档未找到原始 S 阶段解析 CSV,UAGMC_SOURCE passenger-only + LQ,63.61,65.21,exp11 同包曲线；训练种子 1；评估种子 123-125,需核对同物理/guard/轨迹；解析值为交接参考，非本次独立复算
exp10,S1__C_SAW,S1,C_SAW,1,350000,73.92,46.346666666666664,6.576666666666667,20.066666666666666,1.0,True,3,3,0.0,0.0,0.0,0.0,exp10_jointfirst_v5_60m__analysis_full.zip!RUN/S1__C_SAW/analysis/checkpoint_curve.csv,QTTI2,58.24,项目交接参考；当前归档未找到原始 S 阶段解析 CSV,UAGMC_SOURCE passenger-only + LQ,63.61,65.21,exp11 同包曲线；训练种子 1；评估种子 123-125,需核对同物理/guard/轨迹；解析值为交接参考，非本次独立复算
exp10,S1__C_SAW,S1,C_SAW,1,400000,66.68333333333334,38.57222222222222,6.777777777777778,20.43111111111111,1.0,True,3,3,0.0,0.0,0.0,0.0,exp10_jointfirst_v5_60m__analysis_full.zip!RUN/S1__C_SAW/analysis/checkpoint_curve.csv,QTTI2,58.24,项目交接参考；当前归档未找到原始 S 阶段解析 CSV,UAGMC_SOURCE passenger-only + LQ,63.61,65.21,exp11 同包曲线；训练种子 1；评估种子 123-125,需核对同物理/guard/轨迹；解析值为交接参考，非本次独立复算
exp10,S1__C_SAW,S1,C_SAW,1,450000,69.21555555555557,40.57666666666667,7.076666666666667,20.67111111111111,1.0,True,3,3,0.0,0.0,0.0,0.0,exp10_jointfirst_v5_60m__analysis_full.zip!RUN/S1__C_SAW/analysis/checkpoint_curve.csv,QTTI2,58.24,项目交接参考；当前归档未找到原始 S 阶段解析 CSV,UAGMC_SOURCE passenger-only + LQ,63.61,65.21,exp11 同包曲线；训练种子 1；评估种子 123-125,需核对同物理/guard/轨迹；解析值为交接参考，非本次独立复算
exp10,S1__C_SAW,S1,C_SAW,1,500000,71.18555555555555,42.592222222222226,7.096666666666667,20.604444444444443,1.0,True,3,3,0.0,0.0,0.0,0.0,exp10_jointfirst_v5_60m__analysis_full.zip!RUN/S1__C_SAW/analysis/checkpoint_curve.csv,QTTI2,58.24,项目交接参考；当前归档未找到原始 S 阶段解析 CSV,UAGMC_SOURCE passenger-only + LQ,63.61,65.21,exp11 同包曲线；训练种子 1；评估种子 123-125,需核对同物理/guard/轨迹；解析值为交接参考，非本次独立复算
exp10,S1__C_SAW,S1,C_SAW,1,550000,84.1611111111111,56.91555555555556,6.572222222222223,19.764444444444443,1.0,True,3,3,0.0,0.0,0.0,0.0,exp10_jointfirst_v5_60m__analysis_full.zip!RUN/S1__C_SAW/analysis/checkpoint_curve.csv,QTTI2,58.24,项目交接参考；当前归档未找到原始 S 阶段解析 CSV,UAGMC_SOURCE passenger-only + LQ,63.61,65.21,exp11 同包曲线；训练种子 1；评估种子 123-125,需核对同物理/guard/轨迹；解析值为交接参考，非本次独立复算
exp10,S1__C_SAW,S1,C_SAW,1,600000,74.04222222222222,45.346666666666664,6.861111111111112,20.90222222222222,1.0,True,3,3,0.0,0.0,0.0,0.0,exp10_jointfirst_v5_60m__analysis_full.zip!RUN/S1__C_SAW/analysis/checkpoint_curve.csv,QTTI2,58.24,项目交接参考；当前归档未找到原始 S 阶段解析 CSV,UAGMC_SOURCE passenger-only + LQ,63.61,65.21,exp11 同包曲线；训练种子 1；评估种子 123-125,需核对同物理/guard/轨迹；解析值为交接参考，非本次独立复算
exp10,S1__R_EVENTQ,S1,R_EVENTQ,1,50000,85.58666666666666,55.09,7.6066666666666665,21.933333333333334,1.0,True,3,3,0.0,0.0,0.0,0.0,exp10_jointfirst_v5_60m__analysis_full.zip!RUN/S1__R_EVENTQ/analysis/checkpoint_curve.csv,QTTI2,58.24,项目交接参考；当前归档未找到原始 S 阶段解析 CSV,UAGMC_SOURCE passenger-only + LQ,63.61,65.21,exp11 同包曲线；训练种子 1；评估种子 123-125,需核对同物理/guard/轨迹；解析值为交接参考，非本次独立复算
exp10,S1__R_EVENTQ,S1,R_EVENTQ,1,100000,70.58888888888889,43.78111111111111,6.3500000000000005,19.53777777777778,1.0,True,3,3,0.0,0.0,0.0,0.0,exp10_jointfirst_v5_60m__analysis_full.zip!RUN/S1__R_EVENTQ/analysis/checkpoint_curve.csv,QTTI2,58.24,项目交接参考；当前归档未找到原始 S 阶段解析 CSV,UAGMC_SOURCE passenger-only + LQ,63.61,65.21,exp11 同包曲线；训练种子 1；评估种子 123-125,需核对同物理/guard/轨迹；解析值为交接参考，非本次独立复算
exp10,S1__R_EVENTQ,S1,R_EVENTQ,1,150000,82.06222222222222,55.32777777777778,6.171111111111112,19.644444444444446,1.0,True,3,3,0.0,0.0,0.0,0.0,exp10_jointfirst_v5_60m__analysis_full.zip!RUN/S1__R_EVENTQ/analysis/checkpoint_curve.csv,QTTI2,58.24,项目交接参考；当前归档未找到原始 S 阶段解析 CSV,UAGMC_SOURCE passenger-only + LQ,63.61,65.21,exp11 同包曲线；训练种子 1；评估种子 123-125,需核对同物理/guard/轨迹；解析值为交接参考，非本次独立复算
exp10,S1__R_EVENTQ,S1,R_EVENTQ,1,200000,68.62666666666667,40.803333333333335,6.6933333333333325,20.226666666666667,1.0,True,3,3,0.0,0.0,0.0,0.0,exp10_jointfirst_v5_60m__analysis_full.zip!RUN/S1__R_EVENTQ/analysis/checkpoint_curve.csv,QTTI2,58.24,项目交接参考；当前归档未找到原始 S 阶段解析 CSV,UAGMC_SOURCE passenger-only + LQ,63.61,65.21,exp11 同包曲线；训练种子 1；评估种子 123-125,需核对同物理/guard/轨迹；解析值为交接参考，非本次独立复算
exp10,S1__R_EVENTQ,S1,R_EVENTQ,1,250000,65.46999999999998,36.782222222222224,7.047777777777778,20.746666666666666,1.0,True,3,3,0.0,0.0,0.0,0.0,exp10_jointfirst_v5_60m__analysis_full.zip!RUN/S1__R_EVENTQ/analysis/checkpoint_curve.csv,QTTI2,58.24,项目交接参考；当前归档未找到原始 S 阶段解析 CSV,UAGMC_SOURCE passenger-only + LQ,63.61,65.21,exp11 同包曲线；训练种子 1；评估种子 123-125,需核对同物理/guard/轨迹；解析值为交接参考，非本次独立复算
exp10,S1__R_EVENTQ,S1,R_EVENTQ,1,300000,63.455555555555556,35.339999999999996,6.7555555555555555,20.44,1.0,True,3,3,0.0,0.0,0.0,0.0,exp10_jointfirst_v5_60m__analysis_full.zip!RUN/S1__R_EVENTQ/analysis/checkpoint_curve.csv,QTTI2,58.24,项目交接参考；当前归档未找到原始 S 阶段解析 CSV,UAGMC_SOURCE passenger-only + LQ,63.61,65.21,exp11 同包曲线；训练种子 1；评估种子 123-125,需核对同物理/guard/轨迹；解析值为交接参考，非本次独立复算
exp10,S1__R_EVENTQ,S1,R_EVENTQ,1,350000,70.1988888888889,41.45666666666667,7.01111111111111,20.844444444444445,1.0,True,3,3,0.0,0.0,0.0,0.0,exp10_jointfirst_v5_60m__analysis_full.zip!RUN/S1__R_EVENTQ/analysis/checkpoint_curve.csv,QTTI2,58.24,项目交接参考；当前归档未找到原始 S 阶段解析 CSV,UAGMC_SOURCE passenger-only + LQ,63.61,65.21,exp11 同包曲线；训练种子 1；评估种子 123-125,需核对同物理/guard/轨迹；解析值为交接参考，非本次独立复算
exp10,S1__R_EVENTQ,S1,R_EVENTQ,1,400000,72.98666666666666,43.61666666666667,7.316666666666666,21.093333333333334,1.0,True,3,3,0.0,0.0,0.0,0.0,exp10_jointfirst_v5_60m__analysis_full.zip!RUN/S1__R_EVENTQ/analysis/checkpoint_curve.csv,QTTI2,58.24,项目交接参考；当前归档未找到原始 S 阶段解析 CSV,UAGMC_SOURCE passenger-only + LQ,63.61,65.21,exp11 同包曲线；训练种子 1；评估种子 123-125,需核对同物理/guard/轨迹；解析值为交接参考，非本次独立复算
exp10,S1__R_EVENTQ,S1,R_EVENTQ,1,450000,67.68666666666667,38.66111111111112,7.136666666666667,20.968888888888888,1.0,True,3,3,0.0,0.0,0.0,0.0,exp10_jointfirst_v5_60m__analysis_full.zip!RUN/S1__R_EVENTQ/analysis/checkpoint_curve.csv,QTTI2,58.24,项目交接参考；当前归档未找到原始 S 阶段解析 CSV,UAGMC_SOURCE passenger-only + LQ,63.61,65.21,exp11 同包曲线；训练种子 1；评估种子 123-125,需核对同物理/guard/轨迹；解析值为交接参考，非本次独立复算
exp10,S1__R_EVENTQ,S1,R_EVENTQ,1,500000,73.23,44.083333333333336,7.13,21.12,1.0,True,3,3,0.0,0.0,0.0,0.0,exp10_jointfirst_v5_60m__analysis_full.zip!RUN/S1__R_EVENTQ/analysis/checkpoint_curve.csv,QTTI2,58.24,项目交接参考；当前归档未找到原始 S 阶段解析 CSV,UAGMC_SOURCE passenger-only + LQ,63.61,65.21,exp11 同包曲线；训练种子 1；评估种子 123-125,需核对同物理/guard/轨迹；解析值为交接参考，非本次独立复算
exp10,S1__R_EVENTQ,S1,R_EVENTQ,1,550000,74.24666666666667,44.88666666666666,7.173333333333333,21.253333333333334,1.0,True,3,3,0.0,0.0,0.0,0.0,exp10_jointfirst_v5_60m__analysis_full.zip!RUN/S1__R_EVENTQ/analysis/checkpoint_curve.csv,QTTI2,58.24,项目交接参考；当前归档未找到原始 S 阶段解析 CSV,UAGMC_SOURCE passenger-only + LQ,63.61,65.21,exp11 同包曲线；训练种子 1；评估种子 123-125,需核对同物理/guard/轨迹；解析值为交接参考，非本次独立复算
exp10,S1__R_EVENTQ,S1,R_EVENTQ,1,600000,78.71333333333334,49.18333333333333,7.133333333333334,21.44,1.0,True,3,3,0.0,0.0,0.0,0.0,exp10_jointfirst_v5_60m__analysis_full.zip!RUN/S1__R_EVENTQ/analysis/checkpoint_curve.csv,QTTI2,58.24,项目交接参考；当前归档未找到原始 S 阶段解析 CSV,UAGMC_SOURCE passenger-only + LQ,63.61,65.21,exp11 同包曲线；训练种子 1；评估种子 123-125,需核对同物理/guard/轨迹；解析值为交接参考，非本次独立复算
exp10,S1__R_TDM,S1,R_TDM,1,50000,141.33,108.78666666666668,8.556666666666667,23.0,1.0,True,3,3,0.0,0.0,0.0,0.0,exp10_jointfirst_v5_60m__analysis_full.zip!RUN/S1__R_TDM/analysis/checkpoint_curve.csv,QTTI2,58.24,项目交接参考；当前归档未找到原始 S 阶段解析 CSV,UAGMC_SOURCE passenger-only + LQ,63.61,65.21,exp11 同包曲线；训练种子 1；评估种子 123-125,需核对同物理/guard/轨迹；解析值为交接参考，非本次独立复算
exp10,S1__R_TDM,S1,R_TDM,1,100000,75.64333333333333,46.43333333333333,7.12,21.16,1.0,True,3,3,0.0,0.0,0.0,0.0,exp10_jointfirst_v5_60m__analysis_full.zip!RUN/S1__R_TDM/analysis/checkpoint_curve.csv,QTTI2,58.24,项目交接参考；当前归档未找到原始 S 阶段解析 CSV,UAGMC_SOURCE passenger-only + LQ,63.61,65.21,exp11 同包曲线；训练种子 1；评估种子 123-125,需核对同物理/guard/轨迹；解析值为交接参考，非本次独立复算
exp10,S1__R_TDM,S1,R_TDM,1,150000,61.047777777777775,33.154444444444444,6.823333333333333,20.12,1.0,True,3,3,0.0,0.0,0.0,0.0,exp10_jointfirst_v5_60m__analysis_full.zip!RUN/S1__R_TDM/analysis/checkpoint_curve.csv,QTTI2,58.24,项目交接参考；当前归档未找到原始 S 阶段解析 CSV,UAGMC_SOURCE passenger-only + LQ,63.61,65.21,exp11 同包曲线；训练种子 1；评估种子 123-125,需核对同物理/guard/轨迹；解析值为交接参考，非本次独立复算
exp10,S1__R_TDM,S1,R_TDM,1,200000,59.93,32.28,6.816666666666666,19.906666666666666,1.0,True,3,3,0.0,0.0,0.0,0.0,exp10_jointfirst_v5_60m__analysis_full.zip!RUN/S1__R_TDM/analysis/checkpoint_curve.csv,QTTI2,58.24,项目交接参考；当前归档未找到原始 S 阶段解析 CSV,UAGMC_SOURCE passenger-only + LQ,63.61,65.21,exp11 同包曲线；训练种子 1；评估种子 123-125,需核对同物理/guard/轨迹；解析值为交接参考，非本次独立复算
exp10,S1__R_TDM,S1,R_TDM,1,250000,68.69333333333333,39.85333333333333,7.283333333333334,20.6,1.0,True,3,3,0.0,0.0,0.0,0.0,exp10_jointfirst_v5_60m__analysis_full.zip!RUN/S1__R_TDM/analysis/checkpoint_curve.csv,QTTI2,58.24,项目交接参考；当前归档未找到原始 S 阶段解析 CSV,UAGMC_SOURCE passenger-only + LQ,63.61,65.21,exp11 同包曲线；训练种子 1；评估种子 123-125,需核对同物理/guard/轨迹；解析值为交接参考，非本次独立复算
exp10,S1__R_TDM,S1,R_TDM,1,300000,74.01,44.580000000000005,7.466666666666666,21.013333333333332,1.0,True,3,3,0.0,0.0,0.0,0.0,exp10_jointfirst_v5_60m__analysis_full.zip!RUN/S1__R_TDM/analysis/checkpoint_curve.csv,QTTI2,58.24,项目交接参考；当前归档未找到原始 S 阶段解析 CSV,UAGMC_SOURCE passenger-only + LQ,63.61,65.21,exp11 同包曲线；训练种子 1；评估种子 123-125,需核对同物理/guard/轨迹；解析值为交接参考，非本次独立复算
exp10,S1__R_TDM,S1,R_TDM,1,350000,72.84666666666666,43.61333333333334,7.046666666666667,21.253333333333334,1.0,True,3,3,0.0,0.0,0.0,0.0,exp10_jointfirst_v5_60m__analysis_full.zip!RUN/S1__R_TDM/analysis/checkpoint_curve.csv,QTTI2,58.24,项目交接参考；当前归档未找到原始 S 阶段解析 CSV,UAGMC_SOURCE passenger-only + LQ,63.61,65.21,exp11 同包曲线；训练种子 1；评估种子 123-125,需核对同物理/guard/轨迹；解析值为交接参考，非本次独立复算
exp10,S1__R_TDM,S1,R_TDM,1,400000,102.83333333333333,72.22333333333333,7.683333333333334,21.959999999999997,1.0,True,3,3,0.0,0.0,0.0,0.0,exp10_jointfirst_v5_60m__analysis_full.zip!RUN/S1__R_TDM/analysis/checkpoint_curve.csv,QTTI2,58.24,项目交接参考；当前归档未找到原始 S 阶段解析 CSV,UAGMC_SOURCE passenger-only + LQ,63.61,65.21,exp11 同包曲线；训练种子 1；评估种子 123-125,需核对同物理/guard/轨迹；解析值为交接参考，非本次独立复算
exp10,S1__R_TDM,S1,R_TDM,1,450000,106.76333333333334,76.12,7.743333333333333,21.933333333333334,1.0,True,3,3,0.0,0.0,0.0,0.0,exp10_jointfirst_v5_60m__analysis_full.zip!RUN/S1__R_TDM/analysis/checkpoint_curve.csv,QTTI2,58.24,项目交接参考；当前归档未找到原始 S 阶段解析 CSV,UAGMC_SOURCE passenger-only + LQ,63.61,65.21,exp11 同包曲线；训练种子 1；评估种子 123-125,需核对同物理/guard/轨迹；解析值为交接参考，非本次独立复算
exp10,S1__R_TDM,S1,R_TDM,1,500000,109.30666666666667,78.58666666666667,7.753333333333333,22.013333333333332,1.0,True,3,3,0.0,0.0,0.0,0.0,exp10_jointfirst_v5_60m__analysis_full.zip!RUN/S1__R_TDM/analysis/checkpoint_curve.csv,QTTI2,58.24,项目交接参考；当前归档未找到原始 S 阶段解析 CSV,UAGMC_SOURCE passenger-only + LQ,63.61,65.21,exp11 同包曲线；训练种子 1；评估种子 123-125,需核对同物理/guard/轨迹；解析值为交接参考，非本次独立复算
exp10,S1__R_TDM,S1,R_TDM,1,550000,133.72,103.24333333333334,7.75,21.84,1.0,True,3,3,0.0,0.0,0.0,0.0,exp10_jointfirst_v5_60m__analysis_full.zip!RUN/S1__R_TDM/analysis/checkpoint_curve.csv,QTTI2,58.24,项目交接参考；当前归档未找到原始 S 阶段解析 CSV,UAGMC_SOURCE passenger-only + LQ,63.61,65.21,exp11 同包曲线；训练种子 1；评估种子 123-125,需核对同物理/guard/轨迹；解析值为交接参考，非本次独立复算
exp10,S1__R_TDM,S1,R_TDM,1,600000,113.79333333333334,83.70333333333333,7.68,21.49333333333333,1.0,True,3,3,0.0,0.0,0.0,0.0,exp10_jointfirst_v5_60m__analysis_full.zip!RUN/S1__R_TDM/analysis/checkpoint_curve.csv,QTTI2,58.24,项目交接参考；当前归档未找到原始 S 阶段解析 CSV,UAGMC_SOURCE passenger-only + LQ,63.61,65.21,exp11 同包曲线；训练种子 1；评估种子 123-125,需核对同物理/guard/轨迹；解析值为交接参考，非本次独立复算
exp10,S1__S_HKSL_MULTI,S1,S_HKSL_MULTI,1,50000,91.32111111111112,64.71888888888888,6.316666666666666,19.38222222222222,1.0,True,3,3,0.0,0.0,0.0,0.0,exp10_jointfirst_v5_60m__analysis_full.zip!RUN/S1__S_HKSL_MULTI/analysis/checkpoint_curve.csv,QTTI2,58.24,项目交接参考；当前归档未找到原始 S 阶段解析 CSV,UAGMC_SOURCE passenger-only + LQ,63.61,65.21,exp11 同包曲线；训练种子 1；评估种子 123-125,需核对同物理/guard/轨迹；解析值为交接参考，非本次独立复算
exp10,S1__S_HKSL_MULTI,S1,S_HKSL_MULTI,1,100000,419.32666666666665,393.0566666666667,6.22,19.066666666666666,1.0,True,3,3,0.0,0.0,0.0,0.0,exp10_jointfirst_v5_60m__analysis_full.zip!RUN/S1__S_HKSL_MULTI/analysis/checkpoint_curve.csv,QTTI2,58.24,项目交接参考；当前归档未找到原始 S 阶段解析 CSV,UAGMC_SOURCE passenger-only + LQ,63.61,65.21,exp11 同包曲线；训练种子 1；评估种子 123-125,需核对同物理/guard/轨迹；解析值为交接参考，非本次独立复算
exp10,S1__S_HKSL_MULTI,S1,S_HKSL_MULTI,1,150000,152.65666666666667,125.32,6.7,19.72,1.0,True,3,3,0.0,0.0,0.0,0.0,exp10_jointfirst_v5_60m__analysis_full.zip!RUN/S1__S_HKSL_MULTI/analysis/checkpoint_curve.csv,QTTI2,58.24,项目交接参考；当前归档未找到原始 S 阶段解析 CSV,UAGMC_SOURCE passenger-only + LQ,63.61,65.21,exp11 同包曲线；训练种子 1；评估种子 123-125,需核对同物理/guard/轨迹；解析值为交接参考，非本次独立复算
exp10,S1__S_HKSL_MULTI,S1,S_HKSL_MULTI,1,200000,105.83999999999999,78.47333333333333,6.68,19.746666666666666,1.0,True,3,3,0.0,0.0,0.0,0.0,exp10_jointfirst_v5_60m__analysis_full.zip!RUN/S1__S_HKSL_MULTI/analysis/checkpoint_curve.csv,QTTI2,58.24,项目交接参考；当前归档未找到原始 S 阶段解析 CSV,UAGMC_SOURCE passenger-only + LQ,63.61,65.21,exp11 同包曲线；训练种子 1；评估种子 123-125,需核对同物理/guard/轨迹；解析值为交接参考，非本次独立复算
exp10,S1__S_HKSL_MULTI,S1,S_HKSL_MULTI,1,250000,83.26444444444444,53.85777777777778,7.485555555555556,21.026666666666667,1.0,True,3,3,0.0,0.0,0.0,0.0,exp10_jointfirst_v5_60m__analysis_full.zip!RUN/S1__S_HKSL_MULTI/analysis/checkpoint_curve.csv,QTTI2,58.24,项目交接参考；当前归档未找到原始 S 阶段解析 CSV,UAGMC_SOURCE passenger-only + LQ,63.61,65.21,exp11 同包曲线；训练种子 1；评估种子 123-125,需核对同物理/guard/轨迹；解析值为交接参考，非本次独立复算
exp10,S1__S_HKSL_MULTI,S1,S_HKSL_MULTI,1,300000,75.54777777777777,46.49222222222223,7.28,20.85777777777778,1.0,True,3,3,0.0,0.0,0.0,0.0,exp10_jointfirst_v5_60m__analysis_full.zip!RUN/S1__S_HKSL_MULTI/analysis/checkpoint_curve.csv,QTTI2,58.24,项目交接参考；当前归档未找到原始 S 阶段解析 CSV,UAGMC_SOURCE passenger-only + LQ,63.61,65.21,exp11 同包曲线；训练种子 1；评估种子 123-125,需核对同物理/guard/轨迹；解析值为交接参考，非本次独立复算
exp10,S1__S_HKSL_MULTI,S1,S_HKSL_MULTI,1,350000,85.9811111111111,55.805555555555564,7.703333333333333,21.555555555555554,1.0,True,3,3,0.0,0.0,0.0,0.0,exp10_jointfirst_v5_60m__analysis_full.zip!RUN/S1__S_HKSL_MULTI/analysis/checkpoint_curve.csv,QTTI2,58.24,项目交接参考；当前归档未找到原始 S 阶段解析 CSV,UAGMC_SOURCE passenger-only + LQ,63.61,65.21,exp11 同包曲线；训练种子 1；评估种子 123-125,需核对同物理/guard/轨迹；解析值为交接参考，非本次独立复算
exp10,S1__S_HKSL_MULTI,S1,S_HKSL_MULTI,1,400000,93.92666666666666,63.43,7.7811111111111115,21.795555555555556,1.0,True,3,3,0.0,0.0,0.0,0.0,exp10_jointfirst_v5_60m__analysis_full.zip!RUN/S1__S_HKSL_MULTI/analysis/checkpoint_curve.csv,QTTI2,58.24,项目交接参考；当前归档未找到原始 S 阶段解析 CSV,UAGMC_SOURCE passenger-only + LQ,63.61,65.21,exp11 同包曲线；训练种子 1；评估种子 123-125,需核对同物理/guard/轨迹；解析值为交接参考，非本次独立复算
exp10,S1__S_HKSL_MULTI,S1,S_HKSL_MULTI,1,450000,96.46666666666665,66.12,7.752222222222223,21.675555555555558,1.0,True,3,3,0.0,0.0,0.0,0.0,exp10_jointfirst_v5_60m__analysis_full.zip!RUN/S1__S_HKSL_MULTI/analysis/checkpoint_curve.csv,QTTI2,58.24,项目交接参考；当前归档未找到原始 S 阶段解析 CSV,UAGMC_SOURCE passenger-only + LQ,63.61,65.21,exp11 同包曲线；训练种子 1；评估种子 123-125,需核对同物理/guard/轨迹；解析值为交接参考，非本次独立复算
exp10,S1__S_HKSL_MULTI,S1,S_HKSL_MULTI,1,500000,95.31444444444445,65.11999999999999,7.588888888888889,21.688888888888886,1.0,True,3,3,0.0,0.0,0.0,0.0,exp10_jointfirst_v5_60m__analysis_full.zip!RUN/S1__S_HKSL_MULTI/analysis/checkpoint_curve.csv,QTTI2,58.24,项目交接参考；当前归档未找到原始 S 阶段解析 CSV,UAGMC_SOURCE passenger-only + LQ,63.61,65.21,exp11 同包曲线；训练种子 1；评估种子 123-125,需核对同物理/guard/轨迹；解析值为交接参考，非本次独立复算
exp10,S1__S_HKSL_MULTI,S1,S_HKSL_MULTI,1,550000,101.46888888888888,71.58888888888889,7.624444444444445,21.333333333333332,1.0,True,3,3,0.0,0.0,0.0,0.0,exp10_jointfirst_v5_60m__analysis_full.zip!RUN/S1__S_HKSL_MULTI/analysis/checkpoint_curve.csv,QTTI2,58.24,项目交接参考；当前归档未找到原始 S 阶段解析 CSV,UAGMC_SOURCE passenger-only + LQ,63.61,65.21,exp11 同包曲线；训练种子 1；评估种子 123-125,需核对同物理/guard/轨迹；解析值为交接参考，非本次独立复算
exp10,S1__S_HKSL_MULTI,S1,S_HKSL_MULTI,1,600000,116.30111111111113,87.29333333333334,7.2555555555555555,20.826666666666668,1.0,True,3,3,0.0,0.0,0.0,0.0,exp10_jointfirst_v5_60m__analysis_full.zip!RUN/S1__S_HKSL_MULTI/analysis/checkpoint_curve.csv,QTTI2,58.24,项目交接参考；当前归档未找到原始 S 阶段解析 CSV,UAGMC_SOURCE passenger-only + LQ,63.61,65.21,exp11 同包曲线；训练种子 1；评估种子 123-125,需核对同物理/guard/轨迹；解析值为交接参考，非本次独立复算
exp10,S1__S_TDM_EVENT_FUSION,S1,S_TDM_EVENT_FUSION,1,50000,141.33,108.78666666666668,8.556666666666667,23.0,1.0,True,3,3,0.0,0.0,0.0,0.0,exp10_jointfirst_v5_60m__analysis_full.zip!RUN/S1__S_TDM_EVENT_FUSION/analysis/checkpoint_curve.csv,QTTI2,58.24,项目交接参考；当前归档未找到原始 S 阶段解析 CSV,UAGMC_SOURCE passenger-only + LQ,63.61,65.21,exp11 同包曲线；训练种子 1；评估种子 123-125,需核对同物理/guard/轨迹；解析值为交接参考，非本次独立复算
exp10,S1__S_TDM_EVENT_FUSION,S1,S_TDM_EVENT_FUSION,1,100000,75.21555555555555,46.96222222222223,6.874444444444445,20.444444444444446,1.0,True,3,3,0.0,0.0,0.0,0.0,exp10_jointfirst_v5_60m__analysis_full.zip!RUN/S1__S_TDM_EVENT_FUSION/analysis/checkpoint_curve.csv,QTTI2,58.24,项目交接参考；当前归档未找到原始 S 阶段解析 CSV,UAGMC_SOURCE passenger-only + LQ,63.61,65.21,exp11 同包曲线；训练种子 1；评估种子 123-125,需核对同物理/guard/轨迹；解析值为交接参考，非本次独立复算
exp10,S1__S_TDM_EVENT_FUSION,S1,S_TDM_EVENT_FUSION,1,150000,74.14,44.49333333333334,7.486666666666667,21.279999999999998,1.0,True,3,3,0.0,0.0,0.0,0.0,exp10_jointfirst_v5_60m__analysis_full.zip!RUN/S1__S_TDM_EVENT_FUSION/analysis/checkpoint_curve.csv,QTTI2,58.24,项目交接参考；当前归档未找到原始 S 阶段解析 CSV,UAGMC_SOURCE passenger-only + LQ,63.61,65.21,exp11 同包曲线；训练种子 1；评估种子 123-125,需核对同物理/guard/轨迹；解析值为交接参考，非本次独立复算
exp10,S1__S_TDM_EVENT_FUSION,S1,S_TDM_EVENT_FUSION,1,200000,98.51666666666667,67.93555555555555,7.9255555555555555,21.773333333333337,1.0,True,3,3,0.0,0.0,0.0,0.0,exp10_jointfirst_v5_60m__analysis_full.zip!RUN/S1__S_TDM_EVENT_FUSION/analysis/checkpoint_curve.csv,QTTI2,58.24,项目交接参考；当前归档未找到原始 S 阶段解析 CSV,UAGMC_SOURCE passenger-only + LQ,63.61,65.21,exp11 同包曲线；训练种子 1；评估种子 123-125,需核对同物理/guard/轨迹；解析值为交接参考，非本次独立复算
exp10,S1__S_TDM_EVENT_FUSION,S1,S_TDM_EVENT_FUSION,1,250000,73.8288888888889,44.148888888888884,7.564444444444445,21.186666666666667,1.0,True,3,3,0.0,0.0,0.0,0.0,exp10_jointfirst_v5_60m__analysis_full.zip!RUN/S1__S_TDM_EVENT_FUSION/analysis/checkpoint_curve.csv,QTTI2,58.24,项目交接参考；当前归档未找到原始 S 阶段解析 CSV,UAGMC_SOURCE passenger-only + LQ,63.61,65.21,exp11 同包曲线；训练种子 1；评估种子 123-125,需核对同物理/guard/轨迹；解析值为交接参考，非本次独立复算
exp10,S1__S_TDM_EVENT_FUSION,S1,S_TDM_EVENT_FUSION,1,300000,75.50333333333334,45.617777777777775,7.635555555555555,21.311111111111106,1.0,True,3,3,0.0,0.0,0.0,0.0,exp10_jointfirst_v5_60m__analysis_full.zip!RUN/S1__S_TDM_EVENT_FUSION/analysis/checkpoint_curve.csv,QTTI2,58.24,项目交接参考；当前归档未找到原始 S 阶段解析 CSV,UAGMC_SOURCE passenger-only + LQ,63.61,65.21,exp11 同包曲线；训练种子 1；评估种子 123-125,需核对同物理/guard/轨迹；解析值为交接参考，非本次独立复算
exp10,S1__S_TDM_EVENT_FUSION,S1,S_TDM_EVENT_FUSION,1,350000,71.49444444444445,41.63333333333333,7.627777777777777,21.30666666666667,1.0,True,3,3,0.0,0.0,0.0,0.0,exp10_jointfirst_v5_60m__analysis_full.zip!RUN/S1__S_TDM_EVENT_FUSION/analysis/checkpoint_curve.csv,QTTI2,58.24,项目交接参考；当前归档未找到原始 S 阶段解析 CSV,UAGMC_SOURCE passenger-only + LQ,63.61,65.21,exp11 同包曲线；训练种子 1；评估种子 123-125,需核对同物理/guard/轨迹；解析值为交接参考，非本次独立复算
exp10,S1__S_TDM_EVENT_FUSION,S1,S_TDM_EVENT_FUSION,1,400000,85.37222222222222,56.91,6.982222222222222,20.56888888888889,1.0,True,3,3,0.0,0.0,0.0,0.0,exp10_jointfirst_v5_60m__analysis_full.zip!RUN/S1__S_TDM_EVENT_FUSION/analysis/checkpoint_curve.csv,QTTI2,58.24,项目交接参考；当前归档未找到原始 S 阶段解析 CSV,UAGMC_SOURCE passenger-only + LQ,63.61,65.21,exp11 同包曲线；训练种子 1；评估种子 123-125,需核对同物理/guard/轨迹；解析值为交接参考，非本次独立复算
exp10,S1__S_TDM_EVENT_FUSION,S1,S_TDM_EVENT_FUSION,1,450000,72.43333333333334,43.29555555555555,7.3066666666666675,20.915555555555557,1.0,True,3,3,0.0,0.0,0.0,0.0,exp10_jointfirst_v5_60m__analysis_full.zip!RUN/S1__S_TDM_EVENT_FUSION/analysis/checkpoint_curve.csv,QTTI2,58.24,项目交接参考；当前归档未找到原始 S 阶段解析 CSV,UAGMC_SOURCE passenger-only + LQ,63.61,65.21,exp11 同包曲线；训练种子 1；评估种子 123-125,需核对同物理/guard/轨迹；解析值为交接参考，非本次独立复算
exp10,S1__S_TDM_EVENT_FUSION,S1,S_TDM_EVENT_FUSION,1,500000,67.61777777777779,38.218888888888884,7.3999999999999995,21.102222222222224,1.0,True,3,3,0.0,0.0,0.0,0.0,exp10_jointfirst_v5_60m__analysis_full.zip!RUN/S1__S_TDM_EVENT_FUSION/analysis/checkpoint_curve.csv,QTTI2,58.24,项目交接参考；当前归档未找到原始 S 阶段解析 CSV,UAGMC_SOURCE passenger-only + LQ,63.61,65.21,exp11 同包曲线；训练种子 1；评估种子 123-125,需核对同物理/guard/轨迹；解析值为交接参考，非本次独立复算
exp10,S1__S_TDM_EVENT_FUSION,S1,S_TDM_EVENT_FUSION,1,550000,104.84888888888888,76.15333333333332,6.972222222222221,20.817777777777778,1.0,True,3,3,0.0,0.0,0.0,0.0,exp10_jointfirst_v5_60m__analysis_full.zip!RUN/S1__S_TDM_EVENT_FUSION/analysis/checkpoint_curve.csv,QTTI2,58.24,项目交接参考；当前归档未找到原始 S 阶段解析 CSV,UAGMC_SOURCE passenger-only + LQ,63.61,65.21,exp11 同包曲线；训练种子 1；评估种子 123-125,需核对同物理/guard/轨迹；解析值为交接参考，非本次独立复算
exp10,S1__S_TDM_EVENT_FUSION,S1,S_TDM_EVENT_FUSION,1,600000,140.78555555555556,111.81777777777779,7.105555555555555,20.933333333333334,1.0,True,3,3,0.0,0.0,0.0,0.0,exp10_jointfirst_v5_60m__analysis_full.zip!RUN/S1__S_TDM_EVENT_FUSION/analysis/checkpoint_curve.csv,QTTI2,58.24,项目交接参考；当前归档未找到原始 S 阶段解析 CSV,UAGMC_SOURCE passenger-only + LQ,63.61,65.21,exp11 同包曲线；训练种子 1；评估种子 123-125,需核对同物理/guard/轨迹；解析值为交接参考，非本次独立复算
exp10,S1__W_EVENTQ_VE_EMA,S1,W_EVENTQ_VE_EMA,1,50000,81.92333333333333,53.01333333333334,7.283333333333334,20.666666666666668,1.0,True,3,3,0.0,0.0,0.0,0.0,exp10_jointfirst_v5_60m__analysis_full.zip!RUN/S1__W_EVENTQ_VE_EMA/analysis/checkpoint_curve.csv,QTTI2,58.24,项目交接参考；当前归档未找到原始 S 阶段解析 CSV,UAGMC_SOURCE passenger-only + LQ,63.61,65.21,exp11 同包曲线；训练种子 1；评估种子 123-125,需核对同物理/guard/轨迹；解析值为交接参考，非本次独立复算
exp10,S1__W_EVENTQ_VE_EMA,S1,W_EVENTQ_VE_EMA,1,100000,74.33,46.03,7.03,20.386666666666667,1.0,True,3,3,0.0,0.0,0.0,0.0,exp10_jointfirst_v5_60m__analysis_full.zip!RUN/S1__W_EVENTQ_VE_EMA/analysis/checkpoint_curve.csv,QTTI2,58.24,项目交接参考；当前归档未找到原始 S 阶段解析 CSV,UAGMC_SOURCE passenger-only + LQ,63.61,65.21,exp11 同包曲线；训练种子 1；评估种子 123-125,需核对同物理/guard/轨迹；解析值为交接参考，非本次独立复算
exp10,S1__W_EVENTQ_VE_EMA,S1,W_EVENTQ_VE_EMA,1,150000,64.97666666666667,36.86666666666667,6.953333333333333,20.28,1.0,True,3,3,0.0,0.0,0.0,0.0,exp10_jointfirst_v5_60m__analysis_full.zip!RUN/S1__W_EVENTQ_VE_EMA/analysis/checkpoint_curve.csv,QTTI2,58.24,项目交接参考；当前归档未找到原始 S 阶段解析 CSV,UAGMC_SOURCE passenger-only + LQ,63.61,65.21,exp11 同包曲线；训练种子 1；评估种子 123-125,需核对同物理/guard/轨迹；解析值为交接参考，非本次独立复算
exp10,S1__W_EVENTQ_VE_EMA,S1,W_EVENTQ_VE_EMA,1,200000,68.29666666666667,39.77777777777778,7.133333333333333,20.53333333333333,1.0,True,3,3,0.0,0.0,0.0,0.0,exp10_jointfirst_v5_60m__analysis_full.zip!RUN/S1__W_EVENTQ_VE_EMA/analysis/checkpoint_curve.csv,QTTI2,58.24,项目交接参考；当前归档未找到原始 S 阶段解析 CSV,UAGMC_SOURCE passenger-only + LQ,63.61,65.21,exp11 同包曲线；训练种子 1；评估种子 123-125,需核对同物理/guard/轨迹；解析值为交接参考，非本次独立复算
exp10,S1__W_EVENTQ_VE_EMA,S1,W_EVENTQ_VE_EMA,1,250000,76.55333333333333,47.46666666666667,7.346666666666667,20.813333333333333,1.0,True,3,3,0.0,0.0,0.0,0.0,exp10_jointfirst_v5_60m__analysis_full.zip!RUN/S1__W_EVENTQ_VE_EMA/analysis/checkpoint_curve.csv,QTTI2,58.24,项目交接参考；当前归档未找到原始 S 阶段解析 CSV,UAGMC_SOURCE passenger-only + LQ,63.61,65.21,exp11 同包曲线；训练种子 1；评估种子 123-125,需核对同物理/guard/轨迹；解析值为交接参考，非本次独立复算
exp10,S1__W_EVENTQ_VE_EMA,S1,W_EVENTQ_VE_EMA,1,300000,74.21666666666668,44.93,7.374444444444445,21.022222222222222,1.0,True,3,3,0.0,0.0,0.0,0.0,exp10_jointfirst_v5_60m__analysis_full.zip!RUN/S1__W_EVENTQ_VE_EMA/analysis/checkpoint_curve.csv,QTTI2,58.24,项目交接参考；当前归档未找到原始 S 阶段解析 CSV,UAGMC_SOURCE passenger-only + LQ,63.61,65.21,exp11 同包曲线；训练种子 1；评估种子 123-125,需核对同物理/guard/轨迹；解析值为交接参考，非本次独立复算
exp10,S1__W_EVENTQ_VE_EMA,S1,W_EVENTQ_VE_EMA,1,350000,73.92333333333333,44.33222222222222,7.501111111111111,21.2,1.0,True,3,3,0.0,0.0,0.0,0.0,exp10_jointfirst_v5_60m__analysis_full.zip!RUN/S1__W_EVENTQ_VE_EMA/analysis/checkpoint_curve.csv,QTTI2,58.24,项目交接参考；当前归档未找到原始 S 阶段解析 CSV,UAGMC_SOURCE passenger-only + LQ,63.61,65.21,exp11 同包曲线；训练种子 1；评估种子 123-125,需核对同物理/guard/轨迹；解析值为交接参考，非本次独立复算
exp10,S1__W_EVENTQ_VE_EMA,S1,W_EVENTQ_VE_EMA,1,400000,76.62,46.66,7.669999999999999,21.386666666666667,1.0,True,3,3,0.0,0.0,0.0,0.0,exp10_jointfirst_v5_60m__analysis_full.zip!RUN/S1__W_EVENTQ_VE_EMA/analysis/checkpoint_curve.csv,QTTI2,58.24,项目交接参考；当前归档未找到原始 S 阶段解析 CSV,UAGMC_SOURCE passenger-only + LQ,63.61,65.21,exp11 同包曲线；训练种子 1；评估种子 123-125,需核对同物理/guard/轨迹；解析值为交接参考，非本次独立复算
exp10,S1__W_EVENTQ_VE_EMA,S1,W_EVENTQ_VE_EMA,1,450000,81.06777777777778,50.97222222222222,7.635555555555555,21.546666666666667,1.0,True,3,3,0.0,0.0,0.0,0.0,exp10_jointfirst_v5_60m__analysis_full.zip!RUN/S1__W_EVENTQ_VE_EMA/analysis/checkpoint_curve.csv,QTTI2,58.24,项目交接参考；当前归档未找到原始 S 阶段解析 CSV,UAGMC_SOURCE passenger-only + LQ,63.61,65.21,exp11 同包曲线；训练种子 1；评估种子 123-125,需核对同物理/guard/轨迹；解析值为交接参考，非本次独立复算
exp10,S1__W_EVENTQ_VE_EMA,S1,W_EVENTQ_VE_EMA,1,500000,86.79,56.54,7.664444444444444,21.671111111111113,1.0,True,3,3,0.0,0.0,0.0,0.0,exp10_jointfirst_v5_60m__analysis_full.zip!RUN/S1__W_EVENTQ_VE_EMA/analysis/checkpoint_curve.csv,QTTI2,58.24,项目交接参考；当前归档未找到原始 S 阶段解析 CSV,UAGMC_SOURCE passenger-only + LQ,63.61,65.21,exp11 同包曲线；训练种子 1；评估种子 123-125,需核对同物理/guard/轨迹；解析值为交接参考，非本次独立复算
exp10,S1__W_EVENTQ_VE_EMA,S1,W_EVENTQ_VE_EMA,1,550000,79.59777777777778,49.52111111111111,7.627777777777777,21.53333333333333,1.0,True,3,3,0.0,0.0,0.0,0.0,exp10_jointfirst_v5_60m__analysis_full.zip!RUN/S1__W_EVENTQ_VE_EMA/analysis/checkpoint_curve.csv,QTTI2,58.24,项目交接参考；当前归档未找到原始 S 阶段解析 CSV,UAGMC_SOURCE passenger-only + LQ,63.61,65.21,exp11 同包曲线；训练种子 1；评估种子 123-125,需核对同物理/guard/轨迹；解析值为交接参考，非本次独立复算
exp10,S1__W_EVENTQ_VE_EMA,S1,W_EVENTQ_VE_EMA,1,600000,94.29777777777777,63.66777777777778,7.832222222222222,21.88,1.0,True,3,3,0.0,0.0,0.0,0.0,exp10_jointfirst_v5_60m__analysis_full.zip!RUN/S1__W_EVENTQ_VE_EMA/analysis/checkpoint_curve.csv,QTTI2,58.24,项目交接参考；当前归档未找到原始 S 阶段解析 CSV,UAGMC_SOURCE passenger-only + LQ,63.61,65.21,exp11 同包曲线；训练种子 1；评估种子 123-125,需核对同物理/guard/轨迹；解析值为交接参考，非本次独立复算
exp10,S1__W_GAMMA_PETS_STEVE,S1,W_GAMMA_PETS_STEVE,1,50000,79.33666666666667,50.46,7.263333333333333,20.666666666666668,1.0,True,3,3,0.0,0.0,0.0,0.0,exp10_jointfirst_v5_60m__analysis_full.zip!RUN/S1__W_GAMMA_PETS_STEVE/analysis/checkpoint_curve.csv,QTTI2,58.24,项目交接参考；当前归档未找到原始 S 阶段解析 CSV,UAGMC_SOURCE passenger-only + LQ,63.61,65.21,exp11 同包曲线；训练种子 1；评估种子 123-125,需核对同物理/guard/轨迹；解析值为交接参考，非本次独立复算
exp10,S1__W_GAMMA_PETS_STEVE,S1,W_GAMMA_PETS_STEVE,1,100000,67.53333333333335,39.49666666666666,6.94,20.186666666666667,1.0,True,3,3,0.0,0.0,0.0,0.0,exp10_jointfirst_v5_60m__analysis_full.zip!RUN/S1__W_GAMMA_PETS_STEVE/analysis/checkpoint_curve.csv,QTTI2,58.24,项目交接参考；当前归档未找到原始 S 阶段解析 CSV,UAGMC_SOURCE passenger-only + LQ,63.61,65.21,exp11 同包曲线；训练种子 1；评估种子 123-125,需核对同物理/guard/轨迹；解析值为交接参考，非本次独立复算
exp10,S1__W_GAMMA_PETS_STEVE,S1,W_GAMMA_PETS_STEVE,1,150000,68.99222222222222,40.59444444444444,7.12,20.37333333333333,1.0,True,3,3,0.0,0.0,0.0,0.0,exp10_jointfirst_v5_60m__analysis_full.zip!RUN/S1__W_GAMMA_PETS_STEVE/analysis/checkpoint_curve.csv,QTTI2,58.24,项目交接参考；当前归档未找到原始 S 阶段解析 CSV,UAGMC_SOURCE passenger-only + LQ,63.61,65.21,exp11 同包曲线；训练种子 1；评估种子 123-125,需核对同物理/guard/轨迹；解析值为交接参考，非本次独立复算
exp10,S1__W_GAMMA_PETS_STEVE,S1,W_GAMMA_PETS_STEVE,1,200000,56.22555555555556,28.933333333333334,6.708888888888889,19.653333333333332,1.0,True,3,3,0.0,0.0,0.0,0.0,exp10_jointfirst_v5_60m__analysis_full.zip!RUN/S1__W_GAMMA_PETS_STEVE/analysis/checkpoint_curve.csv,QTTI2,58.24,项目交接参考；当前归档未找到原始 S 阶段解析 CSV,UAGMC_SOURCE passenger-only + LQ,63.61,65.21,exp11 同包曲线；训练种子 1；评估种子 123-125,需核对同物理/guard/轨迹；解析值为交接参考，非本次独立复算
exp10,S1__W_GAMMA_PETS_STEVE,S1,W_GAMMA_PETS_STEVE,1,250000,63.904444444444444,35.20111111111111,7.172222222222222,20.622222222222224,1.0,True,3,3,0.0,0.0,0.0,0.0,exp10_jointfirst_v5_60m__analysis_full.zip!RUN/S1__W_GAMMA_PETS_STEVE/analysis/checkpoint_curve.csv,QTTI2,58.24,项目交接参考；当前归档未找到原始 S 阶段解析 CSV,UAGMC_SOURCE passenger-only + LQ,63.61,65.21,exp11 同包曲线；训练种子 1；评估种子 123-125,需核对同物理/guard/轨迹；解析值为交接参考，非本次独立复算
exp10,S1__W_GAMMA_PETS_STEVE,S1,W_GAMMA_PETS_STEVE,1,300000,71.82555555555557,43.22888888888889,7.213333333333334,20.462222222222223,1.0,True,3,3,0.0,0.0,0.0,0.0,exp10_jointfirst_v5_60m__analysis_full.zip!RUN/S1__W_GAMMA_PETS_STEVE/analysis/checkpoint_curve.csv,QTTI2,58.24,项目交接参考；当前归档未找到原始 S 阶段解析 CSV,UAGMC_SOURCE passenger-only + LQ,63.61,65.21,exp11 同包曲线；训练种子 1；评估种子 123-125,需核对同物理/guard/轨迹；解析值为交接参考，非本次独立复算
exp10,S1__W_GAMMA_PETS_STEVE,S1,W_GAMMA_PETS_STEVE,1,350000,69.94666666666666,41.403333333333336,7.165555555555556,20.462222222222223,1.0,True,3,3,0.0,0.0,0.0,0.0,exp10_jointfirst_v5_60m__analysis_full.zip!RUN/S1__W_GAMMA_PETS_STEVE/analysis/checkpoint_curve.csv,QTTI2,58.24,项目交接参考；当前归档未找到原始 S 阶段解析 CSV,UAGMC_SOURCE passenger-only + LQ,63.61,65.21,exp11 同包曲线；训练种子 1；评估种子 123-125,需核对同物理/guard/轨迹；解析值为交接参考，非本次独立复算
exp10,S1__W_GAMMA_PETS_STEVE,S1,W_GAMMA_PETS_STEVE,1,400000,73.26333333333334,44.73777777777778,7.13111111111111,20.46666666666667,1.0,True,3,3,0.0,0.0,0.0,0.0,exp10_jointfirst_v5_60m__analysis_full.zip!RUN/S1__W_GAMMA_PETS_STEVE/analysis/checkpoint_curve.csv,QTTI2,58.24,项目交接参考；当前归档未找到原始 S 阶段解析 CSV,UAGMC_SOURCE passenger-only + LQ,63.61,65.21,exp11 同包曲线；训练种子 1；评估种子 123-125,需核对同物理/guard/轨迹；解析值为交接参考，非本次独立复算
exp10,S1__W_GAMMA_PETS_STEVE,S1,W_GAMMA_PETS_STEVE,1,450000,79.13999999999999,50.21111111111111,7.216666666666666,20.813333333333333,1.0,True,3,3,0.0,0.0,0.0,0.0,exp10_jointfirst_v5_60m__analysis_full.zip!RUN/S1__W_GAMMA_PETS_STEVE/analysis/checkpoint_curve.csv,QTTI2,58.24,项目交接参考；当前归档未找到原始 S 阶段解析 CSV,UAGMC_SOURCE passenger-only + LQ,63.61,65.21,exp11 同包曲线；训练种子 1；评估种子 123-125,需核对同物理/guard/轨迹；解析值为交接参考，非本次独立复算
exp10,S1__W_GAMMA_PETS_STEVE,S1,W_GAMMA_PETS_STEVE,1,500000,72.32666666666667,44.58888888888888,6.814444444444444,20.026666666666667,1.0,True,3,3,0.0,0.0,0.0,0.0,exp10_jointfirst_v5_60m__analysis_full.zip!RUN/S1__W_GAMMA_PETS_STEVE/analysis/checkpoint_curve.csv,QTTI2,58.24,项目交接参考；当前归档未找到原始 S 阶段解析 CSV,UAGMC_SOURCE passenger-only + LQ,63.61,65.21,exp11 同包曲线；训练种子 1；评估种子 123-125,需核对同物理/guard/轨迹；解析值为交接参考，非本次独立复算
exp10,S1__W_GAMMA_PETS_STEVE,S1,W_GAMMA_PETS_STEVE,1,550000,67.33555555555556,39.148888888888884,6.886666666666667,20.4,1.0,True,3,3,0.0,0.0,0.0,0.0,exp10_jointfirst_v5_60m__analysis_full.zip!RUN/S1__W_GAMMA_PETS_STEVE/analysis/checkpoint_curve.csv,QTTI2,58.24,项目交接参考；当前归档未找到原始 S 阶段解析 CSV,UAGMC_SOURCE passenger-only + LQ,63.61,65.21,exp11 同包曲线；训练种子 1；评估种子 123-125,需核对同物理/guard/轨迹；解析值为交接参考，非本次独立复算
exp10,S1__W_GAMMA_PETS_STEVE,S1,W_GAMMA_PETS_STEVE,1,600000,76.58555555555556,47.592222222222226,7.161111111111111,20.897777777777776,1.0,True,3,3,0.0,0.0,0.0,0.0,exp10_jointfirst_v5_60m__analysis_full.zip!RUN/S1__W_GAMMA_PETS_STEVE/analysis/checkpoint_curve.csv,QTTI2,58.24,项目交接参考；当前归档未找到原始 S 阶段解析 CSV,UAGMC_SOURCE passenger-only + LQ,63.61,65.21,exp11 同包曲线；训练种子 1；评估种子 123-125,需核对同物理/guard/轨迹；解析值为交接参考，非本次独立复算
exp10,S2__A_DIRECT_CQM,S2,A_DIRECT_CQM,1,50000,74.72666666666667,45.586666666666666,7.146666666666667,21.07111111111111,1.0,True,3,3,0.0,0.0,0.0,0.0,exp10_jointfirst_v5_60m__analysis_full.zip!RUN/S2__A_DIRECT_CQM/analysis/checkpoint_curve.csv,STTF,66.19,项目交接参考；当前归档未找到原始 S 阶段解析 CSV,UAGMC_SOURCE passenger-only + LQ,64.31,67.17,exp11 同包曲线；训练种子 1；评估种子 123-125,需核对同物理/guard/轨迹；解析值为交接参考，非本次独立复算
exp10,S2__A_DIRECT_CQM,S2,A_DIRECT_CQM,1,100000,67.15222222222222,39.04555555555555,6.754444444444445,20.444444444444443,1.0,True,3,3,0.0,0.0,0.0,0.0,exp10_jointfirst_v5_60m__analysis_full.zip!RUN/S2__A_DIRECT_CQM/analysis/checkpoint_curve.csv,STTF,66.19,项目交接参考；当前归档未找到原始 S 阶段解析 CSV,UAGMC_SOURCE passenger-only + LQ,64.31,67.17,exp11 同包曲线；训练种子 1；评估种子 123-125,需核对同物理/guard/轨迹；解析值为交接参考，非本次独立复算
exp10,S2__A_DIRECT_CQM,S2,A_DIRECT_CQM,1,150000,68.40666666666668,39.6,7.163333333333334,20.711111111111112,1.0,True,3,3,0.0,0.0,0.0,0.0,exp10_jointfirst_v5_60m__analysis_full.zip!RUN/S2__A_DIRECT_CQM/analysis/checkpoint_curve.csv,STTF,66.19,项目交接参考；当前归档未找到原始 S 阶段解析 CSV,UAGMC_SOURCE passenger-only + LQ,64.31,67.17,exp11 同包曲线；训练种子 1；评估种子 123-125,需核对同物理/guard/轨迹；解析值为交接参考，非本次独立复算
exp10,S2__A_DIRECT_CQM,S2,A_DIRECT_CQM,1,200000,68.51666666666667,39.61222222222222,7.187777777777778,20.78222222222222,1.0,True,3,3,0.0,0.0,0.0,0.0,exp10_jointfirst_v5_60m__analysis_full.zip!RUN/S2__A_DIRECT_CQM/analysis/checkpoint_curve.csv,STTF,66.19,项目交接参考；当前归档未找到原始 S 阶段解析 CSV,UAGMC_SOURCE passenger-only + LQ,64.31,67.17,exp11 同包曲线；训练种子 1；评估种子 123-125,需核对同物理/guard/轨迹；解析值为交接参考，非本次独立复算
exp10,S2__A_DIRECT_CQM,S2,A_DIRECT_CQM,1,250000,72.27888888888889,43.51555555555556,7.051111111111112,20.799999999999997,1.0,True,3,3,0.0,0.0,0.0,0.0,exp10_jointfirst_v5_60m__analysis_full.zip!RUN/S2__A_DIRECT_CQM/analysis/checkpoint_curve.csv,STTF,66.19,项目交接参考；当前归档未找到原始 S 阶段解析 CSV,UAGMC_SOURCE passenger-only + LQ,64.31,67.17,exp11 同包曲线；训练种子 1；评估种子 123-125,需核对同物理/guard/轨迹；解析值为交接参考，非本次独立复算
exp10,S2__A_DIRECT_CQM,S2,A_DIRECT_CQM,1,300000,65.46777777777778,36.955555555555556,7.12,20.48,1.0,True,3,3,0.0,0.0,0.0,0.0,exp10_jointfirst_v5_60m__analysis_full.zip!RUN/S2__A_DIRECT_CQM/analysis/checkpoint_curve.csv,STTF,66.19,项目交接参考；当前归档未找到原始 S 阶段解析 CSV,UAGMC_SOURCE passenger-only + LQ,64.31,67.17,exp11 同包曲线；训练种子 1；评估种子 123-125,需核对同物理/guard/轨迹；解析值为交接参考，非本次独立复算
exp10,S2__A_DIRECT_CQM,S2,A_DIRECT_CQM,1,350000,70.9688888888889,41.87777777777779,7.2622222222222215,20.933333333333334,1.0,True,3,3,0.0,0.0,0.0,0.0,exp10_jointfirst_v5_60m__analysis_full.zip!RUN/S2__A_DIRECT_CQM/analysis/checkpoint_curve.csv,STTF,66.19,项目交接参考；当前归档未找到原始 S 阶段解析 CSV,UAGMC_SOURCE passenger-only + LQ,64.31,67.17,exp11 同包曲线；训练种子 1；评估种子 123-125,需核对同物理/guard/轨迹；解析值为交接参考，非本次独立复算
exp10,S2__A_DIRECT_CQM,S2,A_DIRECT_CQM,1,400000,70.8488888888889,41.39333333333334,7.4688888888888885,21.04888888888889,1.0,True,3,3,0.0,0.0,0.0,0.0,exp10_jointfirst_v5_60m__analysis_full.zip!RUN/S2__A_DIRECT_CQM/analysis/checkpoint_curve.csv,STTF,66.19,项目交接参考；当前归档未找到原始 S 阶段解析 CSV,UAGMC_SOURCE passenger-only + LQ,64.31,67.17,exp11 同包曲线；训练种子 1；评估种子 123-125,需核对同物理/guard/轨迹；解析值为交接参考，非本次独立复算
exp10,S2__A_DIRECT_CQM,S2,A_DIRECT_CQM,1,450000,76.05444444444443,46.326666666666675,7.517777777777778,21.27111111111111,1.0,True,3,3,0.0,0.0,0.0,0.0,exp10_jointfirst_v5_60m__analysis_full.zip!RUN/S2__A_DIRECT_CQM/analysis/checkpoint_curve.csv,STTF,66.19,项目交接参考；当前归档未找到原始 S 阶段解析 CSV,UAGMC_SOURCE passenger-only + LQ,64.31,67.17,exp11 同包曲线；训练种子 1；评估种子 123-125,需核对同物理/guard/轨迹；解析值为交接参考，非本次独立复算
exp10,S2__A_DIRECT_CQM,S2,A_DIRECT_CQM,1,500000,76.60111111111111,46.43222222222223,7.771111111111111,21.448888888888888,1.0,True,3,3,0.0,0.0,0.0,0.0,exp10_jointfirst_v5_60m__analysis_full.zip!RUN/S2__A_DIRECT_CQM/analysis/checkpoint_curve.csv,STTF,66.19,项目交接参考；当前归档未找到原始 S 阶段解析 CSV,UAGMC_SOURCE passenger-only + LQ,64.31,67.17,exp11 同包曲线；训练种子 1；评估种子 123-125,需核对同物理/guard/轨迹；解析值为交接参考，非本次独立复算
exp10,S2__A_DIRECT_CQM,S2,A_DIRECT_CQM,1,550000,79.13,49.28444444444445,7.564444444444445,21.342222222222222,1.0,True,3,3,0.0,0.0,0.0,0.0,exp10_jointfirst_v5_60m__analysis_full.zip!RUN/S2__A_DIRECT_CQM/analysis/checkpoint_curve.csv,STTF,66.19,项目交接参考；当前归档未找到原始 S 阶段解析 CSV,UAGMC_SOURCE passenger-only + LQ,64.31,67.17,exp11 同包曲线；训练种子 1；评估种子 123-125,需核对同物理/guard/轨迹；解析值为交接参考，非本次独立复算
exp10,S2__A_DIRECT_CQM,S2,A_DIRECT_CQM,1,600000,88.47222222222221,58.85,7.452222222222222,21.235555555555553,1.0,True,3,3,0.0,0.0,0.0,0.0,exp10_jointfirst_v5_60m__analysis_full.zip!RUN/S2__A_DIRECT_CQM/analysis/checkpoint_curve.csv,STTF,66.19,项目交接参考；当前归档未找到原始 S 阶段解析 CSV,UAGMC_SOURCE passenger-only + LQ,64.31,67.17,exp11 同包曲线；训练种子 1；评估种子 123-125,需核对同物理/guard/轨迹；解析值为交接参考，非本次独立复算
exp10,S2__A_ICM_AC,S2,A_ICM_AC,1,50000,98.60666666666667,68.24444444444445,7.774444444444445,21.64,1.0,True,3,3,0.0,0.0,0.0,0.0,exp10_jointfirst_v5_60m__analysis_full.zip!RUN/S2__A_ICM_AC/analysis/checkpoint_curve.csv,STTF,66.19,项目交接参考；当前归档未找到原始 S 阶段解析 CSV,UAGMC_SOURCE passenger-only + LQ,64.31,67.17,exp11 同包曲线；训练种子 1；评估种子 123-125,需核对同物理/guard/轨迹；解析值为交接参考，非本次独立复算
exp10,S2__A_ICM_AC,S2,A_ICM_AC,1,100000,87.4588888888889,60.18222222222223,6.702222222222222,19.64888888888889,1.0,True,3,3,0.0,0.0,0.0,0.0,exp10_jointfirst_v5_60m__analysis_full.zip!RUN/S2__A_ICM_AC/analysis/checkpoint_curve.csv,STTF,66.19,项目交接参考；当前归档未找到原始 S 阶段解析 CSV,UAGMC_SOURCE passenger-only + LQ,64.31,67.17,exp11 同包曲线；训练种子 1；评估种子 123-125,需核对同物理/guard/轨迹；解析值为交接参考，非本次独立复算
exp10,S2__A_ICM_AC,S2,A_ICM_AC,1,150000,72.42555555555555,45.60999999999999,6.503333333333333,19.395555555555557,1.0,True,3,3,0.0,0.0,0.0,0.0,exp10_jointfirst_v5_60m__analysis_full.zip!RUN/S2__A_ICM_AC/analysis/checkpoint_curve.csv,STTF,66.19,项目交接参考；当前归档未找到原始 S 阶段解析 CSV,UAGMC_SOURCE passenger-only + LQ,64.31,67.17,exp11 同包曲线；训练种子 1；评估种子 123-125,需核对同物理/guard/轨迹；解析值为交接参考，非本次独立复算
exp10,S2__A_ICM_AC,S2,A_ICM_AC,1,200000,67.14222222222223,40.24111111111111,6.496666666666667,19.484444444444446,1.0,True,3,3,0.0,0.0,0.0,0.0,exp10_jointfirst_v5_60m__analysis_full.zip!RUN/S2__A_ICM_AC/analysis/checkpoint_curve.csv,STTF,66.19,项目交接参考；当前归档未找到原始 S 阶段解析 CSV,UAGMC_SOURCE passenger-only + LQ,64.31,67.17,exp11 同包曲线；训练种子 1；评估种子 123-125,需核对同物理/guard/轨迹；解析值为交接参考，非本次独立复算
exp10,S2__A_ICM_AC,S2,A_ICM_AC,1,250000,71.13777777777779,43.35333333333333,6.854444444444444,20.022222222222222,1.0,True,3,3,0.0,0.0,0.0,0.0,exp10_jointfirst_v5_60m__analysis_full.zip!RUN/S2__A_ICM_AC/analysis/checkpoint_curve.csv,STTF,66.19,项目交接参考；当前归档未找到原始 S 阶段解析 CSV,UAGMC_SOURCE passenger-only + LQ,64.31,67.17,exp11 同包曲线；训练种子 1；评估种子 123-125,需核对同物理/guard/轨迹；解析值为交接参考，非本次独立复算
exp10,S2__A_ICM_AC,S2,A_ICM_AC,1,300000,74.58,47.02,6.711111111111111,19.933333333333334,1.0,True,3,3,0.0,0.0,0.0,0.0,exp10_jointfirst_v5_60m__analysis_full.zip!RUN/S2__A_ICM_AC/analysis/checkpoint_curve.csv,STTF,66.19,项目交接参考；当前归档未找到原始 S 阶段解析 CSV,UAGMC_SOURCE passenger-only + LQ,64.31,67.17,exp11 同包曲线；训练种子 1；评估种子 123-125,需核对同物理/guard/轨迹；解析值为交接参考，非本次独立复算
exp10,S2__A_ICM_AC,S2,A_ICM_AC,1,350000,69.39333333333333,41.76777777777778,6.698888888888888,20.004444444444445,1.0,True,3,3,0.0,0.0,0.0,0.0,exp10_jointfirst_v5_60m__analysis_full.zip!RUN/S2__A_ICM_AC/analysis/checkpoint_curve.csv,STTF,66.19,项目交接参考；当前归档未找到原始 S 阶段解析 CSV,UAGMC_SOURCE passenger-only + LQ,64.31,67.17,exp11 同包曲线；训练种子 1；评估种子 123-125,需核对同物理/guard/轨迹；解析值为交接参考，非本次独立复算
exp10,S2__A_ICM_AC,S2,A_ICM_AC,1,400000,73.34333333333333,45.71444444444444,6.727777777777778,19.99111111111111,1.0,True,3,3,0.0,0.0,0.0,0.0,exp10_jointfirst_v5_60m__analysis_full.zip!RUN/S2__A_ICM_AC/analysis/checkpoint_curve.csv,STTF,66.19,项目交接参考；当前归档未找到原始 S 阶段解析 CSV,UAGMC_SOURCE passenger-only + LQ,64.31,67.17,exp11 同包曲线；训练种子 1；评估种子 123-125,需核对同物理/guard/轨迹；解析值为交接参考，非本次独立复算
exp10,S2__A_ICM_AC,S2,A_ICM_AC,1,450000,83.04222222222222,55.596666666666664,6.547777777777778,19.973333333333333,1.0,True,3,3,0.0,0.0,0.0,0.0,exp10_jointfirst_v5_60m__analysis_full.zip!RUN/S2__A_ICM_AC/analysis/checkpoint_curve.csv,STTF,66.19,项目交接参考；当前归档未找到原始 S 阶段解析 CSV,UAGMC_SOURCE passenger-only + LQ,64.31,67.17,exp11 同包曲线；训练种子 1；评估种子 123-125,需核对同物理/guard/轨迹；解析值为交接参考，非本次独立复算
exp10,S2__A_ICM_AC,S2,A_ICM_AC,1,500000,77.31777777777778,49.26777777777778,6.8133333333333335,20.32,1.0,True,3,3,0.0,0.0,0.0,0.0,exp10_jointfirst_v5_60m__analysis_full.zip!RUN/S2__A_ICM_AC/analysis/checkpoint_curve.csv,STTF,66.19,项目交接参考；当前归档未找到原始 S 阶段解析 CSV,UAGMC_SOURCE passenger-only + LQ,64.31,67.17,exp11 同包曲线；训练种子 1；评估种子 123-125,需核对同物理/guard/轨迹；解析值为交接参考，非本次独立复算
exp10,S2__A_ICM_AC,S2,A_ICM_AC,1,550000,76.74666666666667,48.33222222222222,7.021111111111111,20.475555555555555,1.0,True,3,3,0.0,0.0,0.0,0.0,exp10_jointfirst_v5_60m__analysis_full.zip!RUN/S2__A_ICM_AC/analysis/checkpoint_curve.csv,STTF,66.19,项目交接参考；当前归档未找到原始 S 阶段解析 CSV,UAGMC_SOURCE passenger-only + LQ,64.31,67.17,exp11 同包曲线；训练种子 1；评估种子 123-125,需核对同物理/guard/轨迹；解析值为交接参考，非本次独立复算
exp10,S2__A_ICM_AC,S2,A_ICM_AC,1,600000,77.33888888888889,48.723333333333336,7.064444444444445,20.653333333333332,1.0,True,3,3,0.0,0.0,0.0,0.0,exp10_jointfirst_v5_60m__analysis_full.zip!RUN/S2__A_ICM_AC/analysis/checkpoint_curve.csv,STTF,66.19,项目交接参考；当前归档未找到原始 S 阶段解析 CSV,UAGMC_SOURCE passenger-only + LQ,64.31,67.17,exp11 同包曲线；训练种子 1；评估种子 123-125,需核对同物理/guard/轨迹；解析值为交接参考，非本次独立复算
exp10,S2__CURRENT,S2,CURRENT,1,50000,76.86333333333333,48.68666666666667,6.577777777777778,20.662222222222223,1.0,True,3,3,0.0,0.0,0.0,0.0,exp10_jointfirst_v5_60m__analysis_full.zip!RUN/S2__CURRENT/analysis/checkpoint_curve.csv,STTF,66.19,项目交接参考；当前归档未找到原始 S 阶段解析 CSV,UAGMC_SOURCE passenger-only + LQ,64.31,67.17,exp11 同包曲线；训练种子 1；评估种子 123-125,需核对同物理/guard/轨迹；解析值为交接参考，非本次独立复算
exp10,S2__CURRENT,S2,CURRENT,1,100000,568.29,542.12,6.163333333333333,19.008888888888887,1.0,True,3,3,0.0,0.0,0.0,0.0,exp10_jointfirst_v5_60m__analysis_full.zip!RUN/S2__CURRENT/analysis/checkpoint_curve.csv,STTF,66.19,项目交接参考；当前归档未找到原始 S 阶段解析 CSV,UAGMC_SOURCE passenger-only + LQ,64.31,67.17,exp11 同包曲线；训练种子 1；评估种子 123-125,需核对同物理/guard/轨迹；解析值为交接参考，非本次独立复算
exp10,S2__CURRENT,S2,CURRENT,1,150000,482.24,456.05999999999995,6.156666666666666,19.026666666666667,1.0,True,3,3,0.0,0.0,0.0,0.0,exp10_jointfirst_v5_60m__analysis_full.zip!RUN/S2__CURRENT/analysis/checkpoint_curve.csv,STTF,66.19,项目交接参考；当前归档未找到原始 S 阶段解析 CSV,UAGMC_SOURCE passenger-only + LQ,64.31,67.17,exp11 同包曲线；训练种子 1；评估种子 123-125,需核对同物理/guard/轨迹；解析值为交接参考，非本次独立复算
exp10,S2__CURRENT,S2,CURRENT,1,200000,501.9433333333333,475.7866666666667,6.133333333333334,19.026666666666667,1.0,True,3,3,0.0,0.0,0.0,0.0,exp10_jointfirst_v5_60m__analysis_full.zip!RUN/S2__CURRENT/analysis/checkpoint_curve.csv,STTF,66.19,项目交接参考；当前归档未找到原始 S 阶段解析 CSV,UAGMC_SOURCE passenger-only + LQ,64.31,67.17,exp11 同包曲线；训练种子 1；评估种子 123-125,需核对同物理/guard/轨迹；解析值为交接参考，非本次独立复算
exp10,S2__CURRENT,S2,CURRENT,1,250000,244.0622222222222,217.71444444444444,6.204444444444444,19.186666666666667,1.0,True,3,3,0.0,0.0,0.0,0.0,exp10_jointfirst_v5_60m__analysis_full.zip!RUN/S2__CURRENT/analysis/checkpoint_curve.csv,STTF,66.19,项目交接参考；当前归档未找到原始 S 阶段解析 CSV,UAGMC_SOURCE passenger-only + LQ,64.31,67.17,exp11 同包曲线；训练种子 1；评估种子 123-125,需核对同物理/guard/轨迹；解析值为交接参考，非本次独立复算
exp10,S2__CURRENT,S2,CURRENT,1,300000,183.4711111111111,157.0977777777778,6.203333333333333,19.213333333333335,1.0,True,3,3,0.0,0.0,0.0,0.0,exp10_jointfirst_v5_60m__analysis_full.zip!RUN/S2__CURRENT/analysis/checkpoint_curve.csv,STTF,66.19,项目交接参考；当前归档未找到原始 S 阶段解析 CSV,UAGMC_SOURCE passenger-only + LQ,64.31,67.17,exp11 同包曲线；训练种子 1；评估种子 123-125,需核对同物理/guard/轨迹；解析值为交接参考，非本次独立复算
exp10,S2__CURRENT,S2,CURRENT,1,350000,171.07333333333335,144.67111111111112,6.232222222222222,19.213333333333335,1.0,True,3,3,0.0,0.0,0.0,0.0,exp10_jointfirst_v5_60m__analysis_full.zip!RUN/S2__CURRENT/analysis/checkpoint_curve.csv,STTF,66.19,项目交接参考；当前归档未找到原始 S 阶段解析 CSV,UAGMC_SOURCE passenger-only + LQ,64.31,67.17,exp11 同包曲线；训练种子 1；评估种子 123-125,需核对同物理/guard/轨迹；解析值为交接参考，非本次独立复算
exp10,S2__CURRENT,S2,CURRENT,1,400000,156.8088888888889,130.32,6.295555555555556,19.24,1.0,True,3,3,0.0,0.0,0.0,0.0,exp10_jointfirst_v5_60m__analysis_full.zip!RUN/S2__CURRENT/analysis/checkpoint_curve.csv,STTF,66.19,项目交接参考；当前归档未找到原始 S 阶段解析 CSV,UAGMC_SOURCE passenger-only + LQ,64.31,67.17,exp11 同包曲线；训练种子 1；评估种子 123-125,需核对同物理/guard/轨迹；解析值为交接参考，非本次独立复算
exp10,S2__CURRENT,S2,CURRENT,1,450000,94.78555555555555,67.53444444444445,6.43,19.902222222222225,1.0,True,3,3,0.0,0.0,0.0,0.0,exp10_jointfirst_v5_60m__analysis_full.zip!RUN/S2__CURRENT/analysis/checkpoint_curve.csv,STTF,66.19,项目交接参考；当前归档未找到原始 S 阶段解析 CSV,UAGMC_SOURCE passenger-only + LQ,64.31,67.17,exp11 同包曲线；训练种子 1；评估种子 123-125,需核对同物理/guard/轨迹；解析值为交接参考，非本次独立复算
exp10,S2__CURRENT,S2,CURRENT,1,500000,94.92777777777776,67.59555555555555,6.449999999999999,19.973333333333333,1.0,True,3,3,0.0,0.0,0.0,0.0,exp10_jointfirst_v5_60m__analysis_full.zip!RUN/S2__CURRENT/analysis/checkpoint_curve.csv,STTF,66.19,项目交接参考；当前归档未找到原始 S 阶段解析 CSV,UAGMC_SOURCE passenger-only + LQ,64.31,67.17,exp11 同包曲线；训练种子 1；评估种子 123-125,需核对同物理/guard/轨迹；解析值为交接参考，非本次独立复算
exp10,S2__CURRENT,S2,CURRENT,1,550000,526.7244444444444,500.53888888888895,6.167777777777778,19.022222222222222,1.0,True,3,3,0.0,0.0,0.0,0.0,exp10_jointfirst_v5_60m__analysis_full.zip!RUN/S2__CURRENT/analysis/checkpoint_curve.csv,STTF,66.19,项目交接参考；当前归档未找到原始 S 阶段解析 CSV,UAGMC_SOURCE passenger-only + LQ,64.31,67.17,exp11 同包曲线；训练种子 1；评估种子 123-125,需核对同物理/guard/轨迹；解析值为交接参考，非本次独立复算
exp10,S2__CURRENT,S2,CURRENT,1,600000,534.0811111111111,507.90888888888884,6.155555555555556,19.022222222222222,1.0,True,3,3,0.0,0.0,0.0,0.0,exp10_jointfirst_v5_60m__analysis_full.zip!RUN/S2__CURRENT/analysis/checkpoint_curve.csv,STTF,66.19,项目交接参考；当前归档未找到原始 S 阶段解析 CSV,UAGMC_SOURCE passenger-only + LQ,64.31,67.17,exp11 同包曲线；训练种子 1；评估种子 123-125,需核对同物理/guard/轨迹；解析值为交接参考，非本次独立复算
exp10,S2__C_SA,S2,C_SA,1,50000,79.96666666666665,50.663333333333334,7.194444444444444,21.146666666666665,1.0,True,3,3,0.0,0.0,0.0,0.0,exp10_jointfirst_v5_60m__analysis_full.zip!RUN/S2__C_SA/analysis/checkpoint_curve.csv,STTF,66.19,项目交接参考；当前归档未找到原始 S 阶段解析 CSV,UAGMC_SOURCE passenger-only + LQ,64.31,67.17,exp11 同包曲线；训练种子 1；评估种子 123-125,需核对同物理/guard/轨迹；解析值为交接参考，非本次独立复算
exp10,S2__C_SA,S2,C_SA,1,100000,61.39222222222222,34.61555555555555,6.37,19.48888888888889,1.0,True,3,3,0.0,0.0,0.0,0.0,exp10_jointfirst_v5_60m__analysis_full.zip!RUN/S2__C_SA/analysis/checkpoint_curve.csv,STTF,66.19,项目交接参考；当前归档未找到原始 S 阶段解析 CSV,UAGMC_SOURCE passenger-only + LQ,64.31,67.17,exp11 同包曲线；训练种子 1；评估种子 123-125,需核对同物理/guard/轨迹；解析值为交接参考，非本次独立复算
exp10,S2__C_SA,S2,C_SA,1,150000,87.88,60.69222222222222,6.688888888888889,19.591111111111115,1.0,True,3,3,0.0,0.0,0.0,0.0,exp10_jointfirst_v5_60m__analysis_full.zip!RUN/S2__C_SA/analysis/checkpoint_curve.csv,STTF,66.19,项目交接参考；当前归档未找到原始 S 阶段解析 CSV,UAGMC_SOURCE passenger-only + LQ,64.31,67.17,exp11 同包曲线；训练种子 1；评估种子 123-125,需核对同物理/guard/轨迹；解析值为交接参考，非本次独立复算
exp10,S2__C_SA,S2,C_SA,1,200000,73.28444444444445,46.01777777777778,6.568888888888889,19.777777777777775,1.0,True,3,3,0.0,0.0,0.0,0.0,exp10_jointfirst_v5_60m__analysis_full.zip!RUN/S2__C_SA/analysis/checkpoint_curve.csv,STTF,66.19,项目交接参考；当前归档未找到原始 S 阶段解析 CSV,UAGMC_SOURCE passenger-only + LQ,64.31,67.17,exp11 同包曲线；训练种子 1；评估种子 123-125,需核对同物理/guard/轨迹；解析值为交接参考，非本次独立复算
exp10,S2__C_SA,S2,C_SA,1,250000,71.08,42.63666666666666,6.945555555555555,20.564444444444444,1.0,True,3,3,0.0,0.0,0.0,0.0,exp10_jointfirst_v5_60m__analysis_full.zip!RUN/S2__C_SA/analysis/checkpoint_curve.csv,STTF,66.19,项目交接参考；当前归档未找到原始 S 阶段解析 CSV,UAGMC_SOURCE passenger-only + LQ,64.31,67.17,exp11 同包曲线；训练种子 1；评估种子 123-125,需核对同物理/guard/轨迹；解析值为交接参考，非本次独立复算
exp10,S2__C_SA,S2,C_SA,1,300000,67.92,39.28111111111111,6.905555555555556,20.786666666666665,1.0,True,3,3,0.0,0.0,0.0,0.0,exp10_jointfirst_v5_60m__analysis_full.zip!RUN/S2__C_SA/analysis/checkpoint_curve.csv,STTF,66.19,项目交接参考；当前归档未找到原始 S 阶段解析 CSV,UAGMC_SOURCE passenger-only + LQ,64.31,67.17,exp11 同包曲线；训练种子 1；评估种子 123-125,需核对同物理/guard/轨迹；解析值为交接参考，非本次独立复算
exp10,S2__C_SA,S2,C_SA,1,350000,76.23333333333333,46.50555555555555,7.343333333333333,21.426666666666666,1.0,True,3,3,0.0,0.0,0.0,0.0,exp10_jointfirst_v5_60m__analysis_full.zip!RUN/S2__C_SA/analysis/checkpoint_curve.csv,STTF,66.19,项目交接参考；当前归档未找到原始 S 阶段解析 CSV,UAGMC_SOURCE passenger-only + LQ,64.31,67.17,exp11 同包曲线；训练种子 1；评估种子 123-125,需核对同物理/guard/轨迹；解析值为交接参考，非本次独立复算
exp10,S2__C_SA,S2,C_SA,1,400000,76.76333333333334,47.21666666666667,7.223333333333333,21.404444444444447,1.0,True,3,3,0.0,0.0,0.0,0.0,exp10_jointfirst_v5_60m__analysis_full.zip!RUN/S2__C_SA/analysis/checkpoint_curve.csv,STTF,66.19,项目交接参考；当前归档未找到原始 S 阶段解析 CSV,UAGMC_SOURCE passenger-only + LQ,64.31,67.17,exp11 同包曲线；训练种子 1；评估种子 123-125,需核对同物理/guard/轨迹；解析值为交接参考，非本次独立复算
exp10,S2__C_SA,S2,C_SA,1,450000,75.93888888888888,46.29888888888889,7.332222222222222,21.391111111111112,1.0,True,3,3,0.0,0.0,0.0,0.0,exp10_jointfirst_v5_60m__analysis_full.zip!RUN/S2__C_SA/analysis/checkpoint_curve.csv,STTF,66.19,项目交接参考；当前归档未找到原始 S 阶段解析 CSV,UAGMC_SOURCE passenger-only + LQ,64.31,67.17,exp11 同包曲线；训练种子 1；评估种子 123-125,需核对同物理/guard/轨迹；解析值为交接参考，非本次独立复算
exp10,S2__C_SA,S2,C_SA,1,500000,81.61444444444444,51.675555555555555,7.412222222222222,21.635555555555555,1.0,True,3,3,0.0,0.0,0.0,0.0,exp10_jointfirst_v5_60m__analysis_full.zip!RUN/S2__C_SA/analysis/checkpoint_curve.csv,STTF,66.19,项目交接参考；当前归档未找到原始 S 阶段解析 CSV,UAGMC_SOURCE passenger-only + LQ,64.31,67.17,exp11 同包曲线；训练种子 1；评估种子 123-125,需核对同物理/guard/轨迹；解析值为交接参考，非本次独立复算
exp10,S2__C_SA,S2,C_SA,1,550000,81.08666666666666,51.208888888888886,7.396666666666666,21.560000000000002,1.0,True,3,3,0.0,0.0,0.0,0.0,exp10_jointfirst_v5_60m__analysis_full.zip!RUN/S2__C_SA/analysis/checkpoint_curve.csv,STTF,66.19,项目交接参考；当前归档未找到原始 S 阶段解析 CSV,UAGMC_SOURCE passenger-only + LQ,64.31,67.17,exp11 同包曲线；训练种子 1；评估种子 123-125,需核对同物理/guard/轨迹；解析值为交接参考，非本次独立复算
exp10,S2__C_SA,S2,C_SA,1,600000,82.24888888888889,52.38888888888889,7.34,21.582222222222224,1.0,True,3,3,0.0,0.0,0.0,0.0,exp10_jointfirst_v5_60m__analysis_full.zip!RUN/S2__C_SA/analysis/checkpoint_curve.csv,STTF,66.19,项目交接参考；当前归档未找到原始 S 阶段解析 CSV,UAGMC_SOURCE passenger-only + LQ,64.31,67.17,exp11 同包曲线；训练种子 1；评估种子 123-125,需核对同物理/guard/轨迹；解析值为交接参考，非本次独立复算
exp10,S2__C_SAW,S2,C_SAW,1,50000,77.57111111111112,48.31666666666666,7.4433333333333325,20.85333333333333,1.0,True,3,3,0.0,0.0,0.0,0.0,exp10_jointfirst_v5_60m__analysis_full.zip!RUN/S2__C_SAW/analysis/checkpoint_curve.csv,STTF,66.19,项目交接参考；当前归档未找到原始 S 阶段解析 CSV,UAGMC_SOURCE passenger-only + LQ,64.31,67.17,exp11 同包曲线；训练种子 1；评估种子 123-125,需核对同物理/guard/轨迹；解析值为交接参考，非本次独立复算
exp10,S2__C_SAW,S2,C_SAW,1,100000,237.55666666666664,211.26777777777775,6.188888888888889,19.124444444444446,1.0,True,3,3,0.0,0.0,0.0,0.0,exp10_jointfirst_v5_60m__analysis_full.zip!RUN/S2__C_SAW/analysis/checkpoint_curve.csv,STTF,66.19,项目交接参考；当前归档未找到原始 S 阶段解析 CSV,UAGMC_SOURCE passenger-only + LQ,64.31,67.17,exp11 同包曲线；训练种子 1；评估种子 123-125,需核对同物理/guard/轨迹；解析值为交接参考，非本次独立复算
exp10,S2__C_SAW,S2,C_SAW,1,150000,370.81666666666666,344.5988888888889,6.167777777777778,19.06222222222222,1.0,True,3,3,0.0,0.0,0.0,0.0,exp10_jointfirst_v5_60m__analysis_full.zip!RUN/S2__C_SAW/analysis/checkpoint_curve.csv,STTF,66.19,项目交接参考；当前归档未找到原始 S 阶段解析 CSV,UAGMC_SOURCE passenger-only + LQ,64.31,67.17,exp11 同包曲线；训练种子 1；评估种子 123-125,需核对同物理/guard/轨迹；解析值为交接参考，非本次独立复算
exp10,S2__C_SAW,S2,C_SAW,1,200000,112.80444444444446,86.06111111111112,6.4944444444444445,19.311111111111114,1.0,True,3,3,0.0,0.0,0.0,0.0,exp10_jointfirst_v5_60m__analysis_full.zip!RUN/S2__C_SAW/analysis/checkpoint_curve.csv,STTF,66.19,项目交接参考；当前归档未找到原始 S 阶段解析 CSV,UAGMC_SOURCE passenger-only + LQ,64.31,67.17,exp11 同包曲线；训练种子 1；评估种子 123-125,需核对同物理/guard/轨迹；解析值为交接参考，非本次独立复算
exp10,S2__C_SAW,S2,C_SAW,1,250000,74.79444444444444,47.60888888888889,6.695555555555555,19.56888888888889,1.0,True,3,3,0.0,0.0,0.0,0.0,exp10_jointfirst_v5_60m__analysis_full.zip!RUN/S2__C_SAW/analysis/checkpoint_curve.csv,STTF,66.19,项目交接参考；当前归档未找到原始 S 阶段解析 CSV,UAGMC_SOURCE passenger-only + LQ,64.31,67.17,exp11 同包曲线；训练种子 1；评估种子 123-125,需核对同物理/guard/轨迹；解析值为交接参考，非本次独立复算
exp10,S2__C_SAW,S2,C_SAW,1,300000,66.87444444444445,38.23666666666667,7.315555555555555,20.386666666666667,1.0,True,3,3,0.0,0.0,0.0,0.0,exp10_jointfirst_v5_60m__analysis_full.zip!RUN/S2__C_SAW/analysis/checkpoint_curve.csv,STTF,66.19,项目交接参考；当前归档未找到原始 S 阶段解析 CSV,UAGMC_SOURCE passenger-only + LQ,64.31,67.17,exp11 同包曲线；训练种子 1；评估种子 123-125,需核对同物理/guard/轨迹；解析值为交接参考，非本次独立复算
exp10,S2__C_SAW,S2,C_SAW,1,350000,70.22444444444444,40.955555555555556,7.43,20.89777777777778,1.0,True,3,3,0.0,0.0,0.0,0.0,exp10_jointfirst_v5_60m__analysis_full.zip!RUN/S2__C_SAW/analysis/checkpoint_curve.csv,STTF,66.19,项目交接参考；当前归档未找到原始 S 阶段解析 CSV,UAGMC_SOURCE passenger-only + LQ,64.31,67.17,exp11 同包曲线；训练种子 1；评估种子 123-125,需核对同物理/guard/轨迹；解析值为交接参考，非本次独立复算
exp10,S2__C_SAW,S2,C_SAW,1,400000,70.67333333333333,41.73777777777778,7.29,20.746666666666666,1.0,True,3,3,0.0,0.0,0.0,0.0,exp10_jointfirst_v5_60m__analysis_full.zip!RUN/S2__C_SAW/analysis/checkpoint_curve.csv,STTF,66.19,项目交接参考；当前归档未找到原始 S 阶段解析 CSV,UAGMC_SOURCE passenger-only + LQ,64.31,67.17,exp11 同包曲线；训练种子 1；评估种子 123-125,需核对同物理/guard/轨迹；解析值为交接参考，非本次独立复算
exp10,S2__C_SAW,S2,C_SAW,1,450000,75.49555555555555,45.68666666666667,7.685555555555555,21.168888888888887,1.0,True,3,3,0.0,0.0,0.0,0.0,exp10_jointfirst_v5_60m__analysis_full.zip!RUN/S2__C_SAW/analysis/checkpoint_curve.csv,STTF,66.19,项目交接参考；当前归档未找到原始 S 阶段解析 CSV,UAGMC_SOURCE passenger-only + LQ,64.31,67.17,exp11 同包曲线；训练种子 1；评估种子 123-125,需核对同物理/guard/轨迹；解析值为交接参考，非本次独立复算
exp10,S2__C_SAW,S2,C_SAW,1,500000,76.57222222222221,46.48555555555555,7.715555555555556,21.41333333333333,1.0,True,3,3,0.0,0.0,0.0,0.0,exp10_jointfirst_v5_60m__analysis_full.zip!RUN/S2__C_SAW/analysis/checkpoint_curve.csv,STTF,66.19,项目交接参考；当前归档未找到原始 S 阶段解析 CSV,UAGMC_SOURCE passenger-only + LQ,64.31,67.17,exp11 同包曲线；训练种子 1；评估种子 123-125,需核对同物理/guard/轨迹；解析值为交接参考，非本次独立复算
exp10,S2__C_SAW,S2,C_SAW,1,550000,78.79,48.434444444444445,7.79,21.608888888888888,1.0,True,3,3,0.0,0.0,0.0,0.0,exp10_jointfirst_v5_60m__analysis_full.zip!RUN/S2__C_SAW/analysis/checkpoint_curve.csv,STTF,66.19,项目交接参考；当前归档未找到原始 S 阶段解析 CSV,UAGMC_SOURCE passenger-only + LQ,64.31,67.17,exp11 同包曲线；训练种子 1；评估种子 123-125,需核对同物理/guard/轨迹；解析值为交接参考，非本次独立复算
exp10,S2__C_SAW,S2,C_SAW,1,600000,83.46777777777777,52.77444444444444,7.944444444444444,21.786666666666665,1.0,True,3,3,0.0,0.0,0.0,0.0,exp10_jointfirst_v5_60m__analysis_full.zip!RUN/S2__C_SAW/analysis/checkpoint_curve.csv,STTF,66.19,项目交接参考；当前归档未找到原始 S 阶段解析 CSV,UAGMC_SOURCE passenger-only + LQ,64.31,67.17,exp11 同包曲线；训练种子 1；评估种子 123-125,需核对同物理/guard/轨迹；解析值为交接参考，非本次独立复算
exp10,S2__R_EVENTQ,S2,R_EVENTQ,1,50000,131.97444444444443,99.50444444444445,8.516666666666667,22.973333333333333,1.0,True,3,3,0.0,0.0,0.0,0.0,exp10_jointfirst_v5_60m__analysis_full.zip!RUN/S2__R_EVENTQ/analysis/checkpoint_curve.csv,STTF,66.19,项目交接参考；当前归档未找到原始 S 阶段解析 CSV,UAGMC_SOURCE passenger-only + LQ,64.31,67.17,exp11 同包曲线；训练种子 1；评估种子 123-125,需核对同物理/guard/轨迹；解析值为交接参考，非本次独立复算
exp10,S2__R_EVENTQ,S2,R_EVENTQ,1,100000,531.1166666666667,504.95888888888885,6.144444444444446,19.017777777777777,1.0,True,3,3,0.0,0.0,0.0,0.0,exp10_jointfirst_v5_60m__analysis_full.zip!RUN/S2__R_EVENTQ/analysis/checkpoint_curve.csv,STTF,66.19,项目交接参考；当前归档未找到原始 S 阶段解析 CSV,UAGMC_SOURCE passenger-only + LQ,64.31,67.17,exp11 同包曲线；训练种子 1；评估种子 123-125,需核对同物理/guard/轨迹；解析值为交接参考，非本次独立复算
exp10,S2__R_EVENTQ,S2,R_EVENTQ,1,150000,155.03666666666666,128.50333333333336,6.273333333333333,19.31555555555556,1.0,True,3,3,0.0,0.0,0.0,0.0,exp10_jointfirst_v5_60m__analysis_full.zip!RUN/S2__R_EVENTQ/analysis/checkpoint_curve.csv,STTF,66.19,项目交接参考；当前归档未找到原始 S 阶段解析 CSV,UAGMC_SOURCE passenger-only + LQ,64.31,67.17,exp11 同包曲线；训练种子 1；评估种子 123-125,需核对同物理/guard/轨迹；解析值为交接参考，非本次独立复算
exp10,S2__R_EVENTQ,S2,R_EVENTQ,1,200000,125.83444444444444,99.32666666666667,6.26111111111111,19.320000000000004,1.0,True,3,3,0.0,0.0,0.0,0.0,exp10_jointfirst_v5_60m__analysis_full.zip!RUN/S2__R_EVENTQ/analysis/checkpoint_curve.csv,STTF,66.19,项目交接参考；当前归档未找到原始 S 阶段解析 CSV,UAGMC_SOURCE passenger-only + LQ,64.31,67.17,exp11 同包曲线；训练种子 1；评估种子 123-125,需核对同物理/guard/轨迹；解析值为交接参考，非本次独立复算
exp10,S2__R_EVENTQ,S2,R_EVENTQ,1,250000,95.16333333333334,67.45666666666666,6.673333333333333,20.106666666666666,1.0,True,3,3,0.0,0.0,0.0,0.0,exp10_jointfirst_v5_60m__analysis_full.zip!RUN/S2__R_EVENTQ/analysis/checkpoint_curve.csv,STTF,66.19,项目交接参考；当前归档未找到原始 S 阶段解析 CSV,UAGMC_SOURCE passenger-only + LQ,64.31,67.17,exp11 同包曲线；训练种子 1；评估种子 123-125,需核对同物理/guard/轨迹；解析值为交接参考，非本次独立复算
exp10,S2__R_EVENTQ,S2,R_EVENTQ,1,300000,109.71111111111111,82.00333333333333,6.7377777777777785,20.04,1.0,True,3,3,0.0,0.0,0.0,0.0,exp10_jointfirst_v5_60m__analysis_full.zip!RUN/S2__R_EVENTQ/analysis/checkpoint_curve.csv,STTF,66.19,项目交接参考；当前归档未找到原始 S 阶段解析 CSV,UAGMC_SOURCE passenger-only + LQ,64.31,67.17,exp11 同包曲线；训练种子 1；评估种子 123-125,需核对同物理/guard/轨迹；解析值为交接参考，非本次独立复算
exp10,S2__R_EVENTQ,S2,R_EVENTQ,1,350000,80.7311111111111,51.57444444444445,6.997777777777777,21.195555555555558,1.0,True,3,3,0.0,0.0,0.0,0.0,exp10_jointfirst_v5_60m__analysis_full.zip!RUN/S2__R_EVENTQ/analysis/checkpoint_curve.csv,STTF,66.19,项目交接参考；当前归档未找到原始 S 阶段解析 CSV,UAGMC_SOURCE passenger-only + LQ,64.31,67.17,exp11 同包曲线；训练种子 1；评估种子 123-125,需核对同物理/guard/轨迹；解析值为交接参考，非本次独立复算
exp10,S2__R_EVENTQ,S2,R_EVENTQ,1,400000,75.34444444444445,46.40222222222223,6.96,21.040000000000003,1.0,True,3,3,0.0,0.0,0.0,0.0,exp10_jointfirst_v5_60m__analysis_full.zip!RUN/S2__R_EVENTQ/analysis/checkpoint_curve.csv,STTF,66.19,项目交接参考；当前归档未找到原始 S 阶段解析 CSV,UAGMC_SOURCE passenger-only + LQ,64.31,67.17,exp11 同包曲线；训练种子 1；评估种子 123-125,需核对同物理/guard/轨迹；解析值为交接参考，非本次独立复算
exp10,S2__R_EVENTQ,S2,R_EVENTQ,1,450000,78.12555555555555,48.96888888888889,7.042222222222222,21.15111111111111,1.0,True,3,3,0.0,0.0,0.0,0.0,exp10_jointfirst_v5_60m__analysis_full.zip!RUN/S2__R_EVENTQ/analysis/checkpoint_curve.csv,STTF,66.19,项目交接参考；当前归档未找到原始 S 阶段解析 CSV,UAGMC_SOURCE passenger-only + LQ,64.31,67.17,exp11 同包曲线；训练种子 1；评估种子 123-125,需核对同物理/guard/轨迹；解析值为交接参考，非本次独立复算
exp10,S2__R_EVENTQ,S2,R_EVENTQ,1,500000,77.71555555555557,48.48777777777778,7.124444444444445,21.133333333333336,1.0,True,3,3,0.0,0.0,0.0,0.0,exp10_jointfirst_v5_60m__analysis_full.zip!RUN/S2__R_EVENTQ/analysis/checkpoint_curve.csv,STTF,66.19,项目交接参考；当前归档未找到原始 S 阶段解析 CSV,UAGMC_SOURCE passenger-only + LQ,64.31,67.17,exp11 同包曲线；训练种子 1；评估种子 123-125,需核对同物理/guard/轨迹；解析值为交接参考，非本次独立复算
exp10,S2__R_EVENTQ,S2,R_EVENTQ,1,550000,77.98444444444443,48.80444444444445,7.055555555555556,21.155555555555555,1.0,True,3,3,0.0,0.0,0.0,0.0,exp10_jointfirst_v5_60m__analysis_full.zip!RUN/S2__R_EVENTQ/analysis/checkpoint_curve.csv,STTF,66.19,项目交接参考；当前归档未找到原始 S 阶段解析 CSV,UAGMC_SOURCE passenger-only + LQ,64.31,67.17,exp11 同包曲线；训练种子 1；评估种子 123-125,需核对同物理/guard/轨迹；解析值为交接参考，非本次独立复算
exp10,S2__R_EVENTQ,S2,R_EVENTQ,1,600000,81.88666666666667,52.437777777777775,7.112222222222222,21.36888888888889,1.0,True,3,3,0.0,0.0,0.0,0.0,exp10_jointfirst_v5_60m__analysis_full.zip!RUN/S2__R_EVENTQ/analysis/checkpoint_curve.csv,STTF,66.19,项目交接参考；当前归档未找到原始 S 阶段解析 CSV,UAGMC_SOURCE passenger-only + LQ,64.31,67.17,exp11 同包曲线；训练种子 1；评估种子 123-125,需核对同物理/guard/轨迹；解析值为交接参考，非本次独立复算
exp10,S2__R_TDM,S2,R_TDM,1,50000,84.40444444444445,54.85999999999999,7.2811111111111115,21.302222222222223,1.0,True,3,3,0.0,0.0,0.0,0.0,exp10_jointfirst_v5_60m__analysis_full.zip!RUN/S2__R_TDM/analysis/checkpoint_curve.csv,STTF,66.19,项目交接参考；当前归档未找到原始 S 阶段解析 CSV,UAGMC_SOURCE passenger-only + LQ,64.31,67.17,exp11 同包曲线；训练种子 1；评估种子 123-125,需核对同物理/guard/轨迹；解析值为交接参考，非本次独立复算
exp10,S2__R_TDM,S2,R_TDM,1,100000,172.26555555555555,145.8488888888889,6.264444444444446,19.191111111111113,1.0,True,3,3,0.0,0.0,0.0,0.0,exp10_jointfirst_v5_60m__analysis_full.zip!RUN/S2__R_TDM/analysis/checkpoint_curve.csv,STTF,66.19,项目交接参考；当前归档未找到原始 S 阶段解析 CSV,UAGMC_SOURCE passenger-only + LQ,64.31,67.17,exp11 同包曲线；训练种子 1；评估种子 123-125,需核对同物理/guard/轨迹；解析值为交接参考，非本次独立复算
exp10,S2__R_TDM,S2,R_TDM,1,150000,138.98777777777778,112.15555555555555,6.303333333333334,19.613333333333333,1.0,True,3,3,0.0,0.0,0.0,0.0,exp10_jointfirst_v5_60m__analysis_full.zip!RUN/S2__R_TDM/analysis/checkpoint_curve.csv,STTF,66.19,项目交接参考；当前归档未找到原始 S 阶段解析 CSV,UAGMC_SOURCE passenger-only + LQ,64.31,67.17,exp11 同包曲线；训练种子 1；评估种子 123-125,需核对同物理/guard/轨迹；解析值为交接参考，非本次独立复算
exp10,S2__R_TDM,S2,R_TDM,1,200000,73.08444444444444,44.638888888888886,6.746666666666667,20.799999999999997,1.0,True,3,3,0.0,0.0,0.0,0.0,exp10_jointfirst_v5_60m__analysis_full.zip!RUN/S2__R_TDM/analysis/checkpoint_curve.csv,STTF,66.19,项目交接参考；当前归档未找到原始 S 阶段解析 CSV,UAGMC_SOURCE passenger-only + LQ,64.31,67.17,exp11 同包曲线；训练种子 1；评估种子 123-125,需核对同物理/guard/轨迹；解析值为交接参考，非本次独立复算
exp10,S2__R_TDM,S2,R_TDM,1,250000,72.5411111111111,43.723333333333336,6.984444444444445,20.89777777777778,1.0,True,3,3,0.0,0.0,0.0,0.0,exp10_jointfirst_v5_60m__analysis_full.zip!RUN/S2__R_TDM/analysis/checkpoint_curve.csv,STTF,66.19,项目交接参考；当前归档未找到原始 S 阶段解析 CSV,UAGMC_SOURCE passenger-only + LQ,64.31,67.17,exp11 同包曲线；训练种子 1；评估种子 123-125,需核对同物理/guard/轨迹；解析值为交接参考，非本次独立复算
exp10,S2__R_TDM,S2,R_TDM,1,300000,73.4888888888889,44.76666666666667,6.888888888888889,20.902222222222225,1.0,True,3,3,0.0,0.0,0.0,0.0,exp10_jointfirst_v5_60m__analysis_full.zip!RUN/S2__R_TDM/analysis/checkpoint_curve.csv,STTF,66.19,项目交接参考；当前归档未找到原始 S 阶段解析 CSV,UAGMC_SOURCE passenger-only + LQ,64.31,67.17,exp11 同包曲线；训练种子 1；评估种子 123-125,需核对同物理/guard/轨迹；解析值为交接参考，非本次独立复算
exp10,S2__R_TDM,S2,R_TDM,1,350000,73.85111111111111,45.08111111111111,6.92111111111111,20.91111111111111,1.0,True,3,3,0.0,0.0,0.0,0.0,exp10_jointfirst_v5_60m__analysis_full.zip!RUN/S2__R_TDM/analysis/checkpoint_curve.csv,STTF,66.19,项目交接参考；当前归档未找到原始 S 阶段解析 CSV,UAGMC_SOURCE passenger-only + LQ,64.31,67.17,exp11 同包曲线；训练种子 1；评估种子 123-125,需核对同物理/guard/轨迹；解析值为交接参考，非本次独立复算
exp10,S2__R_TDM,S2,R_TDM,1,400000,74.22111111111111,44.89333333333334,7.152222222222221,21.23111111111111,1.0,True,3,3,0.0,0.0,0.0,0.0,exp10_jointfirst_v5_60m__analysis_full.zip!RUN/S2__R_TDM/analysis/checkpoint_curve.csv,STTF,66.19,项目交接参考；当前归档未找到原始 S 阶段解析 CSV,UAGMC_SOURCE passenger-only + LQ,64.31,67.17,exp11 同包曲线；训练种子 1；评估种子 123-125,需核对同物理/guard/轨迹；解析值为交接参考，非本次独立复算
exp10,S2__R_TDM,S2,R_TDM,1,450000,77.1111111111111,48.14333333333334,6.965555555555556,21.088888888888892,1.0,True,3,3,0.0,0.0,0.0,0.0,exp10_jointfirst_v5_60m__analysis_full.zip!RUN/S2__R_TDM/analysis/checkpoint_curve.csv,STTF,66.19,项目交接参考；当前归档未找到原始 S 阶段解析 CSV,UAGMC_SOURCE passenger-only + LQ,64.31,67.17,exp11 同包曲线；训练种子 1；评估种子 123-125,需核对同物理/guard/轨迹；解析值为交接参考，非本次独立复算
exp10,S2__R_TDM,S2,R_TDM,1,500000,75.51777777777778,46.68333333333334,6.816666666666666,21.084444444444447,1.0,True,3,3,0.0,0.0,0.0,0.0,exp10_jointfirst_v5_60m__analysis_full.zip!RUN/S2__R_TDM/analysis/checkpoint_curve.csv,STTF,66.19,项目交接参考；当前归档未找到原始 S 阶段解析 CSV,UAGMC_SOURCE passenger-only + LQ,64.31,67.17,exp11 同包曲线；训练种子 1；评估种子 123-125,需核对同物理/guard/轨迹；解析值为交接参考，非本次独立复算
exp10,S2__R_TDM,S2,R_TDM,1,550000,76.56,47.58555555555555,6.982222222222222,21.08,1.0,True,3,3,0.0,0.0,0.0,0.0,exp10_jointfirst_v5_60m__analysis_full.zip!RUN/S2__R_TDM/analysis/checkpoint_curve.csv,STTF,66.19,项目交接参考；当前归档未找到原始 S 阶段解析 CSV,UAGMC_SOURCE passenger-only + LQ,64.31,67.17,exp11 同包曲线；训练种子 1；评估种子 123-125,需核对同物理/guard/轨迹；解析值为交接参考，非本次独立复算
exp10,S2__R_TDM,S2,R_TDM,1,600000,294.2733333333333,268.0,6.2,19.093333333333334,1.0,True,3,3,0.0,0.0,0.0,0.0,exp10_jointfirst_v5_60m__analysis_full.zip!RUN/S2__R_TDM/analysis/checkpoint_curve.csv,STTF,66.19,项目交接参考；当前归档未找到原始 S 阶段解析 CSV,UAGMC_SOURCE passenger-only + LQ,64.31,67.17,exp11 同包曲线；训练种子 1；评估种子 123-125,需核对同物理/guard/轨迹；解析值为交接参考，非本次独立复算
exp10,S2__S_HKSL_MULTI,S2,S_HKSL_MULTI,1,50000,87.2377777777778,57.11555555555555,7.681111111111111,21.47555555555556,1.0,True,3,3,0.0,0.0,0.0,0.0,exp10_jointfirst_v5_60m__analysis_full.zip!RUN/S2__S_HKSL_MULTI/analysis/checkpoint_curve.csv,STTF,66.19,项目交接参考；当前归档未找到原始 S 阶段解析 CSV,UAGMC_SOURCE passenger-only + LQ,64.31,67.17,exp11 同包曲线；训练种子 1；评估种子 123-125,需核对同物理/guard/轨迹；解析值为交接参考，非本次独立复算
exp10,S2__S_HKSL_MULTI,S2,S_HKSL_MULTI,1,100000,74.68444444444445,47.68333333333334,6.483333333333333,19.57777777777778,1.0,True,3,3,0.0,0.0,0.0,0.0,exp10_jointfirst_v5_60m__analysis_full.zip!RUN/S2__S_HKSL_MULTI/analysis/checkpoint_curve.csv,STTF,66.19,项目交接参考；当前归档未找到原始 S 阶段解析 CSV,UAGMC_SOURCE passenger-only + LQ,64.31,67.17,exp11 同包曲线；训练种子 1；评估种子 123-125,需核对同物理/guard/轨迹；解析值为交接参考，非本次独立复算
exp10,S2__S_HKSL_MULTI,S2,S_HKSL_MULTI,1,150000,70.27,41.71888888888889,7.252222222222223,20.41333333333333,1.0,True,3,3,0.0,0.0,0.0,0.0,exp10_jointfirst_v5_60m__analysis_full.zip!RUN/S2__S_HKSL_MULTI/analysis/checkpoint_curve.csv,STTF,66.19,项目交接参考；当前归档未找到原始 S 阶段解析 CSV,UAGMC_SOURCE passenger-only + LQ,64.31,67.17,exp11 同包曲线；训练种子 1；评估种子 123-125,需核对同物理/guard/轨迹；解析值为交接参考，非本次独立复算
exp10,S2__S_HKSL_MULTI,S2,S_HKSL_MULTI,1,200000,64.18666666666667,36.08555555555555,7.095555555555556,20.08888888888889,1.0,True,3,3,0.0,0.0,0.0,0.0,exp10_jointfirst_v5_60m__analysis_full.zip!RUN/S2__S_HKSL_MULTI/analysis/checkpoint_curve.csv,STTF,66.19,项目交接参考；当前归档未找到原始 S 阶段解析 CSV,UAGMC_SOURCE passenger-only + LQ,64.31,67.17,exp11 同包曲线；训练种子 1；评估种子 123-125,需核对同物理/guard/轨迹；解析值为交接参考，非本次独立复算
exp10,S2__S_HKSL_MULTI,S2,S_HKSL_MULTI,1,250000,64.64555555555556,36.275555555555556,7.134444444444445,20.311111111111114,1.0,True,3,3,0.0,0.0,0.0,0.0,exp10_jointfirst_v5_60m__analysis_full.zip!RUN/S2__S_HKSL_MULTI/analysis/checkpoint_curve.csv,STTF,66.19,项目交接参考；当前归档未找到原始 S 阶段解析 CSV,UAGMC_SOURCE passenger-only + LQ,64.31,67.17,exp11 同包曲线；训练种子 1；评估种子 123-125,需核对同物理/guard/轨迹；解析值为交接参考，非本次独立复算
exp10,S2__S_HKSL_MULTI,S2,S_HKSL_MULTI,1,300000,70.84111111111112,42.19222222222222,7.213333333333334,20.515555555555554,1.0,True,3,3,0.0,0.0,0.0,0.0,exp10_jointfirst_v5_60m__analysis_full.zip!RUN/S2__S_HKSL_MULTI/analysis/checkpoint_curve.csv,STTF,66.19,项目交接参考；当前归档未找到原始 S 阶段解析 CSV,UAGMC_SOURCE passenger-only + LQ,64.31,67.17,exp11 同包曲线；训练种子 1；评估种子 123-125,需核对同物理/guard/轨迹；解析值为交接参考，非本次独立复算
exp10,S2__S_HKSL_MULTI,S2,S_HKSL_MULTI,1,350000,73.69666666666667,44.64555555555555,7.314444444444445,20.77777777777778,1.0,True,3,3,0.0,0.0,0.0,0.0,exp10_jointfirst_v5_60m__analysis_full.zip!RUN/S2__S_HKSL_MULTI/analysis/checkpoint_curve.csv,STTF,66.19,项目交接参考；当前归档未找到原始 S 阶段解析 CSV,UAGMC_SOURCE passenger-only + LQ,64.31,67.17,exp11 同包曲线；训练种子 1；评估种子 123-125,需核对同物理/guard/轨迹；解析值为交接参考，非本次独立复算
exp10,S2__S_HKSL_MULTI,S2,S_HKSL_MULTI,1,400000,73.95444444444445,44.91555555555556,7.242222222222222,20.866666666666667,1.0,True,3,3,0.0,0.0,0.0,0.0,exp10_jointfirst_v5_60m__analysis_full.zip!RUN/S2__S_HKSL_MULTI/analysis/checkpoint_curve.csv,STTF,66.19,项目交接参考；当前归档未找到原始 S 阶段解析 CSV,UAGMC_SOURCE passenger-only + LQ,64.31,67.17,exp11 同包曲线；训练种子 1；评估种子 123-125,需核对同物理/guard/轨迹；解析值为交接参考，非本次独立复算
exp10,S2__S_HKSL_MULTI,S2,S_HKSL_MULTI,1,450000,73.56333333333333,44.402222222222214,7.3933333333333335,20.85777777777778,1.0,True,3,3,0.0,0.0,0.0,0.0,exp10_jointfirst_v5_60m__analysis_full.zip!RUN/S2__S_HKSL_MULTI/analysis/checkpoint_curve.csv,STTF,66.19,项目交接参考；当前归档未找到原始 S 阶段解析 CSV,UAGMC_SOURCE passenger-only + LQ,64.31,67.17,exp11 同包曲线；训练种子 1；评估种子 123-125,需核对同物理/guard/轨迹；解析值为交接参考，非本次独立复算
exp10,S2__S_HKSL_MULTI,S2,S_HKSL_MULTI,1,500000,73.7688888888889,44.48666666666666,7.47,20.88888888888889,1.0,True,3,3,0.0,0.0,0.0,0.0,exp10_jointfirst_v5_60m__analysis_full.zip!RUN/S2__S_HKSL_MULTI/analysis/checkpoint_curve.csv,STTF,66.19,项目交接参考；当前归档未找到原始 S 阶段解析 CSV,UAGMC_SOURCE passenger-only + LQ,64.31,67.17,exp11 同包曲线；训练种子 1；评估种子 123-125,需核对同物理/guard/轨迹；解析值为交接参考，非本次独立复算
exp10,S2__S_HKSL_MULTI,S2,S_HKSL_MULTI,1,550000,73.25,44.16777777777778,7.303333333333334,20.85777777777778,1.0,True,3,3,0.0,0.0,0.0,0.0,exp10_jointfirst_v5_60m__analysis_full.zip!RUN/S2__S_HKSL_MULTI/analysis/checkpoint_curve.csv,STTF,66.19,项目交接参考；当前归档未找到原始 S 阶段解析 CSV,UAGMC_SOURCE passenger-only + LQ,64.31,67.17,exp11 同包曲线；训练种子 1；评估种子 123-125,需核对同物理/guard/轨迹；解析值为交接参考，非本次独立复算
exp10,S2__S_HKSL_MULTI,S2,S_HKSL_MULTI,1,600000,77.58888888888889,48.11777777777778,7.464444444444445,21.06222222222222,1.0,True,3,3,0.0,0.0,0.0,0.0,exp10_jointfirst_v5_60m__analysis_full.zip!RUN/S2__S_HKSL_MULTI/analysis/checkpoint_curve.csv,STTF,66.19,项目交接参考；当前归档未找到原始 S 阶段解析 CSV,UAGMC_SOURCE passenger-only + LQ,64.31,67.17,exp11 同包曲线；训练种子 1；评估种子 123-125,需核对同物理/guard/轨迹；解析值为交接参考，非本次独立复算
exp10,S2__S_TDM_EVENT_FUSION,S2,S_TDM_EVENT_FUSION,1,50000,87.58111111111111,57.47222222222223,7.605555555555555,21.546666666666667,1.0,True,3,3,0.0,0.0,0.0,0.0,exp10_jointfirst_v5_60m__analysis_full.zip!RUN/S2__S_TDM_EVENT_FUSION/analysis/checkpoint_curve.csv,STTF,66.19,项目交接参考；当前归档未找到原始 S 阶段解析 CSV,UAGMC_SOURCE passenger-only + LQ,64.31,67.17,exp11 同包曲线；训练种子 1；评估种子 123-125,需核对同物理/guard/轨迹；解析值为交接参考，非本次独立复算
exp10,S2__S_TDM_EVENT_FUSION,S2,S_TDM_EVENT_FUSION,1,100000,79.04777777777778,52.41555555555556,6.294444444444444,19.42222222222222,1.0,True,3,3,0.0,0.0,0.0,0.0,exp10_jointfirst_v5_60m__analysis_full.zip!RUN/S2__S_TDM_EVENT_FUSION/analysis/checkpoint_curve.csv,STTF,66.19,项目交接参考；当前归档未找到原始 S 阶段解析 CSV,UAGMC_SOURCE passenger-only + LQ,64.31,67.17,exp11 同包曲线；训练种子 1；评估种子 123-125,需核对同物理/guard/轨迹；解析值为交接参考，非本次独立复算
exp10,S2__S_TDM_EVENT_FUSION,S2,S_TDM_EVENT_FUSION,1,150000,96.72222222222223,70.10777777777777,6.337777777777777,19.346666666666668,1.0,True,3,3,0.0,0.0,0.0,0.0,exp10_jointfirst_v5_60m__analysis_full.zip!RUN/S2__S_TDM_EVENT_FUSION/analysis/checkpoint_curve.csv,STTF,66.19,项目交接参考；当前归档未找到原始 S 阶段解析 CSV,UAGMC_SOURCE passenger-only + LQ,64.31,67.17,exp11 同包曲线；训练种子 1；评估种子 123-125,需核对同物理/guard/轨迹；解析值为交接参考，非本次独立复算
exp10,S2__S_TDM_EVENT_FUSION,S2,S_TDM_EVENT_FUSION,1,200000,73.90222222222222,46.16111111111112,6.751111111111111,20.053333333333335,1.0,True,3,3,0.0,0.0,0.0,0.0,exp10_jointfirst_v5_60m__analysis_full.zip!RUN/S2__S_TDM_EVENT_FUSION/analysis/checkpoint_curve.csv,STTF,66.19,项目交接参考；当前归档未找到原始 S 阶段解析 CSV,UAGMC_SOURCE passenger-only + LQ,64.31,67.17,exp11 同包曲线；训练种子 1；评估种子 123-125,需核对同物理/guard/轨迹；解析值为交接参考，非本次独立复算
exp10,S2__S_TDM_EVENT_FUSION,S2,S_TDM_EVENT_FUSION,1,250000,74.64555555555556,45.48111111111111,7.28,20.93777777777778,1.0,True,3,3,0.0,0.0,0.0,0.0,exp10_jointfirst_v5_60m__analysis_full.zip!RUN/S2__S_TDM_EVENT_FUSION/analysis/checkpoint_curve.csv,STTF,66.19,项目交接参考；当前归档未找到原始 S 阶段解析 CSV,UAGMC_SOURCE passenger-only + LQ,64.31,67.17,exp11 同包曲线；训练种子 1；评估种子 123-125,需核对同物理/guard/轨迹；解析值为交接参考，非本次独立复算
exp10,S2__S_TDM_EVENT_FUSION,S2,S_TDM_EVENT_FUSION,1,300000,70.91333333333333,42.16,7.044444444444444,20.786666666666665,1.0,True,3,3,0.0,0.0,0.0,0.0,exp10_jointfirst_v5_60m__analysis_full.zip!RUN/S2__S_TDM_EVENT_FUSION/analysis/checkpoint_curve.csv,STTF,66.19,项目交接参考；当前归档未找到原始 S 阶段解析 CSV,UAGMC_SOURCE passenger-only + LQ,64.31,67.17,exp11 同包曲线；训练种子 1；评估种子 123-125,需核对同物理/guard/轨迹；解析值为交接参考，非本次独立复算
exp10,S2__S_TDM_EVENT_FUSION,S2,S_TDM_EVENT_FUSION,1,350000,73.09666666666666,43.912222222222226,7.32888888888889,20.91111111111111,1.0,True,3,3,0.0,0.0,0.0,0.0,exp10_jointfirst_v5_60m__analysis_full.zip!RUN/S2__S_TDM_EVENT_FUSION/analysis/checkpoint_curve.csv,STTF,66.19,项目交接参考；当前归档未找到原始 S 阶段解析 CSV,UAGMC_SOURCE passenger-only + LQ,64.31,67.17,exp11 同包曲线；训练种子 1；评估种子 123-125,需核对同物理/guard/轨迹；解析值为交接参考，非本次独立复算
exp10,S2__S_TDM_EVENT_FUSION,S2,S_TDM_EVENT_FUSION,1,400000,73.50888888888889,44.18222222222223,7.25111111111111,21.12888888888889,1.0,True,3,3,0.0,0.0,0.0,0.0,exp10_jointfirst_v5_60m__analysis_full.zip!RUN/S2__S_TDM_EVENT_FUSION/analysis/checkpoint_curve.csv,STTF,66.19,项目交接参考；当前归档未找到原始 S 阶段解析 CSV,UAGMC_SOURCE passenger-only + LQ,64.31,67.17,exp11 同包曲线；训练种子 1；评估种子 123-125,需核对同物理/guard/轨迹；解析值为交接参考，非本次独立复算
exp10,S2__S_TDM_EVENT_FUSION,S2,S_TDM_EVENT_FUSION,1,450000,72.53666666666668,43.24444444444445,7.293333333333333,21.07111111111111,1.0,True,3,3,0.0,0.0,0.0,0.0,exp10_jointfirst_v5_60m__analysis_full.zip!RUN/S2__S_TDM_EVENT_FUSION/analysis/checkpoint_curve.csv,STTF,66.19,项目交接参考；当前归档未找到原始 S 阶段解析 CSV,UAGMC_SOURCE passenger-only + LQ,64.31,67.17,exp11 同包曲线；训练种子 1；评估种子 123-125,需核对同物理/guard/轨迹；解析值为交接参考，非本次独立复算
exp10,S2__S_TDM_EVENT_FUSION,S2,S_TDM_EVENT_FUSION,1,500000,74.80333333333333,45.43222222222223,7.203333333333333,21.204444444444444,1.0,True,3,3,0.0,0.0,0.0,0.0,exp10_jointfirst_v5_60m__analysis_full.zip!RUN/S2__S_TDM_EVENT_FUSION/analysis/checkpoint_curve.csv,STTF,66.19,项目交接参考；当前归档未找到原始 S 阶段解析 CSV,UAGMC_SOURCE passenger-only + LQ,64.31,67.17,exp11 同包曲线；训练种子 1；评估种子 123-125,需核对同物理/guard/轨迹；解析值为交接参考，非本次独立复算
exp10,S2__S_TDM_EVENT_FUSION,S2,S_TDM_EVENT_FUSION,1,550000,79.16555555555554,49.41555555555556,7.408888888888889,21.37777777777778,1.0,True,3,3,0.0,0.0,0.0,0.0,exp10_jointfirst_v5_60m__analysis_full.zip!RUN/S2__S_TDM_EVENT_FUSION/analysis/checkpoint_curve.csv,STTF,66.19,项目交接参考；当前归档未找到原始 S 阶段解析 CSV,UAGMC_SOURCE passenger-only + LQ,64.31,67.17,exp11 同包曲线；训练种子 1；评估种子 123-125,需核对同物理/guard/轨迹；解析值为交接参考，非本次独立复算
exp10,S2__S_TDM_EVENT_FUSION,S2,S_TDM_EVENT_FUSION,1,600000,84.98777777777777,55.19222222222222,7.434444444444445,21.404444444444447,1.0,True,3,3,0.0,0.0,0.0,0.0,exp10_jointfirst_v5_60m__analysis_full.zip!RUN/S2__S_TDM_EVENT_FUSION/analysis/checkpoint_curve.csv,STTF,66.19,项目交接参考；当前归档未找到原始 S 阶段解析 CSV,UAGMC_SOURCE passenger-only + LQ,64.31,67.17,exp11 同包曲线；训练种子 1；评估种子 123-125,需核对同物理/guard/轨迹；解析值为交接参考，非本次独立复算
exp10,S2__W_EVENTQ_VE_EMA,S2,W_EVENTQ_VE_EMA,1,50000,74.58111111111111,47.59111111111111,6.576666666666667,19.47111111111111,1.0,True,3,3,0.0,0.0,0.0,0.0,exp10_jointfirst_v5_60m__analysis_full.zip!RUN/S2__W_EVENTQ_VE_EMA/analysis/checkpoint_curve.csv,STTF,66.19,项目交接参考；当前归档未找到原始 S 阶段解析 CSV,UAGMC_SOURCE passenger-only + LQ,64.31,67.17,exp11 同包曲线；训练种子 1；评估种子 123-125,需核对同物理/guard/轨迹；解析值为交接参考，非本次独立复算
exp10,S2__W_EVENTQ_VE_EMA,S2,W_EVENTQ_VE_EMA,1,100000,62.547777777777775,35.74,6.453333333333333,19.40888888888889,1.0,True,3,3,0.0,0.0,0.0,0.0,exp10_jointfirst_v5_60m__analysis_full.zip!RUN/S2__W_EVENTQ_VE_EMA/analysis/checkpoint_curve.csv,STTF,66.19,项目交接参考；当前归档未找到原始 S 阶段解析 CSV,UAGMC_SOURCE passenger-only + LQ,64.31,67.17,exp11 同包曲线；训练种子 1；评估种子 123-125,需核对同物理/guard/轨迹；解析值为交接参考，非本次独立复算
exp10,S2__W_EVENTQ_VE_EMA,S2,W_EVENTQ_VE_EMA,1,150000,61.91777777777778,34.648888888888884,6.695555555555555,19.608888888888888,1.0,True,3,3,0.0,0.0,0.0,0.0,exp10_jointfirst_v5_60m__analysis_full.zip!RUN/S2__W_EVENTQ_VE_EMA/analysis/checkpoint_curve.csv,STTF,66.19,项目交接参考；当前归档未找到原始 S 阶段解析 CSV,UAGMC_SOURCE passenger-only + LQ,64.31,67.17,exp11 同包曲线；训练种子 1；评估种子 123-125,需核对同物理/guard/轨迹；解析值为交接参考，非本次独立复算
exp10,S2__W_EVENTQ_VE_EMA,S2,W_EVENTQ_VE_EMA,1,200000,66.89444444444445,38.31333333333333,7.165555555555556,20.47111111111111,1.0,True,3,3,0.0,0.0,0.0,0.0,exp10_jointfirst_v5_60m__analysis_full.zip!RUN/S2__W_EVENTQ_VE_EMA/analysis/checkpoint_curve.csv,STTF,66.19,项目交接参考；当前归档未找到原始 S 阶段解析 CSV,UAGMC_SOURCE passenger-only + LQ,64.31,67.17,exp11 同包曲线；训练种子 1；评估种子 123-125,需核对同物理/guard/轨迹；解析值为交接参考，非本次独立复算
exp10,S2__W_EVENTQ_VE_EMA,S2,W_EVENTQ_VE_EMA,1,250000,75.19777777777777,46.21666666666666,7.268888888888888,20.78222222222222,1.0,True,3,3,0.0,0.0,0.0,0.0,exp10_jointfirst_v5_60m__analysis_full.zip!RUN/S2__W_EVENTQ_VE_EMA/analysis/checkpoint_curve.csv,STTF,66.19,项目交接参考；当前归档未找到原始 S 阶段解析 CSV,UAGMC_SOURCE passenger-only + LQ,64.31,67.17,exp11 同包曲线；训练种子 1；评估种子 123-125,需核对同物理/guard/轨迹；解析值为交接参考，非本次独立复算
exp10,S2__W_EVENTQ_VE_EMA,S2,W_EVENTQ_VE_EMA,1,300000,70.83555555555556,41.803333333333335,7.3422222222222215,20.786666666666665,1.0,True,3,3,0.0,0.0,0.0,0.0,exp10_jointfirst_v5_60m__analysis_full.zip!RUN/S2__W_EVENTQ_VE_EMA/analysis/checkpoint_curve.csv,STTF,66.19,项目交接参考；当前归档未找到原始 S 阶段解析 CSV,UAGMC_SOURCE passenger-only + LQ,64.31,67.17,exp11 同包曲线；训练种子 1；评估种子 123-125,需核对同物理/guard/轨迹；解析值为交接参考，非本次独立复算
exp10,S2__W_EVENTQ_VE_EMA,S2,W_EVENTQ_VE_EMA,1,350000,76.57111111111111,47.99666666666667,6.996666666666667,20.653333333333332,1.0,True,3,3,0.0,0.0,0.0,0.0,exp10_jointfirst_v5_60m__analysis_full.zip!RUN/S2__W_EVENTQ_VE_EMA/analysis/checkpoint_curve.csv,STTF,66.19,项目交接参考；当前归档未找到原始 S 阶段解析 CSV,UAGMC_SOURCE passenger-only + LQ,64.31,67.17,exp11 同包曲线；训练种子 1；评估种子 123-125,需核对同物理/guard/轨迹；解析值为交接参考，非本次独立复算
exp10,S2__W_EVENTQ_VE_EMA,S2,W_EVENTQ_VE_EMA,1,400000,71.60111111111111,42.803333333333335,7.125555555555555,20.755555555555556,1.0,True,3,3,0.0,0.0,0.0,0.0,exp10_jointfirst_v5_60m__analysis_full.zip!RUN/S2__W_EVENTQ_VE_EMA/analysis/checkpoint_curve.csv,STTF,66.19,项目交接参考；当前归档未找到原始 S 阶段解析 CSV,UAGMC_SOURCE passenger-only + LQ,64.31,67.17,exp11 同包曲线；训练种子 1；评估种子 123-125,需核对同物理/guard/轨迹；解析值为交接参考，非本次独立复算
exp10,S2__W_EVENTQ_VE_EMA,S2,W_EVENTQ_VE_EMA,1,450000,78.85555555555555,50.68666666666667,6.793333333333333,20.46666666666667,1.0,True,3,3,0.0,0.0,0.0,0.0,exp10_jointfirst_v5_60m__analysis_full.zip!RUN/S2__W_EVENTQ_VE_EMA/analysis/checkpoint_curve.csv,STTF,66.19,项目交接参考；当前归档未找到原始 S 阶段解析 CSV,UAGMC_SOURCE passenger-only + LQ,64.31,67.17,exp11 同包曲线；训练种子 1；评估种子 123-125,需核对同物理/guard/轨迹；解析值为交接参考，非本次独立复算
exp10,S2__W_EVENTQ_VE_EMA,S2,W_EVENTQ_VE_EMA,1,500000,74.61555555555556,45.691111111111105,7.148888888888888,20.844444444444445,1.0,True,3,3,0.0,0.0,0.0,0.0,exp10_jointfirst_v5_60m__analysis_full.zip!RUN/S2__W_EVENTQ_VE_EMA/analysis/checkpoint_curve.csv,STTF,66.19,项目交接参考；当前归档未找到原始 S 阶段解析 CSV,UAGMC_SOURCE passenger-only + LQ,64.31,67.17,exp11 同包曲线；训练种子 1；评估种子 123-125,需核对同物理/guard/轨迹；解析值为交接参考，非本次独立复算
exp10,S2__W_EVENTQ_VE_EMA,S2,W_EVENTQ_VE_EMA,1,550000,74.37555555555555,45.345555555555556,7.207777777777777,20.884444444444444,1.0,True,3,3,0.0,0.0,0.0,0.0,exp10_jointfirst_v5_60m__analysis_full.zip!RUN/S2__W_EVENTQ_VE_EMA/analysis/checkpoint_curve.csv,STTF,66.19,项目交接参考；当前归档未找到原始 S 阶段解析 CSV,UAGMC_SOURCE passenger-only + LQ,64.31,67.17,exp11 同包曲线；训练种子 1；评估种子 123-125,需核对同物理/guard/轨迹；解析值为交接参考，非本次独立复算
exp10,S2__W_EVENTQ_VE_EMA,S2,W_EVENTQ_VE_EMA,1,600000,91.17222222222222,61.632222222222225,7.346666666666667,21.235555555555553,1.0,True,3,3,0.0,0.0,0.0,0.0,exp10_jointfirst_v5_60m__analysis_full.zip!RUN/S2__W_EVENTQ_VE_EMA/analysis/checkpoint_curve.csv,STTF,66.19,项目交接参考；当前归档未找到原始 S 阶段解析 CSV,UAGMC_SOURCE passenger-only + LQ,64.31,67.17,exp11 同包曲线；训练种子 1；评估种子 123-125,需核对同物理/guard/轨迹；解析值为交接参考，非本次独立复算
exp10,S2__W_GAMMA_PETS_STEVE,S2,W_GAMMA_PETS_STEVE,1,50000,65.68555555555555,38.06444444444444,6.791111111111111,19.875555555555554,1.0,True,3,3,0.0,0.0,0.0,0.0,exp10_jointfirst_v5_60m__analysis_full.zip!RUN/S2__W_GAMMA_PETS_STEVE/analysis/checkpoint_curve.csv,STTF,66.19,项目交接参考；当前归档未找到原始 S 阶段解析 CSV,UAGMC_SOURCE passenger-only + LQ,64.31,67.17,exp11 同包曲线；训练种子 1；评估种子 123-125,需核对同物理/guard/轨迹；解析值为交接参考，非本次独立复算
exp10,S2__W_GAMMA_PETS_STEVE,S2,W_GAMMA_PETS_STEVE,1,100000,75.67555555555556,48.62222222222223,6.582222222222222,19.524444444444445,1.0,True,3,3,0.0,0.0,0.0,0.0,exp10_jointfirst_v5_60m__analysis_full.zip!RUN/S2__W_GAMMA_PETS_STEVE/analysis/checkpoint_curve.csv,STTF,66.19,项目交接参考；当前归档未找到原始 S 阶段解析 CSV,UAGMC_SOURCE passenger-only + LQ,64.31,67.17,exp11 同包曲线；训练种子 1；评估种子 123-125,需核对同物理/guard/轨迹；解析值为交接参考，非本次独立复算
exp10,S2__W_GAMMA_PETS_STEVE,S2,W_GAMMA_PETS_STEVE,1,150000,73.46333333333332,45.62888888888889,6.867777777777778,20.040000000000003,1.0,True,3,3,0.0,0.0,0.0,0.0,exp10_jointfirst_v5_60m__analysis_full.zip!RUN/S2__W_GAMMA_PETS_STEVE/analysis/checkpoint_curve.csv,STTF,66.19,项目交接参考；当前归档未找到原始 S 阶段解析 CSV,UAGMC_SOURCE passenger-only + LQ,64.31,67.17,exp11 同包曲线；训练种子 1；评估种子 123-125,需核对同物理/guard/轨迹；解析值为交接参考，非本次独立复算
exp10,S2__W_GAMMA_PETS_STEVE,S2,W_GAMMA_PETS_STEVE,1,200000,64.83,36.586666666666666,7.152222222222221,20.173333333333336,1.0,True,3,3,0.0,0.0,0.0,0.0,exp10_jointfirst_v5_60m__analysis_full.zip!RUN/S2__W_GAMMA_PETS_STEVE/analysis/checkpoint_curve.csv,STTF,66.19,项目交接参考；当前归档未找到原始 S 阶段解析 CSV,UAGMC_SOURCE passenger-only + LQ,64.31,67.17,exp11 同包曲线；训练种子 1；评估种子 123-125,需核对同物理/guard/轨迹；解析值为交接参考，非本次独立复算
exp10,S2__W_GAMMA_PETS_STEVE,S2,W_GAMMA_PETS_STEVE,1,250000,88.4588888888889,57.52555555555556,7.96,22.013333333333332,1.0,True,3,3,0.0,0.0,0.0,0.0,exp10_jointfirst_v5_60m__analysis_full.zip!RUN/S2__W_GAMMA_PETS_STEVE/analysis/checkpoint_curve.csv,STTF,66.19,项目交接参考；当前归档未找到原始 S 阶段解析 CSV,UAGMC_SOURCE passenger-only + LQ,64.31,67.17,exp11 同包曲线；训练种子 1；评估种子 123-125,需核对同物理/guard/轨迹；解析值为交接参考，非本次独立复算
exp10,S2__W_GAMMA_PETS_STEVE,S2,W_GAMMA_PETS_STEVE,1,300000,67.10777777777777,38.803333333333335,7.044444444444444,20.333333333333332,1.0,True,3,3,0.0,0.0,0.0,0.0,exp10_jointfirst_v5_60m__analysis_full.zip!RUN/S2__W_GAMMA_PETS_STEVE/analysis/checkpoint_curve.csv,STTF,66.19,项目交接参考；当前归档未找到原始 S 阶段解析 CSV,UAGMC_SOURCE passenger-only + LQ,64.31,67.17,exp11 同包曲线；训练种子 1；评估种子 123-125,需核对同物理/guard/轨迹；解析值为交接参考，非本次独立复算
exp10,S2__W_GAMMA_PETS_STEVE,S2,W_GAMMA_PETS_STEVE,1,350000,77.3411111111111,48.419999999999995,7.278888888888889,20.72,1.0,True,3,3,0.0,0.0,0.0,0.0,exp10_jointfirst_v5_60m__analysis_full.zip!RUN/S2__W_GAMMA_PETS_STEVE/analysis/checkpoint_curve.csv,STTF,66.19,项目交接参考；当前归档未找到原始 S 阶段解析 CSV,UAGMC_SOURCE passenger-only + LQ,64.31,67.17,exp11 同包曲线；训练种子 1；评估种子 123-125,需核对同物理/guard/轨迹；解析值为交接参考，非本次独立复算
exp10,S2__W_GAMMA_PETS_STEVE,S2,W_GAMMA_PETS_STEVE,1,400000,73.2611111111111,43.587777777777774,7.4688888888888885,21.266666666666666,1.0,True,3,3,0.0,0.0,0.0,0.0,exp10_jointfirst_v5_60m__analysis_full.zip!RUN/S2__W_GAMMA_PETS_STEVE/analysis/checkpoint_curve.csv,STTF,66.19,项目交接参考；当前归档未找到原始 S 阶段解析 CSV,UAGMC_SOURCE passenger-only + LQ,64.31,67.17,exp11 同包曲线；训练种子 1；评估种子 123-125,需核对同物理/guard/轨迹；解析值为交接参考，非本次独立复算
exp10,S2__W_GAMMA_PETS_STEVE,S2,W_GAMMA_PETS_STEVE,1,450000,76.38777777777779,46.34444444444444,7.641111111111112,21.448888888888888,1.0,True,3,3,0.0,0.0,0.0,0.0,exp10_jointfirst_v5_60m__analysis_full.zip!RUN/S2__W_GAMMA_PETS_STEVE/analysis/checkpoint_curve.csv,STTF,66.19,项目交接参考；当前归档未找到原始 S 阶段解析 CSV,UAGMC_SOURCE passenger-only + LQ,64.31,67.17,exp11 同包曲线；训练种子 1；评估种子 123-125,需核对同物理/guard/轨迹；解析值为交接参考，非本次独立复算
exp10,S2__W_GAMMA_PETS_STEVE,S2,W_GAMMA_PETS_STEVE,1,500000,74.16000000000001,44.69222222222222,7.390000000000001,21.164444444444445,1.0,True,3,3,0.0,0.0,0.0,0.0,exp10_jointfirst_v5_60m__analysis_full.zip!RUN/S2__W_GAMMA_PETS_STEVE/analysis/checkpoint_curve.csv,STTF,66.19,项目交接参考；当前归档未找到原始 S 阶段解析 CSV,UAGMC_SOURCE passenger-only + LQ,64.31,67.17,exp11 同包曲线；训练种子 1；评估种子 123-125,需核对同物理/guard/轨迹；解析值为交接参考，非本次独立复算
exp10,S2__W_GAMMA_PETS_STEVE,S2,W_GAMMA_PETS_STEVE,1,550000,73.68444444444445,43.98111111111111,7.508888888888888,21.284444444444446,1.0,True,3,3,0.0,0.0,0.0,0.0,exp10_jointfirst_v5_60m__analysis_full.zip!RUN/S2__W_GAMMA_PETS_STEVE/analysis/checkpoint_curve.csv,STTF,66.19,项目交接参考；当前归档未找到原始 S 阶段解析 CSV,UAGMC_SOURCE passenger-only + LQ,64.31,67.17,exp11 同包曲线；训练种子 1；评估种子 123-125,需核对同物理/guard/轨迹；解析值为交接参考，非本次独立复算
exp10,S2__W_GAMMA_PETS_STEVE,S2,W_GAMMA_PETS_STEVE,1,600000,79.43,49.464444444444446,7.517777777777778,21.48888888888889,1.0,True,3,3,0.0,0.0,0.0,0.0,exp10_jointfirst_v5_60m__analysis_full.zip!RUN/S2__W_GAMMA_PETS_STEVE/analysis/checkpoint_curve.csv,STTF,66.19,项目交接参考；当前归档未找到原始 S 阶段解析 CSV,UAGMC_SOURCE passenger-only + LQ,64.31,67.17,exp11 同包曲线；训练种子 1；评估种子 123-125,需核对同物理/guard/轨迹；解析值为交接参考，非本次独立复算
exp10,S3__A_DIRECT_CQM,S3,A_DIRECT_CQM,1,50000,145.89333333333335,117.34777777777778,6.54,21.048888888888893,1.0,True,3,3,0.0,0.0,0.0,0.0,exp10_jointfirst_v5_60m__analysis_full.zip!RUN/S3__A_DIRECT_CQM/analysis/checkpoint_curve.csv,MPTC,85.33,项目交接参考；当前归档未找到原始 S 阶段解析 CSV,UAGMC_SOURCE passenger-only + LQ,84.19,128.76,exp11 同包曲线；训练种子 1；评估种子 123-125,需核对同物理/guard/轨迹；解析值为交接参考，非本次独立复算
exp10,S3__A_DIRECT_CQM,S3,A_DIRECT_CQM,1,100000,163.63222222222223,134.10777777777778,7.0811111111111105,21.471111111111114,1.0,True,3,3,0.0,0.0,0.0,0.0,exp10_jointfirst_v5_60m__analysis_full.zip!RUN/S3__A_DIRECT_CQM/analysis/checkpoint_curve.csv,MPTC,85.33,项目交接参考；当前归档未找到原始 S 阶段解析 CSV,UAGMC_SOURCE passenger-only + LQ,84.19,128.76,exp11 同包曲线；训练种子 1；评估种子 123-125,需核对同物理/guard/轨迹；解析值为交接参考，非本次独立复算
exp10,S3__A_DIRECT_CQM,S3,A_DIRECT_CQM,1,150000,140.2711111111111,111.37444444444445,7.098888888888889,20.822222222222223,1.0,True,3,3,0.0,0.0,0.0,0.0,exp10_jointfirst_v5_60m__analysis_full.zip!RUN/S3__A_DIRECT_CQM/analysis/checkpoint_curve.csv,MPTC,85.33,项目交接参考；当前归档未找到原始 S 阶段解析 CSV,UAGMC_SOURCE passenger-only + LQ,84.19,128.76,exp11 同包曲线；训练种子 1；评估种子 123-125,需核对同物理/guard/轨迹；解析值为交接参考，非本次独立复算
exp10,S3__A_DIRECT_CQM,S3,A_DIRECT_CQM,1,200000,155.48888888888888,126.27444444444444,7.097777777777778,21.14666666666667,1.0,True,3,3,0.0,0.0,0.0,0.0,exp10_jointfirst_v5_60m__analysis_full.zip!RUN/S3__A_DIRECT_CQM/analysis/checkpoint_curve.csv,MPTC,85.33,项目交接参考；当前归档未找到原始 S 阶段解析 CSV,UAGMC_SOURCE passenger-only + LQ,84.19,128.76,exp11 同包曲线；训练种子 1；评估种子 123-125,需核对同物理/guard/轨迹；解析值为交接参考，非本次独立复算
exp10,S3__A_DIRECT_CQM,S3,A_DIRECT_CQM,1,250000,150.02666666666667,120.88333333333333,7.163333333333333,21.004444444444445,1.0,True,3,3,0.0,0.0,0.0,0.0,exp10_jointfirst_v5_60m__analysis_full.zip!RUN/S3__A_DIRECT_CQM/analysis/checkpoint_curve.csv,MPTC,85.33,项目交接参考；当前归档未找到原始 S 阶段解析 CSV,UAGMC_SOURCE passenger-only + LQ,84.19,128.76,exp11 同包曲线；训练种子 1；评估种子 123-125,需核对同物理/guard/轨迹；解析值为交接参考，非本次独立复算
exp10,S3__A_DIRECT_CQM,S3,A_DIRECT_CQM,1,300000,155.18333333333334,125.95222222222223,7.197777777777778,21.057777777777776,1.0,True,3,3,0.0,0.0,0.0,0.0,exp10_jointfirst_v5_60m__analysis_full.zip!RUN/S3__A_DIRECT_CQM/analysis/checkpoint_curve.csv,MPTC,85.33,项目交接参考；当前归档未找到原始 S 阶段解析 CSV,UAGMC_SOURCE passenger-only + LQ,84.19,128.76,exp11 同包曲线；训练种子 1；评估种子 123-125,需核对同物理/guard/轨迹；解析值为交接参考，非本次独立复算
exp10,S3__A_DIRECT_CQM,S3,A_DIRECT_CQM,1,350000,181.5222222222222,151.23444444444442,7.5633333333333335,21.75111111111111,1.0,True,3,3,0.0,0.0,0.0,0.0,exp10_jointfirst_v5_60m__analysis_full.zip!RUN/S3__A_DIRECT_CQM/analysis/checkpoint_curve.csv,MPTC,85.33,项目交接参考；当前归档未找到原始 S 阶段解析 CSV,UAGMC_SOURCE passenger-only + LQ,84.19,128.76,exp11 同包曲线；训练种子 1；评估种子 123-125,需核对同物理/guard/轨迹；解析值为交接参考，非本次独立复算
exp10,S3__A_DIRECT_CQM,S3,A_DIRECT_CQM,1,400000,199.4333333333333,168.57777777777778,7.898888888888888,21.986666666666668,1.0,True,3,3,0.0,0.0,0.0,0.0,exp10_jointfirst_v5_60m__analysis_full.zip!RUN/S3__A_DIRECT_CQM/analysis/checkpoint_curve.csv,MPTC,85.33,项目交接参考；当前归档未找到原始 S 阶段解析 CSV,UAGMC_SOURCE passenger-only + LQ,84.19,128.76,exp11 同包曲线；训练种子 1；评估种子 123-125,需核对同物理/guard/轨迹；解析值为交接参考，非本次独立复算
exp10,S3__A_DIRECT_CQM,S3,A_DIRECT_CQM,1,450000,210.24222222222224,179.48222222222225,7.953333333333333,21.83111111111111,1.0,True,3,3,0.0,0.0,0.0,0.0,exp10_jointfirst_v5_60m__analysis_full.zip!RUN/S3__A_DIRECT_CQM/analysis/checkpoint_curve.csv,MPTC,85.33,项目交接参考；当前归档未找到原始 S 阶段解析 CSV,UAGMC_SOURCE passenger-only + LQ,84.19,128.76,exp11 同包曲线；训练种子 1；评估种子 123-125,需核对同物理/guard/轨迹；解析值为交接参考，非本次独立复算
exp10,S3__A_DIRECT_CQM,S3,A_DIRECT_CQM,1,500000,185.39333333333335,154.46444444444444,8.035555555555556,21.924444444444447,1.0,True,3,3,0.0,0.0,0.0,0.0,exp10_jointfirst_v5_60m__analysis_full.zip!RUN/S3__A_DIRECT_CQM/analysis/checkpoint_curve.csv,MPTC,85.33,项目交接参考；当前归档未找到原始 S 阶段解析 CSV,UAGMC_SOURCE passenger-only + LQ,84.19,128.76,exp11 同包曲线；训练种子 1；评估种子 123-125,需核对同物理/guard/轨迹；解析值为交接参考，非本次独立复算
exp10,S3__A_DIRECT_CQM,S3,A_DIRECT_CQM,1,550000,190.2722222222222,159.00222222222223,8.225555555555557,22.080000000000002,1.0,True,3,3,0.0,0.0,0.0,0.0,exp10_jointfirst_v5_60m__analysis_full.zip!RUN/S3__A_DIRECT_CQM/analysis/checkpoint_curve.csv,MPTC,85.33,项目交接参考；当前归档未找到原始 S 阶段解析 CSV,UAGMC_SOURCE passenger-only + LQ,84.19,128.76,exp11 同包曲线；训练种子 1；评估种子 123-125,需核对同物理/guard/轨迹；解析值为交接参考，非本次独立复算
exp10,S3__A_DIRECT_CQM,S3,A_DIRECT_CQM,1,600000,192.57777777777778,161.12777777777777,8.125555555555556,22.355555555555554,1.0,True,3,3,0.0,0.0,0.0,0.0,exp10_jointfirst_v5_60m__analysis_full.zip!RUN/S3__A_DIRECT_CQM/analysis/checkpoint_curve.csv,MPTC,85.33,项目交接参考；当前归档未找到原始 S 阶段解析 CSV,UAGMC_SOURCE passenger-only + LQ,84.19,128.76,exp11 同包曲线；训练种子 1；评估种子 123-125,需核对同物理/guard/轨迹；解析值为交接参考，非本次独立复算
exp10,S3__A_ICM_AC,S3,A_ICM_AC,1,50000,306.32666666666665,274.6144444444445,8.183333333333334,22.551111111111112,1.0,True,3,3,0.0,0.0,0.0,0.0,exp10_jointfirst_v5_60m__analysis_full.zip!RUN/S3__A_ICM_AC/analysis/checkpoint_curve.csv,MPTC,85.33,项目交接参考；当前归档未找到原始 S 阶段解析 CSV,UAGMC_SOURCE passenger-only + LQ,84.19,128.76,exp11 同包曲线；训练种子 1；评估种子 123-125,需核对同物理/guard/轨迹；解析值为交接参考，非本次独立复算
exp10,S3__A_ICM_AC,S3,A_ICM_AC,1,100000,160.8311111111111,132.19777777777776,7.066666666666666,20.617777777777775,1.0,True,3,3,0.0,0.0,0.0,0.0,exp10_jointfirst_v5_60m__analysis_full.zip!RUN/S3__A_ICM_AC/analysis/checkpoint_curve.csv,MPTC,85.33,项目交接参考；当前归档未找到原始 S 阶段解析 CSV,UAGMC_SOURCE passenger-only + LQ,84.19,128.76,exp11 同包曲线；训练种子 1；评估种子 123-125,需核对同物理/guard/轨迹；解析值为交接参考，非本次独立复算
exp10,S3__A_ICM_AC,S3,A_ICM_AC,1,150000,159.12666666666667,131.26555555555558,6.764444444444444,20.142222222222223,1.0,True,3,3,0.0,0.0,0.0,0.0,exp10_jointfirst_v5_60m__analysis_full.zip!RUN/S3__A_ICM_AC/analysis/checkpoint_curve.csv,MPTC,85.33,项目交接参考；当前归档未找到原始 S 阶段解析 CSV,UAGMC_SOURCE passenger-only + LQ,84.19,128.76,exp11 同包曲线；训练种子 1；评估种子 123-125,需核对同物理/guard/轨迹；解析值为交接参考，非本次独立复算
exp10,S3__A_ICM_AC,S3,A_ICM_AC,1,200000,161.2288888888889,132.78222222222223,6.991111111111111,20.506666666666664,1.0,True,3,3,0.0,0.0,0.0,0.0,exp10_jointfirst_v5_60m__analysis_full.zip!RUN/S3__A_ICM_AC/analysis/checkpoint_curve.csv,MPTC,85.33,项目交接参考；当前归档未找到原始 S 阶段解析 CSV,UAGMC_SOURCE passenger-only + LQ,84.19,128.76,exp11 同包曲线；训练种子 1；评估种子 123-125,需核对同物理/guard/轨迹；解析值为交接参考，非本次独立复算
exp10,S3__A_ICM_AC,S3,A_ICM_AC,1,250000,176.45888888888888,147.44444444444446,7.204444444444444,20.857777777777773,1.0,True,3,3,0.0,0.0,0.0,0.0,exp10_jointfirst_v5_60m__analysis_full.zip!RUN/S3__A_ICM_AC/analysis/checkpoint_curve.csv,MPTC,85.33,项目交接参考；当前归档未找到原始 S 阶段解析 CSV,UAGMC_SOURCE passenger-only + LQ,84.19,128.76,exp11 同包曲线；训练种子 1；评估种子 123-125,需核对同物理/guard/轨迹；解析值为交接参考，非本次独立复算
exp10,S3__A_ICM_AC,S3,A_ICM_AC,1,300000,216.29222222222222,186.15444444444447,7.667777777777778,21.52,1.0,True,3,3,0.0,0.0,0.0,0.0,exp10_jointfirst_v5_60m__analysis_full.zip!RUN/S3__A_ICM_AC/analysis/checkpoint_curve.csv,MPTC,85.33,项目交接参考；当前归档未找到原始 S 阶段解析 CSV,UAGMC_SOURCE passenger-only + LQ,84.19,128.76,exp11 同包曲线；训练种子 1；评估种子 123-125,需核对同物理/guard/轨迹；解析值为交接参考，非本次独立复算
exp10,S3__A_ICM_AC,S3,A_ICM_AC,1,350000,256.69,225.95111111111112,7.872222222222223,21.919999999999998,1.0,True,3,3,0.0,0.0,0.0,0.0,exp10_jointfirst_v5_60m__analysis_full.zip!RUN/S3__A_ICM_AC/analysis/checkpoint_curve.csv,MPTC,85.33,项目交接参考；当前归档未找到原始 S 阶段解析 CSV,UAGMC_SOURCE passenger-only + LQ,84.19,128.76,exp11 同包曲线；训练种子 1；评估种子 123-125,需核对同物理/guard/轨迹；解析值为交接参考，非本次独立复算
exp10,S3__A_ICM_AC,S3,A_ICM_AC,1,400000,171.99333333333334,142.9622222222222,7.182222222222222,20.90222222222222,1.0,True,3,3,0.0,0.0,0.0,0.0,exp10_jointfirst_v5_60m__analysis_full.zip!RUN/S3__A_ICM_AC/analysis/checkpoint_curve.csv,MPTC,85.33,项目交接参考；当前归档未找到原始 S 阶段解析 CSV,UAGMC_SOURCE passenger-only + LQ,84.19,128.76,exp11 同包曲线；训练种子 1；评估种子 123-125,需核对同物理/guard/轨迹；解析值为交接参考，非本次独立复算
exp10,S3__A_ICM_AC,S3,A_ICM_AC,1,450000,204.13444444444443,174.19444444444443,7.584444444444444,21.41333333333333,1.0,True,3,3,0.0,0.0,0.0,0.0,exp10_jointfirst_v5_60m__analysis_full.zip!RUN/S3__A_ICM_AC/analysis/checkpoint_curve.csv,MPTC,85.33,项目交接参考；当前归档未找到原始 S 阶段解析 CSV,UAGMC_SOURCE passenger-only + LQ,84.19,128.76,exp11 同包曲线；训练种子 1；评估种子 123-125,需核对同物理/guard/轨迹；解析值为交接参考，非本次独立复算
exp10,S3__A_ICM_AC,S3,A_ICM_AC,1,500000,151.74777777777777,122.99555555555555,7.104444444444444,20.720000000000002,1.0,True,3,3,0.0,0.0,0.0,0.0,exp10_jointfirst_v5_60m__analysis_full.zip!RUN/S3__A_ICM_AC/analysis/checkpoint_curve.csv,MPTC,85.33,项目交接参考；当前归档未找到原始 S 阶段解析 CSV,UAGMC_SOURCE passenger-only + LQ,84.19,128.76,exp11 同包曲线；训练种子 1；评估种子 123-125,需核对同物理/guard/轨迹；解析值为交接参考，非本次独立复算
exp10,S3__A_ICM_AC,S3,A_ICM_AC,1,550000,153.48333333333332,124.53777777777778,7.2122222222222225,20.808888888888887,1.0,True,3,3,0.0,0.0,0.0,0.0,exp10_jointfirst_v5_60m__analysis_full.zip!RUN/S3__A_ICM_AC/analysis/checkpoint_curve.csv,MPTC,85.33,项目交接参考；当前归档未找到原始 S 阶段解析 CSV,UAGMC_SOURCE passenger-only + LQ,84.19,128.76,exp11 同包曲线；训练种子 1；评估种子 123-125,需核对同物理/guard/轨迹；解析值为交接参考，非本次独立复算
exp10,S3__A_ICM_AC,S3,A_ICM_AC,1,600000,128.50777777777776,100.03000000000002,7.0744444444444445,20.484444444444446,1.0,True,3,3,0.0,0.0,0.0,0.0,exp10_jointfirst_v5_60m__analysis_full.zip!RUN/S3__A_ICM_AC/analysis/checkpoint_curve.csv,MPTC,85.33,项目交接参考；当前归档未找到原始 S 阶段解析 CSV,UAGMC_SOURCE passenger-only + LQ,84.19,128.76,exp11 同包曲线；训练种子 1；评估种子 123-125,需核对同物理/guard/轨迹；解析值为交接参考，非本次独立复算
exp10,S3__CURRENT,S3,CURRENT,1,50000,185.52444444444447,156.99,6.8500000000000005,20.75111111111111,1.0,True,3,3,0.0,0.0,0.0,0.0,exp10_jointfirst_v5_60m__analysis_full.zip!RUN/S3__CURRENT/analysis/checkpoint_curve.csv,MPTC,85.33,项目交接参考；当前归档未找到原始 S 阶段解析 CSV,UAGMC_SOURCE passenger-only + LQ,84.19,128.76,exp11 同包曲线；训练种子 1；评估种子 123-125,需核对同物理/guard/轨迹；解析值为交接参考，非本次独立复算
exp10,S3__CURRENT,S3,CURRENT,1,100000,139.07777777777778,110.84555555555556,6.771111111111111,20.51111111111111,1.0,True,3,3,0.0,0.0,0.0,0.0,exp10_jointfirst_v5_60m__analysis_full.zip!RUN/S3__CURRENT/analysis/checkpoint_curve.csv,MPTC,85.33,项目交接参考；当前归档未找到原始 S 阶段解析 CSV,UAGMC_SOURCE passenger-only + LQ,84.19,128.76,exp11 同包曲线；训练种子 1；评估种子 123-125,需核对同物理/guard/轨迹；解析值为交接参考，非本次独立复算
exp10,S3__CURRENT,S3,CURRENT,1,150000,266.79,236.48444444444445,7.538888888888889,21.78222222222222,1.0,True,3,3,0.0,0.0,0.0,0.0,exp10_jointfirst_v5_60m__analysis_full.zip!RUN/S3__CURRENT/analysis/checkpoint_curve.csv,MPTC,85.33,项目交接参考；当前归档未找到原始 S 阶段解析 CSV,UAGMC_SOURCE passenger-only + LQ,84.19,128.76,exp11 同包曲线；训练种子 1；评估种子 123-125,需核对同物理/guard/轨迹；解析值为交接参考，非本次独立复算
exp10,S3__CURRENT,S3,CURRENT,1,200000,287.1455555555556,256.42,7.7622222222222215,21.977777777777778,1.0,True,3,3,0.0,0.0,0.0,0.0,exp10_jointfirst_v5_60m__analysis_full.zip!RUN/S3__CURRENT/analysis/checkpoint_curve.csv,MPTC,85.33,项目交接参考；当前归档未找到原始 S 阶段解析 CSV,UAGMC_SOURCE passenger-only + LQ,84.19,128.76,exp11 同包曲线；训练种子 1；评估种子 123-125,需核对同物理/guard/轨迹；解析值为交接参考，非本次独立复算
exp10,S3__CURRENT,S3,CURRENT,1,250000,308.12111111111113,276.4777777777778,8.19111111111111,22.46666666666667,1.0,True,3,3,0.0,0.0,0.0,0.0,exp10_jointfirst_v5_60m__analysis_full.zip!RUN/S3__CURRENT/analysis/checkpoint_curve.csv,MPTC,85.33,项目交接参考；当前归档未找到原始 S 阶段解析 CSV,UAGMC_SOURCE passenger-only + LQ,84.19,128.76,exp11 同包曲线；训练种子 1；评估种子 123-125,需核对同物理/guard/轨迹；解析值为交接参考，非本次独立复算
exp10,S3__CURRENT,S3,CURRENT,1,300000,308.21444444444444,276.59777777777776,8.173333333333334,22.45777777777778,1.0,True,3,3,0.0,0.0,0.0,0.0,exp10_jointfirst_v5_60m__analysis_full.zip!RUN/S3__CURRENT/analysis/checkpoint_curve.csv,MPTC,85.33,项目交接参考；当前归档未找到原始 S 阶段解析 CSV,UAGMC_SOURCE passenger-only + LQ,84.19,128.76,exp11 同包曲线；训练种子 1；评估种子 123-125,需核对同物理/guard/轨迹；解析值为交接参考，非本次独立复算
exp10,S3__CURRENT,S3,CURRENT,1,350000,300.4611111111111,269.03777777777776,8.104444444444445,22.333333333333332,1.0,True,3,3,0.0,0.0,0.0,0.0,exp10_jointfirst_v5_60m__analysis_full.zip!RUN/S3__CURRENT/analysis/checkpoint_curve.csv,MPTC,85.33,项目交接参考；当前归档未找到原始 S 阶段解析 CSV,UAGMC_SOURCE passenger-only + LQ,84.19,128.76,exp11 同包曲线；训练种子 1；评估种子 123-125,需核对同物理/guard/轨迹；解析值为交接参考，非本次独立复算
exp10,S3__CURRENT,S3,CURRENT,1,400000,287.5477777777778,256.53666666666663,7.958888888888889,22.066666666666666,1.0,True,3,3,0.0,0.0,0.0,0.0,exp10_jointfirst_v5_60m__analysis_full.zip!RUN/S3__CURRENT/analysis/checkpoint_curve.csv,MPTC,85.33,项目交接参考；当前归档未找到原始 S 阶段解析 CSV,UAGMC_SOURCE passenger-only + LQ,84.19,128.76,exp11 同包曲线；训练种子 1；评估种子 123-125,需核对同物理/guard/轨迹；解析值为交接参考，非本次独立复算
exp10,S3__CURRENT,S3,CURRENT,1,450000,248.36555555555557,217.91222222222223,7.747777777777777,21.72,1.0,True,3,3,0.0,0.0,0.0,0.0,exp10_jointfirst_v5_60m__analysis_full.zip!RUN/S3__CURRENT/analysis/checkpoint_curve.csv,MPTC,85.33,项目交接参考；当前归档未找到原始 S 阶段解析 CSV,UAGMC_SOURCE passenger-only + LQ,84.19,128.76,exp11 同包曲线；训练种子 1；评估种子 123-125,需核对同物理/guard/轨迹；解析值为交接参考，非本次独立复算
exp10,S3__CURRENT,S3,CURRENT,1,500000,187.81444444444446,158.42222222222222,7.197777777777778,21.20888888888889,1.0,True,3,3,0.0,0.0,0.0,0.0,exp10_jointfirst_v5_60m__analysis_full.zip!RUN/S3__CURRENT/analysis/checkpoint_curve.csv,MPTC,85.33,项目交接参考；当前归档未找到原始 S 阶段解析 CSV,UAGMC_SOURCE passenger-only + LQ,84.19,128.76,exp11 同包曲线；训练种子 1；评估种子 123-125,需核对同物理/guard/轨迹；解析值为交接参考，非本次独立复算
exp10,S3__CURRENT,S3,CURRENT,1,550000,171.20777777777778,142.2777777777778,6.923333333333333,21.04,1.0,True,3,3,0.0,0.0,0.0,0.0,exp10_jointfirst_v5_60m__analysis_full.zip!RUN/S3__CURRENT/analysis/checkpoint_curve.csv,MPTC,85.33,项目交接参考；当前归档未找到原始 S 阶段解析 CSV,UAGMC_SOURCE passenger-only + LQ,84.19,128.76,exp11 同包曲线；训练种子 1；评估种子 123-125,需核对同物理/guard/轨迹；解析值为交接参考，非本次独立复算
exp10,S3__CURRENT,S3,CURRENT,1,600000,149.85666666666668,121.65777777777778,6.6066666666666665,20.62666666666667,1.0,True,3,3,0.0,0.0,0.0,0.0,exp10_jointfirst_v5_60m__analysis_full.zip!RUN/S3__CURRENT/analysis/checkpoint_curve.csv,MPTC,85.33,项目交接参考；当前归档未找到原始 S 阶段解析 CSV,UAGMC_SOURCE passenger-only + LQ,84.19,128.76,exp11 同包曲线；训练种子 1；评估种子 123-125,需核对同物理/guard/轨迹；解析值为交接参考，非本次独立复算
exp10,S3__C_SA,S3,C_SA,1,50000,201.95222222222222,175.4888888888889,6.2811111111111115,19.235555555555553,1.0,True,3,3,0.0,0.0,0.0,0.0,exp10_jointfirst_v5_60m__analysis_full.zip!RUN/S3__C_SA/analysis/checkpoint_curve.csv,MPTC,85.33,项目交接参考；当前归档未找到原始 S 阶段解析 CSV,UAGMC_SOURCE passenger-only + LQ,84.19,128.76,exp11 同包曲线；训练种子 1；评估种子 123-125,需核对同物理/guard/轨迹；解析值为交接参考，非本次独立复算
exp10,S3__C_SA,S3,C_SA,1,100000,130.3977777777778,102.56777777777778,6.663333333333334,20.253333333333334,1.0,True,3,3,0.0,0.0,0.0,0.0,exp10_jointfirst_v5_60m__analysis_full.zip!RUN/S3__C_SA/analysis/checkpoint_curve.csv,MPTC,85.33,项目交接参考；当前归档未找到原始 S 阶段解析 CSV,UAGMC_SOURCE passenger-only + LQ,84.19,128.76,exp11 同包曲线；训练种子 1；评估种子 123-125,需核对同物理/guard/轨迹；解析值为交接参考，非本次独立复算
exp10,S3__C_SA,S3,C_SA,1,150000,229.7922222222222,199.43777777777777,7.557777777777777,21.884444444444444,1.0,True,3,3,0.0,0.0,0.0,0.0,exp10_jointfirst_v5_60m__analysis_full.zip!RUN/S3__C_SA/analysis/checkpoint_curve.csv,MPTC,85.33,项目交接参考；当前归档未找到原始 S 阶段解析 CSV,UAGMC_SOURCE passenger-only + LQ,84.19,128.76,exp11 同包曲线；训练种子 1；评估种子 123-125,需核对同物理/guard/轨迹；解析值为交接参考，非本次独立复算
exp10,S3__C_SA,S3,C_SA,1,200000,176.9822222222222,147.42555555555558,7.420000000000001,21.222222222222218,1.0,True,3,3,0.0,0.0,0.0,0.0,exp10_jointfirst_v5_60m__analysis_full.zip!RUN/S3__C_SA/analysis/checkpoint_curve.csv,MPTC,85.33,项目交接参考；当前归档未找到原始 S 阶段解析 CSV,UAGMC_SOURCE passenger-only + LQ,84.19,128.76,exp11 同包曲线；训练种子 1；评估种子 123-125,需核对同物理/guard/轨迹；解析值为交接参考，非本次独立复算
exp10,S3__C_SA,S3,C_SA,1,250000,189.3888888888889,159.85,7.335555555555556,21.288888888888888,1.0,True,3,3,0.0,0.0,0.0,0.0,exp10_jointfirst_v5_60m__analysis_full.zip!RUN/S3__C_SA/analysis/checkpoint_curve.csv,MPTC,85.33,项目交接参考；当前归档未找到原始 S 阶段解析 CSV,UAGMC_SOURCE passenger-only + LQ,84.19,128.76,exp11 同包曲线；训练种子 1；评估种子 123-125,需核对同物理/guard/轨迹；解析值为交接参考，非本次独立复算
exp10,S3__C_SA,S3,C_SA,1,300000,176.90555555555557,147.3511111111111,7.427777777777777,21.213333333333335,1.0,True,3,3,0.0,0.0,0.0,0.0,exp10_jointfirst_v5_60m__analysis_full.zip!RUN/S3__C_SA/analysis/checkpoint_curve.csv,MPTC,85.33,项目交接参考；当前归档未找到原始 S 阶段解析 CSV,UAGMC_SOURCE passenger-only + LQ,84.19,128.76,exp11 同包曲线；训练种子 1；评估种子 123-125,需核对同物理/guard/轨迹；解析值为交接参考，非本次独立复算
exp10,S3__C_SA,S3,C_SA,1,350000,201.20222222222222,171.1822222222222,7.604444444444444,21.50222222222222,1.0,True,3,3,0.0,0.0,0.0,0.0,exp10_jointfirst_v5_60m__analysis_full.zip!RUN/S3__C_SA/analysis/checkpoint_curve.csv,MPTC,85.33,项目交接参考；当前归档未找到原始 S 阶段解析 CSV,UAGMC_SOURCE passenger-only + LQ,84.19,128.76,exp11 同包曲线；训练种子 1；评估种子 123-125,需核对同物理/guard/轨迹；解析值为交接参考，非本次独立复算
exp10,S3__C_SA,S3,C_SA,1,400000,219.45000000000002,189.15444444444447,7.684444444444445,21.697777777777777,1.0,True,3,3,0.0,0.0,0.0,0.0,exp10_jointfirst_v5_60m__analysis_full.zip!RUN/S3__C_SA/analysis/checkpoint_curve.csv,MPTC,85.33,项目交接参考；当前归档未找到原始 S 阶段解析 CSV,UAGMC_SOURCE passenger-only + LQ,84.19,128.76,exp11 同包曲线；训练种子 1；评估种子 123-125,需核对同物理/guard/轨迹；解析值为交接参考，非本次独立复算
exp10,S3__C_SA,S3,C_SA,1,450000,205.21888888888887,175.10555555555553,7.608888888888889,21.591111111111108,1.0,True,3,3,0.0,0.0,0.0,0.0,exp10_jointfirst_v5_60m__analysis_full.zip!RUN/S3__C_SA/analysis/checkpoint_curve.csv,MPTC,85.33,项目交接参考；当前归档未找到原始 S 阶段解析 CSV,UAGMC_SOURCE passenger-only + LQ,84.19,128.76,exp11 同包曲线；训练种子 1；评估种子 123-125,需核对同物理/guard/轨迹；解析值为交接参考，非本次独立复算
exp10,S3__C_SA,S3,C_SA,1,500000,176.9611111111111,147.14555555555555,7.56,21.342222222222222,1.0,True,3,3,0.0,0.0,0.0,0.0,exp10_jointfirst_v5_60m__analysis_full.zip!RUN/S3__C_SA/analysis/checkpoint_curve.csv,MPTC,85.33,项目交接参考；当前归档未找到原始 S 阶段解析 CSV,UAGMC_SOURCE passenger-only + LQ,84.19,128.76,exp11 同包曲线；训练种子 1；评估种子 123-125,需核对同物理/guard/轨迹；解析值为交接参考，非本次独立复算
exp10,S3__C_SA,S3,C_SA,1,550000,170.75777777777776,141.19555555555556,7.407777777777778,21.244444444444444,1.0,True,3,3,0.0,0.0,0.0,0.0,exp10_jointfirst_v5_60m__analysis_full.zip!RUN/S3__C_SA/analysis/checkpoint_curve.csv,MPTC,85.33,项目交接参考；当前归档未找到原始 S 阶段解析 CSV,UAGMC_SOURCE passenger-only + LQ,84.19,128.76,exp11 同包曲线；训练种子 1；评估种子 123-125,需核对同物理/guard/轨迹；解析值为交接参考，非本次独立复算
exp10,S3__C_SA,S3,C_SA,1,600000,181.6677777777778,151.92333333333332,7.455555555555556,21.37777777777778,1.0,True,3,3,0.0,0.0,0.0,0.0,exp10_jointfirst_v5_60m__analysis_full.zip!RUN/S3__C_SA/analysis/checkpoint_curve.csv,MPTC,85.33,项目交接参考；当前归档未找到原始 S 阶段解析 CSV,UAGMC_SOURCE passenger-only + LQ,84.19,128.76,exp11 同包曲线；训练种子 1；评估种子 123-125,需核对同物理/guard/轨迹；解析值为交接参考，非本次独立复算
exp10,S3__C_SAW,S3,C_SAW,1,50000,213.29111111111112,181.38666666666668,8.157777777777778,22.786666666666665,1.0,True,3,3,0.0,0.0,0.0,0.0,exp10_jointfirst_v5_60m__analysis_full.zip!RUN/S3__C_SAW/analysis/checkpoint_curve.csv,MPTC,85.33,项目交接参考；当前归档未找到原始 S 阶段解析 CSV,UAGMC_SOURCE passenger-only + LQ,84.19,128.76,exp11 同包曲线；训练种子 1；评估种子 123-125,需核对同物理/guard/轨迹；解析值为交接参考，非本次独立复算
exp10,S3__C_SAW,S3,C_SAW,1,100000,214.33333333333334,181.88222222222223,8.494444444444445,22.973333333333333,1.0,True,3,3,0.0,0.0,0.0,0.0,exp10_jointfirst_v5_60m__analysis_full.zip!RUN/S3__C_SAW/analysis/checkpoint_curve.csv,MPTC,85.33,项目交接参考；当前归档未找到原始 S 阶段解析 CSV,UAGMC_SOURCE passenger-only + LQ,84.19,128.76,exp11 同包曲线；训练种子 1；评估种子 123-125,需核对同物理/guard/轨迹；解析值为交接参考，非本次独立复算
exp10,S3__C_SAW,S3,C_SAW,1,150000,182.83,152.2722222222222,7.72,21.862222222222226,1.0,True,3,3,0.0,0.0,0.0,0.0,exp10_jointfirst_v5_60m__analysis_full.zip!RUN/S3__C_SAW/analysis/checkpoint_curve.csv,MPTC,85.33,项目交接参考；当前归档未找到原始 S 阶段解析 CSV,UAGMC_SOURCE passenger-only + LQ,84.19,128.76,exp11 同包曲线；训练种子 1；评估种子 123-125,需核对同物理/guard/轨迹；解析值为交接参考，非本次独立复算
exp10,S3__C_SAW,S3,C_SAW,1,200000,146.36333333333334,117.08777777777777,7.21,21.09777777777778,1.0,True,3,3,0.0,0.0,0.0,0.0,exp10_jointfirst_v5_60m__analysis_full.zip!RUN/S3__C_SAW/analysis/checkpoint_curve.csv,MPTC,85.33,项目交接参考；当前归档未找到原始 S 阶段解析 CSV,UAGMC_SOURCE passenger-only + LQ,84.19,128.76,exp11 同包曲线；训练种子 1；评估种子 123-125,需核对同物理/guard/轨迹；解析值为交接参考，非本次独立复算
exp10,S3__C_SAW,S3,C_SAW,1,250000,175.52666666666667,145.46111111111114,7.398888888888888,21.697777777777777,1.0,True,3,3,0.0,0.0,0.0,0.0,exp10_jointfirst_v5_60m__analysis_full.zip!RUN/S3__C_SAW/analysis/checkpoint_curve.csv,MPTC,85.33,项目交接参考；当前归档未找到原始 S 阶段解析 CSV,UAGMC_SOURCE passenger-only + LQ,84.19,128.76,exp11 同包曲线；训练种子 1；评估种子 123-125,需核对同物理/guard/轨迹；解析值为交接参考，非本次独立复算
exp10,S3__C_SAW,S3,C_SAW,1,300000,180.8877777777778,150.36555555555557,7.674444444444444,21.875555555555554,1.0,True,3,3,0.0,0.0,0.0,0.0,exp10_jointfirst_v5_60m__analysis_full.zip!RUN/S3__C_SAW/analysis/checkpoint_curve.csv,MPTC,85.33,项目交接参考；当前归档未找到原始 S 阶段解析 CSV,UAGMC_SOURCE passenger-only + LQ,84.19,128.76,exp11 同包曲线；训练种子 1；评估种子 123-125,需核对同物理/guard/轨迹；解析值为交接参考，非本次独立复算
exp10,S3__C_SAW,S3,C_SAW,1,350000,173.04555555555555,142.65,7.6944444444444455,21.733333333333334,1.0,True,3,3,0.0,0.0,0.0,0.0,exp10_jointfirst_v5_60m__analysis_full.zip!RUN/S3__C_SAW/analysis/checkpoint_curve.csv,MPTC,85.33,项目交接参考；当前归档未找到原始 S 阶段解析 CSV,UAGMC_SOURCE passenger-only + LQ,84.19,128.76,exp11 同包曲线；训练种子 1；评估种子 123-125,需核对同物理/guard/轨迹；解析值为交接参考，非本次独立复算
exp10,S3__C_SAW,S3,C_SAW,1,400000,165.94555555555556,136.01444444444445,7.518888888888888,21.444444444444446,1.0,True,3,3,0.0,0.0,0.0,0.0,exp10_jointfirst_v5_60m__analysis_full.zip!RUN/S3__C_SAW/analysis/checkpoint_curve.csv,MPTC,85.33,项目交接参考；当前归档未找到原始 S 阶段解析 CSV,UAGMC_SOURCE passenger-only + LQ,84.19,128.76,exp11 同包曲线；训练种子 1；评估种子 123-125,需核对同物理/guard/轨迹；解析值为交接参考，非本次独立复算
exp10,S3__C_SAW,S3,C_SAW,1,450000,164.13222222222223,134.6866666666667,7.268888888888888,21.2,1.0,True,3,3,0.0,0.0,0.0,0.0,exp10_jointfirst_v5_60m__analysis_full.zip!RUN/S3__C_SAW/analysis/checkpoint_curve.csv,MPTC,85.33,项目交接参考；当前归档未找到原始 S 阶段解析 CSV,UAGMC_SOURCE passenger-only + LQ,84.19,128.76,exp11 同包曲线；训练种子 1；评估种子 123-125,需核对同物理/guard/轨迹；解析值为交接参考，非本次独立复算
exp10,S3__C_SAW,S3,C_SAW,1,500000,160.11111111111111,130.4611111111111,7.504444444444444,21.164444444444445,1.0,True,3,3,0.0,0.0,0.0,0.0,exp10_jointfirst_v5_60m__analysis_full.zip!RUN/S3__C_SAW/analysis/checkpoint_curve.csv,MPTC,85.33,项目交接参考；当前归档未找到原始 S 阶段解析 CSV,UAGMC_SOURCE passenger-only + LQ,84.19,128.76,exp11 同包曲线；训练种子 1；评估种子 123-125,需核对同物理/guard/轨迹；解析值为交接参考，非本次独立复算
exp10,S3__C_SAW,S3,C_SAW,1,550000,150.18,120.77111111111111,7.435555555555556,20.99111111111111,1.0,True,3,3,0.0,0.0,0.0,0.0,exp10_jointfirst_v5_60m__analysis_full.zip!RUN/S3__C_SAW/analysis/checkpoint_curve.csv,MPTC,85.33,项目交接参考；当前归档未找到原始 S 阶段解析 CSV,UAGMC_SOURCE passenger-only + LQ,84.19,128.76,exp11 同包曲线；训练种子 1；评估种子 123-125,需核对同物理/guard/轨迹；解析值为交接参考，非本次独立复算
exp10,S3__C_SAW,S3,C_SAW,1,600000,140.48555555555552,111.79222222222222,7.236666666666667,20.475555555555555,1.0,True,3,3,0.0,0.0,0.0,0.0,exp10_jointfirst_v5_60m__analysis_full.zip!RUN/S3__C_SAW/analysis/checkpoint_curve.csv,MPTC,85.33,项目交接参考；当前归档未找到原始 S 阶段解析 CSV,UAGMC_SOURCE passenger-only + LQ,84.19,128.76,exp11 同包曲线；训练种子 1；评估种子 123-125,需核对同物理/guard/轨迹；解析值为交接参考，非本次独立复算
exp10,S3__R_EVENTQ,S3,R_EVENTQ,1,50000,160.78,131.91666666666666,7.094444444444444,20.826666666666664,1.0,True,3,3,0.0,0.0,0.0,0.0,exp10_jointfirst_v5_60m__analysis_full.zip!RUN/S3__R_EVENTQ/analysis/checkpoint_curve.csv,MPTC,85.33,项目交接参考；当前归档未找到原始 S 阶段解析 CSV,UAGMC_SOURCE passenger-only + LQ,84.19,128.76,exp11 同包曲线；训练种子 1；评估种子 123-125,需核对同物理/guard/轨迹；解析值为交接参考，非本次独立复算
exp10,S3__R_EVENTQ,S3,R_EVENTQ,1,100000,174.67666666666665,146.20666666666668,6.87,20.684444444444445,1.0,True,3,3,0.0,0.0,0.0,0.0,exp10_jointfirst_v5_60m__analysis_full.zip!RUN/S3__R_EVENTQ/analysis/checkpoint_curve.csv,MPTC,85.33,项目交接参考；当前归档未找到原始 S 阶段解析 CSV,UAGMC_SOURCE passenger-only + LQ,84.19,128.76,exp11 同包曲线；训练种子 1；评估种子 123-125,需核对同物理/guard/轨迹；解析值为交接参考，非本次独立复算
exp10,S3__R_EVENTQ,S3,R_EVENTQ,1,150000,206.00666666666666,176.1022222222222,7.451111111111111,21.515555555555554,1.0,True,3,3,0.0,0.0,0.0,0.0,exp10_jointfirst_v5_60m__analysis_full.zip!RUN/S3__R_EVENTQ/analysis/checkpoint_curve.csv,MPTC,85.33,项目交接参考；当前归档未找到原始 S 阶段解析 CSV,UAGMC_SOURCE passenger-only + LQ,84.19,128.76,exp11 同包曲线；训练种子 1；评估种子 123-125,需核对同物理/guard/轨迹；解析值为交接参考，非本次独立复算
exp10,S3__R_EVENTQ,S3,R_EVENTQ,1,200000,224.58,194.79,7.371111111111111,21.47111111111111,1.0,True,3,3,0.0,0.0,0.0,0.0,exp10_jointfirst_v5_60m__analysis_full.zip!RUN/S3__R_EVENTQ/analysis/checkpoint_curve.csv,MPTC,85.33,项目交接参考；当前归档未找到原始 S 阶段解析 CSV,UAGMC_SOURCE passenger-only + LQ,84.19,128.76,exp11 同包曲线；训练种子 1；评估种子 123-125,需核对同物理/guard/轨迹；解析值为交接参考，非本次独立复算
exp10,S3__R_EVENTQ,S3,R_EVENTQ,1,250000,223.96333333333334,194.06444444444446,7.454444444444444,21.50222222222222,1.0,True,3,3,0.0,0.0,0.0,0.0,exp10_jointfirst_v5_60m__analysis_full.zip!RUN/S3__R_EVENTQ/analysis/checkpoint_curve.csv,MPTC,85.33,项目交接参考；当前归档未找到原始 S 阶段解析 CSV,UAGMC_SOURCE passenger-only + LQ,84.19,128.76,exp11 同包曲线；训练种子 1；评估种子 123-125,需核对同物理/guard/轨迹；解析值为交接参考，非本次独立复算
exp10,S3__R_EVENTQ,S3,R_EVENTQ,1,300000,214.63777777777776,185.30555555555557,7.083333333333333,21.302222222222223,1.0,True,3,3,0.0,0.0,0.0,0.0,exp10_jointfirst_v5_60m__analysis_full.zip!RUN/S3__R_EVENTQ/analysis/checkpoint_curve.csv,MPTC,85.33,项目交接参考；当前归档未找到原始 S 阶段解析 CSV,UAGMC_SOURCE passenger-only + LQ,84.19,128.76,exp11 同包曲线；训练种子 1；评估种子 123-125,需核对同物理/guard/轨迹；解析值为交接参考，非本次独立复算
exp10,S3__R_EVENTQ,S3,R_EVENTQ,1,350000,205.25777777777776,175.42777777777778,7.548888888888889,21.337777777777777,1.0,True,3,3,0.0,0.0,0.0,0.0,exp10_jointfirst_v5_60m__analysis_full.zip!RUN/S3__R_EVENTQ/analysis/checkpoint_curve.csv,MPTC,85.33,项目交接参考；当前归档未找到原始 S 阶段解析 CSV,UAGMC_SOURCE passenger-only + LQ,84.19,128.76,exp11 同包曲线；训练种子 1；评估种子 123-125,需核对同物理/guard/轨迹；解析值为交接参考，非本次独立复算
exp10,S3__R_EVENTQ,S3,R_EVENTQ,1,400000,249.28444444444446,218.7822222222222,7.768888888888888,21.795555555555552,1.0,True,3,3,0.0,0.0,0.0,0.0,exp10_jointfirst_v5_60m__analysis_full.zip!RUN/S3__R_EVENTQ/analysis/checkpoint_curve.csv,MPTC,85.33,项目交接参考；当前归档未找到原始 S 阶段解析 CSV,UAGMC_SOURCE passenger-only + LQ,84.19,128.76,exp11 同包曲线；训练种子 1；评估种子 123-125,需核对同物理/guard/轨迹；解析值为交接参考，非本次独立复算
exp10,S3__R_EVENTQ,S3,R_EVENTQ,1,450000,264.35777777777776,233.57555555555555,7.791111111111111,22.048888888888886,1.0,True,3,3,0.0,0.0,0.0,0.0,exp10_jointfirst_v5_60m__analysis_full.zip!RUN/S3__R_EVENTQ/analysis/checkpoint_curve.csv,MPTC,85.33,项目交接参考；当前归档未找到原始 S 阶段解析 CSV,UAGMC_SOURCE passenger-only + LQ,84.19,128.76,exp11 同包曲线；训练种子 1；评估种子 123-125,需核对同物理/guard/轨迹；解析值为交接参考，非本次独立复算
exp10,S3__R_EVENTQ,S3,R_EVENTQ,1,500000,135.15,106.63555555555554,7.022222222222222,20.551111111111112,1.0,True,3,3,0.0,0.0,0.0,0.0,exp10_jointfirst_v5_60m__analysis_full.zip!RUN/S3__R_EVENTQ/analysis/checkpoint_curve.csv,MPTC,85.33,项目交接参考；当前归档未找到原始 S 阶段解析 CSV,UAGMC_SOURCE passenger-only + LQ,84.19,128.76,exp11 同包曲线；训练种子 1；评估种子 123-125,需核对同物理/guard/轨迹；解析值为交接参考，非本次独立复算
exp10,S3__R_EVENTQ,S3,R_EVENTQ,1,550000,101.60333333333334,74.28444444444445,6.527777777777779,19.86222222222222,1.0,True,3,3,0.0,0.0,0.0,0.0,exp10_jointfirst_v5_60m__analysis_full.zip!RUN/S3__R_EVENTQ/analysis/checkpoint_curve.csv,MPTC,85.33,项目交接参考；当前归档未找到原始 S 阶段解析 CSV,UAGMC_SOURCE passenger-only + LQ,84.19,128.76,exp11 同包曲线；训练种子 1；评估种子 123-125,需核对同物理/guard/轨迹；解析值为交接参考，非本次独立复算
exp10,S3__R_EVENTQ,S3,R_EVENTQ,1,600000,92.60000000000001,65.83666666666666,6.374444444444445,19.48,1.0,True,3,3,0.0,0.0,0.0,0.0,exp10_jointfirst_v5_60m__analysis_full.zip!RUN/S3__R_EVENTQ/analysis/checkpoint_curve.csv,MPTC,85.33,项目交接参考；当前归档未找到原始 S 阶段解析 CSV,UAGMC_SOURCE passenger-only + LQ,84.19,128.76,exp11 同包曲线；训练种子 1；评估种子 123-125,需核对同物理/guard/轨迹；解析值为交接参考，非本次独立复算
exp10,S3__R_TDM,S3,R_TDM,1,50000,144.57333333333332,117.36666666666667,6.326666666666667,19.946666666666665,1.0,True,3,3,0.0,0.0,0.0,0.0,exp10_jointfirst_v5_60m__analysis_full.zip!RUN/S3__R_TDM/analysis/checkpoint_curve.csv,MPTC,85.33,项目交接参考；当前归档未找到原始 S 阶段解析 CSV,UAGMC_SOURCE passenger-only + LQ,84.19,128.76,exp11 同包曲线；训练种子 1；评估种子 123-125,需核对同物理/guard/轨迹；解析值为交接参考，非本次独立复算
exp10,S3__R_TDM,S3,R_TDM,1,100000,140.4711111111111,112.45111111111112,6.605555555555555,20.475555555555555,1.0,True,3,3,0.0,0.0,0.0,0.0,exp10_jointfirst_v5_60m__analysis_full.zip!RUN/S3__R_TDM/analysis/checkpoint_curve.csv,MPTC,85.33,项目交接参考；当前归档未找到原始 S 阶段解析 CSV,UAGMC_SOURCE passenger-only + LQ,84.19,128.76,exp11 同包曲线；训练种子 1；评估种子 123-125,需核对同物理/guard/轨迹；解析值为交接参考，非本次独立复算
exp10,S3__R_TDM,S3,R_TDM,1,150000,219.8622222222222,189.8977777777778,7.585555555555556,21.42222222222222,1.0,True,3,3,0.0,0.0,0.0,0.0,exp10_jointfirst_v5_60m__analysis_full.zip!RUN/S3__R_TDM/analysis/checkpoint_curve.csv,MPTC,85.33,项目交接参考；当前归档未找到原始 S 阶段解析 CSV,UAGMC_SOURCE passenger-only + LQ,84.19,128.76,exp11 同包曲线；训练种子 1；评估种子 123-125,需核对同物理/guard/轨迹；解析值为交接参考，非本次独立复算
exp10,S3__R_TDM,S3,R_TDM,1,200000,196.66555555555556,166.91444444444446,7.5555555555555545,21.24888888888889,1.0,True,3,3,0.0,0.0,0.0,0.0,exp10_jointfirst_v5_60m__analysis_full.zip!RUN/S3__R_TDM/analysis/checkpoint_curve.csv,MPTC,85.33,项目交接参考；当前归档未找到原始 S 阶段解析 CSV,UAGMC_SOURCE passenger-only + LQ,84.19,128.76,exp11 同包曲线；训练种子 1；评估种子 123-125,需核对同物理/guard/轨迹；解析值为交接参考，非本次独立复算
exp10,S3__R_TDM,S3,R_TDM,1,250000,242.24444444444444,212.03555555555556,7.699999999999999,21.56888888888889,1.0,True,3,3,0.0,0.0,0.0,0.0,exp10_jointfirst_v5_60m__analysis_full.zip!RUN/S3__R_TDM/analysis/checkpoint_curve.csv,MPTC,85.33,项目交接参考；当前归档未找到原始 S 阶段解析 CSV,UAGMC_SOURCE passenger-only + LQ,84.19,128.76,exp11 同包曲线；训练种子 1；评估种子 123-125,需核对同物理/guard/轨迹；解析值为交接参考，非本次独立复算
exp10,S3__R_TDM,S3,R_TDM,1,300000,234.8111111111111,204.5677777777778,7.764444444444444,21.53777777777778,1.0,True,3,3,0.0,0.0,0.0,0.0,exp10_jointfirst_v5_60m__analysis_full.zip!RUN/S3__R_TDM/analysis/checkpoint_curve.csv,MPTC,85.33,项目交接参考；当前归档未找到原始 S 阶段解析 CSV,UAGMC_SOURCE passenger-only + LQ,84.19,128.76,exp11 同包曲线；训练种子 1；评估种子 123-125,需核对同物理/guard/轨迹；解析值为交接参考，非本次独立复算
exp10,S3__R_TDM,S3,R_TDM,1,350000,245.78111111111113,215.4077777777778,7.835555555555556,21.591111111111108,1.0,True,3,3,0.0,0.0,0.0,0.0,exp10_jointfirst_v5_60m__analysis_full.zip!RUN/S3__R_TDM/analysis/checkpoint_curve.csv,MPTC,85.33,项目交接参考；当前归档未找到原始 S 阶段解析 CSV,UAGMC_SOURCE passenger-only + LQ,84.19,128.76,exp11 同包曲线；训练种子 1；评估种子 123-125,需核对同物理/guard/轨迹；解析值为交接参考，非本次独立复算
exp10,S3__R_TDM,S3,R_TDM,1,400000,170.23666666666668,140.84888888888887,7.3566666666666665,21.09777777777778,1.0,True,3,3,0.0,0.0,0.0,0.0,exp10_jointfirst_v5_60m__analysis_full.zip!RUN/S3__R_TDM/analysis/checkpoint_curve.csv,MPTC,85.33,项目交接参考；当前归档未找到原始 S 阶段解析 CSV,UAGMC_SOURCE passenger-only + LQ,84.19,128.76,exp11 同包曲线；训练种子 1；评估种子 123-125,需核对同物理/guard/轨迹；解析值为交接参考，非本次独立复算
exp10,S3__R_TDM,S3,R_TDM,1,450000,174.82666666666668,145.45000000000002,7.325555555555556,21.115555555555556,1.0,True,3,3,0.0,0.0,0.0,0.0,exp10_jointfirst_v5_60m__analysis_full.zip!RUN/S3__R_TDM/analysis/checkpoint_curve.csv,MPTC,85.33,项目交接参考；当前归档未找到原始 S 阶段解析 CSV,UAGMC_SOURCE passenger-only + LQ,84.19,128.76,exp11 同包曲线；训练种子 1；评估种子 123-125,需核对同物理/guard/轨迹；解析值为交接参考，非本次独立复算
exp10,S3__R_TDM,S3,R_TDM,1,500000,138.2111111111111,109.4488888888889,7.124444444444445,20.711111111111112,1.0,True,3,3,0.0,0.0,0.0,0.0,exp10_jointfirst_v5_60m__analysis_full.zip!RUN/S3__R_TDM/analysis/checkpoint_curve.csv,MPTC,85.33,项目交接参考；当前归档未找到原始 S 阶段解析 CSV,UAGMC_SOURCE passenger-only + LQ,84.19,128.76,exp11 同包曲线；训练种子 1；评估种子 123-125,需核对同物理/guard/轨迹；解析值为交接参考，非本次独立复算
exp10,S3__R_TDM,S3,R_TDM,1,550000,144.40555555555557,115.42,7.277777777777778,20.78222222222222,1.0,True,3,3,0.0,0.0,0.0,0.0,exp10_jointfirst_v5_60m__analysis_full.zip!RUN/S3__R_TDM/analysis/checkpoint_curve.csv,MPTC,85.33,项目交接参考；当前归档未找到原始 S 阶段解析 CSV,UAGMC_SOURCE passenger-only + LQ,84.19,128.76,exp11 同包曲线；训练种子 1；评估种子 123-125,需核对同物理/guard/轨迹；解析值为交接参考，非本次独立复算
exp10,S3__R_TDM,S3,R_TDM,1,600000,126.19666666666667,97.29555555555555,7.335555555555556,20.635555555555555,1.0,True,3,3,0.0,0.0,0.0,0.0,exp10_jointfirst_v5_60m__analysis_full.zip!RUN/S3__R_TDM/analysis/checkpoint_curve.csv,MPTC,85.33,项目交接参考；当前归档未找到原始 S 阶段解析 CSV,UAGMC_SOURCE passenger-only + LQ,84.19,128.76,exp11 同包曲线；训练种子 1；评估种子 123-125,需核对同物理/guard/轨迹；解析值为交接参考，非本次独立复算
exp10,S3__S_HKSL_MULTI,S3,S_HKSL_MULTI,1,50000,93.16555555555556,65.31777777777778,6.9444444444444455,19.92888888888889,1.0,True,3,3,0.0,0.0,0.0,0.0,exp10_jointfirst_v5_60m__analysis_full.zip!RUN/S3__S_HKSL_MULTI/analysis/checkpoint_curve.csv,MPTC,85.33,项目交接参考；当前归档未找到原始 S 阶段解析 CSV,UAGMC_SOURCE passenger-only + LQ,84.19,128.76,exp11 同包曲线；训练种子 1；评估种子 123-125,需核对同物理/guard/轨迹；解析值为交接参考，非本次独立复算
exp10,S3__S_HKSL_MULTI,S3,S_HKSL_MULTI,1,100000,115.05777777777776,87.47222222222221,6.8066666666666675,19.84888888888889,1.0,True,3,3,0.0,0.0,0.0,0.0,exp10_jointfirst_v5_60m__analysis_full.zip!RUN/S3__S_HKSL_MULTI/analysis/checkpoint_curve.csv,MPTC,85.33,项目交接参考；当前归档未找到原始 S 阶段解析 CSV,UAGMC_SOURCE passenger-only + LQ,84.19,128.76,exp11 同包曲线；训练种子 1；评估种子 123-125,需核对同物理/guard/轨迹；解析值为交接参考，非本次独立复算
exp10,S3__S_HKSL_MULTI,S3,S_HKSL_MULTI,1,150000,147.38666666666666,118.81222222222222,7.094444444444444,20.551111111111112,1.0,True,3,3,0.0,0.0,0.0,0.0,exp10_jointfirst_v5_60m__analysis_full.zip!RUN/S3__S_HKSL_MULTI/analysis/checkpoint_curve.csv,MPTC,85.33,项目交接参考；当前归档未找到原始 S 阶段解析 CSV,UAGMC_SOURCE passenger-only + LQ,84.19,128.76,exp11 同包曲线；训练种子 1；评估种子 123-125,需核对同物理/guard/轨迹；解析值为交接参考，非本次独立复算
exp10,S3__S_HKSL_MULTI,S3,S_HKSL_MULTI,1,200000,143.15666666666667,114.40555555555557,7.21,20.622222222222224,1.0,True,3,3,0.0,0.0,0.0,0.0,exp10_jointfirst_v5_60m__analysis_full.zip!RUN/S3__S_HKSL_MULTI/analysis/checkpoint_curve.csv,MPTC,85.33,项目交接参考；当前归档未找到原始 S 阶段解析 CSV,UAGMC_SOURCE passenger-only + LQ,84.19,128.76,exp11 同包曲线；训练种子 1；评估种子 123-125,需核对同物理/guard/轨迹；解析值为交接参考，非本次独立复算
exp10,S3__S_HKSL_MULTI,S3,S_HKSL_MULTI,1,250000,149.45111111111112,120.48666666666666,7.2188888888888885,20.817777777777778,1.0,True,3,3,0.0,0.0,0.0,0.0,exp10_jointfirst_v5_60m__analysis_full.zip!RUN/S3__S_HKSL_MULTI/analysis/checkpoint_curve.csv,MPTC,85.33,项目交接参考；当前归档未找到原始 S 阶段解析 CSV,UAGMC_SOURCE passenger-only + LQ,84.19,128.76,exp11 同包曲线；训练种子 1；评估种子 123-125,需核对同物理/guard/轨迹；解析值为交接参考，非本次独立复算
exp10,S3__S_HKSL_MULTI,S3,S_HKSL_MULTI,1,300000,142.95888888888888,114.08,7.173333333333333,20.77333333333333,1.0,True,3,3,0.0,0.0,0.0,0.0,exp10_jointfirst_v5_60m__analysis_full.zip!RUN/S3__S_HKSL_MULTI/analysis/checkpoint_curve.csv,MPTC,85.33,项目交接参考；当前归档未找到原始 S 阶段解析 CSV,UAGMC_SOURCE passenger-only + LQ,84.19,128.76,exp11 同包曲线；训练种子 1；评估种子 123-125,需核对同物理/guard/轨迹；解析值为交接参考，非本次独立复算
exp10,S3__S_HKSL_MULTI,S3,S_HKSL_MULTI,1,350000,166.5288888888889,137.10777777777778,7.4255555555555555,21.066666666666666,1.0,True,3,3,0.0,0.0,0.0,0.0,exp10_jointfirst_v5_60m__analysis_full.zip!RUN/S3__S_HKSL_MULTI/analysis/checkpoint_curve.csv,MPTC,85.33,项目交接参考；当前归档未找到原始 S 阶段解析 CSV,UAGMC_SOURCE passenger-only + LQ,84.19,128.76,exp11 同包曲线；训练种子 1；评估种子 123-125,需核对同物理/guard/轨迹；解析值为交接参考，非本次独立复算
exp10,S3__S_HKSL_MULTI,S3,S_HKSL_MULTI,1,400000,159.27555555555557,130.04777777777778,7.407777777777778,20.88888888888889,1.0,True,3,3,0.0,0.0,0.0,0.0,exp10_jointfirst_v5_60m__analysis_full.zip!RUN/S3__S_HKSL_MULTI/analysis/checkpoint_curve.csv,MPTC,85.33,项目交接参考；当前归档未找到原始 S 阶段解析 CSV,UAGMC_SOURCE passenger-only + LQ,84.19,128.76,exp11 同包曲线；训练种子 1；评估种子 123-125,需核对同物理/guard/轨迹；解析值为交接参考，非本次独立复算
exp10,S3__S_HKSL_MULTI,S3,S_HKSL_MULTI,1,450000,145.4177777777778,116.62666666666667,7.167777777777778,20.68444444444445,1.0,True,3,3,0.0,0.0,0.0,0.0,exp10_jointfirst_v5_60m__analysis_full.zip!RUN/S3__S_HKSL_MULTI/analysis/checkpoint_curve.csv,MPTC,85.33,项目交接参考；当前归档未找到原始 S 阶段解析 CSV,UAGMC_SOURCE passenger-only + LQ,84.19,128.76,exp11 同包曲线；训练种子 1；评估种子 123-125,需核对同物理/guard/轨迹；解析值为交接参考，非本次独立复算
exp10,S3__S_HKSL_MULTI,S3,S_HKSL_MULTI,1,500000,145.51666666666668,116.32333333333334,7.384444444444444,20.83111111111111,1.0,True,3,3,0.0,0.0,0.0,0.0,exp10_jointfirst_v5_60m__analysis_full.zip!RUN/S3__S_HKSL_MULTI/analysis/checkpoint_curve.csv,MPTC,85.33,项目交接参考；当前归档未找到原始 S 阶段解析 CSV,UAGMC_SOURCE passenger-only + LQ,84.19,128.76,exp11 同包曲线；训练种子 1；评估种子 123-125,需核对同物理/guard/轨迹；解析值为交接参考，非本次独立复算
exp10,S3__S_HKSL_MULTI,S3,S_HKSL_MULTI,1,550000,146.16333333333333,117.04333333333334,7.312222222222222,20.835555555555555,1.0,True,3,3,0.0,0.0,0.0,0.0,exp10_jointfirst_v5_60m__analysis_full.zip!RUN/S3__S_HKSL_MULTI/analysis/checkpoint_curve.csv,MPTC,85.33,项目交接参考；当前归档未找到原始 S 阶段解析 CSV,UAGMC_SOURCE passenger-only + LQ,84.19,128.76,exp11 同包曲线；训练种子 1；评估种子 123-125,需核对同物理/guard/轨迹；解析值为交接参考，非本次独立复算
exp10,S3__S_HKSL_MULTI,S3,S_HKSL_MULTI,1,600000,124.62333333333333,96.17444444444443,7.041111111111111,20.45777777777778,1.0,True,3,3,0.0,0.0,0.0,0.0,exp10_jointfirst_v5_60m__analysis_full.zip!RUN/S3__S_HKSL_MULTI/analysis/checkpoint_curve.csv,MPTC,85.33,项目交接参考；当前归档未找到原始 S 阶段解析 CSV,UAGMC_SOURCE passenger-only + LQ,84.19,128.76,exp11 同包曲线；训练种子 1；评估种子 123-125,需核对同物理/guard/轨迹；解析值为交接参考，非本次独立复算
exp10,S3__S_TDM_EVENT_FUSION,S3,S_TDM_EVENT_FUSION,1,50000,542.5488888888889,516.3888888888888,6.146666666666666,19.013333333333332,1.0,True,3,3,0.0,0.0,0.0,0.0,exp10_jointfirst_v5_60m__analysis_full.zip!RUN/S3__S_TDM_EVENT_FUSION/analysis/checkpoint_curve.csv,MPTC,85.33,项目交接参考；当前归档未找到原始 S 阶段解析 CSV,UAGMC_SOURCE passenger-only + LQ,84.19,128.76,exp11 同包曲线；训练种子 1；评估种子 123-125,需核对同物理/guard/轨迹；解析值为交接参考，非本次独立复算
exp10,S3__S_TDM_EVENT_FUSION,S3,S_TDM_EVENT_FUSION,1,100000,617.9966666666668,591.8333333333334,6.163333333333333,19.0,1.0,True,3,3,0.0,0.0,0.0,0.0,exp10_jointfirst_v5_60m__analysis_full.zip!RUN/S3__S_TDM_EVENT_FUSION/analysis/checkpoint_curve.csv,MPTC,85.33,项目交接参考；当前归档未找到原始 S 阶段解析 CSV,UAGMC_SOURCE passenger-only + LQ,84.19,128.76,exp11 同包曲线；训练种子 1；评估种子 123-125,需核对同物理/guard/轨迹；解析值为交接参考，非本次独立复算
exp10,S3__S_TDM_EVENT_FUSION,S3,S_TDM_EVENT_FUSION,1,150000,178.99555555555557,150.27888888888887,7.213333333333334,20.564444444444444,1.0,True,3,3,0.0,0.0,0.0,0.0,exp10_jointfirst_v5_60m__analysis_full.zip!RUN/S3__S_TDM_EVENT_FUSION/analysis/checkpoint_curve.csv,MPTC,85.33,项目交接参考；当前归档未找到原始 S 阶段解析 CSV,UAGMC_SOURCE passenger-only + LQ,84.19,128.76,exp11 同包曲线；训练种子 1；评估种子 123-125,需核对同物理/guard/轨迹；解析值为交接参考，非本次独立复算
exp10,S3__S_TDM_EVENT_FUSION,S3,S_TDM_EVENT_FUSION,1,200000,176.26777777777775,147.6688888888889,7.079999999999999,20.57777777777778,1.0,True,3,3,0.0,0.0,0.0,0.0,exp10_jointfirst_v5_60m__analysis_full.zip!RUN/S3__S_TDM_EVENT_FUSION/analysis/checkpoint_curve.csv,MPTC,85.33,项目交接参考；当前归档未找到原始 S 阶段解析 CSV,UAGMC_SOURCE passenger-only + LQ,84.19,128.76,exp11 同包曲线；训练种子 1；评估种子 123-125,需核对同物理/guard/轨迹；解析值为交接参考，非本次独立复算
exp10,S3__S_TDM_EVENT_FUSION,S3,S_TDM_EVENT_FUSION,1,250000,173.42555555555555,144.85111111111112,7.13,20.49777777777778,1.0,True,3,3,0.0,0.0,0.0,0.0,exp10_jointfirst_v5_60m__analysis_full.zip!RUN/S3__S_TDM_EVENT_FUSION/analysis/checkpoint_curve.csv,MPTC,85.33,项目交接参考；当前归档未找到原始 S 阶段解析 CSV,UAGMC_SOURCE passenger-only + LQ,84.19,128.76,exp11 同包曲线；训练种子 1；评估种子 123-125,需核对同物理/guard/轨迹；解析值为交接参考，非本次独立复算
exp10,S3__S_TDM_EVENT_FUSION,S3,S_TDM_EVENT_FUSION,1,300000,182.04333333333332,153.10999999999999,7.208888888888889,20.777777777777775,1.0,True,3,3,0.0,0.0,0.0,0.0,exp10_jointfirst_v5_60m__analysis_full.zip!RUN/S3__S_TDM_EVENT_FUSION/analysis/checkpoint_curve.csv,MPTC,85.33,项目交接参考；当前归档未找到原始 S 阶段解析 CSV,UAGMC_SOURCE passenger-only + LQ,84.19,128.76,exp11 同包曲线；训练种子 1；评估种子 123-125,需核对同物理/guard/轨迹；解析值为交接参考，非本次独立复算
exp10,S3__S_TDM_EVENT_FUSION,S3,S_TDM_EVENT_FUSION,1,350000,172.00333333333333,143.29777777777778,7.147777777777779,20.635555555555552,1.0,True,3,3,0.0,0.0,0.0,0.0,exp10_jointfirst_v5_60m__analysis_full.zip!RUN/S3__S_TDM_EVENT_FUSION/analysis/checkpoint_curve.csv,MPTC,85.33,项目交接参考；当前归档未找到原始 S 阶段解析 CSV,UAGMC_SOURCE passenger-only + LQ,84.19,128.76,exp11 同包曲线；训练种子 1；评估种子 123-125,需核对同物理/guard/轨迹；解析值为交接参考，非本次独立复算
exp10,S3__S_TDM_EVENT_FUSION,S3,S_TDM_EVENT_FUSION,1,400000,142.93222222222224,115.84999999999998,6.5311111111111115,19.626666666666665,1.0,True,3,3,0.0,0.0,0.0,0.0,exp10_jointfirst_v5_60m__analysis_full.zip!RUN/S3__S_TDM_EVENT_FUSION/analysis/checkpoint_curve.csv,MPTC,85.33,项目交接参考；当前归档未找到原始 S 阶段解析 CSV,UAGMC_SOURCE passenger-only + LQ,84.19,128.76,exp11 同包曲线；训练种子 1；评估种子 123-125,需核对同物理/guard/轨迹；解析值为交接参考，非本次独立复算
exp10,S3__S_TDM_EVENT_FUSION,S3,S_TDM_EVENT_FUSION,1,450000,138.1577777777778,111.15777777777778,6.510000000000001,19.57777777777778,1.0,True,3,3,0.0,0.0,0.0,0.0,exp10_jointfirst_v5_60m__analysis_full.zip!RUN/S3__S_TDM_EVENT_FUSION/analysis/checkpoint_curve.csv,MPTC,85.33,项目交接参考；当前归档未找到原始 S 阶段解析 CSV,UAGMC_SOURCE passenger-only + LQ,84.19,128.76,exp11 同包曲线；训练种子 1；评估种子 123-125,需核对同物理/guard/轨迹；解析值为交接参考，非本次独立复算
exp10,S3__S_TDM_EVENT_FUSION,S3,S_TDM_EVENT_FUSION,1,500000,148.76,120.87666666666667,6.802222222222222,20.16444444444444,1.0,True,3,3,0.0,0.0,0.0,0.0,exp10_jointfirst_v5_60m__analysis_full.zip!RUN/S3__S_TDM_EVENT_FUSION/analysis/checkpoint_curve.csv,MPTC,85.33,项目交接参考；当前归档未找到原始 S 阶段解析 CSV,UAGMC_SOURCE passenger-only + LQ,84.19,128.76,exp11 同包曲线；训练种子 1；评估种子 123-125,需核对同物理/guard/轨迹；解析值为交接参考，非本次独立复算
exp10,S3__S_TDM_EVENT_FUSION,S3,S_TDM_EVENT_FUSION,1,550000,172.33444444444444,143.54555555555555,7.228888888888889,20.622222222222224,1.0,True,3,3,0.0,0.0,0.0,0.0,exp10_jointfirst_v5_60m__analysis_full.zip!RUN/S3__S_TDM_EVENT_FUSION/analysis/checkpoint_curve.csv,MPTC,85.33,项目交接参考；当前归档未找到原始 S 阶段解析 CSV,UAGMC_SOURCE passenger-only + LQ,84.19,128.76,exp11 同包曲线；训练种子 1；评估种子 123-125,需核对同物理/guard/轨迹；解析值为交接参考，非本次独立复算
exp10,S3__S_TDM_EVENT_FUSION,S3,S_TDM_EVENT_FUSION,1,600000,190.56111111111113,161.31555555555553,7.415555555555556,20.88888888888889,1.0,True,3,3,0.0,0.0,0.0,0.0,exp10_jointfirst_v5_60m__analysis_full.zip!RUN/S3__S_TDM_EVENT_FUSION/analysis/checkpoint_curve.csv,MPTC,85.33,项目交接参考；当前归档未找到原始 S 阶段解析 CSV,UAGMC_SOURCE passenger-only + LQ,84.19,128.76,exp11 同包曲线；训练种子 1；评估种子 123-125,需核对同物理/guard/轨迹；解析值为交接参考，非本次独立复算
exp10,S3__W_EVENTQ_VE_EMA,S3,W_EVENTQ_VE_EMA,1,50000,284.96555555555557,254.00777777777776,7.904444444444445,22.075555555555553,1.0,True,3,3,0.0,0.0,0.0,0.0,exp10_jointfirst_v5_60m__analysis_full.zip!RUN/S3__W_EVENTQ_VE_EMA/analysis/checkpoint_curve.csv,MPTC,85.33,项目交接参考；当前归档未找到原始 S 阶段解析 CSV,UAGMC_SOURCE passenger-only + LQ,84.19,128.76,exp11 同包曲线；训练种子 1；评估种子 123-125,需核对同物理/guard/轨迹；解析值为交接参考，非本次独立复算
exp10,S3__W_EVENTQ_VE_EMA,S3,W_EVENTQ_VE_EMA,1,100000,152.94333333333336,125.07111111111111,6.807777777777779,20.12,1.0,True,3,3,0.0,0.0,0.0,0.0,exp10_jointfirst_v5_60m__analysis_full.zip!RUN/S3__W_EVENTQ_VE_EMA/analysis/checkpoint_curve.csv,MPTC,85.33,项目交接参考；当前归档未找到原始 S 阶段解析 CSV,UAGMC_SOURCE passenger-only + LQ,84.19,128.76,exp11 同包曲线；训练种子 1；评估种子 123-125,需核对同物理/guard/轨迹；解析值为交接参考，非本次独立复算
exp10,S3__W_EVENTQ_VE_EMA,S3,W_EVENTQ_VE_EMA,1,150000,147.76999999999998,119.62,6.795555555555556,20.417777777777776,1.0,True,3,3,0.0,0.0,0.0,0.0,exp10_jointfirst_v5_60m__analysis_full.zip!RUN/S3__W_EVENTQ_VE_EMA/analysis/checkpoint_curve.csv,MPTC,85.33,项目交接参考；当前归档未找到原始 S 阶段解析 CSV,UAGMC_SOURCE passenger-only + LQ,84.19,128.76,exp11 同包曲线；训练种子 1；评估种子 123-125,需核对同物理/guard/轨迹；解析值为交接参考，非本次独立复算
exp10,S3__W_EVENTQ_VE_EMA,S3,W_EVENTQ_VE_EMA,1,200000,142.44666666666666,114.55333333333334,6.664444444444444,20.293333333333337,1.0,True,3,3,0.0,0.0,0.0,0.0,exp10_jointfirst_v5_60m__analysis_full.zip!RUN/S3__W_EVENTQ_VE_EMA/analysis/checkpoint_curve.csv,MPTC,85.33,项目交接参考；当前归档未找到原始 S 阶段解析 CSV,UAGMC_SOURCE passenger-only + LQ,84.19,128.76,exp11 同包曲线；训练种子 1；评估种子 123-125,需核对同物理/guard/轨迹；解析值为交接参考，非本次独立复算
exp10,S3__W_EVENTQ_VE_EMA,S3,W_EVENTQ_VE_EMA,1,250000,161.05777777777777,132.45444444444442,6.906666666666666,20.764444444444447,1.0,True,3,3,0.0,0.0,0.0,0.0,exp10_jointfirst_v5_60m__analysis_full.zip!RUN/S3__W_EVENTQ_VE_EMA/analysis/checkpoint_curve.csv,MPTC,85.33,项目交接参考；当前归档未找到原始 S 阶段解析 CSV,UAGMC_SOURCE passenger-only + LQ,84.19,128.76,exp11 同包曲线；训练种子 1；评估种子 123-125,需核对同物理/guard/轨迹；解析值为交接参考，非本次独立复算
exp10,S3__W_EVENTQ_VE_EMA,S3,W_EVENTQ_VE_EMA,1,300000,238.81555555555553,208.06222222222223,7.7811111111111115,22.040000000000003,1.0,True,3,3,0.0,0.0,0.0,0.0,exp10_jointfirst_v5_60m__analysis_full.zip!RUN/S3__W_EVENTQ_VE_EMA/analysis/checkpoint_curve.csv,MPTC,85.33,项目交接参考；当前归档未找到原始 S 阶段解析 CSV,UAGMC_SOURCE passenger-only + LQ,84.19,128.76,exp11 同包曲线；训练种子 1；评估种子 123-125,需核对同物理/guard/轨迹；解析值为交接参考，非本次独立复算
exp10,S3__W_EVENTQ_VE_EMA,S3,W_EVENTQ_VE_EMA,1,350000,173.57444444444445,144.28555555555556,7.227777777777778,21.128888888888888,1.0,True,3,3,0.0,0.0,0.0,0.0,exp10_jointfirst_v5_60m__analysis_full.zip!RUN/S3__W_EVENTQ_VE_EMA/analysis/checkpoint_curve.csv,MPTC,85.33,项目交接参考；当前归档未找到原始 S 阶段解析 CSV,UAGMC_SOURCE passenger-only + LQ,84.19,128.76,exp11 同包曲线；训练种子 1；评估种子 123-125,需核对同物理/guard/轨迹；解析值为交接参考，非本次独立复算
exp10,S3__W_EVENTQ_VE_EMA,S3,W_EVENTQ_VE_EMA,1,400000,158.7588888888889,129.91,7.173333333333333,20.746666666666666,1.0,True,3,3,0.0,0.0,0.0,0.0,exp10_jointfirst_v5_60m__analysis_full.zip!RUN/S3__W_EVENTQ_VE_EMA/analysis/checkpoint_curve.csv,MPTC,85.33,项目交接参考；当前归档未找到原始 S 阶段解析 CSV,UAGMC_SOURCE passenger-only + LQ,84.19,128.76,exp11 同包曲线；训练种子 1；评估种子 123-125,需核对同物理/guard/轨迹；解析值为交接参考，非本次独立复算
exp10,S3__W_EVENTQ_VE_EMA,S3,W_EVENTQ_VE_EMA,1,450000,188.47,158.56222222222223,7.695555555555555,21.284444444444446,1.0,True,3,3,0.0,0.0,0.0,0.0,exp10_jointfirst_v5_60m__analysis_full.zip!RUN/S3__W_EVENTQ_VE_EMA/analysis/checkpoint_curve.csv,MPTC,85.33,项目交接参考；当前归档未找到原始 S 阶段解析 CSV,UAGMC_SOURCE passenger-only + LQ,84.19,128.76,exp11 同包曲线；训练种子 1；评估种子 123-125,需核对同物理/guard/轨迹；解析值为交接参考，非本次独立复算
exp10,S3__W_EVENTQ_VE_EMA,S3,W_EVENTQ_VE_EMA,1,500000,175.98333333333335,146.68444444444444,7.416666666666667,20.942222222222224,1.0,True,3,3,0.0,0.0,0.0,0.0,exp10_jointfirst_v5_60m__analysis_full.zip!RUN/S3__W_EVENTQ_VE_EMA/analysis/checkpoint_curve.csv,MPTC,85.33,项目交接参考；当前归档未找到原始 S 阶段解析 CSV,UAGMC_SOURCE passenger-only + LQ,84.19,128.76,exp11 同包曲线；训练种子 1；评估种子 123-125,需核对同物理/guard/轨迹；解析值为交接参考，非本次独立复算
exp10,S3__W_EVENTQ_VE_EMA,S3,W_EVENTQ_VE_EMA,1,550000,167.9766666666667,138.54555555555555,7.53,20.973333333333333,1.0,True,3,3,0.0,0.0,0.0,0.0,exp10_jointfirst_v5_60m__analysis_full.zip!RUN/S3__W_EVENTQ_VE_EMA/analysis/checkpoint_curve.csv,MPTC,85.33,项目交接参考；当前归档未找到原始 S 阶段解析 CSV,UAGMC_SOURCE passenger-only + LQ,84.19,128.76,exp11 同包曲线；训练种子 1；评估种子 123-125,需核对同物理/guard/轨迹；解析值为交接参考，非本次独立复算
exp10,S3__W_EVENTQ_VE_EMA,S3,W_EVENTQ_VE_EMA,1,600000,161.19,131.67222222222222,7.645555555555556,20.93777777777778,1.0,True,3,3,0.0,0.0,0.0,0.0,exp10_jointfirst_v5_60m__analysis_full.zip!RUN/S3__W_EVENTQ_VE_EMA/analysis/checkpoint_curve.csv,MPTC,85.33,项目交接参考；当前归档未找到原始 S 阶段解析 CSV,UAGMC_SOURCE passenger-only + LQ,84.19,128.76,exp11 同包曲线；训练种子 1；评估种子 123-125,需核对同物理/guard/轨迹；解析值为交接参考，非本次独立复算
exp10,S3__W_GAMMA_PETS_STEVE,S3,W_GAMMA_PETS_STEVE,1,50000,107.46777777777778,79.47777777777777,6.8066666666666675,20.20888888888889,1.0,True,3,3,0.0,0.0,0.0,0.0,exp10_jointfirst_v5_60m__analysis_full.zip!RUN/S3__W_GAMMA_PETS_STEVE/analysis/checkpoint_curve.csv,MPTC,85.33,项目交接参考；当前归档未找到原始 S 阶段解析 CSV,UAGMC_SOURCE passenger-only + LQ,84.19,128.76,exp11 同包曲线；训练种子 1；评估种子 123-125,需核对同物理/guard/轨迹；解析值为交接参考，非本次独立复算
exp10,S3__W_GAMMA_PETS_STEVE,S3,W_GAMMA_PETS_STEVE,1,100000,107.81444444444445,80.88444444444444,6.398888888888888,19.595555555555553,1.0,True,3,3,0.0,0.0,0.0,0.0,exp10_jointfirst_v5_60m__analysis_full.zip!RUN/S3__W_GAMMA_PETS_STEVE/analysis/checkpoint_curve.csv,MPTC,85.33,项目交接参考；当前归档未找到原始 S 阶段解析 CSV,UAGMC_SOURCE passenger-only + LQ,84.19,128.76,exp11 同包曲线；训练种子 1；评估种子 123-125,需核对同物理/guard/轨迹；解析值为交接参考，非本次独立复算
exp10,S3__W_GAMMA_PETS_STEVE,S3,W_GAMMA_PETS_STEVE,1,150000,121.92777777777779,95.11111111111113,6.31,19.58666666666667,1.0,True,3,3,0.0,0.0,0.0,0.0,exp10_jointfirst_v5_60m__analysis_full.zip!RUN/S3__W_GAMMA_PETS_STEVE/analysis/checkpoint_curve.csv,MPTC,85.33,项目交接参考；当前归档未找到原始 S 阶段解析 CSV,UAGMC_SOURCE passenger-only + LQ,84.19,128.76,exp11 同包曲线；训练种子 1；评估种子 123-125,需核对同物理/guard/轨迹；解析值为交接参考，非本次独立复算
exp10,S3__W_GAMMA_PETS_STEVE,S3,W_GAMMA_PETS_STEVE,1,200000,142.8788888888889,114.68888888888888,6.724444444444444,20.54666666666667,1.0,True,3,3,0.0,0.0,0.0,0.0,exp10_jointfirst_v5_60m__analysis_full.zip!RUN/S3__W_GAMMA_PETS_STEVE/analysis/checkpoint_curve.csv,MPTC,85.33,项目交接参考；当前归档未找到原始 S 阶段解析 CSV,UAGMC_SOURCE passenger-only + LQ,84.19,128.76,exp11 同包曲线；训练种子 1；评估种子 123-125,需核对同物理/guard/轨迹；解析值为交接参考，非本次独立复算
exp10,S3__W_GAMMA_PETS_STEVE,S3,W_GAMMA_PETS_STEVE,1,250000,143.3411111111111,115.25222222222222,6.758888888888888,20.404444444444444,1.0,True,3,3,0.0,0.0,0.0,0.0,exp10_jointfirst_v5_60m__analysis_full.zip!RUN/S3__W_GAMMA_PETS_STEVE/analysis/checkpoint_curve.csv,MPTC,85.33,项目交接参考；当前归档未找到原始 S 阶段解析 CSV,UAGMC_SOURCE passenger-only + LQ,84.19,128.76,exp11 同包曲线；训练种子 1；评估种子 123-125,需核对同物理/guard/轨迹；解析值为交接参考，非本次独立复算
exp10,S3__W_GAMMA_PETS_STEVE,S3,W_GAMMA_PETS_STEVE,1,300000,138.80666666666664,110.7788888888889,6.821111111111111,20.288888888888888,1.0,True,3,3,0.0,0.0,0.0,0.0,exp10_jointfirst_v5_60m__analysis_full.zip!RUN/S3__W_GAMMA_PETS_STEVE/analysis/checkpoint_curve.csv,MPTC,85.33,项目交接参考；当前归档未找到原始 S 阶段解析 CSV,UAGMC_SOURCE passenger-only + LQ,84.19,128.76,exp11 同包曲线；训练种子 1；评估种子 123-125,需核对同物理/guard/轨迹；解析值为交接参考，非本次独立复算
exp10,S3__W_GAMMA_PETS_STEVE,S3,W_GAMMA_PETS_STEVE,1,350000,128.16333333333333,100.41666666666667,6.704444444444444,20.124444444444446,1.0,True,3,3,0.0,0.0,0.0,0.0,exp10_jointfirst_v5_60m__analysis_full.zip!RUN/S3__W_GAMMA_PETS_STEVE/analysis/checkpoint_curve.csv,MPTC,85.33,项目交接参考；当前归档未找到原始 S 阶段解析 CSV,UAGMC_SOURCE passenger-only + LQ,84.19,128.76,exp11 同包曲线；训练种子 1；评估种子 123-125,需核对同物理/guard/轨迹；解析值为交接参考，非本次独立复算
exp10,S3__W_GAMMA_PETS_STEVE,S3,W_GAMMA_PETS_STEVE,1,400000,146.47444444444446,117.88444444444444,7.133333333333333,20.53777777777778,1.0,True,3,3,0.0,0.0,0.0,0.0,exp10_jointfirst_v5_60m__analysis_full.zip!RUN/S3__W_GAMMA_PETS_STEVE/analysis/checkpoint_curve.csv,MPTC,85.33,项目交接参考；当前归档未找到原始 S 阶段解析 CSV,UAGMC_SOURCE passenger-only + LQ,84.19,128.76,exp11 同包曲线；训练种子 1；评估种子 123-125,需核对同物理/guard/轨迹；解析值为交接参考，非本次独立复算
exp10,S3__W_GAMMA_PETS_STEVE,S3,W_GAMMA_PETS_STEVE,1,450000,125.02222222222223,96.76222222222223,6.986666666666667,20.355555555555554,1.0,True,3,3,0.0,0.0,0.0,0.0,exp10_jointfirst_v5_60m__analysis_full.zip!RUN/S3__W_GAMMA_PETS_STEVE/analysis/checkpoint_curve.csv,MPTC,85.33,项目交接参考；当前归档未找到原始 S 阶段解析 CSV,UAGMC_SOURCE passenger-only + LQ,84.19,128.76,exp11 同包曲线；训练种子 1；评估种子 123-125,需核对同物理/guard/轨迹；解析值为交接参考，非本次独立复算
exp10,S3__W_GAMMA_PETS_STEVE,S3,W_GAMMA_PETS_STEVE,1,500000,124.30777777777776,95.88888888888887,7.028888888888889,20.48,1.0,True,3,3,0.0,0.0,0.0,0.0,exp10_jointfirst_v5_60m__analysis_full.zip!RUN/S3__W_GAMMA_PETS_STEVE/analysis/checkpoint_curve.csv,MPTC,85.33,项目交接参考；当前归档未找到原始 S 阶段解析 CSV,UAGMC_SOURCE passenger-only + LQ,84.19,128.76,exp11 同包曲线；训练种子 1；评估种子 123-125,需核对同物理/guard/轨迹；解析值为交接参考，非本次独立复算
exp10,S3__W_GAMMA_PETS_STEVE,S3,W_GAMMA_PETS_STEVE,1,550000,139.04777777777778,110.35333333333334,7.146666666666666,20.635555555555555,1.0,True,3,3,0.0,0.0,0.0,0.0,exp10_jointfirst_v5_60m__analysis_full.zip!RUN/S3__W_GAMMA_PETS_STEVE/analysis/checkpoint_curve.csv,MPTC,85.33,项目交接参考；当前归档未找到原始 S 阶段解析 CSV,UAGMC_SOURCE passenger-only + LQ,84.19,128.76,exp11 同包曲线；训练种子 1；评估种子 123-125,需核对同物理/guard/轨迹；解析值为交接参考，非本次独立复算
exp10,S3__W_GAMMA_PETS_STEVE,S3,W_GAMMA_PETS_STEVE,1,600000,148.41444444444443,119.61333333333334,7.1499999999999995,20.73777777777778,1.0,True,3,3,0.0,0.0,0.0,0.0,exp10_jointfirst_v5_60m__analysis_full.zip!RUN/S3__W_GAMMA_PETS_STEVE/analysis/checkpoint_curve.csv,MPTC,85.33,项目交接参考；当前归档未找到原始 S 阶段解析 CSV,UAGMC_SOURCE passenger-only + LQ,84.19,128.76,exp11 同包曲线；训练种子 1；评估种子 123-125,需核对同物理/guard/轨迹；解析值为交接参考，非本次独立复算
